;layer_height = 0.4
;line_width = 0.4
;layer_count = 10
;mesh = bird_base
G21 ;start of the code
G1 Z15 F300
G28 X0 Y0 ;Home
G92 X0 Y0 ;Consider this as current
G0 X50 Y50 F3000 ;Go-to Offset
G92 X0 Y0 ;Reset

G0 F3600 X-20.000 Y-22.800 Z0.300 ;Go to start position
M7
G4 P150


G1 X-19.800 Y-15.800 Z0.300
G1 X-19.800 Y-15.800
G1 X19.800 Y-15.800
G1 X19.800 Y-9.800
G1 X25.800 Y-9.800
G1 X25.800 Y9.800
G1 X19.800 Y9.800
G1 X19.800 Y15.800
G1 X-19.800 Y15.800
G1 X-19.800 Y-15.800
G1 X-19.400 Y-15.400
G1 X19.400 Y-15.400
G1 X19.400 Y-9.400
G1 X25.400 Y-9.400
G1 X25.400 Y9.400
G1 X19.400 Y9.400
G1 X19.400 Y15.400
G1 X-19.400 Y15.400
G1 X-19.400 Y-15.400
G1 X-19.000 Y-15.000
G1 X19.000 Y-15.000
G1 X19.000 Y-9.000
G1 X25.000 Y-9.000
G1 X25.000 Y9.000
G1 X19.000 Y9.000
G1 X19.000 Y15.000
G1 X-19.000 Y15.000
G1 X-19.000 Y-15.000
G1 X-18.600 Y-14.600
G1 X18.600 Y-14.600
G1 X18.600 Y-8.600
G1 X24.600 Y-8.600
G1 X24.600 Y8.600
G1 X18.600 Y8.600
G1 X18.600 Y14.600
G1 X-18.600 Y14.600
G1 X-18.600 Y-14.600
G1 X-18.200 Y-14.200
G1 X18.200 Y-14.200
G1 X18.200 Y-8.200
G1 X24.200 Y-8.200
G1 X24.200 Y8.200
G1 X18.200 Y8.200
G1 X18.200 Y14.200
G1 X-18.200 Y14.200
G1 X-18.200 Y-14.200
G1 X-17.800 Y-13.800
G1 X17.800 Y-13.800
G1 X17.800 Y-7.800
G1 X23.800 Y-7.800
G1 X23.800 Y7.800
G1 X17.800 Y7.800
G1 X17.800 Y13.800
G1 X-17.800 Y13.800
G1 X-17.800 Y-13.800
G1 X-17.400 Y-13.400
G1 X17.400 Y-13.400
G1 X17.400 Y-7.400
G1 X23.400 Y-7.400
G1 X23.400 Y7.400
G1 X17.400 Y7.400
G1 X17.400 Y13.400
G1 X-17.400 Y13.400
G1 X-17.400 Y-13.400
G1 X-17.000 Y-13.000
G1 X17.000 Y-13.000
G1 X17.000 Y-7.000
G1 X23.000 Y-7.000
G1 X23.000 Y7.000
G1 X17.000 Y7.000
G1 X17.000 Y13.000
G1 X-17.000 Y13.000
G1 X-17.000 Y-13.000
G1 X-16.600 Y-12.600
G1 X16.600 Y-12.600
G1 X16.600 Y-6.600
G1 X22.600 Y-6.600
G1 X22.600 Y6.600
G1 X16.600 Y6.600
G1 X16.600 Y12.600
G1 X-16.600 Y12.600
G1 X-16.600 Y-12.600
G1 X-16.200 Y-12.200
G1 X16.200 Y-12.200
G1 X16.200 Y-6.200
G1 X22.200 Y-6.200
G1 X22.200 Y6.200
G1 X16.200 Y6.200
G1 X16.200 Y12.200
G1 X-16.200 Y12.200
G1 X-16.200 Y-12.200
G1 X-15.800 Y-11.800
G1 X15.800 Y-11.800
G1 X15.800 Y-5.800
G1 X21.800 Y-5.800
G1 X21.800 Y5.800
G1 X15.800 Y5.800
G1 X15.800 Y11.800
G1 X-15.800 Y11.800
G1 X-15.800 Y-11.800
G1 X-15.400 Y-11.400
G1 X15.400 Y-11.400
G1 X15.400 Y-5.400
G1 X21.400 Y-5.400
G1 X21.400 Y5.400
G1 X15.400 Y5.400
G1 X15.400 Y11.400
G1 X-15.400 Y11.400
G1 X-15.400 Y-11.400
G1 X-15.000 Y-11.000
G1 X15.000 Y-11.000
G1 X15.000 Y-5.000
G1 X21.000 Y-5.000
G1 X21.000 Y5.000
G1 X15.000 Y5.000
G1 X15.000 Y11.000
G1 X-15.000 Y11.000
G1 X-15.000 Y-11.000
G1 X-14.600 Y-10.600
G1 X14.600 Y-10.600
G1 X14.600 Y-4.600
G1 X20.600 Y-4.600
G1 X20.600 Y4.600
G1 X14.600 Y4.600
G1 X14.600 Y10.600
G1 X-14.600 Y10.600
G1 X-14.600 Y-10.600
G1 X-14.200 Y-10.200
G1 X14.200 Y-10.200
G1 X14.200 Y-4.200
G1 X20.200 Y-4.200
G1 X20.200 Y4.200
G1 X14.200 Y4.200
G1 X14.200 Y10.200
G1 X-14.200 Y10.200
G1 X-14.200 Y-10.200
G1 X-13.800 Y-9.800
G1 X13.800 Y-9.800
G1 X13.800 Y-3.800
G1 X19.800 Y-3.800
G1 X19.800 Y3.800
G1 X13.800 Y3.800
G1 X13.800 Y9.800
G1 X-13.800 Y9.800
G1 X-13.800 Y-9.800
G1 X-13.400 Y-9.400
G1 X13.400 Y-9.400
G1 X13.400 Y-3.400
G1 X19.400 Y-3.400
G1 X19.400 Y3.400
G1 X13.400 Y3.400
G1 X13.400 Y9.400
G1 X-13.400 Y9.400
G1 X-13.400 Y-9.400
G1 X-13.000 Y-9.000
G1 X13.000 Y-9.000
G1 X13.000 Y-3.000
G1 X19.000 Y-3.000
G1 X19.000 Y3.000
G1 X13.000 Y3.000
G1 X13.000 Y9.000
G1 X-13.000 Y9.000
G1 X-13.000 Y-9.000
G1 X-12.600 Y-8.600
G1 X12.600 Y-8.600
G1 X12.600 Y-2.600
G1 X18.600 Y-2.600
G1 X18.600 Y2.600
G1 X12.600 Y2.600
G1 X12.600 Y8.600
G1 X-12.600 Y8.600
G1 X-12.600 Y-8.600
G1 X-12.200 Y-8.200
G1 X12.200 Y-8.200
G1 X12.200 Y-2.200
G1 X18.200 Y-2.200
G1 X18.200 Y2.200
G1 X12.200 Y2.200
G1 X12.200 Y8.200
G1 X-12.200 Y8.200
G1 X-12.200 Y-8.200
G1 X-11.800 Y-7.800
G1 X11.800 Y-7.800
G1 X11.800 Y-1.800
G1 X17.800 Y-1.800
G1 X17.800 Y1.800
G1 X11.800 Y1.800
G1 X11.800 Y7.800
G1 X-11.800 Y7.800
G1 X-11.800 Y-7.800
G1 X-11.400 Y-7.400
G1 X11.400 Y-7.400
G1 X11.400 Y-1.400
G1 X17.400 Y-1.400
G1 X17.400 Y1.400
G1 X11.400 Y1.400
G1 X11.400 Y7.400
G1 X-11.400 Y7.400
G1 X-11.400 Y-7.400
G1 X-11.000 Y-7.000
G1 X11.000 Y-7.000
G1 X11.000 Y-1.000
G1 X17.000 Y-1.000
G1 X17.000 Y1.000
G1 X11.000 Y1.000
G1 X11.000 Y7.000
G1 X-11.000 Y7.000
G1 X-11.000 Y-7.000
G1 X-10.600 Y-6.600
G1 X10.600 Y-6.600
G1 X10.600 Y-0.600
G1 X16.600 Y-0.600
G1 X16.600 Y0.600
G1 X10.600 Y0.600
G1 X10.600 Y6.600
G1 X-10.600 Y6.600
G1 X-10.600 Y-6.600
G1 X-10.200 Y-6.200
G1 X10.200 Y-6.200
G1 X10.200 Y-0.200
G1 X16.200 Y-0.200
G1 X16.200 Y0.200
G1 X10.200 Y0.200
G1 X10.200 Y6.200
G1 X-10.200 Y6.200
G1 X-10.200 Y-6.200
G1 X-9.800 Y-5.800
G1 X9.800 Y-5.800
G1 X9.800 Y5.800
G1 X-9.800 Y5.800
G1 X-9.800 Y-5.800
G1 X-9.400 Y-5.400
G1 X9.400 Y-5.400
G1 X9.400 Y5.400
G1 X-9.400 Y5.400
G1 X-9.400 Y-5.400
G1 X-9.000 Y-5.000
G1 X9.000 Y-5.000
G1 X9.000 Y5.000
G1 X-9.000 Y5.000
G1 X-9.000 Y-5.000
G1 X-8.600 Y-4.600
G1 X8.600 Y-4.600
G1 X8.600 Y4.600
G1 X-8.600 Y4.600
G1 X-8.600 Y-4.600
G1 X-8.200 Y-4.200
G1 X8.200 Y-4.200
G1 X8.200 Y4.200
G1 X-8.200 Y4.200
G1 X-8.200 Y-4.200
G1 X-7.800 Y-3.800
G1 X7.800 Y-3.800
G1 X7.800 Y3.800
G1 X-7.800 Y3.800
G1 X-7.800 Y-3.800
G1 X-7.400 Y-3.400
G1 X7.400 Y-3.400
G1 X7.400 Y3.400
G1 X-7.400 Y3.400
G1 X-7.400 Y-3.400
G1 X-7.000 Y-3.000
G1 X7.000 Y-3.000
G1 X7.000 Y3.000
G1 X-7.000 Y3.000
G1 X-7.000 Y-3.000
G1 X-6.600 Y-2.600
G1 X6.600 Y-2.600
G1 X6.600 Y2.600
G1 X-6.600 Y2.600
G1 X-6.600 Y-2.600
G1 X-6.200 Y-2.200
G1 X6.200 Y-2.200
G1 X6.200 Y2.200
G1 X-6.200 Y2.200
G1 X-6.200 Y-2.200
G1 X-5.800 Y-1.800
G1 X5.800 Y-1.800
G1 X5.800 Y1.800
G1 X-5.800 Y1.800
G1 X-5.800 Y-1.800
G1 X-5.400 Y-1.400
G1 X5.400 Y-1.400
G1 X5.400 Y1.400
G1 X-5.400 Y1.400
G1 X-5.400 Y-1.400
G1 X-5.000 Y-1.000
G1 X5.000 Y-1.000
G1 X5.000 Y1.000
G1 X-5.000 Y1.000
G1 X-5.000 Y-1.000
G1 X-4.600 Y-0.600
G1 X4.600 Y-0.600
G1 X4.600 Y0.600
G1 X-4.600 Y0.600
G1 X-4.600 Y-0.600
G1 X-4.200 Y-0.200
G1 X4.200 Y-0.200
G1 X4.200 Y0.200
G1 X-4.200 Y0.200
G1 X-4.200 Y-0.200
G1 X-19.800 Y-17.000 Z0.300
G1 X-19.800 Y-17.000
G1 X-19.800 Y-22.705
G1 X-14.900 Y-26.705
G1 X-14.800 Y-49.927
G1 X0.000 Y-67.688
G1 X14.800 Y-49.927
G1 X14.900 Y-26.705
G1 X19.800 Y-22.705
G1 X19.800 Y-17.000
G1 X-19.800 Y-17.000
G1 X-19.400 Y-17.400
G1 X-19.400 Y-22.515
G1 X-14.501 Y-26.514
G1 X-14.401 Y-49.782
G1 X0.000 Y-67.063
G1 X14.401 Y-49.782
G1 X14.501 Y-26.514
G1 X19.400 Y-22.515
G1 X19.400 Y-17.400
G1 X-19.400 Y-17.400
G1 X-19.000 Y-17.800
G1 X-19.000 Y-22.325
G1 X-14.102 Y-26.324
G1 X-14.002 Y-49.636
G1 X0.000 Y-66.438
G1 X14.002 Y-49.636
G1 X14.102 Y-26.324
G1 X19.000 Y-22.325
G1 X19.000 Y-17.800
G1 X-19.000 Y-17.800
G1 X-18.600 Y-18.200
G1 X-18.600 Y-22.136
G1 X-13.703 Y-26.133
G1 X-13.602 Y-49.491
G1 X0.000 Y-65.813
G1 X13.602 Y-49.491
G1 X13.703 Y-26.133
G1 X18.600 Y-22.136
G1 X18.600 Y-18.200
G1 X-18.600 Y-18.200
G1 X-18.200 Y-18.600
G1 X-18.200 Y-21.946
G1 X-13.304 Y-25.943
G1 X-13.203 Y-49.345
G1 X0.000 Y-65.188
G1 X13.203 Y-49.345
G1 X13.304 Y-25.943
G1 X18.200 Y-21.946
G1 X18.200 Y-18.600
G1 X-18.200 Y-18.600
G1 X-17.800 Y-19.000
G1 X-17.800 Y-21.756
G1 X-12.904 Y-25.752
G1 X-12.803 Y-49.199
G1 X0.000 Y-64.563
G1 X12.803 Y-49.199
G1 X12.904 Y-25.752
G1 X17.800 Y-21.756
G1 X17.800 Y-19.000
G1 X-17.800 Y-19.000
G1 X-17.400 Y-19.400
G1 X-17.400 Y-21.566
G1 X-12.505 Y-25.562
G1 X-12.404 Y-49.054
G1 X0.000 Y-63.939
G1 X12.404 Y-49.054
G1 X12.505 Y-25.562
G1 X17.400 Y-21.566
G1 X17.400 Y-19.400
G1 X-17.400 Y-19.400
G1 X-17.000 Y-19.800
G1 X-17.000 Y-21.376
G1 X-12.106 Y-25.371
G1 X-12.005 Y-48.908
G1 X0.000 Y-63.314
G1 X12.005 Y-48.908
G1 X12.106 Y-25.371
G1 X17.000 Y-21.376
G1 X17.000 Y-19.800
G1 X-17.000 Y-19.800
G1 X-16.600 Y-20.200
G1 X-16.600 Y-21.186
G1 X-11.707 Y-25.181
G1 X-11.605 Y-48.763
G1 X0.000 Y-62.689
G1 X11.605 Y-48.763
G1 X11.707 Y-25.181
G1 X16.600 Y-21.186
G1 X16.600 Y-20.200
G1 X-16.600 Y-20.200
G1 X-16.200 Y-20.600
G1 X-16.200 Y-20.997
G1 X-11.308 Y-24.990
G1 X-11.206 Y-48.617
G1 X0.000 Y-62.064
G1 X11.206 Y-48.617
G1 X11.308 Y-24.990
G1 X16.200 Y-20.997
G1 X16.200 Y-20.600
G1 X-16.200 Y-20.600
G1 X-15.563 Y-21.000
G1 X-10.909 Y-24.800
G1 X-10.807 Y-48.472
G1 X0.000 Y-61.439
G1 X10.807 Y-48.472
G1 X10.909 Y-24.800
G1 X15.563 Y-21.000
G1 X-15.563 Y-21.000
G1 X-14.441 Y-21.400
G1 X-10.509 Y-24.609
G1 X-10.407 Y-48.326
G1 X0.000 Y-60.815
G1 X10.407 Y-48.326
G1 X10.509 Y-24.609
G1 X14.441 Y-21.400
G1 X-14.441 Y-21.400
G1 X-13.318 Y-21.800
G1 X-10.110 Y-24.419
G1 X-10.008 Y-48.180
G1 X0.000 Y-60.190
G1 X10.008 Y-48.180
G1 X10.110 Y-24.419
G1 X13.318 Y-21.800
G1 X-13.318 Y-21.800
G1 X-12.196 Y-22.200
G1 X-9.711 Y-24.228
G1 X-9.608 Y-48.035
G1 X0.000 Y-59.565
G1 X9.608 Y-48.035
G1 X9.711 Y-24.228
G1 X12.196 Y-22.200
G1 X-12.196 Y-22.200
G1 X-11.073 Y-22.600
G1 X-9.312 Y-24.038
G1 X-9.209 Y-47.889
G1 X0.000 Y-58.940
G1 X9.209 Y-47.889
G1 X9.312 Y-24.038
G1 X11.073 Y-22.600
G1 X-11.073 Y-22.600
G1 X-9.951 Y-23.000
G1 X-8.913 Y-23.847
G1 X-8.810 Y-47.744
G1 X0.000 Y-58.315
G1 X8.810 Y-47.744
G1 X8.913 Y-23.847
G1 X9.951 Y-23.000
G1 X-9.951 Y-23.000
G1 X-8.828 Y-23.400
G1 X-8.513 Y-23.657
G1 X-8.410 Y-47.598
G1 X0.000 Y-57.690
G1 X8.410 Y-47.598
G1 X8.513 Y-23.657
G1 X8.828 Y-23.400
G1 X-8.828 Y-23.400
G1 X-8.113 Y-23.800
G1 X-8.011 Y-47.453
G1 X0.000 Y-57.066
G1 X8.011 Y-47.453
G1 X8.113 Y-23.800
G1 X-8.113 Y-23.800
G1 X-7.711 Y-24.200
G1 X-7.612 Y-47.307
G1 X0.000 Y-56.441
G1 X7.612 Y-47.307
G1 X7.711 Y-24.200
G1 X-7.711 Y-24.200
G1 X-7.309 Y-24.600
G1 X-7.212 Y-47.161
G1 X0.000 Y-55.816
G1 X7.212 Y-47.161
G1 X7.309 Y-24.600
G1 X-7.309 Y-24.600
G1 X-6.908 Y-25.000
G1 X-6.813 Y-47.016
G1 X0.000 Y-55.191
G1 X6.813 Y-47.016
G1 X6.908 Y-25.000
G1 X-6.908 Y-25.000
G1 X-6.506 Y-25.400
G1 X-6.413 Y-46.870
G1 X0.000 Y-54.566
G1 X6.413 Y-46.870
G1 X6.506 Y-25.400
G1 X-6.506 Y-25.400
G1 X-6.104 Y-25.800
G1 X-6.014 Y-46.725
G1 X0.000 Y-53.942
G1 X6.014 Y-46.725
G1 X6.104 Y-25.800
G1 X-6.104 Y-25.800
G1 X-5.702 Y-26.200
G1 X-5.615 Y-46.579
G1 X0.000 Y-53.317
G1 X5.615 Y-46.579
G1 X5.702 Y-26.200
G1 X-5.702 Y-26.200
G1 X-5.301 Y-26.600
G1 X-5.215 Y-46.434
G1 X0.000 Y-52.692
G1 X5.215 Y-46.434
G1 X5.301 Y-26.600
G1 X-5.301 Y-26.600
G1 X-4.899 Y-27.000
G1 X-4.816 Y-46.288
G1 X0.000 Y-52.067
G1 X4.816 Y-46.288
G1 X4.899 Y-27.000
G1 X-4.899 Y-27.000
G1 X-4.497 Y-27.400
G1 X-4.417 Y-46.142
G1 X0.000 Y-51.442
G1 X4.417 Y-46.142
G1 X4.497 Y-27.400
G1 X-4.497 Y-27.400
G1 X-4.096 Y-27.800
G1 X-4.017 Y-45.997
G1 X0.000 Y-50.817
G1 X4.017 Y-45.997
G1 X4.096 Y-27.800
G1 X-4.096 Y-27.800
G1 X-3.694 Y-28.200
G1 X-3.618 Y-45.851
G1 X0.000 Y-50.193
G1 X3.618 Y-45.851
G1 X3.694 Y-28.200
G1 X-3.694 Y-28.200
G1 X-3.292 Y-28.600
G1 X-3.218 Y-45.706
G1 X0.000 Y-49.568
G1 X3.218 Y-45.706
G1 X3.292 Y-28.600
G1 X-3.292 Y-28.600
G1 X-2.890 Y-29.000
G1 X-2.819 Y-45.560
G1 X0.000 Y-48.943
G1 X2.819 Y-45.560
G1 X2.890 Y-29.000
G1 X-2.890 Y-29.000
G1 X-2.489 Y-29.400
G1 X-2.420 Y-45.415
G1 X0.000 Y-48.318
G1 X2.420 Y-45.415
G1 X2.489 Y-29.400
G1 X-2.489 Y-29.400
G1 X-2.087 Y-29.800
G1 X-2.020 Y-45.269
G1 X0.000 Y-47.693
G1 X2.020 Y-45.269
G1 X2.087 Y-29.800
G1 X-2.087 Y-29.800
G1 X-1.685 Y-30.200
G1 X-1.621 Y-45.123
G1 X0.000 Y-47.069
G1 X1.621 Y-45.123
G1 X1.685 Y-30.200
G1 X-1.685 Y-30.200
G1 X-1.283 Y-30.600
G1 X-1.222 Y-44.978
G1 X0.000 Y-46.444
G1 X1.222 Y-44.978
G1 X1.283 Y-30.600
G1 X-1.283 Y-30.600
G1 X-0.882 Y-31.000
G1 X-0.822 Y-44.832
G1 X0.000 Y-45.819
G1 X0.822 Y-44.832
G1 X0.882 Y-31.000
G1 X-0.882 Y-31.000
G1 X-0.480 Y-31.400
G1 X-0.423 Y-44.687
G1 X0.000 Y-45.194
G1 X0.423 Y-44.687
G1 X0.480 Y-31.400
G1 X-0.480 Y-31.400
G1 X-0.078 Y-31.800
G1 X-0.023 Y-44.541
G1 X0.000 Y-44.569
G1 X0.023 Y-44.541
G1 X0.078 Y-31.800
G1 X-0.078 Y-31.800
G1 X-19.800 Y17.000 Z0.300
G1 X-19.800 Y17.000
G1 X19.800 Y17.000
G1 X19.800 Y22.705
G1 X14.900 Y26.705
G1 X14.800 Y49.927
G1 X0.000 Y67.688
G1 X-14.800 Y49.927
G1 X-14.900 Y26.705
G1 X-19.800 Y22.705
G1 X-19.800 Y17.000
G1 X-19.400 Y17.400
G1 X19.400 Y17.400
G1 X19.400 Y22.515
G1 X14.501 Y26.514
G1 X14.401 Y49.782
G1 X0.000 Y67.063
G1 X-14.401 Y49.782
G1 X-14.501 Y26.514
G1 X-19.400 Y22.515
G1 X-19.400 Y17.400
G1 X-19.000 Y17.800
G1 X19.000 Y17.800
G1 X19.000 Y22.325
G1 X14.102 Y26.324
G1 X14.002 Y49.636
G1 X0.000 Y66.438
G1 X-14.002 Y49.636
G1 X-14.102 Y26.324
G1 X-19.000 Y22.325
G1 X-19.000 Y17.800
G1 X-18.600 Y18.200
G1 X18.600 Y18.200
G1 X18.600 Y22.136
G1 X13.703 Y26.133
G1 X13.602 Y49.491
G1 X0.000 Y65.813
G1 X-13.602 Y49.491
G1 X-13.703 Y26.133
G1 X-18.600 Y22.136
G1 X-18.600 Y18.200
G1 X-18.200 Y18.600
G1 X18.200 Y18.600
G1 X18.200 Y21.946
G1 X13.304 Y25.943
G1 X13.203 Y49.345
G1 X0.000 Y65.188
G1 X-13.203 Y49.345
G1 X-13.304 Y25.943
G1 X-18.200 Y21.946
G1 X-18.200 Y18.600
G1 X-17.800 Y19.000
G1 X17.800 Y19.000
G1 X17.800 Y21.756
G1 X12.904 Y25.752
G1 X12.803 Y49.199
G1 X0.000 Y64.563
G1 X-12.803 Y49.199
G1 X-12.904 Y25.752
G1 X-17.800 Y21.756
G1 X-17.800 Y19.000
G1 X-17.400 Y19.400
G1 X17.400 Y19.400
G1 X17.400 Y21.566
G1 X12.505 Y25.562
G1 X12.404 Y49.054
G1 X0.000 Y63.939
G1 X-12.404 Y49.054
G1 X-12.505 Y25.562
G1 X-17.400 Y21.566
G1 X-17.400 Y19.400
G1 X-17.000 Y19.800
G1 X17.000 Y19.800
G1 X17.000 Y21.376
G1 X12.106 Y25.371
G1 X12.005 Y48.908
G1 X0.000 Y63.314
G1 X-12.005 Y48.908
G1 X-12.106 Y25.371
G1 X-17.000 Y21.376
G1 X-17.000 Y19.800
G1 X-16.600 Y20.200
G1 X16.600 Y20.200
G1 X16.600 Y21.186
G1 X11.707 Y25.181
G1 X11.605 Y48.763
G1 X0.000 Y62.689
G1 X-11.605 Y48.763
G1 X-11.707 Y25.181
G1 X-16.600 Y21.186
G1 X-16.600 Y20.200
G1 X-16.200 Y20.600
G1 X16.200 Y20.600
G1 X16.200 Y20.997
G1 X11.308 Y24.990
G1 X11.206 Y48.617
G1 X0.000 Y62.064
G1 X-11.206 Y48.617
G1 X-11.308 Y24.990
G1 X-16.200 Y20.997
G1 X-16.200 Y20.600
G1 X-15.563 Y21.000
G1 X15.563 Y21.000
G1 X10.909 Y24.800
G1 X10.807 Y48.472
G1 X0.000 Y61.439
G1 X-10.807 Y48.472
G1 X-10.909 Y24.800
G1 X-15.563 Y21.000
G1 X-14.441 Y21.400
G1 X14.441 Y21.400
G1 X10.509 Y24.609
G1 X10.407 Y48.326
G1 X0.000 Y60.815
G1 X-10.407 Y48.326
G1 X-10.509 Y24.609
G1 X-14.441 Y21.400
G1 X-13.318 Y21.800
G1 X13.318 Y21.800
G1 X10.110 Y24.419
G1 X10.008 Y48.180
G1 X0.000 Y60.190
G1 X-10.008 Y48.180
G1 X-10.110 Y24.419
G1 X-13.318 Y21.800
G1 X-12.196 Y22.200
G1 X12.196 Y22.200
G1 X9.711 Y24.228
G1 X9.608 Y48.035
G1 X0.000 Y59.565
G1 X-9.608 Y48.035
G1 X-9.711 Y24.228
G1 X-12.196 Y22.200
G1 X-11.073 Y22.600
G1 X11.073 Y22.600
G1 X9.312 Y24.038
G1 X9.209 Y47.889
G1 X0.000 Y58.940
G1 X-9.209 Y47.889
G1 X-9.312 Y24.038
G1 X-11.073 Y22.600
G1 X-9.951 Y23.000
G1 X9.951 Y23.000
G1 X8.913 Y23.847
G1 X8.810 Y47.744
G1 X0.000 Y58.315
G1 X-8.810 Y47.744
G1 X-8.913 Y23.847
G1 X-9.951 Y23.000
G1 X-8.828 Y23.400
G1 X8.828 Y23.400
G1 X8.513 Y23.657
G1 X8.410 Y47.598
G1 X0.000 Y57.690
G1 X-8.410 Y47.598
G1 X-8.513 Y23.657
G1 X-8.828 Y23.400
G1 X-8.113 Y23.800
G1 X8.113 Y23.800
G1 X8.011 Y47.453
G1 X0.000 Y57.066
G1 X-8.011 Y47.453
G1 X-8.113 Y23.800
G1 X-7.711 Y24.200
G1 X7.711 Y24.200
G1 X7.612 Y47.307
G1 X0.000 Y56.441
G1 X-7.612 Y47.307
G1 X-7.711 Y24.200
G1 X-7.309 Y24.600
G1 X7.309 Y24.600
G1 X7.212 Y47.161
G1 X0.000 Y55.816
G1 X-7.212 Y47.161
G1 X-7.309 Y24.600
G1 X-6.908 Y25.000
G1 X6.908 Y25.000
G1 X6.813 Y47.016
G1 X0.000 Y55.191
G1 X-6.813 Y47.016
G1 X-6.908 Y25.000
G1 X-6.506 Y25.400
G1 X6.506 Y25.400
G1 X6.413 Y46.870
G1 X0.000 Y54.566
G1 X-6.413 Y46.870
G1 X-6.506 Y25.400
G1 X-6.104 Y25.800
G1 X6.104 Y25.800
G1 X6.014 Y46.725
G1 X0.000 Y53.942
G1 X-6.014 Y46.725
G1 X-6.104 Y25.800
G1 X-5.702 Y26.200
G1 X5.702 Y26.200
G1 X5.615 Y46.579
G1 X0.000 Y53.317
G1 X-5.615 Y46.579
G1 X-5.702 Y26.200
G1 X-5.301 Y26.600
G1 X5.301 Y26.600
G1 X5.215 Y46.434
G1 X0.000 Y52.692
G1 X-5.215 Y46.434
G1 X-5.301 Y26.600
G1 X-4.899 Y27.000
G1 X4.899 Y27.000
G1 X4.816 Y46.288
G1 X0.000 Y52.067
G1 X-4.816 Y46.288
G1 X-4.899 Y27.000
G1 X-4.497 Y27.400
G1 X4.497 Y27.400
G1 X4.417 Y46.142
G1 X0.000 Y51.442
G1 X-4.417 Y46.142
G1 X-4.497 Y27.400
G1 X-4.096 Y27.800
G1 X4.096 Y27.800
G1 X4.017 Y45.997
G1 X0.000 Y50.817
G1 X-4.017 Y45.997
G1 X-4.096 Y27.800
G1 X-3.694 Y28.200
G1 X3.694 Y28.200
G1 X3.618 Y45.851
G1 X0.000 Y50.193
G1 X-3.618 Y45.851
G1 X-3.694 Y28.200
G1 X-3.292 Y28.600
G1 X3.292 Y28.600
G1 X3.218 Y45.706
G1 X0.000 Y49.568
G1 X-3.218 Y45.706
G1 X-3.292 Y28.600
G1 X-2.890 Y29.000
G1 X2.890 Y29.000
G1 X2.819 Y45.560
G1 X0.000 Y48.943
G1 X-2.819 Y45.560
G1 X-2.890 Y29.000
G1 X-2.489 Y29.400
G1 X2.489 Y29.400
G1 X2.420 Y45.415
G1 X0.000 Y48.318
G1 X-2.420 Y45.415
G1 X-2.489 Y29.400
G1 X-2.087 Y29.800
G1 X2.087 Y29.800
G1 X2.020 Y45.269
G1 X0.000 Y47.693
G1 X-2.020 Y45.269
G1 X-2.087 Y29.800
G1 X-1.685 Y30.200
G1 X1.685 Y30.200
G1 X1.621 Y45.123
G1 X0.000 Y47.069
G1 X-1.621 Y45.123
G1 X-1.685 Y30.200
G1 X-1.283 Y30.600
G1 X1.283 Y30.600
G1 X1.222 Y44.978
G1 X0.000 Y46.444
G1 X-1.222 Y44.978
G1 X-1.283 Y30.600
G1 X-0.882 Y31.000
G1 X0.882 Y31.000
G1 X0.822 Y44.832
G1 X0.000 Y45.819
G1 X-0.822 Y44.832
G1 X-0.882 Y31.000
G1 X-0.480 Y31.400
G1 X0.480 Y31.400
G1 X0.423 Y44.687
G1 X0.000 Y45.194
G1 X-0.423 Y44.687
G1 X-0.480 Y31.400
G1 X-0.078 Y31.800
G1 X0.078 Y31.800
G1 X0.023 Y44.541
G1 X0.000 Y44.569
G1 X-0.023 Y44.541
G1 X-0.078 Y31.800
G1 X27.000 Y-9.800 Z0.300
G1 X27.000 Y-9.800
G1 X32.782 Y-9.800
G1 X43.782 Y-7.800
G1 X56.575 Y-7.800
G1 X64.400 Y-5.844
G1 X64.400 Y5.844
G1 X56.575 Y7.800
G1 X43.782 Y7.800
G1 X32.782 Y9.800
G1 X27.000 Y9.800
G1 X27.000 Y-9.800
G1 X27.400 Y-9.400
G1 X32.746 Y-9.400
G1 X43.746 Y-7.400
G1 X56.526 Y-7.400
G1 X64.000 Y-5.532
G1 X64.000 Y5.532
G1 X56.526 Y7.400
G1 X43.746 Y7.400
G1 X32.746 Y9.400
G1 X27.400 Y9.400
G1 X27.400 Y-9.400
G1 X27.800 Y-9.000
G1 X32.710 Y-9.000
G1 X43.710 Y-7.000
G1 X56.477 Y-7.000
G1 X63.600 Y-5.219
G1 X63.600 Y5.219
G1 X56.477 Y7.000
G1 X43.710 Y7.000
G1 X32.710 Y9.000
G1 X27.800 Y9.000
G1 X27.800 Y-9.000
G1 X28.200 Y-8.600
G1 X32.674 Y-8.600
G1 X43.674 Y-6.600
G1 X56.428 Y-6.600
G1 X63.200 Y-4.907
G1 X63.200 Y4.907
G1 X56.428 Y6.600
G1 X43.674 Y6.600
G1 X32.674 Y8.600
G1 X28.200 Y8.600
G1 X28.200 Y-8.600
G1 X28.600 Y-8.200
G1 X32.638 Y-8.200
G1 X43.638 Y-6.200
G1 X56.378 Y-6.200
G1 X62.800 Y-4.595
G1 X62.800 Y4.595
G1 X56.378 Y6.200
G1 X43.638 Y6.200
G1 X32.638 Y8.200
G1 X28.600 Y8.200
G1 X28.600 Y-8.200
G1 X29.000 Y-7.800
G1 X32.602 Y-7.800
G1 X43.602 Y-5.800
G1 X56.329 Y-5.800
G1 X62.400 Y-4.282
G1 X62.400 Y4.282
G1 X56.329 Y5.800
G1 X43.602 Y5.800
G1 X32.602 Y7.800
G1 X29.000 Y7.800
G1 X29.000 Y-7.800
G1 X29.400 Y-7.400
G1 X32.566 Y-7.400
G1 X43.566 Y-5.400
G1 X56.280 Y-5.400
G1 X62.000 Y-3.970
G1 X62.000 Y3.970
G1 X56.280 Y5.400
G1 X43.566 Y5.400
G1 X32.566 Y7.400
G1 X29.400 Y7.400
G1 X29.400 Y-7.400
G1 X29.800 Y-7.000
G1 X32.529 Y-7.000
G1 X43.529 Y-5.000
G1 X56.231 Y-5.000
G1 X61.600 Y-3.658
G1 X61.600 Y3.658
G1 X56.231 Y5.000
G1 X43.529 Y5.000
G1 X32.529 Y7.000
G1 X29.800 Y7.000
G1 X29.800 Y-7.000
G1 X30.200 Y-6.600
G1 X32.493 Y-6.600
G1 X43.493 Y-4.600
G1 X56.181 Y-4.600
G1 X61.200 Y-3.345
G1 X61.200 Y3.345
G1 X56.181 Y4.600
G1 X43.493 Y4.600
G1 X32.493 Y6.600
G1 X30.200 Y6.600
G1 X30.200 Y-6.600
G1 X30.600 Y-6.200
G1 X32.457 Y-6.200
G1 X43.457 Y-4.200
G1 X56.132 Y-4.200
G1 X60.800 Y-3.033
G1 X60.800 Y3.033
G1 X56.132 Y4.200
G1 X43.457 Y4.200
G1 X32.457 Y6.200
G1 X30.600 Y6.200
G1 X30.600 Y-6.200
G1 X31.000 Y-5.800
G1 X32.421 Y-5.800
G1 X43.421 Y-3.800
G1 X56.083 Y-3.800
G1 X60.400 Y-2.721
G1 X60.400 Y2.721
G1 X56.083 Y3.800
G1 X43.421 Y3.800
G1 X32.421 Y5.800
G1 X31.000 Y5.800
G1 X31.000 Y-5.800
G1 X31.400 Y-5.400
G1 X32.385 Y-5.400
G1 X43.385 Y-3.400
G1 X56.034 Y-3.400
G1 X60.000 Y-2.408
G1 X60.000 Y2.408
G1 X56.034 Y3.400
G1 X43.385 Y3.400
G1 X32.385 Y5.400
G1 X31.400 Y5.400
G1 X31.400 Y-5.400
G1 X31.800 Y-5.000
G1 X32.349 Y-5.000
G1 X43.349 Y-3.000
G1 X55.984 Y-3.000
G1 X59.600 Y-2.096
G1 X59.600 Y2.096
G1 X55.984 Y3.000
G1 X43.349 Y3.000
G1 X32.349 Y5.000
G1 X31.800 Y5.000
G1 X31.800 Y-5.000
G1 X32.200 Y-4.600
G1 X32.313 Y-4.600
G1 X43.313 Y-2.600
G1 X55.935 Y-2.600
G1 X59.200 Y-1.784
G1 X59.200 Y1.784
G1 X55.935 Y2.600
G1 X43.313 Y2.600
G1 X32.313 Y4.600
G1 X32.200 Y4.600
G1 X32.200 Y-4.600
G1 X32.600 Y-4.141
G1 X43.277 Y-2.200
G1 X55.886 Y-2.200
G1 X58.800 Y-1.471
G1 X58.800 Y1.471
G1 X55.886 Y2.200
G1 X43.277 Y2.200
G1 X32.600 Y4.141
G1 X32.600 Y-4.141
G1 X33.000 Y-3.662
G1 X43.241 Y-1.800
G1 X55.837 Y-1.800
G1 X58.400 Y-1.159
G1 X58.400 Y1.159
G1 X55.837 Y1.800
G1 X43.241 Y1.800
G1 X33.000 Y3.662
G1 X33.000 Y-3.662
G1 X33.400 Y-3.183
G1 X43.205 Y-1.400
G1 X55.788 Y-1.400
G1 X58.000 Y-0.847
G1 X58.000 Y0.847
G1 X55.788 Y1.400
G1 X43.205 Y1.400
G1 X33.400 Y3.183
G1 X33.400 Y-3.183
G1 X33.800 Y-2.703
G1 X43.169 Y-1.000
G1 X55.738 Y-1.000
G1 X57.600 Y-0.535
G1 X57.600 Y0.535
G1 X55.738 Y1.000
G1 X43.169 Y1.000
G1 X33.800 Y2.703
G1 X33.800 Y-2.703
G1 X34.200 Y-2.224
G1 X43.133 Y-0.600
G1 X55.689 Y-0.600
G1 X57.200 Y-0.222
G1 X57.200 Y0.222
G1 X55.689 Y0.600
G1 X43.133 Y0.600
G1 X34.200 Y2.224
G1 X34.200 Y-2.224
G1 X34.600 Y-1.745
G1 X43.097 Y-0.200
G1 X55.640 Y-0.200
G1 X56.440 Y-0.000
G1 X55.640 Y0.200
G1 X43.097 Y0.200
G1 X34.600 Y1.745
G1 X34.600 Y-1.745
G1 X35.000 Y-1.266
G1 X41.961 Y-0.000
G1 X35.000 Y1.266
G1 X35.000 Y-1.266
G1 X35.400 Y-0.786
G1 X39.725 Y-0.000
G1 X35.400 Y0.786
G1 X35.400 Y-0.786
G1 X35.800 Y-0.307
G1 X37.488 Y-0.000
G1 X35.800 Y0.307
G1 X35.800 Y-0.307
G1 X-0.200 Y-13.404 Z0.700
G1 X-0.200 Y-13.404
G1 X-0.200 Y13.404
G1 X-0.000 Y13.567
G1 X0.200 Y13.404
G1 X0.200 Y-13.404
G1 X0.000 Y-13.567
G1 X-0.200 Y-13.404
G1 X-0.600 Y-13.594
G1 X-0.600 Y13.594
G1 X-0.000 Y14.083
G1 X0.600 Y13.594
G1 X0.600 Y-13.594
G1 X0.000 Y-14.083
G1 X-0.600 Y-13.594
G1 X-1.000 Y-13.783
G1 X-1.000 Y13.783
G1 X-0.000 Y14.600
G1 X1.000 Y13.783
G1 X1.000 Y-13.783
G1 X0.000 Y-14.600
G1 X-1.000 Y-13.783
G1 X-1.400 Y-13.973
G1 X-1.400 Y13.973
G1 X-0.000 Y15.116
G1 X1.400 Y13.973
G1 X1.400 Y-13.973
G1 X0.000 Y-15.116
G1 X-1.400 Y-13.973
G1 X-1.800 Y-14.163
G1 X-1.800 Y14.163
G1 X-0.000 Y15.632
G1 X1.800 Y14.163
G1 X1.800 Y-14.163
G1 X0.000 Y-15.632
G1 X-1.800 Y-14.163
G1 X-2.200 Y-14.353
G1 X-2.200 Y14.353
G1 X-0.000 Y16.149
G1 X2.200 Y14.353
G1 X2.200 Y-14.353
G1 X0.000 Y-16.149
G1 X-2.200 Y-14.353
G1 X-2.600 Y-14.543
G1 X-2.600 Y14.543
G1 X-0.000 Y16.665
G1 X2.600 Y14.543
G1 X2.600 Y-14.543
G1 X0.000 Y-16.665
G1 X-2.600 Y-14.543
G1 X-3.000 Y-14.732
G1 X-3.000 Y14.732
G1 X-0.000 Y17.181
G1 X3.000 Y14.732
G1 X3.000 Y-14.732
G1 X0.000 Y-17.181
G1 X-3.000 Y-14.732
G1 X-3.400 Y-14.922
G1 X-3.400 Y14.922
G1 X-0.000 Y17.698
G1 X3.400 Y14.922
G1 X3.400 Y-14.922
G1 X0.000 Y-17.698
G1 X-3.400 Y-14.922
G1 X-3.800 Y-15.112
G1 X-3.800 Y15.112
G1 X-0.000 Y18.214
G1 X3.800 Y15.112
G1 X3.800 Y-15.112
G1 X0.000 Y-18.214
G1 X-3.800 Y-15.112
G1 X-4.200 Y-15.302
G1 X-4.200 Y15.302
G1 X-0.000 Y18.731
G1 X4.200 Y15.302
G1 X4.200 Y-15.302
G1 X0.000 Y-18.731
G1 X-4.200 Y-15.302
G1 X-4.600 Y-15.492
G1 X-4.600 Y15.492
G1 X-0.000 Y19.247
G1 X4.600 Y15.492
G1 X4.600 Y-15.492
G1 X0.000 Y-19.247
G1 X-4.600 Y-15.492
G1 X-5.000 Y-15.682
G1 X-5.000 Y15.682
G1 X-0.131 Y19.657
G1 X-0.023 Y44.541
G1 X0.000 Y44.569
G1 X0.023 Y44.541
G1 X0.131 Y19.657
G1 X5.000 Y15.682
G1 X5.000 Y-15.682
G1 X0.131 Y-19.657
G1 X0.023 Y-44.541
G1 X0.000 Y-44.569
G1 X-0.023 Y-44.541
G1 X-0.131 Y-19.657
G1 X-5.000 Y-15.682
G1 X-5.400 Y-15.871
G1 X-5.400 Y15.871
G1 X-0.530 Y19.847
G1 X-0.423 Y44.687
G1 X-0.000 Y45.194
G1 X0.423 Y44.687
G1 X0.530 Y19.847
G1 X5.400 Y15.871
G1 X5.400 Y-15.871
G1 X0.530 Y-19.847
G1 X0.423 Y-44.687
G1 X-0.000 Y-45.194
G1 X-0.423 Y-44.687
G1 X-0.530 Y-19.847
G1 X-5.400 Y-15.871
G1 X-5.800 Y-16.061
G1 X-5.800 Y16.061
G1 X-0.929 Y20.038
G1 X-0.822 Y44.832
G1 X0.000 Y45.819
G1 X0.822 Y44.832
G1 X0.929 Y20.038
G1 X5.800 Y16.061
G1 X5.800 Y-16.061
G1 X0.929 Y-20.038
G1 X0.822 Y-44.832
G1 X-0.000 Y-45.819
G1 X-0.822 Y-44.832
G1 X-0.929 Y-20.038
G1 X-5.800 Y-16.061
G1 X-6.200 Y-16.251
G1 X-6.200 Y16.251
G1 X-1.328 Y20.228
G1 X-1.222 Y44.978
G1 X0.000 Y46.444
G1 X1.222 Y44.978
G1 X1.328 Y20.228
G1 X6.200 Y16.251
G1 X6.200 Y-16.251
G1 X1.328 Y-20.228
G1 X1.222 Y-44.978
G1 X0.000 Y-46.444
G1 X-1.222 Y-44.978
G1 X-1.328 Y-20.228
G1 X-6.200 Y-16.251
G1 X-6.600 Y-16.441
G1 X-6.600 Y16.441
G1 X-1.727 Y20.419
G1 X-1.621 Y45.123
G1 X0.000 Y47.069
G1 X1.621 Y45.123
G1 X1.727 Y20.419
G1 X6.600 Y16.441
G1 X6.600 Y-16.441
G1 X1.727 Y-20.419
G1 X1.621 Y-45.123
G1 X0.000 Y-47.069
G1 X-1.621 Y-45.123
G1 X-1.727 Y-20.419
G1 X-6.600 Y-16.441
G1 X-7.000 Y-16.631
G1 X-7.000 Y16.631
G1 X-2.127 Y20.609
G1 X-2.020 Y45.269
G1 X0.000 Y47.693
G1 X2.020 Y45.269
G1 X2.127 Y20.609
G1 X7.000 Y16.631
G1 X7.000 Y-16.631
G1 X2.127 Y-20.609
G1 X2.020 Y-45.269
G1 X0.000 Y-47.693
G1 X-2.020 Y-45.269
G1 X-2.127 Y-20.609
G1 X-7.000 Y-16.631
G1 X-7.400 Y-16.821
G1 X-7.400 Y16.821
G1 X-2.526 Y20.800
G1 X-2.420 Y45.415
G1 X0.000 Y48.318
G1 X2.420 Y45.415
G1 X2.526 Y20.800
G1 X7.400 Y16.821
G1 X7.400 Y-16.821
G1 X2.526 Y-20.800
G1 X2.420 Y-45.415
G1 X0.000 Y-48.318
G1 X-2.420 Y-45.415
G1 X-2.526 Y-20.800
G1 X-7.400 Y-16.821
G1 X-7.800 Y-17.010
G1 X-7.800 Y17.010
G1 X-2.925 Y20.990
G1 X-2.819 Y45.560
G1 X0.000 Y48.943
G1 X2.819 Y45.560
G1 X2.925 Y20.990
G1 X7.800 Y17.010
G1 X7.800 Y-17.010
G1 X2.925 Y-20.990
G1 X2.819 Y-45.560
G1 X0.000 Y-48.943
G1 X-2.819 Y-45.560
G1 X-2.925 Y-20.990
G1 X-7.800 Y-17.010
G1 X-8.200 Y-17.200
G1 X-8.200 Y17.200
G1 X-3.324 Y21.181
G1 X-3.218 Y45.706
G1 X0.000 Y49.568
G1 X3.218 Y45.706
G1 X3.324 Y21.181
G1 X8.200 Y17.200
G1 X8.200 Y-17.200
G1 X3.324 Y-21.181
G1 X3.218 Y-45.706
G1 X0.000 Y-49.568
G1 X-3.218 Y-45.706
G1 X-3.324 Y-21.181
G1 X-8.200 Y-17.200
G1 X-8.600 Y-17.390
G1 X-8.600 Y17.390
G1 X-3.723 Y21.371
G1 X-3.618 Y45.851
G1 X0.000 Y50.193
G1 X3.618 Y45.851
G1 X3.723 Y21.371
G1 X8.600 Y17.390
G1 X8.600 Y-17.390
G1 X3.723 Y-21.371
G1 X3.618 Y-45.851
G1 X0.000 Y-50.193
G1 X-3.618 Y-45.851
G1 X-3.723 Y-21.371
G1 X-8.600 Y-17.390
G1 X-9.000 Y-17.580
G1 X-9.000 Y17.580
G1 X-4.122 Y21.561
G1 X-4.017 Y45.997
G1 X0.000 Y50.817
G1 X4.017 Y45.997
G1 X4.122 Y21.561
G1 X9.000 Y17.580
G1 X9.000 Y-17.580
G1 X4.122 Y-21.561
G1 X4.017 Y-45.997
G1 X0.000 Y-50.817
G1 X-4.017 Y-45.997
G1 X-4.122 Y-21.561
G1 X-9.000 Y-17.580
G1 X-9.400 Y-17.770
G1 X-9.400 Y17.770
G1 X-4.522 Y21.752
G1 X-4.417 Y46.142
G1 X0.000 Y51.442
G1 X4.417 Y46.142
G1 X4.522 Y21.752
G1 X9.400 Y17.770
G1 X9.400 Y-17.770
G1 X4.522 Y-21.752
G1 X4.417 Y-46.142
G1 X0.000 Y-51.442
G1 X-4.417 Y-46.142
G1 X-4.522 Y-21.752
G1 X-9.400 Y-17.770
G1 X-9.800 Y-17.959
G1 X-9.800 Y17.959
G1 X-4.921 Y21.942
G1 X-4.816 Y46.288
G1 X0.000 Y52.067
G1 X4.816 Y46.288
G1 X4.921 Y21.942
G1 X9.800 Y17.959
G1 X9.800 Y-17.959
G1 X4.921 Y-21.942
G1 X4.816 Y-46.288
G1 X0.000 Y-52.067
G1 X-4.816 Y-46.288
G1 X-4.921 Y-21.942
G1 X-9.800 Y-17.959
G1 X-10.200 Y-18.149
G1 X-10.200 Y18.149
G1 X-5.320 Y22.133
G1 X-5.215 Y46.434
G1 X0.000 Y52.692
G1 X5.215 Y46.434
G1 X5.320 Y22.133
G1 X10.200 Y18.149
G1 X10.200 Y0.200
G1 X31.916 Y0.200
G1 X33.016 Y0.000
G1 X31.916 Y-0.200
G1 X10.200 Y-0.200
G1 X10.200 Y-18.149
G1 X5.320 Y-22.133
G1 X5.215 Y-46.434
G1 X0.000 Y-52.692
G1 X-5.215 Y-46.434
G1 X-5.320 Y-22.133
G1 X-10.200 Y-18.149
G1 X-10.600 Y-18.339
G1 X-10.600 Y18.339
G1 X-5.719 Y22.323
G1 X-5.615 Y46.579
G1 X0.000 Y53.317
G1 X5.615 Y46.579
G1 X5.719 Y22.323
G1 X10.600 Y18.339
G1 X10.600 Y0.600
G1 X31.952 Y0.600
G1 X35.252 Y-0.000
G1 X31.952 Y-0.600
G1 X10.600 Y-0.600
G1 X10.600 Y-18.339
G1 X5.719 Y-22.323
G1 X5.615 Y-46.579
G1 X0.000 Y-53.317
G1 X-5.615 Y-46.579
G1 X-5.719 Y-22.323
G1 X-10.600 Y-18.339
G1 X-11.000 Y-18.529
G1 X-11.000 Y18.529
G1 X-6.118 Y22.514
G1 X-6.014 Y46.725
G1 X-0.000 Y53.942
G1 X6.014 Y46.725
G1 X6.118 Y22.514
G1 X11.000 Y18.529
G1 X11.000 Y1.000
G1 X31.988 Y1.000
G1 X37.488 Y0.000
G1 X31.988 Y-1.000
G1 X11.000 Y-1.000
G1 X11.000 Y-18.529
G1 X6.118 Y-22.514
G1 X6.014 Y-46.725
G1 X0.000 Y-53.942
G1 X-6.014 Y-46.725
G1 X-6.118 Y-22.514
G1 X-11.000 Y-18.529
G1 X-11.400 Y-18.719
G1 X-11.400 Y18.719
G1 X-6.518 Y22.704
G1 X-6.413 Y46.870
G1 X0.000 Y54.566
G1 X6.413 Y46.870
G1 X6.518 Y22.704
G1 X11.400 Y18.719
G1 X11.400 Y1.400
G1 X32.025 Y1.400
G1 X39.725 Y0.000
G1 X32.025 Y-1.400
G1 X11.400 Y-1.400
G1 X11.400 Y-18.719
G1 X6.518 Y-22.704
G1 X6.413 Y-46.870
G1 X0.000 Y-54.566
G1 X-6.413 Y-46.870
G1 X-6.518 Y-22.704
G1 X-11.400 Y-18.719
G1 X-11.800 Y-18.909
G1 X-11.800 Y18.909
G1 X-6.917 Y22.895
G1 X-6.813 Y47.016
G1 X0.000 Y55.191
G1 X6.813 Y47.016
G1 X6.917 Y22.895
G1 X11.800 Y18.909
G1 X11.800 Y1.800
G1 X32.061 Y1.800
G1 X41.961 Y-0.000
G1 X32.061 Y-1.800
G1 X11.800 Y-1.800
G1 X11.800 Y-18.909
G1 X6.917 Y-22.895
G1 X6.813 Y-47.016
G1 X0.000 Y-55.191
G1 X-6.813 Y-47.016
G1 X-6.917 Y-22.895
G1 X-11.800 Y-18.909
G1 X-12.200 Y-19.098
G1 X-12.200 Y19.098
G1 X-7.316 Y23.085
G1 X-7.212 Y47.161
G1 X0.000 Y55.816
G1 X7.212 Y47.161
G1 X7.316 Y23.085
G1 X12.200 Y19.098
G1 X12.200 Y2.200
G1 X32.097 Y2.200
G1 X43.097 Y0.200
G1 X55.640 Y0.200
G1 X56.440 Y0.000
G1 X55.640 Y-0.200
G1 X43.097 Y-0.200
G1 X32.097 Y-2.200
G1 X12.200 Y-2.200
G1 X12.200 Y-19.098
G1 X7.316 Y-23.085
G1 X7.212 Y-47.161
G1 X0.000 Y-55.816
G1 X-7.212 Y-47.161
G1 X-7.316 Y-23.085
G1 X-12.200 Y-19.098
G1 X-12.600 Y-19.288
G1 X-12.600 Y19.288
G1 X-7.715 Y23.276
G1 X-7.612 Y47.307
G1 X-0.000 Y56.441
G1 X7.612 Y47.307
G1 X7.715 Y23.276
G1 X12.600 Y19.288
G1 X12.600 Y2.600
G1 X32.133 Y2.600
G1 X43.133 Y0.600
G1 X55.689 Y0.600
G1 X57.200 Y0.222
G1 X57.200 Y-0.222
G1 X55.689 Y-0.600
G1 X43.133 Y-0.600
G1 X32.133 Y-2.600
G1 X12.600 Y-2.600
G1 X12.600 Y-19.288
G1 X7.715 Y-23.276
G1 X7.612 Y-47.307
G1 X0.000 Y-56.441
G1 X-7.612 Y-47.307
G1 X-7.715 Y-23.276
G1 X-12.600 Y-19.288
G1 X-13.000 Y-19.478
G1 X-13.000 Y19.478
G1 X-8.114 Y23.466
G1 X-8.011 Y47.453
G1 X0.000 Y57.066
G1 X8.011 Y47.453
G1 X8.114 Y23.466
G1 X13.000 Y19.478
G1 X13.000 Y3.000
G1 X32.169 Y3.000
G1 X43.169 Y1.000
G1 X55.738 Y1.000
G1 X57.600 Y0.535
G1 X57.600 Y-0.535
G1 X55.738 Y-1.000
G1 X43.169 Y-1.000
G1 X32.169 Y-3.000
G1 X13.000 Y-3.000
G1 X13.000 Y-19.478
G1 X8.114 Y-23.466
G1 X8.011 Y-47.453
G1 X0.000 Y-57.066
G1 X-8.011 Y-47.453
G1 X-8.114 Y-23.466
G1 X-13.000 Y-19.478
G1 X-13.400 Y-19.668
G1 X-13.400 Y19.668
G1 X-8.513 Y23.657
G1 X-8.410 Y47.598
G1 X0.000 Y57.690
G1 X8.410 Y47.598
G1 X8.513 Y23.657
G1 X13.400 Y19.668
G1 X13.400 Y3.400
G1 X32.205 Y3.400
G1 X43.205 Y1.400
G1 X55.788 Y1.400
G1 X58.000 Y0.847
G1 X58.000 Y-0.847
G1 X55.788 Y-1.400
G1 X43.205 Y-1.400
G1 X32.205 Y-3.400
G1 X13.400 Y-3.400
G1 X13.400 Y-19.668
G1 X8.513 Y-23.657
G1 X8.410 Y-47.598
G1 X0.000 Y-57.690
G1 X-8.410 Y-47.598
G1 X-8.513 Y-23.657
G1 X-13.400 Y-19.668
G1 X-13.800 Y-19.858
G1 X-13.800 Y19.858
G1 X-8.913 Y23.847
G1 X-8.810 Y47.744
G1 X0.000 Y58.315
G1 X8.810 Y47.744
G1 X8.913 Y23.847
G1 X13.800 Y19.858
G1 X13.800 Y3.800
G1 X32.241 Y3.800
G1 X43.241 Y1.800
G1 X55.837 Y1.800
G1 X58.400 Y1.159
G1 X58.400 Y-1.159
G1 X55.837 Y-1.800
G1 X43.241 Y-1.800
G1 X32.241 Y-3.800
G1 X13.800 Y-3.800
G1 X13.800 Y-19.858
G1 X8.913 Y-23.847
G1 X8.810 Y-47.744
G1 X0.000 Y-58.315
G1 X-8.810 Y-47.744
G1 X-8.913 Y-23.847
G1 X-13.800 Y-19.858
G1 X-14.200 Y-20.048
G1 X-14.200 Y20.048
G1 X-9.312 Y24.038
G1 X-9.209 Y47.889
G1 X-0.000 Y58.940
G1 X9.209 Y47.889
G1 X9.312 Y24.038
G1 X14.200 Y20.048
G1 X14.200 Y4.200
G1 X32.277 Y4.200
G1 X43.277 Y2.200
G1 X55.886 Y2.200
G1 X58.800 Y1.471
G1 X58.800 Y-1.471
G1 X55.886 Y-2.200
G1 X43.277 Y-2.200
G1 X32.277 Y-4.200
G1 X14.200 Y-4.200
G1 X14.200 Y-20.048
G1 X9.312 Y-24.038
G1 X9.209 Y-47.889
G1 X0.000 Y-58.940
G1 X-9.209 Y-47.889
G1 X-9.312 Y-24.038
G1 X-14.200 Y-20.048
G1 X-14.600 Y-20.237
G1 X-14.600 Y20.237
G1 X-9.711 Y24.228
G1 X-9.608 Y48.035
G1 X0.000 Y59.565
G1 X9.608 Y48.035
G1 X9.711 Y24.228
G1 X14.600 Y20.237
G1 X14.600 Y4.600
G1 X32.313 Y4.600
G1 X43.313 Y2.600
G1 X55.935 Y2.600
G1 X59.200 Y1.784
G1 X59.200 Y-1.784
G1 X55.935 Y-2.600
G1 X43.313 Y-2.600
G1 X32.313 Y-4.600
G1 X14.600 Y-4.600
G1 X14.600 Y-20.237
G1 X9.711 Y-24.228
G1 X9.608 Y-48.035
G1 X0.000 Y-59.565
G1 X-9.608 Y-48.035
G1 X-9.711 Y-24.228
G1 X-14.600 Y-20.237
G1 X-15.000 Y-20.427
G1 X-15.000 Y20.427
G1 X-10.110 Y24.419
G1 X-10.008 Y48.180
G1 X0.000 Y60.190
G1 X10.008 Y48.180
G1 X10.110 Y24.419
G1 X15.000 Y20.427
G1 X15.000 Y5.000
G1 X32.349 Y5.000
G1 X43.349 Y3.000
G1 X55.984 Y3.000
G1 X59.600 Y2.096
G1 X59.600 Y-2.096
G1 X55.984 Y-3.000
G1 X43.349 Y-3.000
G1 X32.349 Y-5.000
G1 X15.000 Y-5.000
G1 X15.000 Y-20.427
G1 X10.110 Y-24.419
G1 X10.008 Y-48.180
G1 X0.000 Y-60.190
G1 X-10.008 Y-48.180
G1 X-10.110 Y-24.419
G1 X-15.000 Y-20.427
G1 X-15.400 Y-20.617
G1 X-15.400 Y20.617
G1 X-10.509 Y24.609
G1 X-10.407 Y48.326
G1 X0.000 Y60.815
G1 X10.407 Y48.326
G1 X10.509 Y24.609
G1 X15.400 Y20.617
G1 X15.400 Y5.400
G1 X32.385 Y5.400
G1 X43.385 Y3.400
G1 X56.034 Y3.400
G1 X60.000 Y2.408
G1 X60.000 Y-2.408
G1 X56.034 Y-3.400
G1 X43.385 Y-3.400
G1 X32.385 Y-5.400
G1 X15.400 Y-5.400
G1 X15.400 Y-20.617
G1 X10.509 Y-24.609
G1 X10.407 Y-48.326
G1 X0.000 Y-60.815
G1 X-10.407 Y-48.326
G1 X-10.509 Y-24.609
G1 X-15.400 Y-20.617
G1 X-15.800 Y-20.807
G1 X-15.800 Y20.807
G1 X-10.909 Y24.800
G1 X-10.807 Y48.472
G1 X-0.000 Y61.439
G1 X10.807 Y48.472
G1 X10.909 Y24.800
G1 X15.800 Y20.807
G1 X15.800 Y5.800
G1 X32.421 Y5.800
G1 X43.421 Y3.800
G1 X56.083 Y3.800
G1 X60.400 Y2.721
G1 X60.400 Y-2.721
G1 X56.083 Y-3.800
G1 X43.421 Y-3.800
G1 X32.421 Y-5.800
G1 X15.800 Y-5.800
G1 X15.800 Y-20.807
G1 X10.909 Y-24.800
G1 X10.807 Y-48.472
G1 X0.000 Y-61.439
G1 X-10.807 Y-48.472
G1 X-10.909 Y-24.800
G1 X-15.800 Y-20.807
G1 X-16.200 Y-20.997
G1 X-16.200 Y20.997
G1 X-11.308 Y24.990
G1 X-11.206 Y48.617
G1 X0.000 Y62.064
G1 X11.206 Y48.617
G1 X11.308 Y24.990
G1 X16.200 Y20.997
G1 X16.200 Y6.200
G1 X32.457 Y6.200
G1 X43.457 Y4.200
G1 X56.132 Y4.200
G1 X60.800 Y3.033
G1 X60.800 Y-3.033
G1 X56.132 Y-4.200
G1 X43.457 Y-4.200
G1 X32.457 Y-6.200
G1 X16.200 Y-6.200
G1 X16.200 Y-20.997
G1 X11.308 Y-24.990
G1 X11.206 Y-48.617
G1 X0.000 Y-62.064
G1 X-11.206 Y-48.617
G1 X-11.308 Y-24.990
G1 X-16.200 Y-20.997
G1 X-16.600 Y-21.186
G1 X-16.600 Y21.186
G1 X-11.707 Y25.181
G1 X-11.605 Y48.763
G1 X0.000 Y62.689
G1 X11.605 Y48.763
G1 X11.707 Y25.181
G1 X16.600 Y21.186
G1 X16.600 Y6.600
G1 X32.493 Y6.600
G1 X43.493 Y4.600
G1 X56.181 Y4.600
G1 X61.200 Y3.345
G1 X61.200 Y-3.345
G1 X56.181 Y-4.600
G1 X43.493 Y-4.600
G1 X32.493 Y-6.600
G1 X16.600 Y-6.600
G1 X16.600 Y-21.186
G1 X11.707 Y-25.181
G1 X11.605 Y-48.763
G1 X0.000 Y-62.689
G1 X-11.605 Y-48.763
G1 X-11.707 Y-25.181
G1 X-16.600 Y-21.186
G1 X-17.000 Y-21.376
G1 X-17.000 Y21.376
G1 X-12.106 Y25.371
G1 X-12.005 Y48.908
G1 X0.000 Y63.314
G1 X12.005 Y48.908
G1 X12.106 Y25.371
G1 X17.000 Y21.376
G1 X17.000 Y7.000
G1 X32.529 Y7.000
G1 X43.529 Y5.000
G1 X56.231 Y5.000
G1 X61.600 Y3.658
G1 X61.600 Y-3.658
G1 X56.231 Y-5.000
G1 X43.529 Y-5.000
G1 X32.529 Y-7.000
G1 X17.000 Y-7.000
G1 X17.000 Y-21.376
G1 X12.106 Y-25.371
G1 X12.005 Y-48.908
G1 X0.000 Y-63.314
G1 X-12.005 Y-48.908
G1 X-12.106 Y-25.371
G1 X-17.000 Y-21.376
G1 X-17.400 Y-21.566
G1 X-17.400 Y21.566
G1 X-12.505 Y25.562
G1 X-12.404 Y49.054
G1 X0.000 Y63.939
G1 X12.404 Y49.054
G1 X12.505 Y25.562
G1 X17.400 Y21.566
G1 X17.400 Y7.400
G1 X32.566 Y7.400
G1 X43.566 Y5.400
G1 X56.280 Y5.400
G1 X62.000 Y3.970
G1 X62.000 Y-3.970
G1 X56.280 Y-5.400
G1 X43.566 Y-5.400
G1 X32.566 Y-7.400
G1 X17.400 Y-7.400
G1 X17.400 Y-21.566
G1 X12.505 Y-25.562
G1 X12.404 Y-49.054
G1 X0.000 Y-63.939
G1 X-12.404 Y-49.054
G1 X-12.505 Y-25.562
G1 X-17.400 Y-21.566
G1 X-17.800 Y-21.756
G1 X-17.800 Y21.756
G1 X-12.904 Y25.752
G1 X-12.803 Y49.199
G1 X0.000 Y64.563
G1 X12.803 Y49.199
G1 X12.904 Y25.752
G1 X17.800 Y21.756
G1 X17.800 Y7.800
G1 X32.602 Y7.800
G1 X43.602 Y5.800
G1 X56.329 Y5.800
G1 X62.400 Y4.282
G1 X62.400 Y-4.282
G1 X56.329 Y-5.800
G1 X43.602 Y-5.800
G1 X32.602 Y-7.800
G1 X17.800 Y-7.800
G1 X17.800 Y-21.756
G1 X12.904 Y-25.752
G1 X12.803 Y-49.199
G1 X0.000 Y-64.563
G1 X-12.803 Y-49.199
G1 X-12.904 Y-25.752
G1 X-17.800 Y-21.756
G1 X-18.200 Y-21.946
G1 X-18.200 Y21.946
G1 X-13.304 Y25.943
G1 X-13.203 Y49.345
G1 X0.000 Y65.188
G1 X13.203 Y49.345
G1 X13.304 Y25.943
G1 X18.200 Y21.946
G1 X18.200 Y8.200
G1 X32.638 Y8.200
G1 X43.638 Y6.200
G1 X56.378 Y6.200
G1 X62.800 Y4.595
G1 X62.800 Y-4.595
G1 X56.378 Y-6.200
G1 X43.638 Y-6.200
G1 X32.638 Y-8.200
G1 X18.200 Y-8.200
G1 X18.200 Y-21.946
G1 X13.304 Y-25.943
G1 X13.203 Y-49.345
G1 X0.000 Y-65.188
G1 X-13.203 Y-49.345
G1 X-13.304 Y-25.943
G1 X-18.200 Y-21.946
G1 X-18.600 Y-22.136
G1 X-18.600 Y22.136
G1 X-13.703 Y26.133
G1 X-13.602 Y49.491
G1 X0.000 Y65.813
G1 X13.602 Y49.491
G1 X13.703 Y26.133
G1 X18.600 Y22.136
G1 X18.600 Y8.600
G1 X32.674 Y8.600
G1 X43.674 Y6.600
G1 X56.428 Y6.600
G1 X63.200 Y4.907
G1 X63.200 Y-4.907
G1 X56.428 Y-6.600
G1 X43.674 Y-6.600
G1 X32.674 Y-8.600
G1 X18.600 Y-8.600
G1 X18.600 Y-22.136
G1 X13.703 Y-26.133
G1 X13.602 Y-49.491
G1 X0.000 Y-65.813
G1 X-13.602 Y-49.491
G1 X-13.703 Y-26.133
G1 X-18.600 Y-22.136
G1 X-19.000 Y-22.325
G1 X-19.000 Y22.325
G1 X-14.102 Y26.324
G1 X-14.002 Y49.636
G1 X0.000 Y66.438
G1 X14.002 Y49.636
G1 X14.102 Y26.324
G1 X19.000 Y22.325
G1 X19.000 Y9.000
G1 X32.710 Y9.000
G1 X43.710 Y7.000
G1 X56.477 Y7.000
G1 X63.600 Y5.219
G1 X63.600 Y-5.219
G1 X56.477 Y-7.000
G1 X43.710 Y-7.000
G1 X32.710 Y-9.000
G1 X19.000 Y-9.000
G1 X19.000 Y-22.325
G1 X14.102 Y-26.324
G1 X14.002 Y-49.636
G1 X0.000 Y-66.438
G1 X-14.002 Y-49.636
G1 X-14.102 Y-26.324
G1 X-19.000 Y-22.325
G1 X-19.400 Y-22.515
G1 X-19.400 Y22.515
G1 X-14.501 Y26.514
G1 X-14.401 Y49.782
G1 X0.000 Y67.063
G1 X14.401 Y49.782
G1 X14.501 Y26.514
G1 X19.400 Y22.515
G1 X19.400 Y9.400
G1 X32.746 Y9.400
G1 X43.746 Y7.400
G1 X56.526 Y7.400
G1 X64.000 Y5.532
G1 X64.000 Y-5.532
G1 X56.526 Y-7.400
G1 X43.746 Y-7.400
G1 X32.746 Y-9.400
G1 X19.400 Y-9.400
G1 X19.400 Y-22.515
G1 X14.501 Y-26.514
G1 X14.401 Y-49.782
G1 X0.000 Y-67.063
G1 X-14.401 Y-49.782
G1 X-14.501 Y-26.514
G1 X-19.400 Y-22.515
G1 X-19.800 Y-22.705
G1 X-19.800 Y22.705
G1 X-14.900 Y26.705
G1 X-14.800 Y49.927
G1 X0.000 Y67.688
G1 X14.800 Y49.927
G1 X14.900 Y26.705
G1 X19.800 Y22.705
G1 X19.800 Y9.800
G1 X32.782 Y9.800
G1 X43.782 Y7.800
G1 X56.575 Y7.800
G1 X64.400 Y5.844
G1 X64.400 Y-5.844
G1 X56.575 Y-7.800
G1 X43.782 Y-7.800
G1 X32.782 Y-9.800
G1 X19.800 Y-9.800
G1 X19.800 Y-22.705
G1 X14.900 Y-26.705
G1 X14.800 Y-49.927
G1 X0.000 Y-67.688
G1 X-14.800 Y-49.927
G1 X-14.900 Y-26.705
G1 X-19.800 Y-22.705
G1 X-19.800 Y-22.705 Z0.700
M9
G1 Z10.000
G1 X20.000 Y-15.600
G1 Z1.100
M7
G4 P150
G1 X19.800 Y-15.400 Z1.100
G1 X19.800 Y-15.400
G1 X19.800 Y-9.800
G1 X25.400 Y-9.800
G1 X25.400 Y9.800
G1 X19.800 Y9.800
G1 X19.800 Y15.400
G1 X-19.800 Y15.400
G1 X-19.800 Y-15.400
G1 X19.800 Y-15.400
G1 X19.400 Y-15.000
G1 X19.400 Y-9.400
G1 X25.000 Y-9.400
G1 X25.000 Y9.400
G1 X19.400 Y9.400
G1 X19.400 Y15.000
G1 X-19.400 Y15.000
G1 X-19.400 Y-15.000
G1 X19.400 Y-15.000
G1 X19.000 Y-14.600
G1 X19.000 Y-9.000
G1 X24.600 Y-9.000
G1 X24.600 Y9.000
G1 X19.000 Y9.000
G1 X19.000 Y14.600
G1 X-19.000 Y14.600
G1 X-19.000 Y-14.600
G1 X19.000 Y-14.600
G1 X18.600 Y-14.200
G1 X18.600 Y-8.600
G1 X24.200 Y-8.600
G1 X24.200 Y8.600
G1 X18.600 Y8.600
G1 X18.600 Y14.200
G1 X-18.600 Y14.200
G1 X-18.600 Y-14.200
G1 X18.600 Y-14.200
G1 X18.200 Y-13.800
G1 X18.200 Y-8.200
G1 X23.800 Y-8.200
G1 X23.800 Y8.200
G1 X18.200 Y8.200
G1 X18.200 Y13.800
G1 X-18.200 Y13.800
G1 X-18.200 Y-13.800
G1 X18.200 Y-13.800
G1 X17.800 Y-13.400
G1 X17.800 Y-7.800
G1 X23.400 Y-7.800
G1 X23.400 Y7.800
G1 X17.800 Y7.800
G1 X17.800 Y13.400
G1 X-17.800 Y13.400
G1 X-17.800 Y-13.400
G1 X17.800 Y-13.400
G1 X17.400 Y-13.000
G1 X17.400 Y-7.400
G1 X23.000 Y-7.400
G1 X23.000 Y7.400
G1 X17.400 Y7.400
G1 X17.400 Y13.000
G1 X-17.400 Y13.000
G1 X-17.400 Y-13.000
G1 X17.400 Y-13.000
G1 X17.000 Y-12.600
G1 X17.000 Y-7.000
G1 X22.600 Y-7.000
G1 X22.600 Y7.000
G1 X17.000 Y7.000
G1 X17.000 Y12.600
G1 X-17.000 Y12.600
G1 X-17.000 Y-12.600
G1 X17.000 Y-12.600
G1 X16.600 Y-12.200
G1 X16.600 Y-6.600
G1 X22.200 Y-6.600
G1 X22.200 Y6.600
G1 X16.600 Y6.600
G1 X16.600 Y12.200
G1 X-16.600 Y12.200
G1 X-16.600 Y-12.200
G1 X16.600 Y-12.200
G1 X16.200 Y-11.800
G1 X16.200 Y-6.200
G1 X21.800 Y-6.200
G1 X21.800 Y6.200
G1 X16.200 Y6.200
G1 X16.200 Y11.800
G1 X-16.200 Y11.800
G1 X-16.200 Y-11.800
G1 X16.200 Y-11.800
G1 X15.800 Y-11.400
G1 X15.800 Y-5.800
G1 X21.400 Y-5.800
G1 X21.400 Y5.800
G1 X15.800 Y5.800
G1 X15.800 Y11.400
G1 X-15.800 Y11.400
G1 X-15.800 Y-11.400
G1 X15.800 Y-11.400
G1 X15.400 Y-11.000
G1 X15.400 Y-5.400
G1 X21.000 Y-5.400
G1 X21.000 Y5.400
G1 X15.400 Y5.400
G1 X15.400 Y11.000
G1 X-15.400 Y11.000
G1 X-15.400 Y-11.000
G1 X15.400 Y-11.000
G1 X15.000 Y-10.600
G1 X15.000 Y-5.000
G1 X20.600 Y-5.000
G1 X20.600 Y5.000
G1 X15.000 Y5.000
G1 X15.000 Y10.600
G1 X-15.000 Y10.600
G1 X-15.000 Y-10.600
G1 X15.000 Y-10.600
G1 X14.600 Y-10.200
G1 X14.600 Y-4.600
G1 X20.200 Y-4.600
G1 X20.200 Y4.600
G1 X14.600 Y4.600
G1 X14.600 Y10.200
G1 X-14.600 Y10.200
G1 X-14.600 Y-10.200
G1 X14.600 Y-10.200
G1 X14.200 Y-9.800
G1 X14.200 Y-4.200
G1 X19.800 Y-4.200
G1 X19.800 Y4.200
G1 X14.200 Y4.200
G1 X14.200 Y9.800
G1 X-14.200 Y9.800
G1 X-14.200 Y-9.800
G1 X14.200 Y-9.800
G1 X13.800 Y-9.400
G1 X13.800 Y-3.800
G1 X19.400 Y-3.800
G1 X19.400 Y3.800
G1 X13.800 Y3.800
G1 X13.800 Y9.400
G1 X-13.800 Y9.400
G1 X-13.800 Y-9.400
G1 X13.800 Y-9.400
G1 X13.400 Y-9.000
G1 X13.400 Y-3.400
G1 X19.000 Y-3.400
G1 X19.000 Y3.400
G1 X13.400 Y3.400
G1 X13.400 Y9.000
G1 X-13.400 Y9.000
G1 X-13.400 Y-9.000
G1 X13.400 Y-9.000
G1 X13.000 Y-8.600
G1 X13.000 Y-3.000
G1 X18.600 Y-3.000
G1 X18.600 Y3.000
G1 X13.000 Y3.000
G1 X13.000 Y8.600
G1 X-13.000 Y8.600
G1 X-13.000 Y-8.600
G1 X13.000 Y-8.600
G1 X12.600 Y-8.200
G1 X12.600 Y-2.600
G1 X18.200 Y-2.600
G1 X18.200 Y2.600
G1 X12.600 Y2.600
G1 X12.600 Y8.200
G1 X-12.600 Y8.200
G1 X-12.600 Y-8.200
G1 X12.600 Y-8.200
G1 X12.200 Y-7.800
G1 X12.200 Y-2.200
G1 X17.800 Y-2.200
G1 X17.800 Y2.200
G1 X12.200 Y2.200
G1 X12.200 Y7.800
G1 X-12.200 Y7.800
G1 X-12.200 Y-7.800
G1 X12.200 Y-7.800
G1 X11.800 Y-7.400
G1 X11.800 Y-1.800
G1 X17.400 Y-1.800
G1 X17.400 Y1.800
G1 X11.800 Y1.800
G1 X11.800 Y7.400
G1 X-11.800 Y7.400
G1 X-11.800 Y-7.400
G1 X11.800 Y-7.400
G1 X11.400 Y-7.000
G1 X11.400 Y-1.400
G1 X17.000 Y-1.400
G1 X17.000 Y1.400
G1 X11.400 Y1.400
G1 X11.400 Y7.000
G1 X-11.400 Y7.000
G1 X-11.400 Y-7.000
G1 X11.400 Y-7.000
G1 X11.000 Y-6.600
G1 X11.000 Y-1.000
G1 X16.600 Y-1.000
G1 X16.600 Y1.000
G1 X11.000 Y1.000
G1 X11.000 Y6.600
G1 X-11.000 Y6.600
G1 X-11.000 Y-6.600
G1 X11.000 Y-6.600
G1 X10.600 Y-6.200
G1 X10.600 Y-0.600
G1 X16.200 Y-0.600
G1 X16.200 Y0.600
G1 X10.600 Y0.600
G1 X10.600 Y6.200
G1 X-10.600 Y6.200
G1 X-10.600 Y-6.200
G1 X10.600 Y-6.200
G1 X10.200 Y-5.800
G1 X10.200 Y-0.200
G1 X15.800 Y-0.200
G1 X15.800 Y0.200
G1 X10.200 Y0.200
G1 X10.200 Y5.800
G1 X-10.200 Y5.800
G1 X-10.200 Y-5.800
G1 X10.200 Y-5.800
G1 X9.800 Y-5.400
G1 X9.800 Y5.400
G1 X-9.800 Y5.400
G1 X-9.800 Y-5.400
G1 X9.800 Y-5.400
G1 X9.400 Y-5.000
G1 X9.400 Y5.000
G1 X-9.400 Y5.000
G1 X-9.400 Y-5.000
G1 X9.400 Y-5.000
G1 X9.000 Y-4.600
G1 X9.000 Y4.600
G1 X-9.000 Y4.600
G1 X-9.000 Y-4.600
G1 X9.000 Y-4.600
G1 X8.600 Y-4.200
G1 X8.600 Y4.200
G1 X-8.600 Y4.200
G1 X-8.600 Y-4.200
G1 X8.600 Y-4.200
G1 X8.200 Y-3.800
G1 X8.200 Y3.800
G1 X-8.200 Y3.800
G1 X-8.200 Y-3.800
G1 X8.200 Y-3.800
G1 X7.800 Y-3.400
G1 X7.800 Y3.400
G1 X-7.800 Y3.400
G1 X-7.800 Y-3.400
G1 X7.800 Y-3.400
G1 X7.400 Y-3.000
G1 X7.400 Y3.000
G1 X-7.400 Y3.000
G1 X-7.400 Y-3.000
G1 X7.400 Y-3.000
G1 X7.000 Y-2.600
G1 X7.000 Y2.600
G1 X-7.000 Y2.600
G1 X-7.000 Y-2.600
G1 X7.000 Y-2.600
G1 X6.600 Y-2.200
G1 X6.600 Y2.200
G1 X-6.600 Y2.200
G1 X-6.600 Y-2.200
G1 X6.600 Y-2.200
G1 X6.200 Y-1.800
G1 X6.200 Y1.800
G1 X-6.200 Y1.800
G1 X-6.200 Y-1.800
G1 X6.200 Y-1.800
G1 X5.800 Y-1.400
G1 X5.800 Y1.400
G1 X-5.800 Y1.400
G1 X-5.800 Y-1.400
G1 X5.800 Y-1.400
G1 X5.400 Y-1.000
G1 X5.400 Y1.000
G1 X-5.400 Y1.000
G1 X-5.400 Y-1.000
G1 X5.400 Y-1.000
G1 X5.000 Y-0.600
G1 X5.000 Y0.600
G1 X-5.000 Y0.600
G1 X-5.000 Y-0.600
G1 X5.000 Y-0.600
G1 X4.600 Y-0.200
G1 X4.600 Y0.200
G1 X-4.600 Y0.200
G1 X-4.600 Y-0.200
G1 X4.600 Y-0.200
G1 X19.800 Y-13.692 Z1.500
G1 X19.800 Y-13.692
G1 X19.800 Y-9.800
G1 X23.692 Y-9.800
G1 X23.692 Y9.800
G1 X19.800 Y9.800
G1 X19.800 Y13.692
G1 X-19.800 Y13.692
G1 X-19.800 Y-13.692
G1 X19.800 Y-13.692
G1 X19.400 Y-13.292
G1 X19.400 Y-9.400
G1 X23.292 Y-9.400
G1 X23.292 Y9.400
G1 X19.400 Y9.400
G1 X19.400 Y13.292
G1 X-19.400 Y13.292
G1 X-19.400 Y-13.292
G1 X19.400 Y-13.292
G1 X19.000 Y-12.892
G1 X19.000 Y-9.000
G1 X22.892 Y-9.000
G1 X22.892 Y9.000
G1 X19.000 Y9.000
G1 X19.000 Y12.892
G1 X-19.000 Y12.892
G1 X-19.000 Y-12.892
G1 X19.000 Y-12.892
G1 X18.600 Y-12.492
G1 X18.600 Y-8.600
G1 X22.492 Y-8.600
G1 X22.492 Y8.600
G1 X18.600 Y8.600
G1 X18.600 Y12.492
G1 X-18.600 Y12.492
G1 X-18.600 Y-12.492
G1 X18.600 Y-12.492
G1 X18.200 Y-12.092
G1 X18.200 Y-8.200
G1 X22.092 Y-8.200
G1 X22.092 Y8.200
G1 X18.200 Y8.200
G1 X18.200 Y12.092
G1 X-18.200 Y12.092
G1 X-18.200 Y-12.092
G1 X18.200 Y-12.092
G1 X17.800 Y-11.692
G1 X17.800 Y-7.800
G1 X21.692 Y-7.800
G1 X21.692 Y7.800
G1 X17.800 Y7.800
G1 X17.800 Y11.692
G1 X-17.800 Y11.692
G1 X-17.800 Y-11.692
G1 X17.800 Y-11.692
G1 X17.400 Y-11.292
G1 X17.400 Y-7.400
G1 X21.292 Y-7.400
G1 X21.292 Y7.400
G1 X17.400 Y7.400
G1 X17.400 Y11.292
G1 X-17.400 Y11.292
G1 X-17.400 Y-11.292
G1 X17.400 Y-11.292
G1 X17.000 Y-10.892
G1 X17.000 Y-7.000
G1 X20.892 Y-7.000
G1 X20.892 Y7.000
G1 X17.000 Y7.000
G1 X17.000 Y10.892
G1 X-17.000 Y10.892
G1 X-17.000 Y-10.892
G1 X17.000 Y-10.892
G1 X16.600 Y-10.492
G1 X16.600 Y-6.600
G1 X20.492 Y-6.600
G1 X20.492 Y6.600
G1 X16.600 Y6.600
G1 X16.600 Y10.492
G1 X-16.600 Y10.492
G1 X-16.600 Y-10.492
G1 X16.600 Y-10.492
G1 X16.200 Y-10.092
G1 X16.200 Y-6.200
G1 X20.092 Y-6.200
G1 X20.092 Y6.200
G1 X16.200 Y6.200
G1 X16.200 Y10.092
G1 X-16.200 Y10.092
G1 X-16.200 Y-10.092
G1 X16.200 Y-10.092
G1 X15.800 Y-9.692
G1 X15.800 Y-5.800
G1 X19.692 Y-5.800
G1 X19.692 Y5.800
G1 X15.800 Y5.800
G1 X15.800 Y9.692
G1 X-15.800 Y9.692
G1 X-15.800 Y-9.692
G1 X15.800 Y-9.692
G1 X15.400 Y-9.292
G1 X15.400 Y-5.400
G1 X19.292 Y-5.400
G1 X19.292 Y5.400
G1 X15.400 Y5.400
G1 X15.400 Y9.292
G1 X-15.400 Y9.292
G1 X-15.400 Y-9.292
G1 X15.400 Y-9.292
G1 X15.000 Y-8.892
G1 X15.000 Y-5.000
G1 X18.892 Y-5.000
G1 X18.892 Y5.000
G1 X15.000 Y5.000
G1 X15.000 Y8.892
G1 X-15.000 Y8.892
G1 X-15.000 Y-8.892
G1 X15.000 Y-8.892
G1 X14.600 Y-8.492
G1 X14.600 Y-4.600
G1 X18.492 Y-4.600
G1 X18.492 Y4.600
G1 X14.600 Y4.600
G1 X14.600 Y8.492
G1 X-14.600 Y8.492
G1 X-14.600 Y-8.492
G1 X14.600 Y-8.492
G1 X14.200 Y-8.092
G1 X14.200 Y-4.200
G1 X18.092 Y-4.200
G1 X18.092 Y4.200
G1 X14.200 Y4.200
G1 X14.200 Y8.092
G1 X-14.200 Y8.092
G1 X-14.200 Y-8.092
G1 X14.200 Y-8.092
G1 X13.800 Y-7.692
G1 X13.800 Y-3.800
G1 X17.692 Y-3.800
G1 X17.692 Y3.800
G1 X13.800 Y3.800
G1 X13.800 Y7.692
G1 X-13.800 Y7.692
G1 X-13.800 Y-7.692
G1 X13.800 Y-7.692
G1 X13.400 Y-7.292
G1 X13.400 Y-3.400
G1 X17.292 Y-3.400
G1 X17.292 Y3.400
G1 X13.400 Y3.400
G1 X13.400 Y7.292
G1 X-13.400 Y7.292
G1 X-13.400 Y-7.292
G1 X13.400 Y-7.292
G1 X13.000 Y-6.892
G1 X13.000 Y-3.000
G1 X16.892 Y-3.000
G1 X16.892 Y3.000
G1 X13.000 Y3.000
G1 X13.000 Y6.892
G1 X-13.000 Y6.892
G1 X-13.000 Y-6.892
G1 X13.000 Y-6.892
G1 X12.600 Y-6.492
G1 X12.600 Y-2.600
G1 X16.492 Y-2.600
G1 X16.492 Y2.600
G1 X12.600 Y2.600
G1 X12.600 Y6.492
G1 X-12.600 Y6.492
G1 X-12.600 Y-6.492
G1 X12.600 Y-6.492
G1 X12.200 Y-6.092
G1 X12.200 Y-2.200
G1 X16.092 Y-2.200
G1 X16.092 Y2.200
G1 X12.200 Y2.200
G1 X12.200 Y6.092
G1 X-12.200 Y6.092
G1 X-12.200 Y-6.092
G1 X12.200 Y-6.092
G1 X11.800 Y-5.692
G1 X11.800 Y-1.800
G1 X15.692 Y-1.800
G1 X15.692 Y1.800
G1 X11.800 Y1.800
G1 X11.800 Y5.692
G1 X-11.800 Y5.692
G1 X-11.800 Y-5.692
G1 X11.800 Y-5.692
G1 X11.400 Y-5.292
G1 X11.400 Y-1.400
G1 X15.292 Y-1.400
G1 X15.292 Y1.400
G1 X11.400 Y1.400
G1 X11.400 Y5.292
G1 X-11.400 Y5.292
G1 X-11.400 Y-5.292
G1 X11.400 Y-5.292
G1 X11.000 Y-4.892
G1 X11.000 Y-1.000
G1 X14.892 Y-1.000
G1 X14.892 Y1.000
G1 X11.000 Y1.000
G1 X11.000 Y4.892
G1 X-11.000 Y4.892
G1 X-11.000 Y-4.892
G1 X11.000 Y-4.892
G1 X10.600 Y-4.492
G1 X10.600 Y-0.600
G1 X14.492 Y-0.600
G1 X14.492 Y0.600
G1 X10.600 Y0.600
G1 X10.600 Y4.492
G1 X-10.600 Y4.492
G1 X-10.600 Y-4.492
G1 X10.600 Y-4.492
G1 X10.200 Y-4.092
G1 X10.200 Y-0.200
G1 X14.092 Y-0.200
G1 X14.092 Y0.200
G1 X10.200 Y0.200
G1 X10.200 Y4.092
G1 X-10.200 Y4.092
G1 X-10.200 Y-4.092
G1 X10.200 Y-4.092
G1 X9.800 Y-3.692
G1 X9.800 Y3.692
G1 X-9.800 Y3.692
G1 X-9.800 Y-3.692
G1 X9.800 Y-3.692
G1 X9.400 Y-3.292
G1 X9.400 Y3.292
G1 X-9.400 Y3.292
G1 X-9.400 Y-3.292
G1 X9.400 Y-3.292
G1 X9.000 Y-2.892
G1 X9.000 Y2.892
G1 X-9.000 Y2.892
G1 X-9.000 Y-2.892
G1 X9.000 Y-2.892
G1 X8.600 Y-2.492
G1 X8.600 Y2.492
G1 X-8.600 Y2.492
G1 X-8.600 Y-2.492
G1 X8.600 Y-2.492
G1 X8.200 Y-2.092
G1 X8.200 Y2.092
G1 X-8.200 Y2.092
G1 X-8.200 Y-2.092
G1 X8.200 Y-2.092
G1 X7.800 Y-1.692
G1 X7.800 Y1.692
G1 X-7.800 Y1.692
G1 X-7.800 Y-1.692
G1 X7.800 Y-1.692
G1 X7.400 Y-1.292
G1 X7.400 Y1.292
G1 X-7.400 Y1.292
G1 X-7.400 Y-1.292
G1 X7.400 Y-1.292
G1 X7.000 Y-0.892
G1 X7.000 Y0.892
G1 X-7.000 Y0.892
G1 X-7.000 Y-0.892
G1 X7.000 Y-0.892
G1 X6.600 Y-0.492
G1 X6.600 Y0.492
G1 X-6.600 Y0.492
G1 X-6.600 Y-0.492
G1 X6.600 Y-0.492
G1 X6.200 Y-0.092
G1 X6.200 Y0.092
G1 X-6.200 Y0.092
G1 X-6.200 Y-0.092
G1 X6.200 Y-0.092
G1 X19.800 Y-13.154 Z1.900
G1 X19.800 Y-13.154
G1 X19.800 Y-9.800
G1 X23.154 Y-9.800
G1 X23.154 Y9.800
G1 X19.800 Y9.800
G1 X19.800 Y13.154
G1 X-19.800 Y13.154
G1 X-19.800 Y-13.154
G1 X19.800 Y-13.154
G1 X19.400 Y-12.754
G1 X19.400 Y-9.400
G1 X22.754 Y-9.400
G1 X22.754 Y9.400
G1 X19.400 Y9.400
G1 X19.400 Y12.754
G1 X-19.400 Y12.754
G1 X-19.400 Y-12.754
G1 X19.400 Y-12.754
G1 X19.000 Y-12.354
G1 X19.000 Y-9.000
G1 X22.354 Y-9.000
G1 X22.354 Y9.000
G1 X19.000 Y9.000
G1 X19.000 Y12.354
G1 X-19.000 Y12.354
G1 X-19.000 Y-12.354
G1 X19.000 Y-12.354
G1 X18.600 Y-11.954
G1 X18.600 Y-8.600
G1 X21.954 Y-8.600
G1 X21.954 Y8.600
G1 X18.600 Y8.600
G1 X18.600 Y11.954
G1 X-18.600 Y11.954
G1 X-18.600 Y-11.954
G1 X18.600 Y-11.954
G1 X18.200 Y-11.554
G1 X18.200 Y-8.200
G1 X21.554 Y-8.200
G1 X21.554 Y8.200
G1 X18.200 Y8.200
G1 X18.200 Y11.554
G1 X-18.200 Y11.554
G1 X-18.200 Y-11.554
G1 X18.200 Y-11.554
G1 X17.800 Y-11.154
G1 X17.800 Y-7.800
G1 X21.154 Y-7.800
G1 X21.154 Y7.800
G1 X17.800 Y7.800
G1 X17.800 Y11.154
G1 X-17.800 Y11.154
G1 X-17.800 Y-11.154
G1 X17.800 Y-11.154
G1 X17.400 Y-10.754
G1 X17.400 Y-7.400
G1 X20.754 Y-7.400
G1 X20.754 Y7.400
G1 X17.400 Y7.400
G1 X17.400 Y10.754
G1 X-17.400 Y10.754
G1 X-17.400 Y-10.754
G1 X17.400 Y-10.754
G1 X17.000 Y-10.354
G1 X17.000 Y-7.000
G1 X20.354 Y-7.000
G1 X20.354 Y7.000
G1 X17.000 Y7.000
G1 X17.000 Y10.354
G1 X-17.000 Y10.354
G1 X-17.000 Y-10.354
G1 X17.000 Y-10.354
G1 X16.600 Y-9.954
G1 X16.600 Y-6.600
G1 X19.954 Y-6.600
G1 X19.954 Y6.600
G1 X16.600 Y6.600
G1 X16.600 Y9.954
G1 X-16.600 Y9.954
G1 X-16.600 Y-9.954
G1 X16.600 Y-9.954
G1 X16.200 Y-9.554
G1 X16.200 Y-6.200
G1 X19.554 Y-6.200
G1 X19.554 Y6.200
G1 X16.200 Y6.200
G1 X16.200 Y9.554
G1 X-16.200 Y9.554
G1 X-16.200 Y-9.554
G1 X16.200 Y-9.554
G1 X15.800 Y-9.154
G1 X15.800 Y-5.800
G1 X19.154 Y-5.800
G1 X19.154 Y5.800
G1 X15.800 Y5.800
G1 X15.800 Y9.154
G1 X-15.800 Y9.154
G1 X-15.800 Y-9.154
G1 X15.800 Y-9.154
G1 X15.400 Y-8.754
G1 X15.400 Y-5.400
G1 X18.754 Y-5.400
G1 X18.754 Y5.400
G1 X15.400 Y5.400
G1 X15.400 Y8.754
G1 X-15.400 Y8.754
G1 X-15.400 Y-8.754
G1 X15.400 Y-8.754
G1 X15.000 Y-8.354
G1 X15.000 Y-5.000
G1 X18.354 Y-5.000
G1 X18.354 Y5.000
G1 X15.000 Y5.000
G1 X15.000 Y8.354
G1 X-15.000 Y8.354
G1 X-15.000 Y-8.354
G1 X15.000 Y-8.354
G1 X14.600 Y-7.954
G1 X14.600 Y-4.600
G1 X17.954 Y-4.600
G1 X17.954 Y4.600
G1 X14.600 Y4.600
G1 X14.600 Y7.954
G1 X-14.600 Y7.954
G1 X-14.600 Y-7.954
G1 X14.600 Y-7.954
G1 X14.200 Y-7.554
G1 X14.200 Y-4.200
G1 X17.554 Y-4.200
G1 X17.554 Y4.200
G1 X14.200 Y4.200
G1 X14.200 Y7.554
G1 X-14.200 Y7.554
G1 X-14.200 Y-7.554
G1 X14.200 Y-7.554
G1 X13.800 Y-7.154
G1 X13.800 Y-3.800
G1 X17.154 Y-3.800
G1 X17.154 Y3.800
G1 X13.800 Y3.800
G1 X13.800 Y7.154
G1 X-13.800 Y7.154
G1 X-13.800 Y-7.154
G1 X13.800 Y-7.154
G1 X13.400 Y-6.754
G1 X13.400 Y-3.400
G1 X16.754 Y-3.400
G1 X16.754 Y3.400
G1 X13.400 Y3.400
G1 X13.400 Y6.754
G1 X-13.400 Y6.754
G1 X-13.400 Y-6.754
G1 X13.400 Y-6.754
G1 X13.000 Y-6.354
G1 X13.000 Y-3.000
G1 X16.354 Y-3.000
G1 X16.354 Y3.000
G1 X13.000 Y3.000
G1 X13.000 Y6.354
G1 X-13.000 Y6.354
G1 X-13.000 Y-6.354
G1 X13.000 Y-6.354
G1 X12.600 Y-5.954
G1 X12.600 Y-2.600
G1 X15.954 Y-2.600
G1 X15.954 Y2.600
G1 X12.600 Y2.600
G1 X12.600 Y5.954
G1 X-12.600 Y5.954
G1 X-12.600 Y-5.954
G1 X12.600 Y-5.954
G1 X12.200 Y-5.554
G1 X12.200 Y-2.200
G1 X15.554 Y-2.200
G1 X15.554 Y2.200
G1 X12.200 Y2.200
G1 X12.200 Y5.554
G1 X-12.200 Y5.554
G1 X-12.200 Y-5.554
G1 X12.200 Y-5.554
G1 X11.800 Y-5.154
G1 X11.800 Y-1.800
G1 X15.154 Y-1.800
G1 X15.154 Y1.800
G1 X11.800 Y1.800
G1 X11.800 Y5.154
G1 X-11.800 Y5.154
G1 X-11.800 Y-5.154
G1 X11.800 Y-5.154
G1 X11.400 Y-4.754
G1 X11.400 Y-1.400
G1 X14.754 Y-1.400
G1 X14.754 Y1.400
G1 X11.400 Y1.400
G1 X11.400 Y4.754
G1 X-11.400 Y4.754
G1 X-11.400 Y-4.754
G1 X11.400 Y-4.754
G1 X11.000 Y-4.354
G1 X11.000 Y-1.000
G1 X14.354 Y-1.000
G1 X14.354 Y1.000
G1 X11.000 Y1.000
G1 X11.000 Y4.354
G1 X-11.000 Y4.354
G1 X-11.000 Y-4.354
G1 X11.000 Y-4.354
G1 X10.600 Y-3.954
G1 X10.600 Y-0.600
G1 X13.954 Y-0.600
G1 X13.954 Y0.600
G1 X10.600 Y0.600
G1 X10.600 Y3.954
G1 X-10.600 Y3.954
G1 X-10.600 Y-3.954
G1 X10.600 Y-3.954
G1 X10.200 Y-3.554
G1 X10.200 Y-0.200
G1 X13.554 Y-0.200
G1 X13.554 Y0.200
G1 X10.200 Y0.200
G1 X10.200 Y3.554
G1 X-10.200 Y3.554
G1 X-10.200 Y-3.554
G1 X10.200 Y-3.554
G1 X9.800 Y-3.154
G1 X9.800 Y3.154
G1 X-9.800 Y3.154
G1 X-9.800 Y-3.154
G1 X9.800 Y-3.154
G1 X9.400 Y-2.754
G1 X9.400 Y2.754
G1 X-9.400 Y2.754
G1 X-9.400 Y-2.754
G1 X9.400 Y-2.754
G1 X9.000 Y-2.354
G1 X9.000 Y2.354
G1 X-9.000 Y2.354
G1 X-9.000 Y-2.354
G1 X9.000 Y-2.354
G1 X8.600 Y-1.954
G1 X8.600 Y1.954
G1 X-8.600 Y1.954
G1 X-8.600 Y-1.954
G1 X8.600 Y-1.954
G1 X8.200 Y-1.554
G1 X8.200 Y1.554
G1 X-8.200 Y1.554
G1 X-8.200 Y-1.554
G1 X8.200 Y-1.554
G1 X7.800 Y-1.154
G1 X7.800 Y1.154
G1 X-7.800 Y1.154
G1 X-7.800 Y-1.154
G1 X7.800 Y-1.154
G1 X7.400 Y-0.754
G1 X7.400 Y0.754
G1 X-7.400 Y0.754
G1 X-7.400 Y-0.754
G1 X7.400 Y-0.754
G1 X7.000 Y-0.354
G1 X7.000 Y0.354
G1 X-7.000 Y0.354
G1 X-7.000 Y-0.354
G1 X7.000 Y-0.354
M9
G1 Z10.000
G1 X-10.000 Y-12.960
G1 Z2.300
M7
G4 P150
G1 X-10.200 Y-12.760 Z2.300
G1 X-10.200 Y-12.760
G1 X-10.200 Y12.760
G1 X-19.800 Y12.760
G1 X-19.800 Y-12.760
G1 X-10.200 Y-12.760
G1 X-10.600 Y-12.360
G1 X-10.600 Y12.360
G1 X-19.400 Y12.360
G1 X-19.400 Y-12.360
G1 X-10.600 Y-12.360
G1 X-11.000 Y-11.960
G1 X-11.000 Y11.960
G1 X-19.000 Y11.960
G1 X-19.000 Y-11.960
G1 X-11.000 Y-11.960
G1 X-11.400 Y-11.560
G1 X-11.400 Y11.560
G1 X-18.600 Y11.560
G1 X-18.600 Y-11.560
G1 X-11.400 Y-11.560
G1 X-11.800 Y-11.160
G1 X-11.800 Y11.160
G1 X-18.200 Y11.160
G1 X-18.200 Y-11.160
G1 X-11.800 Y-11.160
G1 X-12.200 Y-10.760
G1 X-12.200 Y10.760
G1 X-17.800 Y10.760
G1 X-17.800 Y-10.760
G1 X-12.200 Y-10.760
G1 X-12.600 Y-10.360
G1 X-12.600 Y10.360
G1 X-17.400 Y10.360
G1 X-17.400 Y-10.360
G1 X-12.600 Y-10.360
G1 X-13.000 Y-9.960
G1 X-13.000 Y9.960
G1 X-17.000 Y9.960
G1 X-17.000 Y-9.960
G1 X-13.000 Y-9.960
G1 X-13.400 Y-9.560
G1 X-13.400 Y9.560
G1 X-16.600 Y9.560
G1 X-16.600 Y-9.560
G1 X-13.400 Y-9.560
G1 X-13.800 Y-9.160
G1 X-13.800 Y9.160
G1 X-16.200 Y9.160
G1 X-16.200 Y-9.160
G1 X-13.800 Y-9.160
G1 X-14.200 Y-8.760
G1 X-14.200 Y8.760
G1 X-15.800 Y8.760
G1 X-15.800 Y-8.760
G1 X-14.200 Y-8.760
G1 X-14.600 Y-8.360
G1 X-14.600 Y8.360
G1 X-15.400 Y8.360
G1 X-15.400 Y-8.360
G1 X-14.600 Y-8.360
G1 X-15.000 Y-7.960
G1 X-15.000 Y7.960
G1 X-15.000 Y7.960
G1 X-15.000 Y-7.960
G1 X-15.000 Y-7.960
G1 X-10.200 Y-12.459 Z2.700
G1 X-10.200 Y-12.459
G1 X-10.200 Y12.459
G1 X-19.800 Y12.459
G1 X-19.800 Y-12.459
G1 X-10.200 Y-12.459
G1 X-10.600 Y-12.059
G1 X-10.600 Y12.059
G1 X-19.400 Y12.059
G1 X-19.400 Y-12.059
G1 X-10.600 Y-12.059
G1 X-11.000 Y-11.659
G1 X-11.000 Y11.659
G1 X-19.000 Y11.659
G1 X-19.000 Y-11.659
G1 X-11.000 Y-11.659
G1 X-11.400 Y-11.259
G1 X-11.400 Y11.259
G1 X-18.600 Y11.259
G1 X-18.600 Y-11.259
G1 X-11.400 Y-11.259
G1 X-11.800 Y-10.859
G1 X-11.800 Y10.859
G1 X-18.200 Y10.859
G1 X-18.200 Y-10.859
G1 X-11.800 Y-10.859
G1 X-12.200 Y-10.459
G1 X-12.200 Y10.459
G1 X-17.800 Y10.459
G1 X-17.800 Y-10.459
G1 X-12.200 Y-10.459
G1 X-12.600 Y-10.059
G1 X-12.600 Y10.059
G1 X-17.400 Y10.059
G1 X-17.400 Y-10.059
G1 X-12.600 Y-10.059
G1 X-13.000 Y-9.659
G1 X-13.000 Y9.659
G1 X-17.000 Y9.659
G1 X-17.000 Y-9.659
G1 X-13.000 Y-9.659
G1 X-13.400 Y-9.259
G1 X-13.400 Y9.259
G1 X-16.600 Y9.259
G1 X-16.600 Y-9.259
G1 X-13.400 Y-9.259
G1 X-13.800 Y-8.859
G1 X-13.800 Y8.859
G1 X-16.200 Y8.859
G1 X-16.200 Y-8.859
G1 X-13.800 Y-8.859
G1 X-14.200 Y-8.459
G1 X-14.200 Y8.459
G1 X-15.800 Y8.459
G1 X-15.800 Y-8.459
G1 X-14.200 Y-8.459
G1 X-14.600 Y-8.059
G1 X-14.600 Y8.059
G1 X-15.400 Y8.059
G1 X-15.400 Y-8.059
G1 X-14.600 Y-8.059
G1 X-15.000 Y-7.659
G1 X-15.000 Y7.659
G1 X-15.000 Y7.659
G1 X-15.000 Y-7.659
G1 X-15.000 Y-7.659
G1 X-10.200 Y-12.227 Z3.100
G1 X-10.200 Y-12.227
G1 X-10.200 Y12.227
G1 X-19.800 Y12.227
G1 X-19.800 Y-12.227
G1 X-10.200 Y-12.227
G1 X-10.600 Y-11.827
G1 X-10.600 Y11.827
G1 X-19.400 Y11.827
G1 X-19.400 Y-11.827
G1 X-10.600 Y-11.827
G1 X-11.000 Y-11.427
G1 X-11.000 Y11.427
G1 X-19.000 Y11.427
G1 X-19.000 Y-11.427
G1 X-11.000 Y-11.427
G1 X-11.400 Y-11.027
G1 X-11.400 Y11.027
G1 X-18.600 Y11.027
G1 X-18.600 Y-11.027
G1 X-11.400 Y-11.027
G1 X-11.800 Y-10.627
G1 X-11.800 Y10.627
G1 X-18.200 Y10.627
G1 X-18.200 Y-10.627
G1 X-11.800 Y-10.627
G1 X-12.200 Y-10.227
G1 X-12.200 Y10.227
G1 X-17.800 Y10.227
G1 X-17.800 Y-10.227
G1 X-12.200 Y-10.227
G1 X-12.600 Y-9.827
G1 X-12.600 Y9.827
G1 X-17.400 Y9.827
G1 X-17.400 Y-9.827
G1 X-12.600 Y-9.827
G1 X-13.000 Y-9.427
G1 X-13.000 Y9.427
G1 X-17.000 Y9.427
G1 X-17.000 Y-9.427
G1 X-13.000 Y-9.427
G1 X-13.400 Y-9.027
G1 X-13.400 Y9.027
G1 X-16.600 Y9.027
G1 X-16.600 Y-9.027
G1 X-13.400 Y-9.027
G1 X-13.800 Y-8.627
G1 X-13.800 Y8.627
G1 X-16.200 Y8.627
G1 X-16.200 Y-8.627
G1 X-13.800 Y-8.627
G1 X-14.200 Y-8.227
G1 X-14.200 Y8.227
G1 X-15.800 Y8.227
G1 X-15.800 Y-8.227
G1 X-14.200 Y-8.227
G1 X-14.600 Y-7.827
G1 X-14.600 Y7.827
G1 X-15.400 Y7.827
G1 X-15.400 Y-7.827
G1 X-14.600 Y-7.827
G1 X-15.000 Y-7.427
G1 X-15.000 Y7.427
G1 X-15.000 Y7.427
G1 X-15.000 Y-7.427
G1 X-15.000 Y-7.427
G1 X-10.200 Y-12.053 Z3.500
G1 X-10.200 Y-12.053
G1 X-10.200 Y12.053
G1 X-19.800 Y12.053
G1 X-19.800 Y-12.053
G1 X-10.200 Y-12.053
G1 X-10.600 Y-11.653
G1 X-10.600 Y11.653
G1 X-19.400 Y11.653
G1 X-19.400 Y-11.653
G1 X-10.600 Y-11.653
G1 X-11.000 Y-11.253
G1 X-11.000 Y11.253
G1 X-19.000 Y11.253
G1 X-19.000 Y-11.253
G1 X-11.000 Y-11.253
G1 X-11.400 Y-10.853
G1 X-11.400 Y10.853
G1 X-18.600 Y10.853
G1 X-18.600 Y-10.853
G1 X-11.400 Y-10.853
G1 X-11.800 Y-10.453
G1 X-11.800 Y10.453
G1 X-18.200 Y10.453
G1 X-18.200 Y-10.453
G1 X-11.800 Y-10.453
G1 X-12.200 Y-10.053
G1 X-12.200 Y10.053
G1 X-17.800 Y10.053
G1 X-17.800 Y-10.053
G1 X-12.200 Y-10.053
G1 X-12.600 Y-9.653
G1 X-12.600 Y9.653
G1 X-17.400 Y9.653
G1 X-17.400 Y-9.653
G1 X-12.600 Y-9.653
G1 X-13.000 Y-9.253
G1 X-13.000 Y9.253
G1 X-17.000 Y9.253
G1 X-17.000 Y-9.253
G1 X-13.000 Y-9.253
G1 X-13.400 Y-8.853
G1 X-13.400 Y8.853
G1 X-16.600 Y8.853
G1 X-16.600 Y-8.853
G1 X-13.400 Y-8.853
G1 X-13.800 Y-8.453
G1 X-13.800 Y8.453
G1 X-16.200 Y8.453
G1 X-16.200 Y-8.453
G1 X-13.800 Y-8.453
G1 X-14.200 Y-8.053
G1 X-14.200 Y8.053
G1 X-15.800 Y8.053
G1 X-15.800 Y-8.053
G1 X-14.200 Y-8.053
G1 X-14.600 Y-7.653
G1 X-14.600 Y7.653
G1 X-15.400 Y7.653
G1 X-15.400 Y-7.653
G1 X-14.600 Y-7.653
G1 X-15.000 Y-7.253
G1 X-15.000 Y7.253
G1 X-15.000 Y7.253
G1 X-15.000 Y-7.253
G1 X-15.000 Y-7.253
M9
G1 Z10.000
G1 X8.400 Y-12.960
G1 Z2.300
M7
G4 P150
G1 X8.200 Y-12.760 Z2.300
G1 X8.200 Y-12.760
G1 X8.200 Y-1.000
G1 X-8.200 Y-1.000
G1 X-8.200 Y-12.760
G1 X8.200 Y-12.760
G1 X7.800 Y-12.360
G1 X7.800 Y-1.400
G1 X-7.800 Y-1.400
G1 X-7.800 Y-12.360
G1 X7.800 Y-12.360
G1 X7.400 Y-11.960
G1 X7.400 Y-1.800
G1 X-7.400 Y-1.800
G1 X-7.400 Y-11.960
G1 X7.400 Y-11.960
G1 X7.000 Y-11.560
G1 X7.000 Y-2.200
G1 X-7.000 Y-2.200
G1 X-7.000 Y-11.560
G1 X7.000 Y-11.560
G1 X6.600 Y-11.160
G1 X6.600 Y-2.600
G1 X-6.600 Y-2.600
G1 X-6.600 Y-11.160
G1 X6.600 Y-11.160
G1 X6.200 Y-10.760
G1 X6.200 Y-3.000
G1 X-6.200 Y-3.000
G1 X-6.200 Y-10.760
G1 X6.200 Y-10.760
G1 X5.800 Y-10.360
G1 X5.800 Y-3.400
G1 X-5.800 Y-3.400
G1 X-5.800 Y-10.360
G1 X5.800 Y-10.360
G1 X5.400 Y-9.960
G1 X5.400 Y-3.800
G1 X-5.400 Y-3.800
G1 X-5.400 Y-9.960
G1 X5.400 Y-9.960
G1 X5.000 Y-9.560
G1 X5.000 Y-4.200
G1 X-5.000 Y-4.200
G1 X-5.000 Y-9.560
G1 X5.000 Y-9.560
G1 X4.600 Y-9.160
G1 X4.600 Y-4.600
G1 X-4.600 Y-4.600
G1 X-4.600 Y-9.160
G1 X4.600 Y-9.160
G1 X4.200 Y-8.760
G1 X4.200 Y-5.000
G1 X-4.200 Y-5.000
G1 X-4.200 Y-8.760
G1 X4.200 Y-8.760
G1 X3.800 Y-8.360
G1 X3.800 Y-5.400
G1 X-3.800 Y-5.400
G1 X-3.800 Y-8.360
G1 X3.800 Y-8.360
G1 X3.400 Y-7.960
G1 X3.400 Y-5.800
G1 X-3.400 Y-5.800
G1 X-3.400 Y-7.960
G1 X3.400 Y-7.960
G1 X3.000 Y-7.560
G1 X3.000 Y-6.200
G1 X-3.000 Y-6.200
G1 X-3.000 Y-7.560
G1 X3.000 Y-7.560
G1 X2.600 Y-7.160
G1 X2.600 Y-6.600
G1 X-2.600 Y-6.600
G1 X-2.600 Y-7.160
G1 X2.600 Y-7.160
G1 X8.200 Y-12.459 Z2.700
G1 X8.200 Y-12.459
G1 X8.200 Y-1.000
G1 X-8.200 Y-1.000
G1 X-8.200 Y-12.459
G1 X8.200 Y-12.459
G1 X7.800 Y-12.059
G1 X7.800 Y-1.400
G1 X-7.800 Y-1.400
G1 X-7.800 Y-12.059
G1 X7.800 Y-12.059
G1 X7.400 Y-11.659
G1 X7.400 Y-1.800
G1 X-7.400 Y-1.800
G1 X-7.400 Y-11.659
G1 X7.400 Y-11.659
G1 X7.000 Y-11.259
G1 X7.000 Y-2.200
G1 X-7.000 Y-2.200
G1 X-7.000 Y-11.259
G1 X7.000 Y-11.259
G1 X6.600 Y-10.859
G1 X6.600 Y-2.600
G1 X-6.600 Y-2.600
G1 X-6.600 Y-10.859
G1 X6.600 Y-10.859
G1 X6.200 Y-10.459
G1 X6.200 Y-3.000
G1 X-6.200 Y-3.000
G1 X-6.200 Y-10.459
G1 X6.200 Y-10.459
G1 X5.800 Y-10.059
G1 X5.800 Y-3.400
G1 X-5.800 Y-3.400
G1 X-5.800 Y-10.059
G1 X5.800 Y-10.059
G1 X5.400 Y-9.659
G1 X5.400 Y-3.800
G1 X-5.400 Y-3.800
G1 X-5.400 Y-9.659
G1 X5.400 Y-9.659
G1 X5.000 Y-9.259
G1 X5.000 Y-4.200
G1 X-5.000 Y-4.200
G1 X-5.000 Y-9.259
G1 X5.000 Y-9.259
G1 X4.600 Y-8.859
G1 X4.600 Y-4.600
G1 X-4.600 Y-4.600
G1 X-4.600 Y-8.859
G1 X4.600 Y-8.859
G1 X4.200 Y-8.459
G1 X4.200 Y-5.000
G1 X-4.200 Y-5.000
G1 X-4.200 Y-8.459
G1 X4.200 Y-8.459
G1 X3.800 Y-8.059
G1 X3.800 Y-5.400
G1 X-3.800 Y-5.400
G1 X-3.800 Y-8.059
G1 X3.800 Y-8.059
G1 X3.400 Y-7.659
G1 X3.400 Y-5.800
G1 X-3.400 Y-5.800
G1 X-3.400 Y-7.659
G1 X3.400 Y-7.659
G1 X3.000 Y-7.259
G1 X3.000 Y-6.200
G1 X-3.000 Y-6.200
G1 X-3.000 Y-7.259
G1 X3.000 Y-7.259
G1 X2.600 Y-6.859
G1 X2.600 Y-6.600
G1 X-2.600 Y-6.600
G1 X-2.600 Y-6.859
G1 X2.600 Y-6.859
G1 X8.200 Y-12.227 Z3.100
G1 X8.200 Y-12.227
G1 X8.200 Y-1.000
G1 X-8.200 Y-1.000
G1 X-8.200 Y-12.227
G1 X8.200 Y-12.227
G1 X7.800 Y-11.827
G1 X7.800 Y-1.400
G1 X-7.800 Y-1.400
G1 X-7.800 Y-11.827
G1 X7.800 Y-11.827
G1 X7.400 Y-11.427
G1 X7.400 Y-1.800
G1 X-7.400 Y-1.800
G1 X-7.400 Y-11.427
G1 X7.400 Y-11.427
G1 X7.000 Y-11.027
G1 X7.000 Y-2.200
G1 X-7.000 Y-2.200
G1 X-7.000 Y-11.027
G1 X7.000 Y-11.027
G1 X6.600 Y-10.627
G1 X6.600 Y-2.600
G1 X-6.600 Y-2.600
G1 X-6.600 Y-10.627
G1 X6.600 Y-10.627
G1 X6.200 Y-10.227
G1 X6.200 Y-3.000
G1 X-6.200 Y-3.000
G1 X-6.200 Y-10.227
G1 X6.200 Y-10.227
G1 X5.800 Y-9.827
G1 X5.800 Y-3.400
G1 X-5.800 Y-3.400
G1 X-5.800 Y-9.827
G1 X5.800 Y-9.827
G1 X5.400 Y-9.427
G1 X5.400 Y-3.800
G1 X-5.400 Y-3.800
G1 X-5.400 Y-9.427
G1 X5.400 Y-9.427
G1 X5.000 Y-9.027
G1 X5.000 Y-4.200
G1 X-5.000 Y-4.200
G1 X-5.000 Y-9.027
G1 X5.000 Y-9.027
G1 X4.600 Y-8.627
G1 X4.600 Y-4.600
G1 X-4.600 Y-4.600
G1 X-4.600 Y-8.627
G1 X4.600 Y-8.627
G1 X4.200 Y-8.227
G1 X4.200 Y-5.000
G1 X-4.200 Y-5.000
G1 X-4.200 Y-8.227
G1 X4.200 Y-8.227
G1 X3.800 Y-7.827
G1 X3.800 Y-5.400
G1 X-3.800 Y-5.400
G1 X-3.800 Y-7.827
G1 X3.800 Y-7.827
G1 X3.400 Y-7.427
G1 X3.400 Y-5.800
G1 X-3.400 Y-5.800
G1 X-3.400 Y-7.427
G1 X3.400 Y-7.427
G1 X3.000 Y-7.027
G1 X3.000 Y-6.200
G1 X-3.000 Y-6.200
G1 X-3.000 Y-7.027
G1 X3.000 Y-7.027
G1 X2.600 Y-6.627
G1 X2.600 Y-6.600
G1 X-2.600 Y-6.600
G1 X-2.600 Y-6.627
G1 X2.600 Y-6.627
G1 X8.200 Y-12.053 Z3.500
G1 X8.200 Y-12.053
G1 X8.200 Y-1.000
G1 X-8.200 Y-1.000
G1 X-8.200 Y-12.053
G1 X8.200 Y-12.053
G1 X7.800 Y-11.653
G1 X7.800 Y-1.400
G1 X-7.800 Y-1.400
G1 X-7.800 Y-11.653
G1 X7.800 Y-11.653
G1 X7.400 Y-11.253
G1 X7.400 Y-1.800
G1 X-7.400 Y-1.800
G1 X-7.400 Y-11.253
G1 X7.400 Y-11.253
G1 X7.000 Y-10.853
G1 X7.000 Y-2.200
G1 X-7.000 Y-2.200
G1 X-7.000 Y-10.853
G1 X7.000 Y-10.853
G1 X6.600 Y-10.453
G1 X6.600 Y-2.600
G1 X-6.600 Y-2.600
G1 X-6.600 Y-10.453
G1 X6.600 Y-10.453
G1 X6.200 Y-10.053
G1 X6.200 Y-3.000
G1 X-6.200 Y-3.000
G1 X-6.200 Y-10.053
G1 X6.200 Y-10.053
G1 X5.800 Y-9.653
G1 X5.800 Y-3.400
G1 X-5.800 Y-3.400
G1 X-5.800 Y-9.653
G1 X5.800 Y-9.653
G1 X5.400 Y-9.253
G1 X5.400 Y-3.800
G1 X-5.400 Y-3.800
G1 X-5.400 Y-9.253
G1 X5.400 Y-9.253
G1 X5.000 Y-8.853
G1 X5.000 Y-4.200
G1 X-5.000 Y-4.200
G1 X-5.000 Y-8.853
G1 X5.000 Y-8.853
G1 X4.600 Y-8.453
G1 X4.600 Y-4.600
G1 X-4.600 Y-4.600
G1 X-4.600 Y-8.453
G1 X4.600 Y-8.453
G1 X4.200 Y-8.053
G1 X4.200 Y-5.000
G1 X-4.200 Y-5.000
G1 X-4.200 Y-8.053
G1 X4.200 Y-8.053
G1 X3.800 Y-7.653
G1 X3.800 Y-5.400
G1 X-3.800 Y-5.400
G1 X-3.800 Y-7.653
G1 X3.800 Y-7.653
G1 X3.400 Y-7.253
G1 X3.400 Y-5.800
G1 X-3.400 Y-5.800
G1 X-3.400 Y-7.253
G1 X3.400 Y-7.253
G1 X3.000 Y-6.853
G1 X3.000 Y-6.200
G1 X-3.000 Y-6.200
G1 X-3.000 Y-6.853
G1 X3.000 Y-6.853
M9
G1 Z10.000
G1 X-8.400 Y12.960
G1 Z2.300
M7
G4 P150
G1 X-8.200 Y12.760 Z2.300
G1 X-8.200 Y12.760
G1 X-8.200 Y1.000
G1 X8.200 Y1.000
G1 X8.200 Y12.760
G1 X-8.200 Y12.760
G1 X-7.800 Y12.360
G1 X-7.800 Y1.400
G1 X7.800 Y1.400
G1 X7.800 Y12.360
G1 X-7.800 Y12.360
G1 X-7.400 Y11.960
G1 X-7.400 Y1.800
G1 X7.400 Y1.800
G1 X7.400 Y11.960
G1 X-7.400 Y11.960
G1 X-7.000 Y11.560
G1 X-7.000 Y2.200
G1 X7.000 Y2.200
G1 X7.000 Y11.560
G1 X-7.000 Y11.560
G1 X-6.600 Y11.160
G1 X-6.600 Y2.600
G1 X6.600 Y2.600
G1 X6.600 Y11.160
G1 X-6.600 Y11.160
G1 X-6.200 Y10.760
G1 X-6.200 Y3.000
G1 X6.200 Y3.000
G1 X6.200 Y10.760
G1 X-6.200 Y10.760
G1 X-5.800 Y10.360
G1 X-5.800 Y3.400
G1 X5.800 Y3.400
G1 X5.800 Y10.360
G1 X-5.800 Y10.360
G1 X-5.400 Y9.960
G1 X-5.400 Y3.800
G1 X5.400 Y3.800
G1 X5.400 Y9.960
G1 X-5.400 Y9.960
G1 X-5.000 Y9.560
G1 X-5.000 Y4.200
G1 X5.000 Y4.200
G1 X5.000 Y9.560
G1 X-5.000 Y9.560
G1 X-4.600 Y9.160
G1 X-4.600 Y4.600
G1 X4.600 Y4.600
G1 X4.600 Y9.160
G1 X-4.600 Y9.160
G1 X-4.200 Y8.760
G1 X-4.200 Y5.000
G1 X4.200 Y5.000
G1 X4.200 Y8.760
G1 X-4.200 Y8.760
G1 X-3.800 Y8.360
G1 X-3.800 Y5.400
G1 X3.800 Y5.400
G1 X3.800 Y8.360
G1 X-3.800 Y8.360
G1 X-3.400 Y7.960
G1 X-3.400 Y5.800
G1 X3.400 Y5.800
G1 X3.400 Y7.960
G1 X-3.400 Y7.960
G1 X-3.000 Y7.560
G1 X-3.000 Y6.200
G1 X3.000 Y6.200
G1 X3.000 Y7.560
G1 X-3.000 Y7.560
G1 X-2.600 Y7.160
G1 X-2.600 Y6.600
G1 X2.600 Y6.600
G1 X2.600 Y7.160
G1 X-2.600 Y7.160
G1 X-8.200 Y12.459 Z2.700
G1 X-8.200 Y12.459
G1 X-8.200 Y1.000
G1 X8.200 Y1.000
G1 X8.200 Y12.459
G1 X-8.200 Y12.459
G1 X-7.800 Y12.059
G1 X-7.800 Y1.400
G1 X7.800 Y1.400
G1 X7.800 Y12.059
G1 X-7.800 Y12.059
G1 X-7.400 Y11.659
G1 X-7.400 Y1.800
G1 X7.400 Y1.800
G1 X7.400 Y11.659
G1 X-7.400 Y11.659
G1 X-7.000 Y11.259
G1 X-7.000 Y2.200
G1 X7.000 Y2.200
G1 X7.000 Y11.259
G1 X-7.000 Y11.259
G1 X-6.600 Y10.859
G1 X-6.600 Y2.600
G1 X6.600 Y2.600
G1 X6.600 Y10.859
G1 X-6.600 Y10.859
G1 X-6.200 Y10.459
G1 X-6.200 Y3.000
G1 X6.200 Y3.000
G1 X6.200 Y10.459
G1 X-6.200 Y10.459
G1 X-5.800 Y10.059
G1 X-5.800 Y3.400
G1 X5.800 Y3.400
G1 X5.800 Y10.059
G1 X-5.800 Y10.059
G1 X-5.400 Y9.659
G1 X-5.400 Y3.800
G1 X5.400 Y3.800
G1 X5.400 Y9.659
G1 X-5.400 Y9.659
G1 X-5.000 Y9.259
G1 X-5.000 Y4.200
G1 X5.000 Y4.200
G1 X5.000 Y9.259
G1 X-5.000 Y9.259
G1 X-4.600 Y8.859
G1 X-4.600 Y4.600
G1 X4.600 Y4.600
G1 X4.600 Y8.859
G1 X-4.600 Y8.859
G1 X-4.200 Y8.459
G1 X-4.200 Y5.000
G1 X4.200 Y5.000
G1 X4.200 Y8.459
G1 X-4.200 Y8.459
G1 X-3.800 Y8.059
G1 X-3.800 Y5.400
G1 X3.800 Y5.400
G1 X3.800 Y8.059
G1 X-3.800 Y8.059
G1 X-3.400 Y7.659
G1 X-3.400 Y5.800
G1 X3.400 Y5.800
G1 X3.400 Y7.659
G1 X-3.400 Y7.659
G1 X-3.000 Y7.259
G1 X-3.000 Y6.200
G1 X3.000 Y6.200
G1 X3.000 Y7.259
G1 X-3.000 Y7.259
G1 X-2.600 Y6.859
G1 X-2.600 Y6.600
G1 X2.600 Y6.600
G1 X2.600 Y6.859
G1 X-2.600 Y6.859
G1 X-8.200 Y12.227 Z3.100
G1 X-8.200 Y12.227
G1 X-8.200 Y1.000
G1 X8.200 Y1.000
G1 X8.200 Y12.227
G1 X-8.200 Y12.227
G1 X-7.800 Y11.827
G1 X-7.800 Y1.400
G1 X7.800 Y1.400
G1 X7.800 Y11.827
G1 X-7.800 Y11.827
G1 X-7.400 Y11.427
G1 X-7.400 Y1.800
G1 X7.400 Y1.800
G1 X7.400 Y11.427
G1 X-7.400 Y11.427
G1 X-7.000 Y11.027
G1 X-7.000 Y2.200
G1 X7.000 Y2.200
G1 X7.000 Y11.027
G1 X-7.000 Y11.027
G1 X-6.600 Y10.627
G1 X-6.600 Y2.600
G1 X6.600 Y2.600
G1 X6.600 Y10.627
G1 X-6.600 Y10.627
G1 X-6.200 Y10.227
G1 X-6.200 Y3.000
G1 X6.200 Y3.000
G1 X6.200 Y10.227
G1 X-6.200 Y10.227
G1 X-5.800 Y9.827
G1 X-5.800 Y3.400
G1 X5.800 Y3.400
G1 X5.800 Y9.827
G1 X-5.800 Y9.827
G1 X-5.400 Y9.427
G1 X-5.400 Y3.800
G1 X5.400 Y3.800
G1 X5.400 Y9.427
G1 X-5.400 Y9.427
G1 X-5.000 Y9.027
G1 X-5.000 Y4.200
G1 X5.000 Y4.200
G1 X5.000 Y9.027
G1 X-5.000 Y9.027
G1 X-4.600 Y8.627
G1 X-4.600 Y4.600
G1 X4.600 Y4.600
G1 X4.600 Y8.627
G1 X-4.600 Y8.627
G1 X-4.200 Y8.227
G1 X-4.200 Y5.000
G1 X4.200 Y5.000
G1 X4.200 Y8.227
G1 X-4.200 Y8.227
G1 X-3.800 Y7.827
G1 X-3.800 Y5.400
G1 X3.800 Y5.400
G1 X3.800 Y7.827
G1 X-3.800 Y7.827
G1 X-3.400 Y7.427
G1 X-3.400 Y5.800
G1 X3.400 Y5.800
G1 X3.400 Y7.427
G1 X-3.400 Y7.427
G1 X-3.000 Y7.027
G1 X-3.000 Y6.200
G1 X3.000 Y6.200
G1 X3.000 Y7.027
G1 X-3.000 Y7.027
G1 X-2.600 Y6.627
G1 X-2.600 Y6.600
G1 X2.600 Y6.600
G1 X2.600 Y6.627
G1 X-2.600 Y6.627
G1 X-8.200 Y12.053 Z3.500
G1 X-8.200 Y12.053
G1 X-8.200 Y1.000
G1 X8.200 Y1.000
G1 X8.200 Y12.053
G1 X-8.200 Y12.053
G1 X-7.800 Y11.653
G1 X-7.800 Y1.400
G1 X7.800 Y1.400
G1 X7.800 Y11.653
G1 X-7.800 Y11.653
G1 X-7.400 Y11.253
G1 X-7.400 Y1.800
G1 X7.400 Y1.800
G1 X7.400 Y11.253
G1 X-7.400 Y11.253
G1 X-7.000 Y10.853
G1 X-7.000 Y2.200
G1 X7.000 Y2.200
G1 X7.000 Y10.853
G1 X-7.000 Y10.853
G1 X-6.600 Y10.453
G1 X-6.600 Y2.600
G1 X6.600 Y2.600
G1 X6.600 Y10.453
G1 X-6.600 Y10.453
G1 X-6.200 Y10.053
G1 X-6.200 Y3.000
G1 X6.200 Y3.000
G1 X6.200 Y10.053
G1 X-6.200 Y10.053
G1 X-5.800 Y9.653
G1 X-5.800 Y3.400
G1 X5.800 Y3.400
G1 X5.800 Y9.653
G1 X-5.800 Y9.653
G1 X-5.400 Y9.253
G1 X-5.400 Y3.800
G1 X5.400 Y3.800
G1 X5.400 Y9.253
G1 X-5.400 Y9.253
G1 X-5.000 Y8.853
G1 X-5.000 Y4.200
G1 X5.000 Y4.200
G1 X5.000 Y8.853
G1 X-5.000 Y8.853
G1 X-4.600 Y8.453
G1 X-4.600 Y4.600
G1 X4.600 Y4.600
G1 X4.600 Y8.453
G1 X-4.600 Y8.453
G1 X-4.200 Y8.053
G1 X-4.200 Y5.000
G1 X4.200 Y5.000
G1 X4.200 Y8.053
G1 X-4.200 Y8.053
G1 X-3.800 Y7.653
G1 X-3.800 Y5.400
G1 X3.800 Y5.400
G1 X3.800 Y7.653
G1 X-3.800 Y7.653
G1 X-3.400 Y7.253
G1 X-3.400 Y5.800
G1 X3.400 Y5.800
G1 X3.400 Y7.253
G1 X-3.400 Y7.253
G1 X-3.000 Y6.853
G1 X-3.000 Y6.200
G1 X3.000 Y6.200
G1 X3.000 Y6.853
G1 X-3.000 Y6.853
M9
G1 Z10.000
G1 X10.000 Y-12.960
G1 Z2.300
M7
G4 P150
G1 X10.200 Y-12.760 Z2.300
G1 X10.200 Y-12.760
G1 X19.800 Y-12.760
G1 X19.800 Y-9.800
G1 X22.760 Y-9.800
G1 X22.760 Y-1.000
G1 X10.200 Y-1.000
G1 X10.200 Y-12.760
G1 X10.600 Y-12.360
G1 X19.400 Y-12.360
G1 X19.400 Y-9.400
G1 X22.360 Y-9.400
G1 X22.360 Y-1.400
G1 X10.600 Y-1.400
G1 X10.600 Y-12.360
G1 X11.000 Y-11.960
G1 X19.000 Y-11.960
G1 X19.000 Y-9.000
G1 X21.960 Y-9.000
G1 X21.960 Y-1.800
G1 X11.000 Y-1.800
G1 X11.000 Y-11.960
G1 X11.400 Y-11.560
G1 X18.600 Y-11.560
G1 X18.600 Y-8.600
G1 X21.560 Y-8.600
G1 X21.560 Y-2.200
G1 X11.400 Y-2.200
G1 X11.400 Y-11.560
G1 X11.800 Y-11.160
G1 X18.200 Y-11.160
G1 X18.200 Y-8.200
G1 X21.160 Y-8.200
G1 X21.160 Y-2.600
G1 X11.800 Y-2.600
G1 X11.800 Y-11.160
G1 X12.200 Y-10.760
G1 X17.800 Y-10.760
G1 X17.800 Y-7.800
G1 X20.760 Y-7.800
G1 X20.760 Y-3.000
G1 X12.200 Y-3.000
G1 X12.200 Y-10.760
G1 X12.600 Y-10.360
G1 X17.400 Y-10.360
G1 X17.400 Y-7.400
G1 X20.360 Y-7.400
G1 X20.360 Y-3.400
G1 X12.600 Y-3.400
G1 X12.600 Y-10.360
G1 X13.000 Y-9.960
G1 X17.000 Y-9.960
G1 X17.000 Y-7.000
G1 X19.960 Y-7.000
G1 X19.960 Y-3.800
G1 X13.000 Y-3.800
G1 X13.000 Y-9.960
G1 X13.400 Y-9.560
G1 X16.600 Y-9.560
G1 X16.600 Y-6.600
G1 X19.560 Y-6.600
G1 X19.560 Y-4.200
G1 X13.400 Y-4.200
G1 X13.400 Y-9.560
G1 X13.800 Y-9.160
G1 X16.200 Y-9.160
G1 X16.200 Y-6.200
G1 X19.160 Y-6.200
G1 X19.160 Y-4.600
G1 X13.800 Y-4.600
G1 X13.800 Y-9.160
G1 X14.200 Y-8.760
G1 X15.800 Y-8.760
G1 X15.800 Y-5.800
G1 X18.760 Y-5.800
G1 X18.760 Y-5.000
G1 X14.200 Y-5.000
G1 X14.200 Y-8.760
G1 X14.600 Y-8.360
G1 X15.400 Y-8.360
G1 X15.400 Y-5.400
G1 X14.600 Y-5.400
G1 X14.600 Y-8.360
G1 X15.000 Y-7.960
G1 X15.000 Y-7.960
G1 X15.000 Y-5.800
G1 X15.000 Y-5.800
G1 X15.000 Y-7.960
G1 X10.200 Y-12.459 Z2.700
G1 X10.200 Y-12.459
G1 X19.800 Y-12.459
G1 X19.800 Y-9.800
G1 X22.459 Y-9.800
G1 X22.459 Y-1.000
G1 X10.200 Y-1.000
G1 X10.200 Y-12.459
G1 X10.600 Y-12.059
G1 X19.400 Y-12.059
G1 X19.400 Y-9.400
G1 X22.059 Y-9.400
G1 X22.059 Y-1.400
G1 X10.600 Y-1.400
G1 X10.600 Y-12.059
G1 X11.000 Y-11.659
G1 X19.000 Y-11.659
G1 X19.000 Y-9.000
G1 X21.659 Y-9.000
G1 X21.659 Y-1.800
G1 X11.000 Y-1.800
G1 X11.000 Y-11.659
G1 X11.400 Y-11.259
G1 X18.600 Y-11.259
G1 X18.600 Y-8.600
G1 X21.259 Y-8.600
G1 X21.259 Y-2.200
G1 X11.400 Y-2.200
G1 X11.400 Y-11.259
G1 X11.800 Y-10.859
G1 X18.200 Y-10.859
G1 X18.200 Y-8.200
G1 X20.859 Y-8.200
G1 X20.859 Y-2.600
G1 X11.800 Y-2.600
G1 X11.800 Y-10.859
G1 X12.200 Y-10.459
G1 X17.800 Y-10.459
G1 X17.800 Y-7.800
G1 X20.459 Y-7.800
G1 X20.459 Y-3.000
G1 X12.200 Y-3.000
G1 X12.200 Y-10.459
G1 X12.600 Y-10.059
G1 X17.400 Y-10.059
G1 X17.400 Y-7.400
G1 X20.059 Y-7.400
G1 X20.059 Y-3.400
G1 X12.600 Y-3.400
G1 X12.600 Y-10.059
G1 X13.000 Y-9.659
G1 X17.000 Y-9.659
G1 X17.000 Y-7.000
G1 X19.659 Y-7.000
G1 X19.659 Y-3.800
G1 X13.000 Y-3.800
G1 X13.000 Y-9.659
G1 X13.400 Y-9.259
G1 X16.600 Y-9.259
G1 X16.600 Y-6.600
G1 X19.259 Y-6.600
G1 X19.259 Y-4.200
G1 X13.400 Y-4.200
G1 X13.400 Y-9.259
G1 X13.800 Y-8.859
G1 X16.200 Y-8.859
G1 X16.200 Y-6.200
G1 X18.859 Y-6.200
G1 X18.859 Y-4.600
G1 X13.800 Y-4.600
G1 X13.800 Y-8.859
G1 X14.200 Y-8.459
G1 X15.800 Y-8.459
G1 X15.800 Y-5.800
G1 X18.459 Y-5.800
G1 X18.459 Y-5.000
G1 X14.200 Y-5.000
G1 X14.200 Y-8.459
G1 X14.600 Y-8.059
G1 X15.400 Y-8.059
G1 X15.400 Y-5.400
G1 X14.600 Y-5.400
G1 X14.600 Y-8.059
G1 X15.000 Y-7.659
G1 X15.000 Y-7.659
G1 X15.000 Y-5.800
G1 X15.000 Y-5.800
G1 X15.000 Y-7.659
G1 X10.200 Y-12.227 Z3.100
G1 X10.200 Y-12.227
G1 X19.800 Y-12.227
G1 X19.800 Y-9.800
G1 X22.227 Y-9.800
G1 X22.227 Y-1.000
G1 X10.200 Y-1.000
G1 X10.200 Y-12.227
G1 X10.600 Y-11.827
G1 X19.400 Y-11.827
G1 X19.400 Y-9.400
G1 X21.827 Y-9.400
G1 X21.827 Y-1.400
G1 X10.600 Y-1.400
G1 X10.600 Y-11.827
G1 X11.000 Y-11.427
G1 X19.000 Y-11.427
G1 X19.000 Y-9.000
G1 X21.427 Y-9.000
G1 X21.427 Y-1.800
G1 X11.000 Y-1.800
G1 X11.000 Y-11.427
G1 X11.400 Y-11.027
G1 X18.600 Y-11.027
G1 X18.600 Y-8.600
G1 X21.027 Y-8.600
G1 X21.027 Y-2.200
G1 X11.400 Y-2.200
G1 X11.400 Y-11.027
G1 X11.800 Y-10.627
G1 X18.200 Y-10.627
G1 X18.200 Y-8.200
G1 X20.627 Y-8.200
G1 X20.627 Y-2.600
G1 X11.800 Y-2.600
G1 X11.800 Y-10.627
G1 X12.200 Y-10.227
G1 X17.800 Y-10.227
G1 X17.800 Y-7.800
G1 X20.227 Y-7.800
G1 X20.227 Y-3.000
G1 X12.200 Y-3.000
G1 X12.200 Y-10.227
G1 X12.600 Y-9.827
G1 X17.400 Y-9.827
G1 X17.400 Y-7.400
G1 X19.827 Y-7.400
G1 X19.827 Y-3.400
G1 X12.600 Y-3.400
G1 X12.600 Y-9.827
G1 X13.000 Y-9.427
G1 X17.000 Y-9.427
G1 X17.000 Y-7.000
G1 X19.427 Y-7.000
G1 X19.427 Y-3.800
G1 X13.000 Y-3.800
G1 X13.000 Y-9.427
G1 X13.400 Y-9.027
G1 X16.600 Y-9.027
G1 X16.600 Y-6.600
G1 X19.027 Y-6.600
G1 X19.027 Y-4.200
G1 X13.400 Y-4.200
G1 X13.400 Y-9.027
G1 X13.800 Y-8.627
G1 X16.200 Y-8.627
G1 X16.200 Y-6.200
G1 X18.627 Y-6.200
G1 X18.627 Y-4.600
G1 X13.800 Y-4.600
G1 X13.800 Y-8.627
G1 X14.200 Y-8.227
G1 X15.800 Y-8.227
G1 X15.800 Y-5.800
G1 X18.227 Y-5.800
G1 X18.227 Y-5.000
G1 X14.200 Y-5.000
G1 X14.200 Y-8.227
G1 X14.600 Y-7.827
G1 X15.400 Y-7.827
G1 X15.400 Y-5.400
G1 X14.600 Y-5.400
G1 X14.600 Y-7.827
G1 X15.000 Y-7.427
G1 X15.000 Y-7.427
G1 X15.000 Y-5.800
G1 X15.000 Y-5.800
G1 X15.000 Y-7.427
G1 X10.200 Y-12.053 Z3.500
G1 X10.200 Y-12.053
G1 X19.800 Y-12.053
G1 X19.800 Y-9.800
G1 X22.053 Y-9.800
G1 X22.053 Y-1.000
G1 X10.200 Y-1.000
G1 X10.200 Y-12.053
G1 X10.600 Y-11.653
G1 X19.400 Y-11.653
G1 X19.400 Y-9.400
G1 X21.653 Y-9.400
G1 X21.653 Y-1.400
G1 X10.600 Y-1.400
G1 X10.600 Y-11.653
G1 X11.000 Y-11.253
G1 X19.000 Y-11.253
G1 X19.000 Y-9.000
G1 X21.253 Y-9.000
G1 X21.253 Y-1.800
G1 X11.000 Y-1.800
G1 X11.000 Y-11.253
G1 X11.400 Y-10.853
G1 X18.600 Y-10.853
G1 X18.600 Y-8.600
G1 X20.853 Y-8.600
G1 X20.853 Y-2.200
G1 X11.400 Y-2.200
G1 X11.400 Y-10.853
G1 X11.800 Y-10.453
G1 X18.200 Y-10.453
G1 X18.200 Y-8.200
G1 X20.453 Y-8.200
G1 X20.453 Y-2.600
G1 X11.800 Y-2.600
G1 X11.800 Y-10.453
G1 X12.200 Y-10.053
G1 X17.800 Y-10.053
G1 X17.800 Y-7.800
G1 X20.053 Y-7.800
G1 X20.053 Y-3.000
G1 X12.200 Y-3.000
G1 X12.200 Y-10.053
G1 X12.600 Y-9.653
G1 X17.400 Y-9.653
G1 X17.400 Y-7.400
G1 X19.653 Y-7.400
G1 X19.653 Y-3.400
G1 X12.600 Y-3.400
G1 X12.600 Y-9.653
G1 X13.000 Y-9.253
G1 X17.000 Y-9.253
G1 X17.000 Y-7.000
G1 X19.253 Y-7.000
G1 X19.253 Y-3.800
G1 X13.000 Y-3.800
G1 X13.000 Y-9.253
G1 X13.400 Y-8.853
G1 X16.600 Y-8.853
G1 X16.600 Y-6.600
G1 X18.853 Y-6.600
G1 X18.853 Y-4.200
G1 X13.400 Y-4.200
G1 X13.400 Y-8.853
G1 X13.800 Y-8.453
G1 X16.200 Y-8.453
G1 X16.200 Y-6.200
G1 X18.453 Y-6.200
G1 X18.453 Y-4.600
G1 X13.800 Y-4.600
G1 X13.800 Y-8.453
G1 X14.200 Y-8.053
G1 X15.800 Y-8.053
G1 X15.800 Y-5.800
G1 X18.053 Y-5.800
G1 X18.053 Y-5.000
G1 X14.200 Y-5.000
G1 X14.200 Y-8.053
G1 X14.600 Y-7.653
G1 X15.400 Y-7.653
G1 X15.400 Y-5.400
G1 X14.600 Y-5.400
G1 X14.600 Y-7.653
G1 X15.000 Y-7.253
G1 X15.000 Y-7.253
G1 X15.000 Y-5.800
G1 X15.000 Y-5.800
G1 X15.000 Y-7.253
M9
G1 Z10.000
G1 X22.960 Y0.800
G1 Z2.300
M7
G4 P150
G1 X22.760 Y1.000 Z2.300
G1 X22.760 Y1.000
G1 X22.760 Y9.800
G1 X19.800 Y9.800
G1 X19.800 Y12.760
G1 X10.200 Y12.760
G1 X10.200 Y1.000
G1 X22.760 Y1.000
G1 X22.360 Y1.400
G1 X22.360 Y9.400
G1 X19.400 Y9.400
G1 X19.400 Y12.360
G1 X10.600 Y12.360
G1 X10.600 Y1.400
G1 X22.360 Y1.400
G1 X21.960 Y1.800
G1 X21.960 Y9.000
G1 X19.000 Y9.000
G1 X19.000 Y11.960
G1 X11.000 Y11.960
G1 X11.000 Y1.800
G1 X21.960 Y1.800
G1 X21.560 Y2.200
G1 X21.560 Y8.600
G1 X18.600 Y8.600
G1 X18.600 Y11.560
G1 X11.400 Y11.560
G1 X11.400 Y2.200
G1 X21.560 Y2.200
G1 X21.160 Y2.600
G1 X21.160 Y8.200
G1 X18.200 Y8.200
G1 X18.200 Y11.160
G1 X11.800 Y11.160
G1 X11.800 Y2.600
G1 X21.160 Y2.600
G1 X20.760 Y3.000
G1 X20.760 Y7.800
G1 X17.800 Y7.800
G1 X17.800 Y10.760
G1 X12.200 Y10.760
G1 X12.200 Y3.000
G1 X20.760 Y3.000
G1 X20.360 Y3.400
G1 X20.360 Y7.400
G1 X17.400 Y7.400
G1 X17.400 Y10.360
G1 X12.600 Y10.360
G1 X12.600 Y3.400
G1 X20.360 Y3.400
G1 X19.960 Y3.800
G1 X19.960 Y7.000
G1 X17.000 Y7.000
G1 X17.000 Y9.960
G1 X13.000 Y9.960
G1 X13.000 Y3.800
G1 X19.960 Y3.800
G1 X19.560 Y4.200
G1 X19.560 Y6.600
G1 X16.600 Y6.600
G1 X16.600 Y9.560
G1 X13.400 Y9.560
G1 X13.400 Y4.200
G1 X19.560 Y4.200
G1 X19.160 Y4.600
G1 X19.160 Y6.200
G1 X16.200 Y6.200
G1 X16.200 Y9.160
G1 X13.800 Y9.160
G1 X13.800 Y4.600
G1 X19.160 Y4.600
G1 X18.760 Y5.000
G1 X18.760 Y5.800
G1 X15.800 Y5.800
G1 X15.800 Y8.760
G1 X14.200 Y8.760
G1 X14.200 Y5.000
G1 X18.760 Y5.000
G1 X15.400 Y5.400
G1 X15.400 Y8.360
G1 X14.600 Y8.360
G1 X14.600 Y5.400
G1 X15.400 Y5.400
G1 X15.000 Y5.800
G1 X15.000 Y7.960
G1 X15.000 Y7.960
G1 X15.000 Y5.800
G1 X15.000 Y5.800
G1 X22.459 Y1.000 Z2.700
G1 X22.459 Y1.000
G1 X22.459 Y9.800
G1 X19.800 Y9.800
G1 X19.800 Y12.459
G1 X10.200 Y12.459
G1 X10.200 Y1.000
G1 X22.459 Y1.000
G1 X22.059 Y1.400
G1 X22.059 Y9.400
G1 X19.400 Y9.400
G1 X19.400 Y12.059
G1 X10.600 Y12.059
G1 X10.600 Y1.400
G1 X22.059 Y1.400
G1 X21.659 Y1.800
G1 X21.659 Y9.000
G1 X19.000 Y9.000
G1 X19.000 Y11.659
G1 X11.000 Y11.659
G1 X11.000 Y1.800
G1 X21.659 Y1.800
G1 X21.259 Y2.200
G1 X21.259 Y8.600
G1 X18.600 Y8.600
G1 X18.600 Y11.259
G1 X11.400 Y11.259
G1 X11.400 Y2.200
G1 X21.259 Y2.200
G1 X20.859 Y2.600
G1 X20.859 Y8.200
G1 X18.200 Y8.200
G1 X18.200 Y10.859
G1 X11.800 Y10.859
G1 X11.800 Y2.600
G1 X20.859 Y2.600
G1 X20.459 Y3.000
G1 X20.459 Y7.800
G1 X17.800 Y7.800
G1 X17.800 Y10.459
G1 X12.200 Y10.459
G1 X12.200 Y3.000
G1 X20.459 Y3.000
G1 X20.059 Y3.400
G1 X20.059 Y7.400
G1 X17.400 Y7.400
G1 X17.400 Y10.059
G1 X12.600 Y10.059
G1 X12.600 Y3.400
G1 X20.059 Y3.400
G1 X19.659 Y3.800
G1 X19.659 Y7.000
G1 X17.000 Y7.000
G1 X17.000 Y9.659
G1 X13.000 Y9.659
G1 X13.000 Y3.800
G1 X19.659 Y3.800
G1 X19.259 Y4.200
G1 X19.259 Y6.600
G1 X16.600 Y6.600
G1 X16.600 Y9.259
G1 X13.400 Y9.259
G1 X13.400 Y4.200
G1 X19.259 Y4.200
G1 X18.859 Y4.600
G1 X18.859 Y6.200
G1 X16.200 Y6.200
G1 X16.200 Y8.859
G1 X13.800 Y8.859
G1 X13.800 Y4.600
G1 X18.859 Y4.600
G1 X18.459 Y5.000
G1 X18.459 Y5.800
G1 X15.800 Y5.800
G1 X15.800 Y8.459
G1 X14.200 Y8.459
G1 X14.200 Y5.000
G1 X18.459 Y5.000
G1 X15.400 Y5.400
G1 X15.400 Y8.059
G1 X14.600 Y8.059
G1 X14.600 Y5.400
G1 X15.400 Y5.400
G1 X15.000 Y5.800
G1 X15.000 Y7.659
G1 X15.000 Y7.659
G1 X15.000 Y5.800
G1 X15.000 Y5.800
G1 X22.227 Y1.000 Z3.100
G1 X22.227 Y1.000
G1 X22.227 Y9.800
G1 X19.800 Y9.800
G1 X19.800 Y12.227
G1 X10.200 Y12.227
G1 X10.200 Y1.000
G1 X22.227 Y1.000
G1 X21.827 Y1.400
G1 X21.827 Y9.400
G1 X19.400 Y9.400
G1 X19.400 Y11.827
G1 X10.600 Y11.827
G1 X10.600 Y1.400
G1 X21.827 Y1.400
G1 X21.427 Y1.800
G1 X21.427 Y9.000
G1 X19.000 Y9.000
G1 X19.000 Y11.427
G1 X11.000 Y11.427
G1 X11.000 Y1.800
G1 X21.427 Y1.800
G1 X21.027 Y2.200
G1 X21.027 Y8.600
G1 X18.600 Y8.600
G1 X18.600 Y11.027
G1 X11.400 Y11.027
G1 X11.400 Y2.200
G1 X21.027 Y2.200
G1 X20.627 Y2.600
G1 X20.627 Y8.200
G1 X18.200 Y8.200
G1 X18.200 Y10.627
G1 X11.800 Y10.627
G1 X11.800 Y2.600
G1 X20.627 Y2.600
G1 X20.227 Y3.000
G1 X20.227 Y7.800
G1 X17.800 Y7.800
G1 X17.800 Y10.227
G1 X12.200 Y10.227
G1 X12.200 Y3.000
G1 X20.227 Y3.000
G1 X19.827 Y3.400
G1 X19.827 Y7.400
G1 X17.400 Y7.400
G1 X17.400 Y9.827
G1 X12.600 Y9.827
G1 X12.600 Y3.400
G1 X19.827 Y3.400
G1 X19.427 Y3.800
G1 X19.427 Y7.000
G1 X17.000 Y7.000
G1 X17.000 Y9.427
G1 X13.000 Y9.427
G1 X13.000 Y3.800
G1 X19.427 Y3.800
G1 X19.027 Y4.200
G1 X19.027 Y6.600
G1 X16.600 Y6.600
G1 X16.600 Y9.027
G1 X13.400 Y9.027
G1 X13.400 Y4.200
G1 X19.027 Y4.200
G1 X18.627 Y4.600
G1 X18.627 Y6.200
G1 X16.200 Y6.200
G1 X16.200 Y8.627
G1 X13.800 Y8.627
G1 X13.800 Y4.600
G1 X18.627 Y4.600
G1 X18.227 Y5.000
G1 X18.227 Y5.800
G1 X15.800 Y5.800
G1 X15.800 Y8.227
G1 X14.200 Y8.227
G1 X14.200 Y5.000
G1 X18.227 Y5.000
G1 X15.400 Y5.400
G1 X15.400 Y7.827
G1 X14.600 Y7.827
G1 X14.600 Y5.400
G1 X15.400 Y5.400
G1 X15.000 Y5.800
G1 X15.000 Y7.427
G1 X15.000 Y7.427
G1 X15.000 Y5.800
G1 X15.000 Y5.800
G1 X22.053 Y1.000 Z3.500
G1 X22.053 Y1.000
G1 X22.053 Y9.800
G1 X19.800 Y9.800
G1 X19.800 Y12.053
G1 X10.200 Y12.053
G1 X10.200 Y1.000
G1 X22.053 Y1.000
G1 X21.653 Y1.400
G1 X21.653 Y9.400
G1 X19.400 Y9.400
G1 X19.400 Y11.653
G1 X10.600 Y11.653
G1 X10.600 Y1.400
G1 X21.653 Y1.400
G1 X21.253 Y1.800
G1 X21.253 Y9.000
G1 X19.000 Y9.000
G1 X19.000 Y11.253
G1 X11.000 Y11.253
G1 X11.000 Y1.800
G1 X21.253 Y1.800
G1 X20.853 Y2.200
G1 X20.853 Y8.600
G1 X18.600 Y8.600
G1 X18.600 Y10.853
G1 X11.400 Y10.853
G1 X11.400 Y2.200
G1 X20.853 Y2.200
G1 X20.453 Y2.600
G1 X20.453 Y8.200
G1 X18.200 Y8.200
G1 X18.200 Y10.453
G1 X11.800 Y10.453
G1 X11.800 Y2.600
G1 X20.453 Y2.600
G1 X20.053 Y3.000
G1 X20.053 Y7.800
G1 X17.800 Y7.800
G1 X17.800 Y10.053
G1 X12.200 Y10.053
G1 X12.200 Y3.000
G1 X20.053 Y3.000
G1 X19.653 Y3.400
G1 X19.653 Y7.400
G1 X17.400 Y7.400
G1 X17.400 Y9.653
G1 X12.600 Y9.653
G1 X12.600 Y3.400
G1 X19.653 Y3.400
G1 X19.253 Y3.800
G1 X19.253 Y7.000
G1 X17.000 Y7.000
G1 X17.000 Y9.253
G1 X13.000 Y9.253
G1 X13.000 Y3.800
G1 X19.253 Y3.800
G1 X18.853 Y4.200
G1 X18.853 Y6.600
G1 X16.600 Y6.600
G1 X16.600 Y8.853
G1 X13.400 Y8.853
G1 X13.400 Y4.200
G1 X18.853 Y4.200
G1 X18.453 Y4.600
G1 X18.453 Y6.200
G1 X16.200 Y6.200
G1 X16.200 Y8.453
G1 X13.800 Y8.453
G1 X13.800 Y4.600
G1 X18.453 Y4.600
G1 X18.053 Y5.000
G1 X18.053 Y5.800
G1 X15.800 Y5.800
G1 X15.800 Y8.053
G1 X14.200 Y8.053
G1 X14.200 Y5.000
G1 X18.053 Y5.000
G1 X15.400 Y5.400
G1 X15.400 Y7.653
G1 X14.600 Y7.653
G1 X14.600 Y5.400
G1 X15.400 Y5.400
G1 X15.000 Y5.800
G1 X15.000 Y7.253
G1 X15.000 Y7.253
G1 X15.000 Y5.800
G1 X15.000 Y5.800
M9
G1 Z10.000
G1 X-20.000 Y-22.799
G1 Z1.100
M7
G4 P150
G1 X-19.800 Y-22.704 Z1.100
G1 X-19.800 Y-22.704
G1 X-14.902 Y-26.703
G1 X-14.869 Y-28.605
G1 X14.869 Y-28.605
G1 X14.902 Y-26.703
G1 X19.800 Y-22.704
G1 X19.800 Y-17.400
G1 X-19.800 Y-17.400
G1 X-19.800 Y-22.704
G1 X-19.400 Y-22.514
G1 X-14.505 Y-26.510
G1 X-14.476 Y-28.205
G1 X14.476 Y-28.205
G1 X14.505 Y-26.510
G1 X19.400 Y-22.514
G1 X19.400 Y-17.800
G1 X-19.400 Y-17.800
G1 X-19.400 Y-22.514
G1 X-19.000 Y-22.324
G1 X-14.108 Y-26.318
G1 X-14.083 Y-27.805
G1 X14.083 Y-27.805
G1 X14.108 Y-26.318
G1 X19.000 Y-22.324
G1 X19.000 Y-18.200
G1 X-19.000 Y-18.200
G1 X-19.000 Y-22.324
G1 X-18.600 Y-22.135
G1 X-13.711 Y-26.125
G1 X-13.690 Y-27.405
G1 X13.690 Y-27.405
G1 X13.711 Y-26.125
G1 X18.600 Y-22.135
G1 X18.600 Y-18.600
G1 X-18.600 Y-18.600
G1 X-18.600 Y-22.135
G1 X-18.200 Y-21.945
G1 X-13.314 Y-25.933
G1 X-13.296 Y-27.005
G1 X13.296 Y-27.005
G1 X13.314 Y-25.933
G1 X18.200 Y-21.945
G1 X18.200 Y-19.000
G1 X-18.200 Y-19.000
G1 X-18.200 Y-21.945
G1 X-17.800 Y-21.755
G1 X-12.918 Y-25.741
G1 X-12.903 Y-26.605
G1 X12.903 Y-26.605
G1 X12.918 Y-25.741
G1 X17.800 Y-21.755
G1 X17.800 Y-19.400
G1 X-17.800 Y-19.400
G1 X-17.800 Y-21.755
G1 X-17.400 Y-21.565
G1 X-12.521 Y-25.548
G1 X-12.510 Y-26.205
G1 X12.510 Y-26.205
G1 X12.521 Y-25.548
G1 X17.400 Y-21.565
G1 X17.400 Y-19.800
G1 X-17.400 Y-19.800
G1 X-17.400 Y-21.565
G1 X-17.000 Y-21.375
G1 X-12.124 Y-25.356
G1 X-12.116 Y-25.805
G1 X12.116 Y-25.805
G1 X12.124 Y-25.356
G1 X17.000 Y-21.375
G1 X17.000 Y-20.200
G1 X-17.000 Y-20.200
G1 X-17.000 Y-21.375
G1 X-16.600 Y-21.185
G1 X-11.727 Y-25.163
G1 X-11.723 Y-25.405
G1 X11.723 Y-25.405
G1 X11.727 Y-25.163
G1 X16.600 Y-21.185
G1 X16.600 Y-20.600
G1 X-16.600 Y-20.600
G1 X-16.600 Y-21.185
G1 X-16.195 Y-21.000
G1 X-11.330 Y-24.971
G1 X-11.330 Y-25.005
G1 X11.330 Y-25.005
G1 X11.330 Y-24.971
G1 X16.195 Y-21.000
G1 X-16.195 Y-21.000
G1 X-15.072 Y-21.400
G1 X-11.146 Y-24.605
G1 X11.146 Y-24.605
G1 X15.072 Y-21.400
G1 X-15.072 Y-21.400
G1 X-13.950 Y-21.800
G1 X-11.004 Y-24.205
G1 X11.004 Y-24.205
G1 X13.950 Y-21.800
G1 X-13.950 Y-21.800
G1 X-12.827 Y-22.200
G1 X-10.861 Y-23.805
G1 X10.861 Y-23.805
G1 X12.827 Y-22.200
G1 X-12.827 Y-22.200
G1 X-11.705 Y-22.600
G1 X-10.718 Y-23.405
G1 X10.718 Y-23.405
G1 X11.705 Y-22.600
G1 X-11.705 Y-22.600
G1 X-10.582 Y-23.000
G1 X-10.576 Y-23.005
G1 X10.576 Y-23.005
G1 X10.582 Y-23.000
G1 X-10.582 Y-23.000
G1 X-19.800 Y-22.704 Z1.500
G1 X-19.800 Y-22.704
G1 X-14.902 Y-26.703
G1 X-14.868 Y-28.645
G1 X14.868 Y-28.645
G1 X14.902 Y-26.703
G1 X19.800 Y-22.704
G1 X19.800 Y-19.107
G1 X-19.800 Y-19.107
G1 X-19.800 Y-22.704
G1 X-19.400 Y-22.514
G1 X-14.505 Y-26.510
G1 X-14.475 Y-28.245
G1 X14.475 Y-28.245
G1 X14.505 Y-26.510
G1 X19.400 Y-22.514
G1 X19.400 Y-19.507
G1 X-19.400 Y-19.507
G1 X-19.400 Y-22.514
G1 X-19.000 Y-22.324
G1 X-14.108 Y-26.318
G1 X-14.082 Y-27.845
G1 X14.082 Y-27.845
G1 X14.108 Y-26.318
G1 X19.000 Y-22.324
G1 X19.000 Y-19.907
G1 X-19.000 Y-19.907
G1 X-19.000 Y-22.324
G1 X-18.600 Y-22.135
G1 X-13.711 Y-26.125
G1 X-13.689 Y-27.445
G1 X13.689 Y-27.445
G1 X13.711 Y-26.125
G1 X18.600 Y-22.135
G1 X18.600 Y-20.307
G1 X-18.600 Y-20.307
G1 X-18.600 Y-22.135
G1 X-18.200 Y-21.945
G1 X-13.315 Y-25.933
G1 X-13.296 Y-27.045
G1 X13.296 Y-27.045
G1 X13.315 Y-25.933
G1 X18.200 Y-21.945
G1 X18.200 Y-20.707
G1 X-18.200 Y-20.707
G1 X-18.200 Y-21.945
G1 X-17.800 Y-21.755
G1 X-12.918 Y-25.740
G1 X-12.902 Y-26.645
G1 X12.902 Y-26.645
G1 X12.918 Y-25.740
G1 X17.800 Y-21.755
G1 X17.800 Y-21.107
G1 X-17.800 Y-21.107
G1 X-17.800 Y-21.755
G1 X-17.400 Y-21.565
G1 X-12.521 Y-25.548
G1 X-12.509 Y-26.245
G1 X12.509 Y-26.245
G1 X12.521 Y-25.548
G1 X17.400 Y-21.565
G1 X17.400 Y-21.507
G1 X-17.400 Y-21.507
G1 X-17.400 Y-21.565
G1 X-16.349 Y-21.907
G1 X-12.124 Y-25.356
G1 X-12.116 Y-25.845
G1 X12.116 Y-25.845
G1 X12.124 Y-25.356
G1 X16.349 Y-21.907
G1 X-16.349 Y-21.907
G1 X-15.226 Y-22.307
G1 X-11.727 Y-25.163
G1 X-11.723 Y-25.445
G1 X11.723 Y-25.445
G1 X11.727 Y-25.163
G1 X15.226 Y-22.307
G1 X-15.226 Y-22.307
G1 X-14.104 Y-22.707
G1 X-11.331 Y-24.971
G1 X-11.329 Y-25.045
G1 X11.329 Y-25.045
G1 X11.331 Y-24.971
G1 X14.104 Y-22.707
G1 X-14.104 Y-22.707
G1 X-12.981 Y-23.107
G1 X-11.097 Y-24.645
G1 X11.097 Y-24.645
G1 X12.981 Y-23.107
G1 X-12.981 Y-23.107
G1 X-11.859 Y-23.507
G1 X-10.955 Y-24.245
G1 X10.955 Y-24.245
G1 X11.859 Y-23.507
G1 X-11.859 Y-23.507
G1 X-19.800 Y-22.704 Z1.900
G1 X-19.800 Y-22.704
G1 X-14.902 Y-26.703
G1 X-14.867 Y-28.727
G1 X14.867 Y-28.727
G1 X14.902 Y-26.703
G1 X19.800 Y-22.704
G1 X19.800 Y-19.645
G1 X-19.800 Y-19.645
G1 X-19.800 Y-22.704
G1 X-19.400 Y-22.514
G1 X-14.505 Y-26.510
G1 X-14.474 Y-28.327
G1 X14.474 Y-28.327
G1 X14.505 Y-26.510
G1 X19.400 Y-22.514
G1 X19.400 Y-20.045
G1 X-19.400 Y-20.045
G1 X-19.400 Y-22.514
G1 X-19.000 Y-22.324
G1 X-14.108 Y-26.318
G1 X-14.081 Y-27.927
G1 X14.081 Y-27.927
G1 X14.108 Y-26.318
G1 X19.000 Y-22.324
G1 X19.000 Y-20.445
G1 X-19.000 Y-20.445
G1 X-19.000 Y-22.324
G1 X-18.600 Y-22.135
G1 X-13.711 Y-26.125
G1 X-13.687 Y-27.527
G1 X13.687 Y-27.527
G1 X13.711 Y-26.125
G1 X18.600 Y-22.135
G1 X18.600 Y-20.845
G1 X-18.600 Y-20.845
G1 X-18.600 Y-22.135
G1 X-18.200 Y-21.945
G1 X-13.314 Y-25.933
G1 X-13.294 Y-27.127
G1 X13.294 Y-27.127
G1 X13.314 Y-25.933
G1 X18.200 Y-21.945
G1 X18.200 Y-21.245
G1 X-18.200 Y-21.245
G1 X-18.200 Y-21.945
G1 X-17.800 Y-21.755
G1 X-12.918 Y-25.741
G1 X-12.901 Y-26.727
G1 X12.901 Y-26.727
G1 X12.918 Y-25.741
G1 X17.800 Y-21.755
G1 X17.800 Y-21.645
G1 X-17.800 Y-21.645
G1 X-17.800 Y-21.755
G1 X-16.812 Y-22.045
G1 X-12.521 Y-25.548
G1 X-12.508 Y-26.327
G1 X12.508 Y-26.327
G1 X12.521 Y-25.548
G1 X16.812 Y-22.045
G1 X-16.812 Y-22.045
G1 X-15.690 Y-22.445
G1 X-12.124 Y-25.356
G1 X-12.114 Y-25.927
G1 X12.114 Y-25.927
G1 X12.124 Y-25.356
G1 X15.690 Y-22.445
G1 X-15.690 Y-22.445
G1 X-14.567 Y-22.845
G1 X-11.727 Y-25.163
G1 X-11.721 Y-25.527
G1 X11.721 Y-25.527
G1 X11.727 Y-25.163
G1 X14.567 Y-22.845
G1 X-14.567 Y-22.845
G1 X-13.445 Y-23.245
G1 X-11.330 Y-24.971
G1 X-11.328 Y-25.127
G1 X11.328 Y-25.127
G1 X11.330 Y-24.971
G1 X13.445 Y-23.245
G1 X-13.445 Y-23.245
G1 X-12.322 Y-23.645
G1 X-10.997 Y-24.727
G1 X10.997 Y-24.727
G1 X12.322 Y-23.645
G1 X-12.322 Y-23.645
G1 X-11.200 Y-24.045
G1 X-10.854 Y-24.327
G1 X10.854 Y-24.327
G1 X11.200 Y-24.045
G1 X-11.200 Y-24.045
G1 X-19.800 Y-22.704 Z2.300
G1 X-19.800 Y-22.704
G1 X-14.902 Y-26.703
G1 X-14.865 Y-28.853
G1 X14.865 Y-28.853
G1 X14.902 Y-26.703
G1 X19.800 Y-22.704
G1 X19.800 Y-20.039
G1 X-19.800 Y-20.039
G1 X-19.800 Y-22.704
G1 X-19.400 Y-22.514
G1 X-14.505 Y-26.510
G1 X-14.472 Y-28.453
G1 X14.472 Y-28.453
G1 X14.505 Y-26.510
G1 X19.400 Y-22.514
G1 X19.400 Y-20.439
G1 X-19.400 Y-20.439
G1 X-19.400 Y-22.514
G1 X-19.000 Y-22.324
G1 X-14.108 Y-26.318
G1 X-14.079 Y-28.053
G1 X14.079 Y-28.053
G1 X14.108 Y-26.318
G1 X19.000 Y-22.324
G1 X19.000 Y-20.839
G1 X-19.000 Y-20.839
G1 X-19.000 Y-22.324
G1 X-18.600 Y-22.135
G1 X-13.711 Y-26.126
G1 X-13.685 Y-27.653
G1 X13.685 Y-27.653
G1 X13.711 Y-26.126
G1 X18.600 Y-22.135
G1 X18.600 Y-21.239
G1 X-18.600 Y-21.239
G1 X-18.600 Y-22.135
G1 X-18.200 Y-21.945
G1 X-13.314 Y-25.933
G1 X-13.292 Y-27.253
G1 X13.292 Y-27.253
G1 X13.314 Y-25.933
G1 X18.200 Y-21.945
G1 X18.200 Y-21.639
G1 X-18.200 Y-21.639
G1 X-18.200 Y-21.945
G1 X-17.452 Y-22.039
G1 X-12.918 Y-25.741
G1 X-12.899 Y-26.853
G1 X12.899 Y-26.853
G1 X12.918 Y-25.741
G1 X17.452 Y-22.039
G1 X-17.452 Y-22.039
G1 X-16.330 Y-22.439
G1 X-12.521 Y-25.548
G1 X-12.505 Y-26.453
G1 X12.505 Y-26.453
G1 X12.521 Y-25.548
G1 X16.330 Y-22.439
G1 X-16.330 Y-22.439
G1 X-15.207 Y-22.839
G1 X-12.124 Y-25.356
G1 X-12.112 Y-26.053
G1 X12.112 Y-26.053
G1 X12.124 Y-25.356
G1 X15.207 Y-22.839
G1 X-15.207 Y-22.839
G1 X-14.084 Y-23.239
G1 X-11.727 Y-25.163
G1 X-11.719 Y-25.653
G1 X11.719 Y-25.653
G1 X11.727 Y-25.163
G1 X14.084 Y-23.239
G1 X-14.084 Y-23.239
G1 X-12.962 Y-23.639
G1 X-11.330 Y-24.971
G1 X-11.326 Y-25.253
G1 X11.326 Y-25.253
G1 X11.330 Y-24.971
G1 X12.962 Y-23.639
G1 X-12.962 Y-23.639
G1 X-11.839 Y-24.039
G1 X-10.933 Y-24.779
G1 X-10.932 Y-24.853
G1 X10.932 Y-24.853
G1 X10.933 Y-24.779
G1 X11.839 Y-24.039
G1 X-11.839 Y-24.039
G1 X-10.717 Y-24.439
G1 X-10.700 Y-24.453
G1 X10.700 Y-24.453
G1 X10.717 Y-24.439
G1 X-10.717 Y-24.439
G1 X-19.800 Y-22.704 Z2.700
G1 X-19.800 Y-22.704
G1 X-14.902 Y-26.703
G1 X-14.862 Y-29.027
G1 X14.862 Y-29.027
G1 X14.902 Y-26.703
G1 X19.800 Y-22.704
G1 X19.800 Y-20.340
G1 X-19.800 Y-20.340
G1 X-19.800 Y-22.704
G1 X-19.400 Y-22.514
G1 X-14.505 Y-26.510
G1 X-14.469 Y-28.627
G1 X14.469 Y-28.627
G1 X14.505 Y-26.510
G1 X19.400 Y-22.514
G1 X19.400 Y-20.740
G1 X-19.400 Y-20.740
G1 X-19.400 Y-22.514
G1 X-19.000 Y-22.324
G1 X-14.108 Y-26.318
G1 X-14.076 Y-28.227
G1 X14.076 Y-28.227
G1 X14.108 Y-26.318
G1 X19.000 Y-22.324
G1 X19.000 Y-21.140
G1 X-19.000 Y-21.140
G1 X-19.000 Y-22.324
G1 X-18.600 Y-22.135
G1 X-13.711 Y-26.125
G1 X-13.682 Y-27.827
G1 X13.682 Y-27.827
G1 X13.711 Y-26.125
G1 X18.600 Y-22.135
G1 X18.600 Y-21.540
G1 X-18.600 Y-21.540
G1 X-18.600 Y-22.135
G1 X-18.200 Y-21.945
G1 X-13.314 Y-25.933
G1 X-13.289 Y-27.427
G1 X13.289 Y-27.427
G1 X13.314 Y-25.933
G1 X18.200 Y-21.945
G1 X18.200 Y-21.940
G1 X-18.200 Y-21.940
G1 X-18.200 Y-21.945
G1 X-17.083 Y-22.340
G1 X-12.918 Y-25.741
G1 X-12.896 Y-27.027
G1 X12.896 Y-27.027
G1 X12.918 Y-25.741
G1 X17.083 Y-22.340
G1 X-17.083 Y-22.340
G1 X-15.961 Y-22.740
G1 X-12.521 Y-25.548
G1 X-12.503 Y-26.627
G1 X12.503 Y-26.627
G1 X12.521 Y-25.548
G1 X15.961 Y-22.740
G1 X-15.961 Y-22.740
G1 X-14.838 Y-23.140
G1 X-12.124 Y-25.356
G1 X-12.109 Y-26.227
G1 X12.109 Y-26.227
G1 X12.124 Y-25.356
G1 X14.838 Y-23.140
G1 X-14.838 Y-23.140
G1 X-13.716 Y-23.540
G1 X-11.727 Y-25.163
G1 X-11.716 Y-25.827
G1 X11.716 Y-25.827
G1 X11.727 Y-25.163
G1 X13.716 Y-23.540
G1 X-13.716 Y-23.540
G1 X-12.593 Y-23.940
G1 X-11.330 Y-24.971
G1 X-11.323 Y-25.427
G1 X11.323 Y-25.427
G1 X11.330 Y-24.971
G1 X12.593 Y-23.940
G1 X-12.593 Y-23.940
G1 X-11.471 Y-24.340
G1 X-10.934 Y-24.778
G1 X-10.929 Y-25.027
G1 X10.929 Y-25.027
G1 X10.934 Y-24.778
G1 X11.471 Y-24.340
G1 X-11.471 Y-24.340
M9
G1 Z10.000
G1 X20.000 Y22.799
G1 Z1.100
M7
G4 P150
G1 X19.800 Y22.704 Z1.100
G1 X19.800 Y22.704
G1 X14.902 Y26.703
G1 X14.869 Y28.605
G1 X-14.869 Y28.605
G1 X-14.902 Y26.703
G1 X-19.800 Y22.704
G1 X-19.800 Y17.400
G1 X19.800 Y17.400
G1 X19.800 Y22.704
G1 X19.400 Y22.514
G1 X14.505 Y26.510
G1 X14.476 Y28.205
G1 X-14.476 Y28.205
G1 X-14.505 Y26.510
G1 X-19.400 Y22.514
G1 X-19.400 Y17.800
G1 X19.400 Y17.800
G1 X19.400 Y22.514
G1 X19.000 Y22.324
G1 X14.108 Y26.318
G1 X14.083 Y27.805
G1 X-14.083 Y27.805
G1 X-14.108 Y26.318
G1 X-19.000 Y22.324
G1 X-19.000 Y18.200
G1 X19.000 Y18.200
G1 X19.000 Y22.324
G1 X18.600 Y22.135
G1 X13.711 Y26.125
G1 X13.690 Y27.405
G1 X-13.690 Y27.405
G1 X-13.711 Y26.125
G1 X-18.600 Y22.135
G1 X-18.600 Y18.600
G1 X18.600 Y18.600
G1 X18.600 Y22.135
G1 X18.200 Y21.945
G1 X13.314 Y25.933
G1 X13.296 Y27.005
G1 X-13.296 Y27.005
G1 X-13.314 Y25.933
G1 X-18.200 Y21.945
G1 X-18.200 Y19.000
G1 X18.200 Y19.000
G1 X18.200 Y21.945
G1 X17.800 Y21.755
G1 X12.918 Y25.741
G1 X12.903 Y26.605
G1 X-12.903 Y26.605
G1 X-12.918 Y25.741
G1 X-17.800 Y21.755
G1 X-17.800 Y19.400
G1 X17.800 Y19.400
G1 X17.800 Y21.755
G1 X17.400 Y21.565
G1 X12.521 Y25.548
G1 X12.510 Y26.205
G1 X-12.510 Y26.205
G1 X-12.521 Y25.548
G1 X-17.400 Y21.565
G1 X-17.400 Y19.800
G1 X17.400 Y19.800
G1 X17.400 Y21.565
G1 X17.000 Y21.375
G1 X12.124 Y25.356
G1 X12.116 Y25.805
G1 X-12.116 Y25.805
G1 X-12.124 Y25.356
G1 X-17.000 Y21.375
G1 X-17.000 Y20.200
G1 X17.000 Y20.200
G1 X17.000 Y21.375
G1 X16.600 Y21.185
G1 X11.727 Y25.163
G1 X11.723 Y25.405
G1 X-11.723 Y25.405
G1 X-11.727 Y25.163
G1 X-16.600 Y21.185
G1 X-16.600 Y20.600
G1 X16.600 Y20.600
G1 X16.600 Y21.185
G1 X16.195 Y21.000
G1 X11.330 Y24.971
G1 X11.330 Y25.005
G1 X-11.330 Y25.005
G1 X-11.330 Y24.971
G1 X-16.195 Y21.000
G1 X16.195 Y21.000
G1 X15.072 Y21.400
G1 X11.146 Y24.605
G1 X-11.146 Y24.605
G1 X-15.072 Y21.400
G1 X15.072 Y21.400
G1 X13.950 Y21.800
G1 X11.004 Y24.205
G1 X-11.004 Y24.205
G1 X-13.950 Y21.800
G1 X13.950 Y21.800
G1 X12.827 Y22.200
G1 X10.861 Y23.805
G1 X-10.861 Y23.805
G1 X-12.827 Y22.200
G1 X12.827 Y22.200
G1 X11.705 Y22.600
G1 X10.718 Y23.405
G1 X-10.718 Y23.405
G1 X-11.705 Y22.600
G1 X11.705 Y22.600
G1 X10.582 Y23.000
G1 X10.576 Y23.005
G1 X-10.576 Y23.005
G1 X-10.582 Y23.000
G1 X10.582 Y23.000
G1 X19.800 Y22.704 Z1.500
G1 X19.800 Y22.704
G1 X14.902 Y26.703
G1 X14.868 Y28.645
G1 X-14.868 Y28.645
G1 X-14.902 Y26.703
G1 X-19.800 Y22.704
G1 X-19.800 Y19.107
G1 X19.800 Y19.107
G1 X19.800 Y22.704
G1 X19.400 Y22.514
G1 X14.505 Y26.510
G1 X14.475 Y28.245
G1 X-14.475 Y28.245
G1 X-14.505 Y26.510
G1 X-19.400 Y22.514
G1 X-19.400 Y19.507
G1 X19.400 Y19.507
G1 X19.400 Y22.514
G1 X19.000 Y22.324
G1 X14.108 Y26.318
G1 X14.082 Y27.845
G1 X-14.082 Y27.845
G1 X-14.108 Y26.318
G1 X-19.000 Y22.324
G1 X-19.000 Y19.907
G1 X19.000 Y19.907
G1 X19.000 Y22.324
G1 X18.600 Y22.135
G1 X13.711 Y26.125
G1 X13.689 Y27.445
G1 X-13.689 Y27.445
G1 X-13.711 Y26.125
G1 X-18.600 Y22.135
G1 X-18.600 Y20.307
G1 X18.600 Y20.307
G1 X18.600 Y22.135
G1 X18.200 Y21.945
G1 X13.315 Y25.933
G1 X13.296 Y27.045
G1 X-13.296 Y27.045
G1 X-13.315 Y25.933
G1 X-18.200 Y21.945
G1 X-18.200 Y20.707
G1 X18.200 Y20.707
G1 X18.200 Y21.945
G1 X17.800 Y21.755
G1 X12.918 Y25.740
G1 X12.902 Y26.645
G1 X-12.902 Y26.645
G1 X-12.918 Y25.740
G1 X-17.800 Y21.755
G1 X-17.800 Y21.107
G1 X17.800 Y21.107
G1 X17.800 Y21.755
G1 X17.400 Y21.565
G1 X12.521 Y25.548
G1 X12.509 Y26.245
G1 X-12.509 Y26.245
G1 X-12.521 Y25.548
G1 X-17.400 Y21.565
G1 X-17.400 Y21.507
G1 X17.400 Y21.507
G1 X17.400 Y21.565
G1 X16.349 Y21.907
G1 X12.124 Y25.356
G1 X12.116 Y25.845
G1 X-12.116 Y25.845
G1 X-12.124 Y25.356
G1 X-16.349 Y21.907
G1 X16.349 Y21.907
G1 X15.226 Y22.307
G1 X11.727 Y25.163
G1 X11.723 Y25.445
G1 X-11.723 Y25.445
G1 X-11.727 Y25.163
G1 X-15.226 Y22.307
G1 X15.226 Y22.307
G1 X14.104 Y22.707
G1 X11.331 Y24.971
G1 X11.329 Y25.045
G1 X-11.329 Y25.045
G1 X-11.331 Y24.971
G1 X-14.104 Y22.707
G1 X14.104 Y22.707
G1 X12.981 Y23.107
G1 X11.097 Y24.645
G1 X-11.097 Y24.645
G1 X-12.981 Y23.107
G1 X12.981 Y23.107
G1 X11.859 Y23.507
G1 X10.955 Y24.245
G1 X-10.955 Y24.245
G1 X-11.859 Y23.507
G1 X11.859 Y23.507
G1 X19.800 Y22.704 Z1.900
G1 X19.800 Y22.704
G1 X14.902 Y26.703
G1 X14.867 Y28.727
G1 X-14.867 Y28.727
G1 X-14.902 Y26.703
G1 X-19.800 Y22.704
G1 X-19.800 Y19.645
G1 X19.800 Y19.645
G1 X19.800 Y22.704
G1 X19.400 Y22.514
G1 X14.505 Y26.510
G1 X14.474 Y28.327
G1 X-14.474 Y28.327
G1 X-14.505 Y26.510
G1 X-19.400 Y22.514
G1 X-19.400 Y20.045
G1 X19.400 Y20.045
G1 X19.400 Y22.514
G1 X19.000 Y22.324
G1 X14.108 Y26.318
G1 X14.081 Y27.927
G1 X-14.081 Y27.927
G1 X-14.108 Y26.318
G1 X-19.000 Y22.324
G1 X-19.000 Y20.445
G1 X19.000 Y20.445
G1 X19.000 Y22.324
G1 X18.600 Y22.135
G1 X13.711 Y26.125
G1 X13.687 Y27.527
G1 X-13.687 Y27.527
G1 X-13.711 Y26.125
G1 X-18.600 Y22.135
G1 X-18.600 Y20.845
G1 X18.600 Y20.845
G1 X18.600 Y22.135
G1 X18.200 Y21.945
G1 X13.314 Y25.933
G1 X13.294 Y27.127
G1 X-13.294 Y27.127
G1 X-13.314 Y25.933
G1 X-18.200 Y21.945
G1 X-18.200 Y21.245
G1 X18.200 Y21.245
G1 X18.200 Y21.945
G1 X17.800 Y21.755
G1 X12.918 Y25.741
G1 X12.901 Y26.727
G1 X-12.901 Y26.727
G1 X-12.918 Y25.741
G1 X-17.800 Y21.755
G1 X-17.800 Y21.645
G1 X17.800 Y21.645
G1 X17.800 Y21.755
G1 X16.812 Y22.045
G1 X12.521 Y25.548
G1 X12.508 Y26.327
G1 X-12.508 Y26.327
G1 X-12.521 Y25.548
G1 X-16.812 Y22.045
G1 X16.812 Y22.045
G1 X15.690 Y22.445
G1 X12.124 Y25.356
G1 X12.114 Y25.927
G1 X-12.114 Y25.927
G1 X-12.124 Y25.356
G1 X-15.690 Y22.445
G1 X15.690 Y22.445
G1 X14.567 Y22.845
G1 X11.727 Y25.163
G1 X11.721 Y25.527
G1 X-11.721 Y25.527
G1 X-11.727 Y25.163
G1 X-14.567 Y22.845
G1 X14.567 Y22.845
G1 X13.445 Y23.245
G1 X11.330 Y24.971
G1 X11.328 Y25.127
G1 X-11.328 Y25.127
G1 X-11.330 Y24.971
G1 X-13.445 Y23.245
G1 X13.445 Y23.245
G1 X12.322 Y23.645
G1 X10.997 Y24.727
G1 X-10.997 Y24.727
G1 X-12.322 Y23.645
G1 X12.322 Y23.645
G1 X11.200 Y24.045
G1 X10.854 Y24.327
G1 X-10.854 Y24.327
G1 X-11.200 Y24.045
G1 X11.200 Y24.045
G1 X19.800 Y22.704 Z2.300
G1 X19.800 Y22.704
G1 X14.902 Y26.703
G1 X14.865 Y28.853
G1 X-14.865 Y28.853
G1 X-14.902 Y26.703
G1 X-19.800 Y22.704
G1 X-19.800 Y20.039
G1 X19.800 Y20.039
G1 X19.800 Y22.704
G1 X19.400 Y22.514
G1 X14.505 Y26.510
G1 X14.472 Y28.453
G1 X-14.472 Y28.453
G1 X-14.505 Y26.510
G1 X-19.400 Y22.514
G1 X-19.400 Y20.439
G1 X19.400 Y20.439
G1 X19.400 Y22.514
G1 X19.000 Y22.324
G1 X14.108 Y26.318
G1 X14.079 Y28.053
G1 X-14.079 Y28.053
G1 X-14.108 Y26.318
G1 X-19.000 Y22.324
G1 X-19.000 Y20.839
G1 X19.000 Y20.839
G1 X19.000 Y22.324
G1 X18.600 Y22.135
G1 X13.711 Y26.126
G1 X13.685 Y27.653
G1 X-13.685 Y27.653
G1 X-13.711 Y26.126
G1 X-18.600 Y22.135
G1 X-18.600 Y21.239
G1 X18.600 Y21.239
G1 X18.600 Y22.135
G1 X18.200 Y21.945
G1 X13.314 Y25.933
G1 X13.292 Y27.253
G1 X-13.292 Y27.253
G1 X-13.314 Y25.933
G1 X-18.200 Y21.945
G1 X-18.200 Y21.639
G1 X18.200 Y21.639
G1 X18.200 Y21.945
G1 X17.452 Y22.039
G1 X12.918 Y25.741
G1 X12.899 Y26.853
G1 X-12.899 Y26.853
G1 X-12.918 Y25.741
G1 X-17.452 Y22.039
G1 X17.452 Y22.039
G1 X16.330 Y22.439
G1 X12.521 Y25.548
G1 X12.505 Y26.453
G1 X-12.505 Y26.453
G1 X-12.521 Y25.548
G1 X-16.330 Y22.439
G1 X16.330 Y22.439
G1 X15.207 Y22.839
G1 X12.124 Y25.356
G1 X12.112 Y26.053
G1 X-12.112 Y26.053
G1 X-12.124 Y25.356
G1 X-15.207 Y22.839
G1 X15.207 Y22.839
G1 X14.084 Y23.239
G1 X11.727 Y25.163
G1 X11.719 Y25.653
G1 X-11.719 Y25.653
G1 X-11.727 Y25.163
G1 X-14.084 Y23.239
G1 X14.084 Y23.239
G1 X12.962 Y23.639
G1 X11.330 Y24.971
G1 X11.326 Y25.253
G1 X-11.326 Y25.253
G1 X-11.330 Y24.971
G1 X-12.962 Y23.639
G1 X12.962 Y23.639
G1 X11.839 Y24.039
G1 X10.933 Y24.779
G1 X10.932 Y24.853
G1 X-10.932 Y24.853
G1 X-10.933 Y24.779
G1 X-11.839 Y24.039
G1 X11.839 Y24.039
G1 X10.717 Y24.439
G1 X10.700 Y24.453
G1 X-10.700 Y24.453
G1 X-10.717 Y24.439
G1 X10.717 Y24.439
G1 X19.800 Y22.704 Z2.700
G1 X19.800 Y22.704
G1 X14.902 Y26.703
G1 X14.862 Y29.027
G1 X-14.862 Y29.027
G1 X-14.902 Y26.703
G1 X-19.800 Y22.704
G1 X-19.800 Y20.340
G1 X19.800 Y20.340
G1 X19.800 Y22.704
G1 X19.400 Y22.514
G1 X14.505 Y26.510
G1 X14.469 Y28.627
G1 X-14.469 Y28.627
G1 X-14.505 Y26.510
G1 X-19.400 Y22.514
G1 X-19.400 Y20.740
G1 X19.400 Y20.740
G1 X19.400 Y22.514
G1 X19.000 Y22.324
G1 X14.108 Y26.318
G1 X14.076 Y28.227
G1 X-14.076 Y28.227
G1 X-14.108 Y26.318
G1 X-19.000 Y22.324
G1 X-19.000 Y21.140
G1 X19.000 Y21.140
G1 X19.000 Y22.324
G1 X18.600 Y22.135
G1 X13.711 Y26.125
G1 X13.682 Y27.827
G1 X-13.682 Y27.827
G1 X-13.711 Y26.125
G1 X-18.600 Y22.135
G1 X-18.600 Y21.540
G1 X18.600 Y21.540
G1 X18.600 Y22.135
G1 X18.200 Y21.945
G1 X13.314 Y25.933
G1 X13.289 Y27.427
G1 X-13.289 Y27.427
G1 X-13.314 Y25.933
G1 X-18.200 Y21.945
G1 X-18.200 Y21.940
G1 X18.200 Y21.940
G1 X18.200 Y21.945
G1 X17.083 Y22.340
G1 X12.918 Y25.741
G1 X12.896 Y27.027
G1 X-12.896 Y27.027
G1 X-12.918 Y25.741
G1 X-17.083 Y22.340
G1 X17.083 Y22.340
G1 X15.961 Y22.740
G1 X12.521 Y25.548
G1 X12.503 Y26.627
G1 X-12.503 Y26.627
G1 X-12.521 Y25.548
G1 X-15.961 Y22.740
G1 X15.961 Y22.740
G1 X14.838 Y23.140
G1 X12.124 Y25.356
G1 X12.109 Y26.227
G1 X-12.109 Y26.227
G1 X-12.124 Y25.356
G1 X-14.838 Y23.140
G1 X14.838 Y23.140
G1 X13.716 Y23.540
G1 X11.727 Y25.163
G1 X11.716 Y25.827
G1 X-11.716 Y25.827
G1 X-11.727 Y25.163
G1 X-13.716 Y23.540
G1 X13.716 Y23.540
G1 X12.593 Y23.940
G1 X11.330 Y24.971
G1 X11.323 Y25.427
G1 X-11.323 Y25.427
G1 X-11.330 Y24.971
G1 X-12.593 Y23.940
G1 X12.593 Y23.940
G1 X11.471 Y24.340
G1 X10.934 Y24.778
G1 X10.929 Y25.027
G1 X-10.929 Y25.027
G1 X-10.934 Y24.778
G1 X-11.471 Y24.340
G1 X11.471 Y24.340
M9
G1 Z10.000
G1 X-15.000 Y-50.000
G1 Z1.100
M7
G4 P150
G1 X-14.800 Y-49.928 Z1.100
G1 X-14.800 Y-49.928
G1 X0.000 Y-67.688
G1 X14.800 Y-49.928
G1 X14.800 Y-48.194
G1 X-14.800 Y-48.194
G1 X-14.800 Y-49.928
G1 X-14.400 Y-49.783
G1 X0.000 Y-67.063
G1 X14.400 Y-49.783
G1 X14.400 Y-48.594
G1 X-14.400 Y-48.594
G1 X-14.400 Y-49.783
G1 X-14.000 Y-49.638
G1 X0.000 Y-66.438
G1 X14.000 Y-49.638
G1 X14.000 Y-48.994
G1 X-14.000 Y-48.994
G1 X-14.000 Y-49.638
G1 X-13.600 Y-49.493
G1 X0.000 Y-65.813
G1 X13.600 Y-49.493
G1 X13.600 Y-49.394
G1 X-13.600 Y-49.394
G1 X-13.600 Y-49.493
G1 X-12.829 Y-49.794
G1 X0.000 Y-65.188
G1 X12.829 Y-49.794
G1 X-12.829 Y-49.794
G1 X-11.975 Y-50.194
G1 X0.000 Y-64.563
G1 X11.975 Y-50.194
G1 X-11.975 Y-50.194
G1 X-11.121 Y-50.594
G1 X0.000 Y-63.939
G1 X11.121 Y-50.594
G1 X-11.121 Y-50.594
G1 X-10.267 Y-50.994
G1 X0.000 Y-63.314
G1 X10.267 Y-50.994
G1 X-10.267 Y-50.994
G1 X-9.413 Y-51.394
G1 X0.000 Y-62.689
G1 X9.413 Y-51.394
G1 X-9.413 Y-51.394
G1 X-8.559 Y-51.794
G1 X0.000 Y-62.064
G1 X8.559 Y-51.794
G1 X-8.559 Y-51.794
G1 X-7.704 Y-52.194
G1 X0.000 Y-61.439
G1 X7.704 Y-52.194
G1 X-7.704 Y-52.194
G1 X-6.850 Y-52.594
G1 X0.000 Y-60.815
G1 X6.850 Y-52.594
G1 X-6.850 Y-52.594
G1 X-5.996 Y-52.994
G1 X0.000 Y-60.190
G1 X5.996 Y-52.994
G1 X-5.996 Y-52.994
G1 X-5.142 Y-53.394
G1 X0.000 Y-59.565
G1 X5.142 Y-53.394
G1 X-5.142 Y-53.394
G1 X-4.288 Y-53.794
G1 X0.000 Y-58.940
G1 X4.288 Y-53.794
G1 X-4.288 Y-53.794
G1 X-3.434 Y-54.194
G1 X0.000 Y-58.315
G1 X3.434 Y-54.194
G1 X-3.434 Y-54.194
G1 X-2.580 Y-54.594
G1 X0.000 Y-57.690
G1 X2.580 Y-54.594
G1 X-2.580 Y-54.594
G1 X-1.726 Y-54.994
G1 X0.000 Y-57.066
G1 X1.726 Y-54.994
G1 X-1.726 Y-54.994
G1 X-0.872 Y-55.394
G1 X0.000 Y-56.441
G1 X0.872 Y-55.394
G1 X-0.872 Y-55.394
G1 X-0.018 Y-55.794
G1 X0.000 Y-55.816
G1 X0.018 Y-55.794
G1 X-0.018 Y-55.794
G1 X-14.800 Y-49.928 Z1.500
G1 X-14.800 Y-49.928
G1 X0.000 Y-67.688
G1 X14.800 Y-49.928
G1 X14.800 Y-48.154
G1 X-14.800 Y-48.154
G1 X-14.800 Y-49.928
G1 X-14.400 Y-49.783
G1 X0.000 Y-67.063
G1 X14.400 Y-49.783
G1 X14.400 Y-48.554
G1 X-14.400 Y-48.554
G1 X-14.400 Y-49.783
G1 X-14.000 Y-49.638
G1 X0.000 Y-66.438
G1 X14.000 Y-49.638
G1 X14.000 Y-48.954
G1 X-14.000 Y-48.954
G1 X-14.000 Y-49.638
G1 X-13.600 Y-49.493
G1 X0.000 Y-65.813
G1 X13.600 Y-49.493
G1 X13.600 Y-49.354
G1 X-13.600 Y-49.354
G1 X-13.600 Y-49.493
G1 X-12.862 Y-49.754
G1 X0.000 Y-65.188
G1 X12.862 Y-49.754
G1 X-12.862 Y-49.754
G1 X-12.008 Y-50.154
G1 X0.000 Y-64.563
G1 X12.008 Y-50.154
G1 X-12.008 Y-50.154
G1 X-11.154 Y-50.554
G1 X0.000 Y-63.939
G1 X11.154 Y-50.554
G1 X-11.154 Y-50.554
G1 X-10.300 Y-50.954
G1 X0.000 Y-63.314
G1 X10.300 Y-50.954
G1 X-10.300 Y-50.954
G1 X-9.446 Y-51.354
G1 X0.000 Y-62.689
G1 X9.446 Y-51.354
G1 X-9.446 Y-51.354
G1 X-8.592 Y-51.754
G1 X0.000 Y-62.064
G1 X8.592 Y-51.754
G1 X-8.592 Y-51.754
G1 X-7.738 Y-52.154
G1 X0.000 Y-61.439
G1 X7.738 Y-52.154
G1 X-7.738 Y-52.154
G1 X-6.884 Y-52.554
G1 X0.000 Y-60.815
G1 X6.884 Y-52.554
G1 X-6.884 Y-52.554
G1 X-6.030 Y-52.954
G1 X0.000 Y-60.190
G1 X6.030 Y-52.954
G1 X-6.030 Y-52.954
G1 X-5.176 Y-53.354
G1 X0.000 Y-59.565
G1 X5.176 Y-53.354
G1 X-5.176 Y-53.354
G1 X-4.322 Y-53.754
G1 X0.000 Y-58.940
G1 X4.322 Y-53.754
G1 X-4.322 Y-53.754
G1 X-3.468 Y-54.154
G1 X0.000 Y-58.315
G1 X3.468 Y-54.154
G1 X-3.468 Y-54.154
G1 X-2.614 Y-54.554
G1 X0.000 Y-57.690
G1 X2.614 Y-54.554
G1 X-2.614 Y-54.554
G1 X-1.760 Y-54.954
G1 X0.000 Y-57.066
G1 X1.760 Y-54.954
G1 X-1.760 Y-54.954
G1 X-0.906 Y-55.354
G1 X0.000 Y-56.441
G1 X0.906 Y-55.354
G1 X-0.906 Y-55.354
G1 X-0.052 Y-55.754
G1 X0.000 Y-55.816
G1 X0.052 Y-55.754
G1 X-0.052 Y-55.754
G1 X-14.800 Y-49.928 Z1.900
G1 X-14.800 Y-49.928
G1 X0.000 Y-67.688
G1 X14.800 Y-49.928
G1 X14.800 Y-48.072
G1 X-14.800 Y-48.072
G1 X-14.800 Y-49.928
G1 X-14.400 Y-49.783
G1 X0.000 Y-67.063
G1 X14.400 Y-49.783
G1 X14.400 Y-48.472
G1 X-14.400 Y-48.472
G1 X-14.400 Y-49.783
G1 X-14.000 Y-49.638
G1 X0.000 Y-66.438
G1 X14.000 Y-49.638
G1 X14.000 Y-48.872
G1 X-14.000 Y-48.872
G1 X-14.000 Y-49.638
G1 X-13.600 Y-49.493
G1 X0.000 Y-65.813
G1 X13.600 Y-49.493
G1 X13.600 Y-49.272
G1 X-13.600 Y-49.272
G1 X-13.600 Y-49.493
G1 X-12.930 Y-49.672
G1 X0.000 Y-65.188
G1 X12.930 Y-49.672
G1 X-12.930 Y-49.672
G1 X-12.076 Y-50.072
G1 X0.000 Y-64.563
G1 X12.076 Y-50.072
G1 X-12.076 Y-50.072
G1 X-11.222 Y-50.472
G1 X0.000 Y-63.939
G1 X11.222 Y-50.472
G1 X-11.222 Y-50.472
G1 X-10.368 Y-50.872
G1 X0.000 Y-63.314
G1 X10.368 Y-50.872
G1 X-10.368 Y-50.872
G1 X-9.514 Y-51.272
G1 X0.000 Y-62.689
G1 X9.514 Y-51.272
G1 X-9.514 Y-51.272
G1 X-8.660 Y-51.672
G1 X-0.000 Y-62.064
G1 X8.660 Y-51.672
G1 X-8.660 Y-51.672
G1 X-7.806 Y-52.072
G1 X-0.000 Y-61.439
G1 X7.806 Y-52.072
G1 X-7.806 Y-52.072
G1 X-6.952 Y-52.472
G1 X-0.000 Y-60.815
G1 X6.952 Y-52.472
G1 X-6.952 Y-52.472
G1 X-6.098 Y-52.872
G1 X-0.000 Y-60.190
G1 X6.098 Y-52.872
G1 X-6.098 Y-52.872
G1 X-5.244 Y-53.272
G1 X-0.000 Y-59.565
G1 X5.244 Y-53.272
G1 X-5.244 Y-53.272
G1 X-4.390 Y-53.672
G1 X-0.000 Y-58.940
G1 X4.390 Y-53.672
G1 X-4.390 Y-53.672
G1 X-3.536 Y-54.072
G1 X-0.000 Y-58.315
G1 X3.536 Y-54.072
G1 X-3.536 Y-54.072
G1 X-2.682 Y-54.472
G1 X-0.000 Y-57.690
G1 X2.682 Y-54.472
G1 X-2.682 Y-54.472
G1 X-1.828 Y-54.872
G1 X-0.000 Y-57.066
G1 X1.828 Y-54.872
G1 X-1.828 Y-54.872
G1 X-0.974 Y-55.272
G1 X-0.000 Y-56.441
G1 X0.974 Y-55.272
G1 X-0.974 Y-55.272
G1 X-0.120 Y-55.672
G1 X-0.000 Y-55.816
G1 X0.120 Y-55.672
G1 X-0.120 Y-55.672
G1 X-14.800 Y-49.928 Z2.300
G1 X-14.800 Y-49.928
G1 X0.000 Y-67.688
G1 X14.800 Y-49.928
G1 X14.800 Y-47.946
G1 X-14.800 Y-47.946
G1 X-14.800 Y-49.928
G1 X-14.400 Y-49.783
G1 X0.000 Y-67.063
G1 X14.400 Y-49.783
G1 X14.400 Y-48.346
G1 X-14.400 Y-48.346
G1 X-14.400 Y-49.783
G1 X-14.000 Y-49.638
G1 X0.000 Y-66.438
G1 X14.000 Y-49.638
G1 X14.000 Y-48.746
G1 X-14.000 Y-48.746
G1 X-14.000 Y-49.638
G1 X-13.600 Y-49.493
G1 X0.000 Y-65.813
G1 X13.600 Y-49.493
G1 X13.600 Y-49.146
G1 X-13.600 Y-49.146
G1 X-13.600 Y-49.493
G1 X-13.035 Y-49.546
G1 X0.000 Y-65.188
G1 X13.035 Y-49.546
G1 X-13.035 Y-49.546
G1 X-12.181 Y-49.946
G1 X0.000 Y-64.563
G1 X12.181 Y-49.946
G1 X-12.181 Y-49.946
G1 X-11.327 Y-50.346
G1 X0.000 Y-63.939
G1 X11.327 Y-50.346
G1 X-11.327 Y-50.346
G1 X-10.473 Y-50.746
G1 X0.000 Y-63.314
G1 X10.473 Y-50.746
G1 X-10.473 Y-50.746
G1 X-9.619 Y-51.146
G1 X0.000 Y-62.689
G1 X9.619 Y-51.146
G1 X-9.619 Y-51.146
G1 X-8.765 Y-51.546
G1 X0.000 Y-62.064
G1 X8.765 Y-51.546
G1 X-8.765 Y-51.546
G1 X-7.911 Y-51.946
G1 X0.000 Y-61.439
G1 X7.911 Y-51.946
G1 X-7.911 Y-51.946
G1 X-7.057 Y-52.346
G1 X0.000 Y-60.815
G1 X7.057 Y-52.346
G1 X-7.057 Y-52.346
G1 X-6.203 Y-52.746
G1 X0.000 Y-60.190
G1 X6.203 Y-52.746
G1 X-6.203 Y-52.746
G1 X-5.349 Y-53.146
G1 X0.000 Y-59.565
G1 X5.349 Y-53.146
G1 X-5.349 Y-53.146
G1 X-4.495 Y-53.546
G1 X0.000 Y-58.940
G1 X4.495 Y-53.546
G1 X-4.495 Y-53.546
G1 X-3.641 Y-53.946
G1 X0.000 Y-58.315
G1 X3.641 Y-53.946
G1 X-3.641 Y-53.946
G1 X-2.787 Y-54.346
G1 X0.000 Y-57.690
G1 X2.787 Y-54.346
G1 X-2.787 Y-54.346
G1 X-1.933 Y-54.746
G1 X0.000 Y-57.066
G1 X1.933 Y-54.746
G1 X-1.933 Y-54.746
G1 X-1.079 Y-55.146
G1 X-0.000 Y-56.441
G1 X1.079 Y-55.146
G1 X-1.079 Y-55.146
G1 X-0.225 Y-55.546
G1 X-0.000 Y-55.816
G1 X0.225 Y-55.546
G1 X-0.225 Y-55.546
G1 X-14.800 Y-49.928 Z2.700
G1 X-14.800 Y-49.928
G1 X0.000 Y-67.688
G1 X14.800 Y-49.928
G1 X14.800 Y-47.772
G1 X-14.800 Y-47.772
G1 X-14.800 Y-49.928
G1 X-14.400 Y-49.783
G1 X0.000 Y-67.063
G1 X14.400 Y-49.783
G1 X14.400 Y-48.172
G1 X-14.400 Y-48.172
G1 X-14.400 Y-49.783
G1 X-14.000 Y-49.638
G1 X0.000 Y-66.438
G1 X14.000 Y-49.638
G1 X14.000 Y-48.572
G1 X-14.000 Y-48.572
G1 X-14.000 Y-49.638
G1 X-13.600 Y-49.493
G1 X0.000 Y-65.813
G1 X13.600 Y-49.493
G1 X13.600 Y-48.972
G1 X-13.600 Y-48.972
G1 X-13.600 Y-49.493
G1 X-13.180 Y-49.372
G1 X0.000 Y-65.188
G1 X13.180 Y-49.372
G1 X-13.180 Y-49.372
G1 X-12.326 Y-49.772
G1 X0.000 Y-64.563
G1 X12.326 Y-49.772
G1 X-12.326 Y-49.772
G1 X-11.472 Y-50.172
G1 X0.000 Y-63.939
G1 X11.472 Y-50.172
G1 X-11.472 Y-50.172
G1 X-10.618 Y-50.572
G1 X0.000 Y-63.314
G1 X10.618 Y-50.572
G1 X-10.618 Y-50.572
G1 X-9.764 Y-50.972
G1 X0.000 Y-62.689
G1 X9.764 Y-50.972
G1 X-9.764 Y-50.972
G1 X-8.910 Y-51.372
G1 X0.000 Y-62.064
G1 X8.910 Y-51.372
G1 X-8.910 Y-51.372
G1 X-8.056 Y-51.772
G1 X0.000 Y-61.439
G1 X8.056 Y-51.772
G1 X-8.056 Y-51.772
G1 X-7.202 Y-52.172
G1 X0.000 Y-60.815
G1 X7.202 Y-52.172
G1 X-7.202 Y-52.172
G1 X-6.348 Y-52.572
G1 X0.000 Y-60.190
G1 X6.348 Y-52.572
G1 X-6.348 Y-52.572
G1 X-5.494 Y-52.972
G1 X0.000 Y-59.565
G1 X5.494 Y-52.972
G1 X-5.494 Y-52.972
G1 X-4.640 Y-53.372
G1 X0.000 Y-58.940
G1 X4.640 Y-53.372
G1 X-4.640 Y-53.372
G1 X-3.786 Y-53.772
G1 X0.000 Y-58.315
G1 X3.786 Y-53.772
G1 X-3.786 Y-53.772
G1 X-2.932 Y-54.172
G1 X0.000 Y-57.690
G1 X2.932 Y-54.172
G1 X-2.932 Y-54.172
G1 X-2.078 Y-54.572
G1 X0.000 Y-57.066
G1 X2.078 Y-54.572
G1 X-2.078 Y-54.572
G1 X-1.224 Y-54.972
G1 X0.000 Y-56.441
G1 X1.224 Y-54.972
G1 X-1.224 Y-54.972
G1 X-0.370 Y-55.372
G1 X0.000 Y-55.816
G1 X0.370 Y-55.372
G1 X-0.370 Y-55.372
M9
G1 Z10.000
G1 X15.000 Y50.000
G1 Z1.100
M7
G4 P150
G1 X14.800 Y49.928 Z1.100
G1 X14.800 Y49.928
G1 X0.000 Y67.688
G1 X-14.800 Y49.928
G1 X-14.800 Y48.194
G1 X14.800 Y48.194
G1 X14.800 Y49.928
G1 X14.400 Y49.783
G1 X0.000 Y67.063
G1 X-14.400 Y49.783
G1 X-14.400 Y48.594
G1 X14.400 Y48.594
G1 X14.400 Y49.783
G1 X14.000 Y49.638
G1 X0.000 Y66.438
G1 X-14.000 Y49.638
G1 X-14.000 Y48.994
G1 X14.000 Y48.994
G1 X14.000 Y49.638
G1 X13.600 Y49.493
G1 X0.000 Y65.813
G1 X-13.600 Y49.493
G1 X-13.600 Y49.394
G1 X13.600 Y49.394
G1 X13.600 Y49.493
G1 X12.829 Y49.794
G1 X0.000 Y65.188
G1 X-12.829 Y49.794
G1 X12.829 Y49.794
G1 X11.975 Y50.194
G1 X0.000 Y64.563
G1 X-11.975 Y50.194
G1 X11.975 Y50.194
G1 X11.121 Y50.594
G1 X0.000 Y63.939
G1 X-11.121 Y50.594
G1 X11.121 Y50.594
G1 X10.267 Y50.994
G1 X0.000 Y63.314
G1 X-10.267 Y50.994
G1 X10.267 Y50.994
G1 X9.413 Y51.394
G1 X0.000 Y62.689
G1 X-9.413 Y51.394
G1 X9.413 Y51.394
G1 X8.559 Y51.794
G1 X0.000 Y62.064
G1 X-8.559 Y51.794
G1 X8.559 Y51.794
G1 X7.704 Y52.194
G1 X-0.000 Y61.439
G1 X-7.704 Y52.194
G1 X7.704 Y52.194
G1 X6.850 Y52.594
G1 X-0.000 Y60.815
G1 X-6.850 Y52.594
G1 X6.850 Y52.594
G1 X5.996 Y52.994
G1 X-0.000 Y60.190
G1 X-5.996 Y52.994
G1 X5.996 Y52.994
G1 X5.142 Y53.394
G1 X-0.000 Y59.565
G1 X-5.142 Y53.394
G1 X5.142 Y53.394
G1 X4.288 Y53.794
G1 X-0.000 Y58.940
G1 X-4.288 Y53.794
G1 X4.288 Y53.794
G1 X3.434 Y54.194
G1 X-0.000 Y58.315
G1 X-3.434 Y54.194
G1 X3.434 Y54.194
G1 X2.580 Y54.594
G1 X-0.000 Y57.690
G1 X-2.580 Y54.594
G1 X2.580 Y54.594
G1 X1.726 Y54.994
G1 X-0.000 Y57.066
G1 X-1.726 Y54.994
G1 X1.726 Y54.994
G1 X0.872 Y55.394
G1 X-0.000 Y56.441
G1 X-0.872 Y55.394
G1 X0.872 Y55.394
G1 X0.018 Y55.794
G1 X-0.000 Y55.816
G1 X-0.018 Y55.794
G1 X0.018 Y55.794
G1 X14.800 Y49.928 Z1.500
G1 X14.800 Y49.928
G1 X0.000 Y67.688
G1 X-14.800 Y49.928
G1 X-14.800 Y48.154
G1 X14.800 Y48.154
G1 X14.800 Y49.928
G1 X14.400 Y49.783
G1 X0.000 Y67.063
G1 X-14.400 Y49.783
G1 X-14.400 Y48.554
G1 X14.400 Y48.554
G1 X14.400 Y49.783
G1 X14.000 Y49.638
G1 X0.000 Y66.438
G1 X-14.000 Y49.638
G1 X-14.000 Y48.954
G1 X14.000 Y48.954
G1 X14.000 Y49.638
G1 X13.600 Y49.493
G1 X0.000 Y65.813
G1 X-13.600 Y49.493
G1 X-13.600 Y49.354
G1 X13.600 Y49.354
G1 X13.600 Y49.493
G1 X12.862 Y49.754
G1 X0.000 Y65.188
G1 X-12.862 Y49.754
G1 X12.862 Y49.754
G1 X12.008 Y50.154
G1 X0.000 Y64.563
G1 X-12.008 Y50.154
G1 X12.008 Y50.154
G1 X11.154 Y50.554
G1 X0.000 Y63.939
G1 X-11.154 Y50.554
G1 X11.154 Y50.554
G1 X10.300 Y50.954
G1 X0.000 Y63.314
G1 X-10.300 Y50.954
G1 X10.300 Y50.954
G1 X9.446 Y51.354
G1 X0.000 Y62.689
G1 X-9.446 Y51.354
G1 X9.446 Y51.354
G1 X8.592 Y51.754
G1 X0.000 Y62.064
G1 X-8.592 Y51.754
G1 X8.592 Y51.754
G1 X7.738 Y52.154
G1 X-0.000 Y61.439
G1 X-7.738 Y52.154
G1 X7.738 Y52.154
G1 X6.884 Y52.554
G1 X-0.000 Y60.815
G1 X-6.884 Y52.554
G1 X6.884 Y52.554
G1 X6.030 Y52.954
G1 X-0.000 Y60.190
G1 X-6.030 Y52.954
G1 X6.030 Y52.954
G1 X5.176 Y53.354
G1 X-0.000 Y59.565
G1 X-5.176 Y53.354
G1 X5.176 Y53.354
G1 X4.322 Y53.754
G1 X-0.000 Y58.940
G1 X-4.322 Y53.754
G1 X4.322 Y53.754
G1 X3.468 Y54.154
G1 X-0.000 Y58.315
G1 X-3.468 Y54.154
G1 X3.468 Y54.154
G1 X2.614 Y54.554
G1 X-0.000 Y57.690
G1 X-2.614 Y54.554
G1 X2.614 Y54.554
G1 X1.760 Y54.954
G1 X-0.000 Y57.066
G1 X-1.760 Y54.954
G1 X1.760 Y54.954
G1 X0.906 Y55.354
G1 X-0.000 Y56.441
G1 X-0.906 Y55.354
G1 X0.906 Y55.354
G1 X0.052 Y55.754
G1 X-0.000 Y55.816
G1 X-0.052 Y55.754
G1 X0.052 Y55.754
G1 X14.800 Y49.928 Z1.900
G1 X14.800 Y49.928
G1 X0.000 Y67.688
G1 X-14.800 Y49.928
G1 X-14.800 Y48.072
G1 X14.800 Y48.072
G1 X14.800 Y49.928
G1 X14.400 Y49.783
G1 X0.000 Y67.063
G1 X-14.400 Y49.783
G1 X-14.400 Y48.472
G1 X14.400 Y48.472
G1 X14.400 Y49.783
G1 X14.000 Y49.638
G1 X0.000 Y66.438
G1 X-14.000 Y49.638
G1 X-14.000 Y48.872
G1 X14.000 Y48.872
G1 X14.000 Y49.638
G1 X13.600 Y49.493
G1 X0.000 Y65.813
G1 X-13.600 Y49.493
G1 X-13.600 Y49.272
G1 X13.600 Y49.272
G1 X13.600 Y49.493
G1 X12.930 Y49.672
G1 X0.000 Y65.188
G1 X-12.930 Y49.672
G1 X12.930 Y49.672
G1 X12.076 Y50.072
G1 X0.000 Y64.563
G1 X-12.076 Y50.072
G1 X12.076 Y50.072
G1 X11.222 Y50.472
G1 X0.000 Y63.939
G1 X-11.222 Y50.472
G1 X11.222 Y50.472
G1 X10.368 Y50.872
G1 X0.000 Y63.314
G1 X-10.368 Y50.872
G1 X10.368 Y50.872
G1 X9.514 Y51.272
G1 X0.000 Y62.689
G1 X-9.514 Y51.272
G1 X9.514 Y51.272
G1 X8.660 Y51.672
G1 X0.000 Y62.064
G1 X-8.660 Y51.672
G1 X8.660 Y51.672
G1 X7.806 Y52.072
G1 X0.000 Y61.439
G1 X-7.806 Y52.072
G1 X7.806 Y52.072
G1 X6.952 Y52.472
G1 X0.000 Y60.815
G1 X-6.952 Y52.472
G1 X6.952 Y52.472
G1 X6.098 Y52.872
G1 X0.000 Y60.190
G1 X-6.098 Y52.872
G1 X6.098 Y52.872
G1 X5.244 Y53.272
G1 X0.000 Y59.565
G1 X-5.244 Y53.272
G1 X5.244 Y53.272
G1 X4.390 Y53.672
G1 X0.000 Y58.940
G1 X-4.390 Y53.672
G1 X4.390 Y53.672
G1 X3.536 Y54.072
G1 X0.000 Y58.315
G1 X-3.536 Y54.072
G1 X3.536 Y54.072
G1 X2.682 Y54.472
G1 X0.000 Y57.690
G1 X-2.682 Y54.472
G1 X2.682 Y54.472
G1 X1.828 Y54.872
G1 X0.000 Y57.066
G1 X-1.828 Y54.872
G1 X1.828 Y54.872
G1 X0.974 Y55.272
G1 X0.000 Y56.441
G1 X-0.974 Y55.272
G1 X0.974 Y55.272
G1 X0.120 Y55.672
G1 X0.000 Y55.816
G1 X-0.120 Y55.672
G1 X0.120 Y55.672
G1 X14.800 Y49.928 Z2.300
G1 X14.800 Y49.928
G1 X0.000 Y67.688
G1 X-14.800 Y49.928
G1 X-14.800 Y47.946
G1 X14.800 Y47.946
G1 X14.800 Y49.928
G1 X14.400 Y49.783
G1 X0.000 Y67.063
G1 X-14.400 Y49.783
G1 X-14.400 Y48.346
G1 X14.400 Y48.346
G1 X14.400 Y49.783
G1 X14.000 Y49.638
G1 X0.000 Y66.438
G1 X-14.000 Y49.638
G1 X-14.000 Y48.746
G1 X14.000 Y48.746
G1 X14.000 Y49.638
G1 X13.600 Y49.493
G1 X0.000 Y65.813
G1 X-13.600 Y49.493
G1 X-13.600 Y49.146
G1 X13.600 Y49.146
G1 X13.600 Y49.493
G1 X13.035 Y49.546
G1 X0.000 Y65.188
G1 X-13.035 Y49.546
G1 X13.035 Y49.546
G1 X12.181 Y49.946
G1 X0.000 Y64.563
G1 X-12.181 Y49.946
G1 X12.181 Y49.946
G1 X11.327 Y50.346
G1 X0.000 Y63.939
G1 X-11.327 Y50.346
G1 X11.327 Y50.346
G1 X10.473 Y50.746
G1 X0.000 Y63.314
G1 X-10.473 Y50.746
G1 X10.473 Y50.746
G1 X9.619 Y51.146
G1 X0.000 Y62.689
G1 X-9.619 Y51.146
G1 X9.619 Y51.146
G1 X8.765 Y51.546
G1 X0.000 Y62.064
G1 X-8.765 Y51.546
G1 X8.765 Y51.546
G1 X7.911 Y51.946
G1 X0.000 Y61.439
G1 X-7.911 Y51.946
G1 X7.911 Y51.946
G1 X7.057 Y52.346
G1 X0.000 Y60.815
G1 X-7.057 Y52.346
G1 X7.057 Y52.346
G1 X6.203 Y52.746
G1 X0.000 Y60.190
G1 X-6.203 Y52.746
G1 X6.203 Y52.746
G1 X5.349 Y53.146
G1 X0.000 Y59.565
G1 X-5.349 Y53.146
G1 X5.349 Y53.146
G1 X4.495 Y53.546
G1 X0.000 Y58.940
G1 X-4.495 Y53.546
G1 X4.495 Y53.546
G1 X3.641 Y53.946
G1 X-0.000 Y58.315
G1 X-3.641 Y53.946
G1 X3.641 Y53.946
G1 X2.787 Y54.346
G1 X0.000 Y57.690
G1 X-2.787 Y54.346
G1 X2.787 Y54.346
G1 X1.933 Y54.746
G1 X0.000 Y57.066
G1 X-1.933 Y54.746
G1 X1.933 Y54.746
G1 X1.079 Y55.146
G1 X0.000 Y56.441
G1 X-1.079 Y55.146
G1 X1.079 Y55.146
G1 X0.225 Y55.546
G1 X0.000 Y55.816
G1 X-0.225 Y55.546
G1 X0.225 Y55.546
G1 X14.800 Y49.928 Z2.700
G1 X14.800 Y49.928
G1 X0.000 Y67.688
G1 X-14.800 Y49.928
G1 X-14.800 Y47.772
G1 X14.800 Y47.772
G1 X14.800 Y49.928
G1 X14.400 Y49.783
G1 X0.000 Y67.063
G1 X-14.400 Y49.783
G1 X-14.400 Y48.172
G1 X14.400 Y48.172
G1 X14.400 Y49.783
G1 X14.000 Y49.638
G1 X0.000 Y66.438
G1 X-14.000 Y49.638
G1 X-14.000 Y48.572
G1 X14.000 Y48.572
G1 X14.000 Y49.638
G1 X13.600 Y49.493
G1 X0.000 Y65.813
G1 X-13.600 Y49.493
G1 X-13.600 Y48.972
G1 X13.600 Y48.972
G1 X13.600 Y49.493
G1 X13.180 Y49.372
G1 X0.000 Y65.188
G1 X-13.180 Y49.372
G1 X13.180 Y49.372
G1 X12.326 Y49.772
G1 X0.000 Y64.563
G1 X-12.326 Y49.772
G1 X12.326 Y49.772
G1 X11.472 Y50.172
G1 X0.000 Y63.939
G1 X-11.472 Y50.172
G1 X11.472 Y50.172
G1 X10.618 Y50.572
G1 X0.000 Y63.314
G1 X-10.618 Y50.572
G1 X10.618 Y50.572
G1 X9.764 Y50.972
G1 X0.000 Y62.689
G1 X-9.764 Y50.972
G1 X9.764 Y50.972
G1 X8.910 Y51.372
G1 X0.000 Y62.064
G1 X-8.910 Y51.372
G1 X8.910 Y51.372
G1 X8.056 Y51.772
G1 X-0.000 Y61.439
G1 X-8.056 Y51.772
G1 X8.056 Y51.772
G1 X7.202 Y52.172
G1 X-0.000 Y60.815
G1 X-7.202 Y52.172
G1 X7.202 Y52.172
G1 X6.348 Y52.572
G1 X-0.000 Y60.190
G1 X-6.348 Y52.572
G1 X6.348 Y52.572
G1 X5.494 Y52.972
G1 X-0.000 Y59.565
G1 X-5.494 Y52.972
G1 X5.494 Y52.972
G1 X4.640 Y53.372
G1 X-0.000 Y58.940
G1 X-4.640 Y53.372
G1 X4.640 Y53.372
G1 X3.786 Y53.772
G1 X-0.000 Y58.315
G1 X-3.786 Y53.772
G1 X3.786 Y53.772
G1 X2.932 Y54.172
G1 X-0.000 Y57.690
G1 X-2.932 Y54.172
G1 X2.932 Y54.172
G1 X2.078 Y54.572
G1 X-0.000 Y57.066
G1 X-2.078 Y54.572
G1 X2.078 Y54.572
G1 X1.224 Y54.972
G1 X-0.000 Y56.441
G1 X-1.224 Y54.972
G1 X1.224 Y54.972
G1 X0.370 Y55.372
G1 X-0.000 Y55.816
G1 X-0.370 Y55.372
G1 X0.370 Y55.372
M9
G1 Z10.000
G1 X32.799 Y-10.000
G1 Z1.100
M7
G4 P150
G1 X32.781 Y-9.800 Z1.100
G1 X32.781 Y-9.800
G1 X43.782 Y-7.800
G1 X45.605 Y-7.800
G1 X45.605 Y7.800
G1 X43.782 Y7.800
G1 X32.781 Y9.800
G1 X27.400 Y9.800
G1 X27.400 Y-9.800
G1 X32.781 Y-9.800
G1 X32.745 Y-9.400
G1 X43.746 Y-7.400
G1 X45.205 Y-7.400
G1 X45.205 Y7.400
G1 X43.746 Y7.400
G1 X32.745 Y9.400
G1 X27.800 Y9.400
G1 X27.800 Y-9.400
G1 X32.745 Y-9.400
G1 X32.709 Y-9.000
G1 X43.710 Y-7.000
G1 X44.805 Y-7.000
G1 X44.805 Y7.000
G1 X43.710 Y7.000
G1 X32.709 Y9.000
G1 X28.200 Y9.000
G1 X28.200 Y-9.000
G1 X32.709 Y-9.000
G1 X32.673 Y-8.600
G1 X43.674 Y-6.600
G1 X44.405 Y-6.600
G1 X44.405 Y6.600
G1 X43.674 Y6.600
G1 X32.673 Y8.600
G1 X28.600 Y8.600
G1 X28.600 Y-8.600
G1 X32.673 Y-8.600
G1 X32.637 Y-8.200
G1 X43.638 Y-6.200
G1 X44.005 Y-6.200
G1 X44.005 Y6.200
G1 X43.638 Y6.200
G1 X32.637 Y8.200
G1 X29.000 Y8.200
G1 X29.000 Y-8.200
G1 X32.637 Y-8.200
G1 X32.601 Y-7.800
G1 X43.602 Y-5.800
G1 X43.605 Y-5.800
G1 X43.605 Y5.800
G1 X43.602 Y5.800
G1 X32.601 Y7.800
G1 X29.400 Y7.800
G1 X29.400 Y-7.800
G1 X32.601 Y-7.800
G1 X32.565 Y-7.400
G1 X43.205 Y-5.466
G1 X43.205 Y5.466
G1 X32.565 Y7.400
G1 X29.800 Y7.400
G1 X29.800 Y-7.400
G1 X32.565 Y-7.400
G1 X32.529 Y-7.000
G1 X42.805 Y-5.132
G1 X42.805 Y5.132
G1 X32.529 Y7.000
G1 X30.200 Y7.000
G1 X30.200 Y-7.000
G1 X32.529 Y-7.000
G1 X32.492 Y-6.600
G1 X42.405 Y-4.798
G1 X42.405 Y4.798
G1 X32.492 Y6.600
G1 X30.600 Y6.600
G1 X30.600 Y-6.600
G1 X32.492 Y-6.600
G1 X32.456 Y-6.200
G1 X42.005 Y-4.464
G1 X42.005 Y4.464
G1 X32.456 Y6.200
G1 X31.000 Y6.200
G1 X31.000 Y-6.200
G1 X32.456 Y-6.200
G1 X32.420 Y-5.800
G1 X41.605 Y-4.130
G1 X41.605 Y4.130
G1 X32.420 Y5.800
G1 X31.400 Y5.800
G1 X31.400 Y-5.800
G1 X32.420 Y-5.800
G1 X32.384 Y-5.400
G1 X41.205 Y-3.796
G1 X41.205 Y3.796
G1 X32.384 Y5.400
G1 X31.800 Y5.400
G1 X31.800 Y-5.400
G1 X32.384 Y-5.400
G1 X32.348 Y-5.000
G1 X40.805 Y-3.463
G1 X40.805 Y3.463
G1 X32.348 Y5.000
G1 X32.200 Y5.000
G1 X32.200 Y-5.000
G1 X32.348 Y-5.000
G1 X32.600 Y-4.548
G1 X40.405 Y-3.129
G1 X40.405 Y3.129
G1 X32.600 Y4.548
G1 X32.600 Y-4.548
G1 X33.000 Y-4.068
G1 X40.005 Y-2.795
G1 X40.005 Y2.795
G1 X33.000 Y4.068
G1 X33.000 Y-4.068
G1 X33.400 Y-3.589
G1 X39.605 Y-2.461
G1 X39.605 Y2.461
G1 X33.400 Y3.589
G1 X33.400 Y-3.589
G1 X33.800 Y-3.110
G1 X39.205 Y-2.127
G1 X39.205 Y2.127
G1 X33.800 Y3.110
G1 X33.800 Y-3.110
G1 X34.200 Y-2.631
G1 X38.805 Y-1.793
G1 X38.805 Y1.793
G1 X34.200 Y2.631
G1 X34.200 Y-2.631
G1 X34.600 Y-2.151
G1 X38.405 Y-1.460
G1 X38.405 Y1.460
G1 X34.600 Y2.151
G1 X34.600 Y-2.151
G1 X35.000 Y-1.672
G1 X38.005 Y-1.126
G1 X38.005 Y1.126
G1 X35.000 Y1.672
G1 X35.000 Y-1.672
G1 X35.400 Y-1.193
G1 X37.605 Y-0.792
G1 X37.605 Y0.792
G1 X35.400 Y1.193
G1 X35.400 Y-1.193
G1 X35.800 Y-0.713
G1 X37.205 Y-0.458
G1 X37.205 Y0.458
G1 X35.800 Y0.713
G1 X35.800 Y-0.713
G1 X36.200 Y-0.234
G1 X36.805 Y-0.124
G1 X36.805 Y0.124
G1 X36.200 Y0.234
G1 X36.200 Y-0.234
G1 X32.781 Y-9.800 Z1.500
G1 X32.781 Y-9.800
G1 X43.782 Y-7.800
G1 X45.645 Y-7.800
G1 X45.645 Y7.800
G1 X43.782 Y7.800
G1 X32.781 Y9.800
G1 X29.107 Y9.800
G1 X29.107 Y-9.800
G1 X32.781 Y-9.800
G1 X32.745 Y-9.400
G1 X43.746 Y-7.400
G1 X45.245 Y-7.400
G1 X45.245 Y7.400
G1 X43.746 Y7.400
G1 X32.745 Y9.400
G1 X29.507 Y9.400
G1 X29.507 Y-9.400
G1 X32.745 Y-9.400
G1 X32.709 Y-9.000
G1 X43.710 Y-7.000
G1 X44.845 Y-7.000
G1 X44.845 Y7.000
G1 X43.710 Y7.000
G1 X32.709 Y9.000
G1 X29.907 Y9.000
G1 X29.907 Y-9.000
G1 X32.709 Y-9.000
G1 X32.673 Y-8.600
G1 X43.674 Y-6.600
G1 X44.445 Y-6.600
G1 X44.445 Y6.600
G1 X43.674 Y6.600
G1 X32.673 Y8.600
G1 X30.307 Y8.600
G1 X30.307 Y-8.600
G1 X32.673 Y-8.600
G1 X32.637 Y-8.200
G1 X43.638 Y-6.200
G1 X44.045 Y-6.200
G1 X44.045 Y6.200
G1 X43.638 Y6.200
G1 X32.637 Y8.200
G1 X30.707 Y8.200
G1 X30.707 Y-8.200
G1 X32.637 Y-8.200
G1 X32.601 Y-7.800
G1 X43.602 Y-5.800
G1 X43.645 Y-5.800
G1 X43.645 Y5.800
G1 X43.602 Y5.800
G1 X32.601 Y7.800
G1 X31.107 Y7.800
G1 X31.107 Y-7.800
G1 X32.601 Y-7.800
G1 X32.565 Y-7.400
G1 X43.245 Y-5.458
G1 X43.245 Y5.458
G1 X32.565 Y7.400
G1 X31.507 Y7.400
G1 X31.507 Y-7.400
G1 X32.565 Y-7.400
G1 X32.529 Y-7.000
G1 X42.845 Y-5.124
G1 X42.845 Y5.124
G1 X32.529 Y7.000
G1 X31.907 Y7.000
G1 X31.907 Y-7.000
G1 X32.529 Y-7.000
G1 X32.492 Y-6.600
G1 X42.445 Y-4.791
G1 X42.445 Y4.791
G1 X32.492 Y6.600
G1 X32.307 Y6.600
G1 X32.307 Y-6.600
G1 X32.492 Y-6.600
G1 X32.707 Y-6.154
G1 X42.045 Y-4.457
G1 X42.045 Y4.457
G1 X32.707 Y6.154
G1 X32.707 Y-6.154
G1 X33.107 Y-5.675
G1 X41.645 Y-4.123
G1 X41.645 Y4.123
G1 X33.107 Y5.675
G1 X33.107 Y-5.675
G1 X33.507 Y-5.196
G1 X41.245 Y-3.789
G1 X41.245 Y3.789
G1 X33.507 Y5.196
G1 X33.507 Y-5.196
G1 X33.907 Y-4.717
G1 X40.845 Y-3.455
G1 X40.845 Y3.455
G1 X33.907 Y4.717
G1 X33.907 Y-4.717
G1 X34.307 Y-4.237
G1 X40.445 Y-3.121
G1 X40.445 Y3.121
G1 X34.307 Y4.237
G1 X34.307 Y-4.237
G1 X34.707 Y-3.758
G1 X40.045 Y-2.788
G1 X40.045 Y2.788
G1 X34.707 Y3.758
G1 X34.707 Y-3.758
G1 X35.107 Y-3.279
G1 X39.645 Y-2.454
G1 X39.645 Y2.454
G1 X35.107 Y3.279
G1 X35.107 Y-3.279
G1 X35.507 Y-2.799
G1 X39.245 Y-2.120
G1 X39.245 Y2.120
G1 X35.507 Y2.799
G1 X35.507 Y-2.799
G1 X35.907 Y-2.320
G1 X38.845 Y-1.786
G1 X38.845 Y1.786
G1 X35.907 Y2.320
G1 X35.907 Y-2.320
G1 X36.307 Y-1.841
G1 X38.445 Y-1.452
G1 X38.445 Y1.452
G1 X36.307 Y1.841
G1 X36.307 Y-1.841
G1 X36.707 Y-1.362
G1 X38.045 Y-1.118
G1 X38.045 Y1.118
G1 X36.707 Y1.362
G1 X36.707 Y-1.362
G1 X37.107 Y-0.882
G1 X37.645 Y-0.785
G1 X37.645 Y0.785
G1 X37.107 Y0.882
G1 X37.107 Y-0.882
G1 X32.781 Y-9.800 Z1.900
G1 X32.781 Y-9.800
G1 X43.782 Y-7.800
G1 X45.727 Y-7.800
G1 X45.727 Y7.800
G1 X43.782 Y7.800
G1 X32.781 Y9.800
G1 X29.645 Y9.800
G1 X29.645 Y-9.800
G1 X32.781 Y-9.800
G1 X32.745 Y-9.400
G1 X43.746 Y-7.400
G1 X45.327 Y-7.400
G1 X45.327 Y7.400
G1 X43.746 Y7.400
G1 X32.745 Y9.400
G1 X30.045 Y9.400
G1 X30.045 Y-9.400
G1 X32.745 Y-9.400
G1 X32.709 Y-9.000
G1 X43.710 Y-7.000
G1 X44.927 Y-7.000
G1 X44.927 Y7.000
G1 X43.710 Y7.000
G1 X32.709 Y9.000
G1 X30.445 Y9.000
G1 X30.445 Y-9.000
G1 X32.709 Y-9.000
G1 X32.673 Y-8.600
G1 X43.674 Y-6.600
G1 X44.527 Y-6.600
G1 X44.527 Y6.600
G1 X43.674 Y6.600
G1 X32.673 Y8.600
G1 X30.845 Y8.600
G1 X30.845 Y-8.600
G1 X32.673 Y-8.600
G1 X32.637 Y-8.200
G1 X43.638 Y-6.200
G1 X44.127 Y-6.200
G1 X44.127 Y6.200
G1 X43.638 Y6.200
G1 X32.637 Y8.200
G1 X31.245 Y8.200
G1 X31.245 Y-8.200
G1 X32.637 Y-8.200
G1 X32.601 Y-7.800
G1 X43.602 Y-5.800
G1 X43.727 Y-5.800
G1 X43.727 Y5.800
G1 X43.602 Y5.800
G1 X32.601 Y7.800
G1 X31.645 Y7.800
G1 X31.645 Y-7.800
G1 X32.601 Y-7.800
G1 X32.565 Y-7.400
G1 X43.327 Y-5.443
G1 X43.327 Y5.443
G1 X32.565 Y7.400
G1 X32.045 Y7.400
G1 X32.045 Y-7.400
G1 X32.565 Y-7.400
G1 X32.529 Y-7.000
G1 X42.927 Y-5.110
G1 X42.927 Y5.110
G1 X32.529 Y7.000
G1 X32.445 Y7.000
G1 X32.445 Y-7.000
G1 X32.529 Y-7.000
G1 X32.845 Y-6.536
G1 X42.527 Y-4.776
G1 X42.527 Y4.776
G1 X32.845 Y6.536
G1 X32.845 Y-6.536
G1 X33.245 Y-6.057
G1 X42.127 Y-4.442
G1 X42.127 Y4.442
G1 X33.245 Y6.057
G1 X33.245 Y-6.057
G1 X33.645 Y-5.577
G1 X41.727 Y-4.108
G1 X41.727 Y4.108
G1 X33.645 Y5.577
G1 X33.645 Y-5.577
G1 X34.045 Y-5.098
G1 X41.327 Y-3.774
G1 X41.327 Y3.774
G1 X34.045 Y5.098
G1 X34.045 Y-5.098
G1 X34.445 Y-4.619
G1 X40.927 Y-3.440
G1 X40.927 Y3.440
G1 X34.445 Y4.619
G1 X34.445 Y-4.619
G1 X34.845 Y-4.140
G1 X40.527 Y-3.107
G1 X40.527 Y3.107
G1 X34.845 Y4.140
G1 X34.845 Y-4.140
G1 X35.245 Y-3.660
G1 X40.127 Y-2.773
G1 X40.127 Y2.773
G1 X35.245 Y3.660
G1 X35.245 Y-3.660
G1 X35.645 Y-3.181
G1 X39.727 Y-2.439
G1 X39.727 Y2.439
G1 X35.645 Y3.181
G1 X35.645 Y-3.181
G1 X36.045 Y-2.702
G1 X39.327 Y-2.105
G1 X39.327 Y2.105
G1 X36.045 Y2.702
G1 X36.045 Y-2.702
G1 X36.445 Y-2.222
G1 X38.927 Y-1.771
G1 X38.927 Y1.771
G1 X36.445 Y2.222
G1 X36.445 Y-2.222
G1 X36.845 Y-1.743
G1 X38.527 Y-1.437
G1 X38.527 Y1.437
G1 X36.845 Y1.743
G1 X36.845 Y-1.743
G1 X37.245 Y-1.264
G1 X38.127 Y-1.104
G1 X38.127 Y1.104
G1 X37.245 Y1.264
G1 X37.245 Y-1.264
G1 X37.645 Y-0.785
G1 X37.727 Y-0.770
G1 X37.727 Y0.770
G1 X37.645 Y0.785
G1 X37.645 Y-0.785
M9
G1 Z10.000
G1 X32.799 Y-10.000
G1 Z2.300
M7
G4 P150
G1 X32.781 Y-9.800 Z2.300
G1 X32.781 Y-9.800
G1 X43.782 Y-7.800
G1 X45.853 Y-7.800
G1 X45.853 Y-1.000
G1 X30.039 Y-1.000
G1 X30.039 Y-9.800
G1 X32.781 Y-9.800
G1 X32.745 Y-9.400
G1 X43.746 Y-7.400
G1 X45.453 Y-7.400
G1 X45.453 Y-1.400
G1 X30.439 Y-1.400
G1 X30.439 Y-9.400
G1 X32.745 Y-9.400
G1 X32.709 Y-9.000
G1 X43.710 Y-7.000
G1 X45.053 Y-7.000
G1 X45.053 Y-1.800
G1 X30.839 Y-1.800
G1 X30.839 Y-9.000
G1 X32.709 Y-9.000
G1 X32.673 Y-8.600
G1 X43.674 Y-6.600
G1 X44.653 Y-6.600
G1 X44.653 Y-2.200
G1 X31.239 Y-2.200
G1 X31.239 Y-8.600
G1 X32.673 Y-8.600
G1 X32.637 Y-8.200
G1 X43.638 Y-6.200
G1 X44.253 Y-6.200
G1 X44.253 Y-2.600
G1 X31.639 Y-2.600
G1 X31.639 Y-8.200
G1 X32.637 Y-8.200
G1 X32.601 Y-7.800
G1 X43.602 Y-5.800
G1 X43.853 Y-5.800
G1 X43.853 Y-3.000
G1 X32.039 Y-3.000
G1 X32.039 Y-7.800
G1 X32.601 Y-7.800
G1 X32.565 Y-7.400
G1 X43.453 Y-5.420
G1 X43.453 Y-3.400
G1 X32.439 Y-3.400
G1 X32.439 Y-7.400
G1 X32.565 Y-7.400
G1 X32.839 Y-6.944
G1 X43.053 Y-5.087
G1 X43.053 Y-3.800
G1 X32.839 Y-3.800
G1 X32.839 Y-6.944
G1 X33.239 Y-6.464
G1 X42.653 Y-4.753
G1 X42.653 Y-4.200
G1 X33.239 Y-4.200
G1 X33.239 Y-6.464
G1 X33.639 Y-5.985
G1 X41.257 Y-4.600
G1 X33.639 Y-4.600
G1 X33.639 Y-5.985
G1 X34.039 Y-5.506
G1 X36.821 Y-5.000
G1 X34.039 Y-5.000
G1 X34.039 Y-5.506
G1 X32.781 Y-9.800 Z2.700
G1 X32.781 Y-9.800
G1 X43.782 Y-7.800
G1 X46.027 Y-7.800
G1 X46.027 Y-1.000
G1 X30.340 Y-1.000
G1 X30.340 Y-9.800
G1 X32.781 Y-9.800
G1 X32.745 Y-9.400
G1 X43.746 Y-7.400
G1 X45.627 Y-7.400
G1 X45.627 Y-1.400
G1 X30.740 Y-1.400
G1 X30.740 Y-9.400
G1 X32.745 Y-9.400
G1 X32.709 Y-9.000
G1 X43.710 Y-7.000
G1 X45.227 Y-7.000
G1 X45.227 Y-1.800
G1 X31.140 Y-1.800
G1 X31.140 Y-9.000
G1 X32.709 Y-9.000
G1 X32.673 Y-8.600
G1 X43.674 Y-6.600
G1 X44.827 Y-6.600
G1 X44.827 Y-2.200
G1 X31.540 Y-2.200
G1 X31.540 Y-8.600
G1 X32.673 Y-8.600
G1 X32.637 Y-8.200
G1 X43.638 Y-6.200
G1 X44.427 Y-6.200
G1 X44.427 Y-2.600
G1 X31.940 Y-2.600
G1 X31.940 Y-8.200
G1 X32.637 Y-8.200
G1 X32.601 Y-7.800
G1 X43.602 Y-5.800
G1 X44.027 Y-5.800
G1 X44.027 Y-3.000
G1 X32.340 Y-3.000
G1 X32.340 Y-7.800
G1 X32.601 Y-7.800
G1 X32.740 Y-7.368
G1 X43.566 Y-5.400
G1 X43.627 Y-5.400
G1 X43.627 Y-3.400
G1 X32.740 Y-3.400
G1 X32.740 Y-7.368
G1 X33.140 Y-6.889
G1 X43.227 Y-5.055
G1 X43.227 Y-3.800
G1 X33.140 Y-3.800
G1 X33.140 Y-6.889
G1 X33.540 Y-6.410
G1 X42.827 Y-4.721
G1 X42.827 Y-4.200
G1 X33.540 Y-4.200
G1 X33.540 Y-6.410
G1 X33.940 Y-5.930
G1 X41.257 Y-4.600
G1 X33.940 Y-4.600
G1 X33.940 Y-5.930
G1 X34.340 Y-5.451
G1 X36.821 Y-5.000
G1 X34.340 Y-5.000
G1 X34.340 Y-5.451
G1 X32.781 Y-9.800 Z3.100
G1 X32.781 Y-9.800
G1 X43.782 Y-7.800
G1 X46.259 Y-7.800
G1 X46.259 Y-1.000
G1 X30.572 Y-1.000
G1 X30.572 Y-9.800
G1 X32.781 Y-9.800
G1 X32.745 Y-9.400
G1 X43.746 Y-7.400
G1 X45.859 Y-7.400
G1 X45.859 Y-1.400
G1 X30.972 Y-1.400
G1 X30.972 Y-9.400
G1 X32.745 Y-9.400
G1 X32.709 Y-9.000
G1 X43.710 Y-7.000
G1 X45.459 Y-7.000
G1 X45.459 Y-1.800
G1 X31.372 Y-1.800
G1 X31.372 Y-9.000
G1 X32.709 Y-9.000
G1 X32.673 Y-8.600
G1 X43.674 Y-6.600
G1 X45.059 Y-6.600
G1 X45.059 Y-2.200
G1 X31.772 Y-2.200
G1 X31.772 Y-8.600
G1 X32.673 Y-8.600
G1 X32.637 Y-8.200
G1 X43.638 Y-6.200
G1 X44.659 Y-6.200
G1 X44.659 Y-2.600
G1 X32.172 Y-2.600
G1 X32.172 Y-8.200
G1 X32.637 Y-8.200
G1 X32.601 Y-7.800
G1 X43.602 Y-5.800
G1 X44.259 Y-5.800
G1 X44.259 Y-3.000
G1 X32.572 Y-3.000
G1 X32.572 Y-7.800
G1 X32.601 Y-7.800
G1 X32.972 Y-7.326
G1 X43.566 Y-5.400
G1 X43.859 Y-5.400
G1 X43.859 Y-3.400
G1 X32.972 Y-3.400
G1 X32.972 Y-7.326
G1 X33.372 Y-6.847
G1 X43.459 Y-5.013
G1 X43.459 Y-3.800
G1 X33.372 Y-3.800
G1 X33.372 Y-6.847
G1 X33.772 Y-6.367
G1 X43.059 Y-4.679
G1 X43.059 Y-4.200
G1 X33.772 Y-4.200
G1 X33.772 Y-6.367
G1 X34.172 Y-5.888
G1 X41.257 Y-4.600
G1 X34.172 Y-4.600
G1 X34.172 Y-5.888
G1 X34.572 Y-5.409
G1 X36.821 Y-5.000
G1 X34.572 Y-5.000
G1 X34.572 Y-5.409
G1 X32.781 Y-9.800 Z3.500
G1 X32.781 Y-9.800
G1 X43.782 Y-7.800
G1 X46.560 Y-7.800
G1 X46.560 Y-1.000
G1 X30.746 Y-1.000
G1 X30.746 Y-9.800
G1 X32.781 Y-9.800
G1 X32.745 Y-9.400
G1 X43.746 Y-7.400
G1 X46.160 Y-7.400
G1 X46.160 Y-1.400
G1 X31.146 Y-1.400
G1 X31.146 Y-9.400
G1 X32.745 Y-9.400
G1 X32.709 Y-9.000
G1 X43.710 Y-7.000
G1 X45.760 Y-7.000
G1 X45.760 Y-1.800
G1 X31.546 Y-1.800
G1 X31.546 Y-9.000
G1 X32.709 Y-9.000
G1 X32.673 Y-8.600
G1 X43.674 Y-6.600
G1 X45.360 Y-6.600
G1 X45.360 Y-2.200
G1 X31.946 Y-2.200
G1 X31.946 Y-8.600
G1 X32.673 Y-8.600
G1 X32.637 Y-8.200
G1 X43.638 Y-6.200
G1 X44.960 Y-6.200
G1 X44.960 Y-2.600
G1 X32.346 Y-2.600
G1 X32.346 Y-8.200
G1 X32.637 Y-8.200
G1 X32.746 Y-7.774
G1 X43.602 Y-5.800
G1 X44.560 Y-5.800
G1 X44.560 Y-3.000
G1 X32.746 Y-3.000
G1 X32.746 Y-7.774
G1 X33.146 Y-7.294
G1 X43.566 Y-5.400
G1 X44.160 Y-5.400
G1 X44.160 Y-3.400
G1 X33.146 Y-3.400
G1 X33.146 Y-7.294
G1 X33.546 Y-6.815
G1 X43.530 Y-5.000
G1 X43.760 Y-5.000
G1 X43.760 Y-3.800
G1 X33.546 Y-3.800
G1 X33.546 Y-6.815
G1 X33.946 Y-6.336
G1 X43.360 Y-4.624
G1 X43.360 Y-4.200
G1 X33.946 Y-4.200
G1 X33.946 Y-6.336
G1 X34.346 Y-5.856
G1 X41.257 Y-4.600
G1 X34.346 Y-4.600
G1 X34.346 Y-5.856
G1 X34.746 Y-5.377
G1 X36.821 Y-5.000
G1 X34.746 Y-5.000
G1 X34.746 Y-5.377
M9
G1 Z10.000
G1 X43.800 Y8.000
G1 Z2.300
M7
G4 P150
G1 X43.782 Y7.800 Z2.300
G1 X43.782 Y7.800
G1 X32.781 Y9.800
G1 X30.039 Y9.800
G1 X30.039 Y1.000
G1 X45.853 Y1.000
G1 X45.853 Y7.800
G1 X43.782 Y7.800
G1 X43.746 Y7.400
G1 X32.745 Y9.400
G1 X30.439 Y9.400
G1 X30.439 Y1.400
G1 X45.453 Y1.400
G1 X45.453 Y7.400
G1 X43.746 Y7.400
G1 X43.710 Y7.000
G1 X32.709 Y9.000
G1 X30.839 Y9.000
G1 X30.839 Y1.800
G1 X45.053 Y1.800
G1 X45.053 Y7.000
G1 X43.710 Y7.000
G1 X43.674 Y6.600
G1 X32.673 Y8.600
G1 X31.239 Y8.600
G1 X31.239 Y2.200
G1 X44.653 Y2.200
G1 X44.653 Y6.600
G1 X43.674 Y6.600
G1 X43.638 Y6.200
G1 X32.637 Y8.200
G1 X31.639 Y8.200
G1 X31.639 Y2.600
G1 X44.253 Y2.600
G1 X44.253 Y6.200
G1 X43.638 Y6.200
G1 X43.602 Y5.800
G1 X32.601 Y7.800
G1 X32.039 Y7.800
G1 X32.039 Y3.000
G1 X43.853 Y3.000
G1 X43.853 Y5.800
G1 X43.602 Y5.800
G1 X43.453 Y5.420
G1 X32.565 Y7.400
G1 X32.439 Y7.400
G1 X32.439 Y3.400
G1 X43.453 Y3.400
G1 X43.453 Y5.420
G1 X43.053 Y5.087
G1 X32.839 Y6.944
G1 X32.839 Y3.800
G1 X43.053 Y3.800
G1 X43.053 Y5.087
G1 X42.653 Y4.753
G1 X33.239 Y6.464
G1 X33.239 Y4.200
G1 X42.653 Y4.200
G1 X42.653 Y4.753
G1 X41.257 Y4.600
G1 X33.639 Y5.985
G1 X33.639 Y4.600
G1 X41.257 Y4.600
G1 X36.821 Y5.000
G1 X34.039 Y5.506
G1 X34.039 Y5.000
G1 X36.821 Y5.000
G1 X43.782 Y7.800 Z2.700
G1 X43.782 Y7.800
G1 X32.781 Y9.800
G1 X30.340 Y9.800
G1 X30.340 Y1.000
G1 X46.027 Y1.000
G1 X46.027 Y7.800
G1 X43.782 Y7.800
G1 X43.746 Y7.400
G1 X32.745 Y9.400
G1 X30.740 Y9.400
G1 X30.740 Y1.400
G1 X45.627 Y1.400
G1 X45.627 Y7.400
G1 X43.746 Y7.400
G1 X43.710 Y7.000
G1 X32.709 Y9.000
G1 X31.140 Y9.000
G1 X31.140 Y1.800
G1 X45.227 Y1.800
G1 X45.227 Y7.000
G1 X43.710 Y7.000
G1 X43.674 Y6.600
G1 X32.673 Y8.600
G1 X31.540 Y8.600
G1 X31.540 Y2.200
G1 X44.827 Y2.200
G1 X44.827 Y6.600
G1 X43.674 Y6.600
G1 X43.638 Y6.200
G1 X32.637 Y8.200
G1 X31.940 Y8.200
G1 X31.940 Y2.600
G1 X44.427 Y2.600
G1 X44.427 Y6.200
G1 X43.638 Y6.200
G1 X43.602 Y5.800
G1 X32.601 Y7.800
G1 X32.340 Y7.800
G1 X32.340 Y3.000
G1 X44.027 Y3.000
G1 X44.027 Y5.800
G1 X43.602 Y5.800
G1 X43.566 Y5.400
G1 X32.740 Y7.368
G1 X32.740 Y3.400
G1 X43.627 Y3.400
G1 X43.627 Y5.400
G1 X43.566 Y5.400
G1 X43.227 Y5.055
G1 X33.140 Y6.889
G1 X33.140 Y3.800
G1 X43.227 Y3.800
G1 X43.227 Y5.055
G1 X42.827 Y4.721
G1 X33.540 Y6.410
G1 X33.540 Y4.200
G1 X42.827 Y4.200
G1 X42.827 Y4.721
G1 X41.257 Y4.600
G1 X33.940 Y5.930
G1 X33.940 Y4.600
G1 X41.257 Y4.600
G1 X36.821 Y5.000
G1 X34.340 Y5.451
G1 X34.340 Y5.000
G1 X36.821 Y5.000
G1 X43.782 Y7.800 Z3.100
G1 X43.782 Y7.800
G1 X32.781 Y9.800
G1 X30.572 Y9.800
G1 X30.572 Y1.000
G1 X46.259 Y1.000
G1 X46.259 Y7.800
G1 X43.782 Y7.800
G1 X43.746 Y7.400
G1 X32.745 Y9.400
G1 X30.972 Y9.400
G1 X30.972 Y1.400
G1 X45.859 Y1.400
G1 X45.859 Y7.400
G1 X43.746 Y7.400
G1 X43.710 Y7.000
G1 X32.709 Y9.000
G1 X31.372 Y9.000
G1 X31.372 Y1.800
G1 X45.459 Y1.800
G1 X45.459 Y7.000
G1 X43.710 Y7.000
G1 X43.674 Y6.600
G1 X32.673 Y8.600
G1 X31.772 Y8.600
G1 X31.772 Y2.200
G1 X45.059 Y2.200
G1 X45.059 Y6.600
G1 X43.674 Y6.600
G1 X43.638 Y6.200
G1 X32.637 Y8.200
G1 X32.172 Y8.200
G1 X32.172 Y2.600
G1 X44.659 Y2.600
G1 X44.659 Y6.200
G1 X43.638 Y6.200
G1 X43.602 Y5.800
G1 X32.601 Y7.800
G1 X32.572 Y7.800
G1 X32.572 Y3.000
G1 X44.259 Y3.000
G1 X44.259 Y5.800
G1 X43.602 Y5.800
G1 X43.566 Y5.400
G1 X32.972 Y7.326
G1 X32.972 Y3.400
G1 X43.859 Y3.400
G1 X43.859 Y5.400
G1 X43.566 Y5.400
G1 X43.459 Y5.013
G1 X33.372 Y6.847
G1 X33.372 Y3.800
G1 X43.459 Y3.800
G1 X43.459 Y5.013
G1 X43.059 Y4.679
G1 X33.772 Y6.367
G1 X33.772 Y4.200
G1 X43.059 Y4.200
G1 X43.059 Y4.679
G1 X41.257 Y4.600
G1 X34.172 Y5.888
G1 X34.172 Y4.600
G1 X41.257 Y4.600
G1 X36.821 Y5.000
G1 X34.572 Y5.409
G1 X34.572 Y5.000
G1 X36.821 Y5.000
G1 X43.782 Y7.800 Z3.500
G1 X43.782 Y7.800
G1 X32.781 Y9.800
G1 X30.746 Y9.800
G1 X30.746 Y1.000
G1 X46.560 Y1.000
G1 X46.560 Y7.800
G1 X43.782 Y7.800
G1 X43.746 Y7.400
G1 X32.745 Y9.400
G1 X31.146 Y9.400
G1 X31.146 Y1.400
G1 X46.160 Y1.400
G1 X46.160 Y7.400
G1 X43.746 Y7.400
G1 X43.710 Y7.000
G1 X32.709 Y9.000
G1 X31.546 Y9.000
G1 X31.546 Y1.800
G1 X45.760 Y1.800
G1 X45.760 Y7.000
G1 X43.710 Y7.000
G1 X43.674 Y6.600
G1 X32.673 Y8.600
G1 X31.946 Y8.600
G1 X31.946 Y2.200
G1 X45.360 Y2.200
G1 X45.360 Y6.600
G1 X43.674 Y6.600
G1 X43.638 Y6.200
G1 X32.637 Y8.200
G1 X32.346 Y8.200
G1 X32.346 Y2.600
G1 X44.960 Y2.600
G1 X44.960 Y6.200
G1 X43.638 Y6.200
G1 X43.602 Y5.800
G1 X32.746 Y7.774
G1 X32.746 Y3.000
G1 X44.560 Y3.000
G1 X44.560 Y5.800
G1 X43.602 Y5.800
G1 X43.566 Y5.400
G1 X33.146 Y7.294
G1 X33.146 Y3.400
G1 X44.160 Y3.400
G1 X44.160 Y5.400
G1 X43.566 Y5.400
G1 X43.530 Y5.000
G1 X33.546 Y6.815
G1 X33.546 Y3.800
G1 X43.760 Y3.800
G1 X43.760 Y5.000
G1 X43.530 Y5.000
G1 X43.360 Y4.624
G1 X33.946 Y6.336
G1 X33.946 Y4.200
G1 X43.360 Y4.200
G1 X43.360 Y4.624
G1 X41.257 Y4.600
G1 X34.346 Y5.856
G1 X34.346 Y4.600
G1 X41.257 Y4.600
G1 X36.821 Y5.000
G1 X34.746 Y5.377
G1 X34.746 Y5.000
G1 X36.821 Y5.000
M9
G1 Z10.000
G1 X56.599 Y-8.000
G1 Z1.100
M7
G4 P150
G1 X56.574 Y-7.800 Z1.100
G1 X56.574 Y-7.800
G1 X64.399 Y-5.843
G1 X64.399 Y5.843
G1 X56.574 Y7.800
G1 X54.794 Y7.800
G1 X54.794 Y-7.800
G1 X56.574 Y-7.800
G1 X56.525 Y-7.400
G1 X63.999 Y-5.531
G1 X63.999 Y5.531
G1 X56.525 Y7.400
G1 X55.194 Y7.400
G1 X55.194 Y-7.400
G1 X56.525 Y-7.400
G1 X56.476 Y-7.000
G1 X63.599 Y-5.218
G1 X63.599 Y5.218
G1 X56.476 Y7.000
G1 X55.594 Y7.000
G1 X55.594 Y-7.000
G1 X56.476 Y-7.000
G1 X56.427 Y-6.600
G1 X63.199 Y-4.906
G1 X63.199 Y4.906
G1 X56.427 Y6.600
G1 X55.994 Y6.600
G1 X55.994 Y-6.600
G1 X56.427 Y-6.600
G1 X56.394 Y-6.196
G1 X62.799 Y-4.594
G1 X62.799 Y4.594
G1 X56.394 Y6.196
G1 X56.394 Y-6.196
G1 X56.794 Y-5.683
G1 X62.399 Y-4.282
G1 X62.399 Y4.282
G1 X56.794 Y5.683
G1 X56.794 Y-5.683
G1 X57.194 Y-5.171
G1 X61.999 Y-3.969
G1 X61.999 Y3.969
G1 X57.194 Y5.171
G1 X57.194 Y-5.171
G1 X57.594 Y-4.659
G1 X61.599 Y-3.657
G1 X61.599 Y3.657
G1 X57.594 Y4.659
G1 X57.594 Y-4.659
G1 X57.994 Y-4.146
G1 X61.199 Y-3.345
G1 X61.199 Y3.345
G1 X57.994 Y4.146
G1 X57.994 Y-4.146
G1 X58.394 Y-3.634
G1 X60.799 Y-3.032
G1 X60.799 Y3.032
G1 X58.394 Y3.634
G1 X58.394 Y-3.634
G1 X58.794 Y-3.122
G1 X60.399 Y-2.720
G1 X60.399 Y2.720
G1 X58.794 Y3.122
G1 X58.794 Y-3.122
G1 X59.194 Y-2.609
G1 X59.999 Y-2.408
G1 X59.999 Y2.408
G1 X59.194 Y2.609
G1 X59.194 Y-2.609
G1 X59.594 Y-2.097
G1 X59.599 Y-2.096
G1 X59.599 Y2.096
G1 X59.594 Y2.097
G1 X59.594 Y-2.097
G1 X56.574 Y-7.800 Z1.500
G1 X56.574 Y-7.800
G1 X64.399 Y-5.843
G1 X64.399 Y5.843
G1 X56.574 Y7.800
G1 X54.754 Y7.800
G1 X54.754 Y-7.800
G1 X56.574 Y-7.800
G1 X56.525 Y-7.400
G1 X63.999 Y-5.531
G1 X63.999 Y5.531
G1 X56.525 Y7.400
G1 X55.154 Y7.400
G1 X55.154 Y-7.400
G1 X56.525 Y-7.400
G1 X56.476 Y-7.000
G1 X63.599 Y-5.218
G1 X63.599 Y5.218
G1 X56.476 Y7.000
G1 X55.554 Y7.000
G1 X55.554 Y-7.000
G1 X56.476 Y-7.000
G1 X56.427 Y-6.600
G1 X63.199 Y-4.906
G1 X63.199 Y4.906
G1 X56.427 Y6.600
G1 X55.954 Y6.600
G1 X55.954 Y-6.600
G1 X56.427 Y-6.600
G1 X56.377 Y-6.200
G1 X62.799 Y-4.594
G1 X62.799 Y4.594
G1 X56.377 Y6.200
G1 X56.354 Y6.200
G1 X56.354 Y-6.200
G1 X56.377 Y-6.200
G1 X56.754 Y-5.693
G1 X62.399 Y-4.282
G1 X62.399 Y4.282
G1 X56.754 Y5.693
G1 X56.754 Y-5.693
G1 X57.154 Y-5.181
G1 X61.999 Y-3.969
G1 X61.999 Y3.969
G1 X57.154 Y5.181
G1 X57.154 Y-5.181
G1 X57.554 Y-4.669
G1 X61.599 Y-3.657
G1 X61.599 Y3.657
G1 X57.554 Y4.669
G1 X57.554 Y-4.669
G1 X57.954 Y-4.156
G1 X61.199 Y-3.345
G1 X61.199 Y3.345
G1 X57.954 Y4.156
G1 X57.954 Y-4.156
G1 X58.354 Y-3.644
G1 X60.799 Y-3.032
G1 X60.799 Y3.032
G1 X58.354 Y3.644
G1 X58.354 Y-3.644
G1 X58.754 Y-3.132
G1 X60.399 Y-2.720
G1 X60.399 Y2.720
G1 X58.754 Y3.132
G1 X58.754 Y-3.132
G1 X59.154 Y-2.619
G1 X59.999 Y-2.408
G1 X59.999 Y2.408
G1 X59.154 Y2.619
G1 X59.154 Y-2.619
G1 X59.554 Y-2.107
G1 X59.599 Y-2.096
G1 X59.599 Y2.096
G1 X59.554 Y2.107
G1 X59.554 Y-2.107
G1 X56.574 Y-7.800 Z1.900
G1 X56.574 Y-7.800
G1 X64.399 Y-5.843
G1 X64.399 Y5.843
G1 X56.574 Y7.800
G1 X54.672 Y7.800
G1 X54.672 Y-7.800
G1 X56.574 Y-7.800
G1 X56.525 Y-7.400
G1 X63.999 Y-5.531
G1 X63.999 Y5.531
G1 X56.525 Y7.400
G1 X55.072 Y7.400
G1 X55.072 Y-7.400
G1 X56.525 Y-7.400
G1 X56.476 Y-7.000
G1 X63.599 Y-5.218
G1 X63.599 Y5.218
G1 X56.476 Y7.000
G1 X55.472 Y7.000
G1 X55.472 Y-7.000
G1 X56.476 Y-7.000
G1 X56.427 Y-6.600
G1 X63.199 Y-4.906
G1 X63.199 Y4.906
G1 X56.427 Y6.600
G1 X55.872 Y6.600
G1 X55.872 Y-6.600
G1 X56.427 Y-6.600
G1 X56.377 Y-6.200
G1 X62.799 Y-4.594
G1 X62.799 Y4.594
G1 X56.377 Y6.200
G1 X56.272 Y6.200
G1 X56.272 Y-6.200
G1 X56.377 Y-6.200
G1 X56.672 Y-5.714
G1 X62.399 Y-4.282
G1 X62.399 Y4.282
G1 X56.672 Y5.714
G1 X56.672 Y-5.714
G1 X57.072 Y-5.202
G1 X61.999 Y-3.969
G1 X61.999 Y3.969
G1 X57.072 Y5.202
G1 X57.072 Y-5.202
G1 X57.472 Y-4.689
G1 X61.599 Y-3.657
G1 X61.599 Y3.657
G1 X57.472 Y4.689
G1 X57.472 Y-4.689
G1 X57.872 Y-4.177
G1 X61.199 Y-3.345
G1 X61.199 Y3.345
G1 X57.872 Y4.177
G1 X57.872 Y-4.177
G1 X58.272 Y-3.664
G1 X60.799 Y-3.032
G1 X60.799 Y3.032
G1 X58.272 Y3.664
G1 X58.272 Y-3.664
G1 X58.672 Y-3.152
G1 X60.399 Y-2.720
G1 X60.399 Y2.720
G1 X58.672 Y3.152
G1 X58.672 Y-3.152
G1 X59.072 Y-2.640
G1 X59.999 Y-2.408
G1 X59.999 Y2.408
G1 X59.072 Y2.640
G1 X59.072 Y-2.640
G1 X59.472 Y-2.127
G1 X59.599 Y-2.096
G1 X59.599 Y2.096
G1 X59.472 Y2.127
G1 X59.472 Y-2.127
G1 X56.574 Y-7.800 Z2.300
G1 X56.574 Y-7.800
G1 X64.399 Y-5.843
G1 X64.399 Y5.843
G1 X56.574 Y7.800
G1 X54.546 Y7.800
G1 X54.546 Y-7.800
G1 X56.574 Y-7.800
G1 X56.525 Y-7.400
G1 X63.999 Y-5.531
G1 X63.999 Y5.531
G1 X56.525 Y7.400
G1 X54.946 Y7.400
G1 X54.946 Y-7.400
G1 X56.525 Y-7.400
G1 X56.476 Y-7.000
G1 X63.599 Y-5.218
G1 X63.599 Y5.218
G1 X56.476 Y7.000
G1 X55.346 Y7.000
G1 X55.346 Y-7.000
G1 X56.476 Y-7.000
G1 X56.427 Y-6.600
G1 X63.199 Y-4.906
G1 X63.199 Y4.906
G1 X56.427 Y6.600
G1 X55.746 Y6.600
G1 X55.746 Y-6.600
G1 X56.427 Y-6.600
G1 X56.377 Y-6.200
G1 X62.799 Y-4.594
G1 X62.799 Y4.594
G1 X56.377 Y6.200
G1 X56.146 Y6.200
G1 X56.146 Y-6.200
G1 X56.377 Y-6.200
G1 X56.546 Y-5.745
G1 X62.399 Y-4.282
G1 X62.399 Y4.282
G1 X56.546 Y5.745
G1 X56.546 Y-5.745
G1 X56.946 Y-5.233
G1 X61.999 Y-3.969
G1 X61.999 Y3.969
G1 X56.946 Y5.233
G1 X56.946 Y-5.233
G1 X57.346 Y-4.721
G1 X61.599 Y-3.657
G1 X61.599 Y3.657
G1 X57.346 Y4.721
G1 X57.346 Y-4.721
G1 X57.746 Y-4.208
G1 X61.199 Y-3.345
G1 X61.199 Y3.345
G1 X57.746 Y4.208
G1 X57.746 Y-4.208
G1 X58.146 Y-3.696
G1 X60.799 Y-3.032
G1 X60.799 Y3.032
G1 X58.146 Y3.696
G1 X58.146 Y-3.696
G1 X58.546 Y-3.184
G1 X60.399 Y-2.720
G1 X60.399 Y2.720
G1 X58.546 Y3.184
G1 X58.546 Y-3.184
G1 X58.946 Y-2.671
G1 X59.999 Y-2.408
G1 X59.999 Y2.408
G1 X58.946 Y2.671
G1 X58.946 Y-2.671
G1 X59.346 Y-2.159
G1 X59.599 Y-2.096
G1 X59.599 Y2.096
G1 X59.346 Y2.159
G1 X59.346 Y-2.159
G1 X56.574 Y-7.800 Z2.700
G1 X56.574 Y-7.800
G1 X64.399 Y-5.843
G1 X64.399 Y5.843
G1 X56.574 Y7.800
G1 X54.372 Y7.800
G1 X54.372 Y-7.800
G1 X56.574 Y-7.800
G1 X56.525 Y-7.400
G1 X63.999 Y-5.531
G1 X63.999 Y5.531
G1 X56.525 Y7.400
G1 X54.772 Y7.400
G1 X54.772 Y-7.400
G1 X56.525 Y-7.400
G1 X56.476 Y-7.000
G1 X63.599 Y-5.218
G1 X63.599 Y5.218
G1 X56.476 Y7.000
G1 X55.172 Y7.000
G1 X55.172 Y-7.000
G1 X56.476 Y-7.000
G1 X56.427 Y-6.600
G1 X63.199 Y-4.906
G1 X63.199 Y4.906
G1 X56.427 Y6.600
G1 X55.572 Y6.600
G1 X55.572 Y-6.600
G1 X56.427 Y-6.600
G1 X56.377 Y-6.200
G1 X62.799 Y-4.594
G1 X62.799 Y4.594
G1 X56.377 Y6.200
G1 X55.972 Y6.200
G1 X55.972 Y-6.200
G1 X56.377 Y-6.200
G1 X56.372 Y-5.789
G1 X62.399 Y-4.282
G1 X62.399 Y4.282
G1 X56.372 Y5.789
G1 X56.372 Y-5.789
G1 X56.772 Y-5.277
G1 X61.999 Y-3.969
G1 X61.999 Y3.969
G1 X56.772 Y5.277
G1 X56.772 Y-5.277
G1 X57.172 Y-4.764
G1 X61.599 Y-3.657
G1 X61.599 Y3.657
G1 X57.172 Y4.764
G1 X57.172 Y-4.764
G1 X57.572 Y-4.252
G1 X61.199 Y-3.345
G1 X61.199 Y3.345
G1 X57.572 Y4.252
G1 X57.572 Y-4.252
G1 X57.972 Y-3.740
G1 X60.799 Y-3.032
G1 X60.799 Y3.032
G1 X57.972 Y3.740
G1 X57.972 Y-3.740
G1 X58.372 Y-3.227
G1 X60.399 Y-2.720
G1 X60.399 Y2.720
G1 X58.372 Y3.227
G1 X58.372 Y-3.227
G1 X58.772 Y-2.715
G1 X59.999 Y-2.408
G1 X59.999 Y2.408
G1 X58.772 Y2.715
G1 X58.772 Y-2.715
G1 X59.172 Y-2.202
G1 X59.599 Y-2.096
G1 X59.599 Y2.096
G1 X59.172 Y2.202
G1 X59.172 Y-2.202
M9
G1 Z10.000
G1 X14.999 Y-39.203
G1 Z1.100
M7
G4 P150
G1 X14.799 Y-39.008 Z1.100
G1 X14.799 Y-39.008
G1 X14.799 Y-37.794
G1 X-14.800 Y-37.794
G1 X-14.800 Y-39.798
G1 X14.799 Y-39.008
G1 X14.399 Y-38.619
G1 X14.399 Y-38.194
G1 X-14.400 Y-38.194
G1 X-14.400 Y-39.387
G1 X14.399 Y-38.619
G1 X0.324 Y-38.594
G1 X-14.000 Y-38.594
G1 X-14.000 Y-38.976
G1 X0.324 Y-38.594
G1 X14.799 Y-39.048 Z1.500
G1 X14.799 Y-39.048
G1 X14.799 Y-37.754
G1 X-14.800 Y-37.754
G1 X-14.800 Y-39.838
G1 X14.799 Y-39.048
G1 X14.399 Y-38.659
G1 X14.399 Y-38.154
G1 X-14.400 Y-38.154
G1 X-14.400 Y-39.427
G1 X14.399 Y-38.659
G1 X3.324 Y-38.554
G1 X-14.000 Y-38.554
G1 X-14.000 Y-39.016
G1 X3.324 Y-38.554
G1 X14.799 Y-39.130 Z1.900
G1 X14.799 Y-39.130
G1 X14.799 Y-37.672
G1 X-14.800 Y-37.672
G1 X-14.800 Y-39.920
G1 X14.799 Y-39.130
G1 X14.399 Y-38.741
G1 X14.399 Y-38.072
G1 X-14.400 Y-38.072
G1 X-14.400 Y-39.509
G1 X14.399 Y-38.741
G1 X9.473 Y-38.472
G1 X-14.000 Y-38.472
G1 X-14.000 Y-39.098
G1 X9.473 Y-38.472
M9
G1 Z10.000
G1 X-14.999 Y39.205
G1 Z1.100
M7
G4 P150
G1 X-14.799 Y39.005 Z1.100
G1 X-14.799 Y39.005
G1 X-14.799 Y37.794
G1 X14.799 Y37.794
G1 X14.799 Y39.005
G1 X-14.799 Y39.005
G1 X-14.399 Y38.605
G1 X-14.399 Y38.194
G1 X14.399 Y38.194
G1 X14.399 Y38.605
G1 X-14.399 Y38.605
G1 X-14.799 Y39.045 Z1.500
G1 X-14.799 Y39.045
G1 X-14.799 Y37.754
G1 X14.799 Y37.754
G1 X14.799 Y39.045
G1 X-14.799 Y39.045
G1 X-14.399 Y38.645
G1 X-14.399 Y38.154
G1 X14.399 Y38.154
G1 X14.399 Y38.645
G1 X-14.399 Y38.645
G1 X-14.799 Y39.127 Z1.900
G1 X-14.799 Y39.127
G1 X-14.799 Y37.672
G1 X14.799 Y37.672
G1 X14.799 Y39.127
G1 X-14.799 Y39.127
G1 X-14.399 Y38.727
G1 X-14.399 Y38.072
G1 X14.399 Y38.072
G1 X14.399 Y38.727
G1 X-14.399 Y38.727