;layer_height = 0.4
;line_width = 0.4
;layer_count = 10
;mesh = bird_base
G21 ;start of the code
G1 Z15 F300
G28 X0 Y0 ;Home
G92 X0 Y0 ;Consider this as current
G0 X50 Y50 F3000 ;Go-to Offset
G92 X0 Y0 ;Reset

G0 F3600 X-23.000 Y-16.000 Z0.300 ;Go to start position
M7
G4 P150


M9
G1 Z10.000
G1 X-23.000 Y-16.000
G1 Z0.300
M7
G4 P150
G1 X-22.800 Y-15.800 Z0.300
G1 X-22.800 Y-15.800
G1 X22.803 Y-15.800
G1 X22.903 Y-9.903
G1 X28.800 Y-9.803
G1 X28.800 Y9.803
G1 X22.903 Y9.903
G1 X22.803 Y15.800
G1 X-22.800 Y15.800
G1 X-22.800 Y-15.800
G1 X-22.400 Y-15.400
G1 X22.410 Y-15.400
G1 X22.510 Y-9.510
G1 X28.400 Y-9.410
G1 X28.400 Y9.410
G1 X22.510 Y9.510
G1 X22.410 Y15.400
G1 X-22.400 Y15.400
G1 X-22.400 Y-15.400
G1 X-22.000 Y-15.000
G1 X22.017 Y-15.000
G1 X22.117 Y-9.117
G1 X28.000 Y-9.017
G1 X28.000 Y9.017
G1 X22.117 Y9.117
G1 X22.017 Y15.000
G1 X-22.000 Y15.000
G1 X-22.000 Y-15.000
G1 X-21.600 Y-14.600
G1 X21.624 Y-14.600
G1 X21.723 Y-8.723
G1 X27.600 Y-8.624
G1 X27.600 Y8.624
G1 X21.723 Y8.723
G1 X21.624 Y14.600
G1 X-21.600 Y14.600
G1 X-21.600 Y-14.600
G1 X-21.200 Y-14.200
G1 X21.230 Y-14.200
G1 X21.330 Y-8.330
G1 X27.200 Y-8.230
G1 X27.200 Y8.230
G1 X21.330 Y8.330
G1 X21.230 Y14.200
G1 X-21.200 Y14.200
G1 X-21.200 Y-14.200
G1 X-20.800 Y-13.800
G1 X20.837 Y-13.800
G1 X20.936 Y-7.936
G1 X26.800 Y-7.837
G1 X26.800 Y7.837
G1 X20.936 Y7.936
G1 X20.837 Y13.800
G1 X-20.800 Y13.800
G1 X-20.800 Y-13.800
G1 X-20.400 Y-13.400
G1 X20.444 Y-13.400
G1 X20.543 Y-7.543
G1 X26.400 Y-7.444
G1 X26.400 Y7.444
G1 X20.543 Y7.543
G1 X20.444 Y13.400
G1 X-20.400 Y13.400
G1 X-20.400 Y-13.400
G1 X-20.000 Y-13.000
G1 X20.050 Y-13.000
G1 X20.150 Y-7.150
G1 X26.000 Y-7.050
G1 X26.000 Y7.050
G1 X20.150 Y7.150
G1 X20.050 Y13.000
G1 X-20.000 Y13.000
G1 X-20.000 Y-13.000
G1 X-19.600 Y-12.600
G1 X19.657 Y-12.600
G1 X19.756 Y-6.756
G1 X25.600 Y-6.657
G1 X25.600 Y6.657
G1 X19.756 Y6.756
G1 X19.657 Y12.600
G1 X-19.600 Y12.600
G1 X-19.600 Y-12.600
G1 X-19.200 Y-12.200
G1 X19.264 Y-12.200
G1 X19.363 Y-6.363
G1 X25.200 Y-6.264
G1 X25.200 Y6.264
G1 X19.363 Y6.363
G1 X19.264 Y12.200
G1 X-19.200 Y12.200
G1 X-19.200 Y-12.200
G1 X-18.800 Y-11.800
G1 X18.871 Y-11.800
G1 X18.969 Y-5.969
G1 X24.800 Y-5.871
G1 X24.800 Y5.871
G1 X18.969 Y5.969
G1 X18.871 Y11.800
G1 X-18.800 Y11.800
G1 X-18.800 Y-11.800
G1 X-18.400 Y-11.400
G1 X18.477 Y-11.400
G1 X18.576 Y-5.576
G1 X24.400 Y-5.477
G1 X24.400 Y5.477
G1 X18.576 Y5.576
G1 X18.477 Y11.400
G1 X-18.400 Y11.400
G1 X-18.400 Y-11.400
G1 X-18.000 Y-11.000
G1 X18.084 Y-11.000
G1 X18.183 Y-5.183
G1 X24.000 Y-5.084
G1 X24.000 Y5.084
G1 X18.183 Y5.183
G1 X18.084 Y11.000
G1 X-18.000 Y11.000
G1 X-18.000 Y-11.000
G1 X-17.600 Y-10.600
G1 X17.691 Y-10.600
G1 X17.789 Y-4.789
G1 X23.600 Y-4.691
G1 X23.600 Y4.691
G1 X17.789 Y4.789
G1 X17.691 Y10.600
G1 X-17.600 Y10.600
G1 X-17.600 Y-10.600
G1 X-17.200 Y-10.200
G1 X17.297 Y-10.200
G1 X17.396 Y-4.396
G1 X23.200 Y-4.297
G1 X23.200 Y4.297
G1 X17.396 Y4.396
G1 X17.297 Y10.200
G1 X-17.200 Y10.200
G1 X-17.200 Y-10.200
G1 X-16.800 Y-9.800
G1 X16.904 Y-9.800
G1 X17.002 Y-4.002
G1 X22.800 Y-3.904
G1 X22.800 Y3.904
G1 X17.002 Y4.002
G1 X16.904 Y9.800
G1 X-16.800 Y9.800
G1 X-16.800 Y-9.800
G1 X-16.400 Y-9.400
G1 X16.511 Y-9.400
G1 X16.609 Y-3.609
G1 X22.400 Y-3.511
G1 X22.400 Y3.511
G1 X16.609 Y3.609
G1 X16.511 Y9.400
G1 X-16.400 Y9.400
G1 X-16.400 Y-9.400
G1 X-16.000 Y-9.000
G1 X16.118 Y-9.000
G1 X16.216 Y-3.216
G1 X22.000 Y-3.118
G1 X22.000 Y3.118
G1 X16.216 Y3.216
G1 X16.118 Y9.000
G1 X-16.000 Y9.000
G1 X-16.000 Y-9.000
G1 X-15.600 Y-8.600
G1 X15.724 Y-8.600
G1 X15.822 Y-2.822
G1 X21.600 Y-2.724
G1 X21.600 Y2.724
G1 X15.822 Y2.822
G1 X15.724 Y8.600
G1 X-15.600 Y8.600
G1 X-15.600 Y-8.600
G1 X-15.200 Y-8.200
G1 X15.331 Y-8.200
G1 X15.429 Y-2.429
G1 X21.200 Y-2.331
G1 X21.200 Y2.331
G1 X15.429 Y2.429
G1 X15.331 Y8.200
G1 X-15.200 Y8.200
G1 X-15.200 Y-8.200
G1 X-14.800 Y-7.800
G1 X14.938 Y-7.800
G1 X15.036 Y-2.036
G1 X20.800 Y-1.938
G1 X20.800 Y1.938
G1 X15.036 Y2.036
G1 X14.938 Y7.800
G1 X-14.800 Y7.800
G1 X-14.800 Y-7.800
G1 X-14.400 Y-7.400
G1 X14.545 Y-7.400
G1 X14.642 Y-1.642
G1 X20.400 Y-1.545
G1 X20.400 Y1.545
G1 X14.642 Y1.642
G1 X14.545 Y7.400
G1 X-14.400 Y7.400
G1 X-14.400 Y-7.400
G1 X-14.000 Y-7.000
G1 X14.151 Y-7.000
G1 X14.249 Y-1.249
G1 X20.000 Y-1.151
G1 X20.000 Y1.151
G1 X14.249 Y1.249
G1 X14.151 Y7.000
G1 X-14.000 Y7.000
G1 X-14.000 Y-7.000
G1 X-13.600 Y-6.600
G1 X13.758 Y-6.600
G1 X13.855 Y-0.855
G1 X19.600 Y-0.758
G1 X19.600 Y0.758
G1 X13.855 Y0.855
G1 X13.758 Y6.600
G1 X-13.600 Y6.600
G1 X-13.600 Y-6.600
G1 X-13.200 Y-6.200
G1 X13.365 Y-6.200
G1 X13.462 Y-0.462
G1 X19.200 Y-0.365
G1 X19.200 Y0.365
G1 X13.462 Y0.462
G1 X13.365 Y6.200
G1 X-13.200 Y6.200
G1 X-13.200 Y-6.200
G1 X-12.800 Y-5.800
G1 X12.971 Y-5.800
G1 X13.069 Y-0.069
G1 X17.114 Y-0.000
G1 X13.069 Y0.069
G1 X12.971 Y5.800
G1 X-12.800 Y5.800
G1 X-12.800 Y-5.800
G1 X-12.400 Y-5.400
G1 X12.578 Y-5.400
G1 X12.670 Y0.000
G1 X12.578 Y5.400
G1 X-12.400 Y5.400
G1 X-12.400 Y-5.400
G1 X-12.000 Y-5.000
G1 X12.185 Y-5.000
G1 X12.270 Y0.000
G1 X12.185 Y5.000
G1 X-12.000 Y5.000
G1 X-12.000 Y-5.000
G1 X-11.600 Y-4.600
G1 X11.792 Y-4.600
G1 X11.870 Y0.000
G1 X11.792 Y4.600
G1 X-11.600 Y4.600
G1 X-11.600 Y-4.600
G1 X-11.200 Y-4.200
G1 X11.398 Y-4.200
G1 X11.469 Y0.000
G1 X11.398 Y4.200
G1 X-11.200 Y4.200
G1 X-11.200 Y-4.200
G1 X-10.800 Y-3.800
G1 X11.005 Y-3.800
G1 X11.069 Y0.000
G1 X11.005 Y3.800
G1 X-10.800 Y3.800
G1 X-10.800 Y-3.800
G1 X-10.400 Y-3.400
G1 X10.612 Y-3.400
G1 X10.669 Y0.000
G1 X10.612 Y3.400
G1 X-10.400 Y3.400
G1 X-10.400 Y-3.400
G1 X-10.000 Y-3.000
G1 X10.218 Y-3.000
G1 X10.269 Y0.000
G1 X10.218 Y3.000
G1 X-10.000 Y3.000
G1 X-10.000 Y-3.000
G1 X-9.600 Y-2.600
G1 X9.825 Y-2.600
G1 X9.869 Y0.000
G1 X9.825 Y2.600
G1 X-9.600 Y2.600
G1 X-9.600 Y-2.600
G1 X-9.200 Y-2.200
G1 X9.432 Y-2.200
G1 X9.469 Y0.000
G1 X9.432 Y2.200
G1 X-9.200 Y2.200
G1 X-9.200 Y-2.200
G1 X-8.800 Y-1.800
G1 X9.039 Y-1.800
G1 X9.069 Y0.000
G1 X9.039 Y1.800
G1 X-8.800 Y1.800
G1 X-8.800 Y-1.800
G1 X-8.400 Y-1.400
G1 X8.645 Y-1.400
G1 X8.669 Y0.000
G1 X8.645 Y1.400
G1 X-8.400 Y1.400
G1 X-8.400 Y-1.400
G1 X-8.000 Y-1.000
G1 X8.252 Y-1.000
G1 X8.269 Y0.000
G1 X8.252 Y1.000
G1 X-8.000 Y1.000
G1 X-8.000 Y-1.000
G1 X-7.600 Y-0.600
G1 X7.859 Y-0.600
G1 X7.869 Y0.000
G1 X7.859 Y0.600
G1 X-7.600 Y0.600
G1 X-7.600 Y-0.600
G1 X-7.200 Y-0.200
G1 X7.466 Y-0.200
G1 X7.469 Y0.000
G1 X7.466 Y0.200
G1 X-7.200 Y0.200
G1 X-7.200 Y-0.200
M9
G1 Z10.000
G1 X-23.000 Y-16.800
G1 Z0.300
M7
G4 P150
G1 X-22.800 Y-17.000 Z0.300
G1 X-22.800 Y-17.000
G1 X-22.800 Y-22.677
G1 X-14.901 Y-26.677
G1 X-14.800 Y-49.927
G1 X0.000 Y-67.688
G1 X14.800 Y-49.927
G1 X14.901 Y-26.677
G1 X22.800 Y-22.677
G1 X22.800 Y-17.000
G1 X-22.800 Y-17.000
G1 X-22.400 Y-17.400
G1 X-22.400 Y-22.431
G1 X-14.502 Y-26.430
G1 X-14.401 Y-49.782
G1 X0.000 Y-67.063
G1 X14.401 Y-49.782
G1 X14.502 Y-26.430
G1 X22.400 Y-22.431
G1 X22.400 Y-17.400
G1 X-22.400 Y-17.400
G1 X-22.000 Y-17.800
G1 X-22.000 Y-22.185
G1 X-14.103 Y-26.184
G1 X-14.002 Y-49.636
G1 X0.000 Y-66.438
G1 X14.002 Y-49.636
G1 X14.103 Y-26.184
G1 X22.000 Y-22.185
G1 X22.000 Y-17.800
G1 X-22.000 Y-17.800
G1 X-21.600 Y-18.200
G1 X-21.600 Y-21.940
G1 X-13.704 Y-25.938
G1 X-13.602 Y-49.491
G1 X0.000 Y-65.813
G1 X13.602 Y-49.491
G1 X13.704 Y-25.938
G1 X21.600 Y-21.940
G1 X21.600 Y-18.200
G1 X-21.600 Y-18.200
G1 X-21.200 Y-18.600
G1 X-21.200 Y-21.694
G1 X-13.305 Y-25.691
G1 X-13.203 Y-49.345
G1 X0.000 Y-65.188
G1 X13.203 Y-49.345
G1 X13.305 Y-25.691
G1 X21.200 Y-21.694
G1 X21.200 Y-18.600
G1 X-21.200 Y-18.600
G1 X-20.800 Y-19.000
G1 X-20.800 Y-21.448
G1 X-12.906 Y-25.445
G1 X-12.803 Y-49.199
G1 X0.000 Y-64.563
G1 X12.803 Y-49.199
G1 X12.906 Y-25.445
G1 X20.800 Y-21.448
G1 X20.800 Y-19.000
G1 X-20.800 Y-19.000
G1 X-20.400 Y-19.400
G1 X-20.400 Y-21.202
G1 X-12.507 Y-25.199
G1 X-12.404 Y-49.054
G1 X0.000 Y-63.939
G1 X12.404 Y-49.054
G1 X12.507 Y-25.199
G1 X20.400 Y-21.202
G1 X20.400 Y-19.400
G1 X-20.400 Y-19.400
G1 X-20.000 Y-19.800
G1 X-20.000 Y-20.956
G1 X-12.108 Y-24.952
G1 X-12.005 Y-48.908
G1 X0.000 Y-63.314
G1 X12.005 Y-48.908
G1 X12.108 Y-24.952
G1 X20.000 Y-20.956
G1 X20.000 Y-19.800
G1 X-20.000 Y-19.800
G1 X-19.600 Y-20.200
G1 X-19.600 Y-20.711
G1 X-11.709 Y-24.706
G1 X-11.605 Y-48.763
G1 X0.000 Y-62.689
G1 X11.605 Y-48.763
G1 X11.709 Y-24.706
G1 X19.600 Y-20.711
G1 X19.600 Y-20.200
G1 X-19.600 Y-20.200
G1 X-18.933 Y-20.600
G1 X-11.310 Y-24.460
G1 X-11.206 Y-48.617
G1 X0.000 Y-62.064
G1 X11.206 Y-48.617
G1 X11.310 Y-24.460
G1 X18.933 Y-20.600
G1 X-18.933 Y-20.600
G1 X-17.257 Y-21.000
G1 X-10.911 Y-24.213
G1 X-10.807 Y-48.472
G1 X0.000 Y-61.439
G1 X10.807 Y-48.472
G1 X10.911 Y-24.213
G1 X17.257 Y-21.000
G1 X-17.257 Y-21.000
G1 X-15.582 Y-21.400
G1 X-10.512 Y-23.967
G1 X-10.407 Y-48.326
G1 X0.000 Y-60.815
G1 X10.407 Y-48.326
G1 X10.512 Y-23.967
G1 X15.582 Y-21.400
G1 X-15.582 Y-21.400
G1 X-13.906 Y-21.800
G1 X-10.113 Y-23.721
G1 X-10.008 Y-48.180
G1 X0.000 Y-60.190
G1 X10.008 Y-48.180
G1 X10.113 Y-23.721
G1 X13.906 Y-21.800
G1 X-13.906 Y-21.800
G1 X-12.231 Y-22.200
G1 X-9.714 Y-23.474
G1 X-9.608 Y-48.035
G1 X0.000 Y-59.565
G1 X9.608 Y-48.035
G1 X9.714 Y-23.474
G1 X12.231 Y-22.200
G1 X-12.231 Y-22.200
G1 X-10.555 Y-22.600
G1 X-9.315 Y-23.228
G1 X-9.209 Y-47.889
G1 X0.000 Y-58.940
G1 X9.209 Y-47.889
G1 X9.315 Y-23.228
G1 X10.555 Y-22.600
G1 X-10.555 Y-22.600
G1 X-8.916 Y-23.000
G1 X-8.810 Y-47.744
G1 X0.000 Y-58.315
G1 X8.810 Y-47.744
G1 X8.916 Y-23.000
G1 X-8.916 Y-23.000
G1 X-8.515 Y-23.400
G1 X-8.410 Y-47.598
G1 X0.000 Y-57.690
G1 X8.410 Y-47.598
G1 X8.515 Y-23.400
G1 X-8.515 Y-23.400
G1 X-8.113 Y-23.800
G1 X-8.011 Y-47.453
G1 X0.000 Y-57.066
G1 X8.011 Y-47.453
G1 X8.113 Y-23.800
G1 X-8.113 Y-23.800
G1 X-7.711 Y-24.200
G1 X-7.612 Y-47.307
G1 X0.000 Y-56.441
G1 X7.612 Y-47.307
G1 X7.711 Y-24.200
G1 X-7.711 Y-24.200
G1 X-7.309 Y-24.600
G1 X-7.212 Y-47.161
G1 X0.000 Y-55.816
G1 X7.212 Y-47.161
G1 X7.309 Y-24.600
G1 X-7.309 Y-24.600
G1 X-6.908 Y-25.000
G1 X-6.813 Y-47.016
G1 X0.000 Y-55.191
G1 X6.813 Y-47.016
G1 X6.908 Y-25.000
G1 X-6.908 Y-25.000
G1 X-6.506 Y-25.400
G1 X-6.413 Y-46.870
G1 X0.000 Y-54.566
G1 X6.413 Y-46.870
G1 X6.506 Y-25.400
G1 X-6.506 Y-25.400
G1 X-6.104 Y-25.800
G1 X-6.014 Y-46.725
G1 X0.000 Y-53.942
G1 X6.014 Y-46.725
G1 X6.104 Y-25.800
G1 X-6.104 Y-25.800
G1 X-5.702 Y-26.200
G1 X-5.615 Y-46.579
G1 X0.000 Y-53.317
G1 X5.615 Y-46.579
G1 X5.702 Y-26.200
G1 X-5.702 Y-26.200
G1 X-5.301 Y-26.600
G1 X-5.215 Y-46.434
G1 X0.000 Y-52.692
G1 X5.215 Y-46.434
G1 X5.301 Y-26.600
G1 X-5.301 Y-26.600
G1 X-4.899 Y-27.000
G1 X-4.816 Y-46.288
G1 X0.000 Y-52.067
G1 X4.816 Y-46.288
G1 X4.899 Y-27.000
G1 X-4.899 Y-27.000
G1 X-4.497 Y-27.400
G1 X-4.417 Y-46.142
G1 X0.000 Y-51.442
G1 X4.417 Y-46.142
G1 X4.497 Y-27.400
G1 X-4.497 Y-27.400
G1 X-4.096 Y-27.800
G1 X-4.017 Y-45.997
G1 X0.000 Y-50.817
G1 X4.017 Y-45.997
G1 X4.096 Y-27.800
G1 X-4.096 Y-27.800
G1 X-3.694 Y-28.200
G1 X-3.618 Y-45.851
G1 X0.000 Y-50.193
G1 X3.618 Y-45.851
G1 X3.694 Y-28.200
G1 X-3.694 Y-28.200
G1 X-3.292 Y-28.600
G1 X-3.218 Y-45.706
G1 X0.000 Y-49.568
G1 X3.218 Y-45.706
G1 X3.292 Y-28.600
G1 X-3.292 Y-28.600
G1 X-2.890 Y-29.000
G1 X-2.819 Y-45.560
G1 X0.000 Y-48.943
G1 X2.819 Y-45.560
G1 X2.890 Y-29.000
G1 X-2.890 Y-29.000
G1 X-2.489 Y-29.400
G1 X-2.420 Y-45.415
G1 X0.000 Y-48.318
G1 X2.420 Y-45.415
G1 X2.489 Y-29.400
G1 X-2.489 Y-29.400
G1 X-2.087 Y-29.800
G1 X-2.020 Y-45.269
G1 X0.000 Y-47.693
G1 X2.020 Y-45.269
G1 X2.087 Y-29.800
G1 X-2.087 Y-29.800
G1 X-1.685 Y-30.200
G1 X-1.621 Y-45.123
G1 X0.000 Y-47.069
G1 X1.621 Y-45.123
G1 X1.685 Y-30.200
G1 X-1.685 Y-30.200
G1 X-1.283 Y-30.600
G1 X-1.222 Y-44.978
G1 X0.000 Y-46.444
G1 X1.222 Y-44.978
G1 X1.283 Y-30.600
G1 X-1.283 Y-30.600
G1 X-0.882 Y-31.000
G1 X-0.822 Y-44.832
G1 X0.000 Y-45.819
G1 X0.822 Y-44.832
G1 X0.882 Y-31.000
G1 X-0.882 Y-31.000
G1 X-0.480 Y-31.400
G1 X-0.423 Y-44.687
G1 X0.000 Y-45.194
G1 X0.423 Y-44.687
G1 X0.480 Y-31.400
G1 X-0.480 Y-31.400
G1 X-0.078 Y-31.800
G1 X-0.023 Y-44.541
G1 X0.000 Y-44.569
G1 X0.023 Y-44.541
G1 X0.078 Y-31.800
G1 X-0.078 Y-31.800
M9
G1 Z10.000
G1 X-23.000 Y16.800
G1 Z0.300
M7
G4 P150
G1 X-22.800 Y17.000 Z0.300
G1 X-22.800 Y17.000
G1 X22.800 Y17.000
G1 X22.800 Y22.677
G1 X14.901 Y26.677
G1 X14.800 Y49.927
G1 X0.000 Y67.688
G1 X-14.800 Y49.927
G1 X-14.901 Y26.677
G1 X-22.800 Y22.677
G1 X-22.800 Y17.000
G1 X-22.400 Y17.400
G1 X22.400 Y17.400
G1 X22.400 Y22.431
G1 X14.502 Y26.430
G1 X14.401 Y49.782
G1 X0.000 Y67.063
G1 X-14.401 Y49.782
G1 X-14.502 Y26.430
G1 X-22.400 Y22.431
G1 X-22.400 Y17.400
G1 X-22.000 Y17.800
G1 X22.000 Y17.800
G1 X22.000 Y22.185
G1 X14.103 Y26.184
G1 X14.002 Y49.636
G1 X0.000 Y66.438
G1 X-14.002 Y49.636
G1 X-14.103 Y26.184
G1 X-22.000 Y22.185
G1 X-22.000 Y17.800
G1 X-21.600 Y18.200
G1 X21.600 Y18.200
G1 X21.600 Y21.940
G1 X13.704 Y25.938
G1 X13.602 Y49.491
G1 X0.000 Y65.813
G1 X-13.602 Y49.491
G1 X-13.704 Y25.938
G1 X-21.600 Y21.940
G1 X-21.600 Y18.200
G1 X-21.200 Y18.600
G1 X21.200 Y18.600
G1 X21.200 Y21.694
G1 X13.305 Y25.691
G1 X13.203 Y49.345
G1 X0.000 Y65.188
G1 X-13.203 Y49.345
G1 X-13.305 Y25.691
G1 X-21.200 Y21.694
G1 X-21.200 Y18.600
G1 X-20.800 Y19.000
G1 X20.800 Y19.000
G1 X20.800 Y21.448
G1 X12.906 Y25.445
G1 X12.803 Y49.199
G1 X0.000 Y64.563
G1 X-12.803 Y49.199
G1 X-12.906 Y25.445
G1 X-20.800 Y21.448
G1 X-20.800 Y19.000
G1 X-20.400 Y19.400
G1 X20.400 Y19.400
G1 X20.400 Y21.202
G1 X12.507 Y25.199
G1 X12.404 Y49.054
G1 X0.000 Y63.939
G1 X-12.404 Y49.054
G1 X-12.507 Y25.199
G1 X-20.400 Y21.202
G1 X-20.400 Y19.400
G1 X-20.000 Y19.800
G1 X20.000 Y19.800
G1 X20.000 Y20.956
G1 X12.108 Y24.952
G1 X12.005 Y48.908
G1 X0.000 Y63.314
G1 X-12.005 Y48.908
G1 X-12.108 Y24.952
G1 X-20.000 Y20.956
G1 X-20.000 Y19.800
G1 X-19.600 Y20.200
G1 X19.600 Y20.200
G1 X19.600 Y20.711
G1 X11.709 Y24.706
G1 X11.605 Y48.763
G1 X0.000 Y62.689
G1 X-11.605 Y48.763
G1 X-11.709 Y24.706
G1 X-19.600 Y20.711
G1 X-19.600 Y20.200
G1 X-18.933 Y20.600
G1 X18.933 Y20.600
G1 X11.310 Y24.460
G1 X11.206 Y48.617
G1 X0.000 Y62.064
G1 X-11.206 Y48.617
G1 X-11.310 Y24.460
G1 X-18.933 Y20.600
G1 X-17.257 Y21.000
G1 X17.257 Y21.000
G1 X10.911 Y24.213
G1 X10.807 Y48.472
G1 X-0.000 Y61.439
G1 X-10.807 Y48.472
G1 X-10.911 Y24.213
G1 X-17.257 Y21.000
G1 X-15.582 Y21.400
G1 X15.582 Y21.400
G1 X10.512 Y23.967
G1 X10.407 Y48.326
G1 X0.000 Y60.815
G1 X-10.407 Y48.326
G1 X-10.512 Y23.967
G1 X-15.582 Y21.400
G1 X-13.906 Y21.800
G1 X13.906 Y21.800
G1 X10.113 Y23.721
G1 X10.008 Y48.180
G1 X0.000 Y60.190
G1 X-10.008 Y48.180
G1 X-10.113 Y23.721
G1 X-13.906 Y21.800
G1 X-12.231 Y22.200
G1 X12.231 Y22.200
G1 X9.714 Y23.474
G1 X9.608 Y48.035
G1 X0.000 Y59.565
G1 X-9.608 Y48.035
G1 X-9.714 Y23.474
G1 X-12.231 Y22.200
G1 X-10.555 Y22.600
G1 X10.555 Y22.600
G1 X9.315 Y23.228
G1 X9.209 Y47.889
G1 X0.000 Y58.940
G1 X-9.209 Y47.889
G1 X-9.315 Y23.228
G1 X-10.555 Y22.600
G1 X-8.916 Y23.000
G1 X8.916 Y23.000
G1 X8.810 Y47.744
G1 X0.000 Y58.315
G1 X-8.810 Y47.744
G1 X-8.916 Y23.000
G1 X-8.515 Y23.400
G1 X8.515 Y23.400
G1 X8.410 Y47.598
G1 X0.000 Y57.690
G1 X-8.410 Y47.598
G1 X-8.515 Y23.400
G1 X-8.113 Y23.800
G1 X8.113 Y23.800
G1 X8.011 Y47.453
G1 X0.000 Y57.066
G1 X-8.011 Y47.453
G1 X-8.113 Y23.800
G1 X-7.711 Y24.200
G1 X7.711 Y24.200
G1 X7.612 Y47.307
G1 X0.000 Y56.441
G1 X-7.612 Y47.307
G1 X-7.711 Y24.200
G1 X-7.309 Y24.600
G1 X7.309 Y24.600
G1 X7.212 Y47.161
G1 X0.000 Y55.816
G1 X-7.212 Y47.161
G1 X-7.309 Y24.600
G1 X-6.908 Y25.000
G1 X6.908 Y25.000
G1 X6.813 Y47.016
G1 X0.000 Y55.191
G1 X-6.813 Y47.016
G1 X-6.908 Y25.000
G1 X-6.506 Y25.400
G1 X6.506 Y25.400
G1 X6.413 Y46.870
G1 X0.000 Y54.566
G1 X-6.413 Y46.870
G1 X-6.506 Y25.400
G1 X-6.104 Y25.800
G1 X6.104 Y25.800
G1 X6.014 Y46.725
G1 X0.000 Y53.942
G1 X-6.014 Y46.725
G1 X-6.104 Y25.800
G1 X-5.702 Y26.200
G1 X5.702 Y26.200
G1 X5.615 Y46.579
G1 X0.000 Y53.317
G1 X-5.615 Y46.579
G1 X-5.702 Y26.200
G1 X-5.301 Y26.600
G1 X5.301 Y26.600
G1 X5.215 Y46.434
G1 X0.000 Y52.692
G1 X-5.215 Y46.434
G1 X-5.301 Y26.600
G1 X-4.899 Y27.000
G1 X4.899 Y27.000
G1 X4.816 Y46.288
G1 X0.000 Y52.067
G1 X-4.816 Y46.288
G1 X-4.899 Y27.000
G1 X-4.497 Y27.400
G1 X4.497 Y27.400
G1 X4.417 Y46.142
G1 X0.000 Y51.442
G1 X-4.417 Y46.142
G1 X-4.497 Y27.400
G1 X-4.096 Y27.800
G1 X4.096 Y27.800
G1 X4.017 Y45.997
G1 X0.000 Y50.817
G1 X-4.017 Y45.997
G1 X-4.096 Y27.800
G1 X-3.694 Y28.200
G1 X3.694 Y28.200
G1 X3.618 Y45.851
G1 X0.000 Y50.193
G1 X-3.618 Y45.851
G1 X-3.694 Y28.200
G1 X-3.292 Y28.600
G1 X3.292 Y28.600
G1 X3.218 Y45.706
G1 X-0.000 Y49.568
G1 X-3.218 Y45.706
G1 X-3.292 Y28.600
G1 X-2.890 Y29.000
G1 X2.890 Y29.000
G1 X2.819 Y45.560
G1 X0.000 Y48.943
G1 X-2.819 Y45.560
G1 X-2.890 Y29.000
G1 X-2.489 Y29.400
G1 X2.489 Y29.400
G1 X2.420 Y45.415
G1 X0.000 Y48.318
G1 X-2.420 Y45.415
G1 X-2.489 Y29.400
G1 X-2.087 Y29.800
G1 X2.087 Y29.800
G1 X2.020 Y45.269
G1 X0.000 Y47.693
G1 X-2.020 Y45.269
G1 X-2.087 Y29.800
G1 X-1.685 Y30.200
G1 X1.685 Y30.200
G1 X1.621 Y45.123
G1 X-0.000 Y47.069
G1 X-1.621 Y45.123
G1 X-1.685 Y30.200
G1 X-1.283 Y30.600
G1 X1.283 Y30.600
G1 X1.222 Y44.978
G1 X0.000 Y46.444
G1 X-1.222 Y44.978
G1 X-1.283 Y30.600
G1 X-0.882 Y31.000
G1 X0.882 Y31.000
G1 X0.822 Y44.832
G1 X0.000 Y45.819
G1 X-0.822 Y44.832
G1 X-0.882 Y31.000
G1 X-0.480 Y31.400
G1 X0.480 Y31.400
G1 X0.423 Y44.687
G1 X0.000 Y45.194
G1 X-0.423 Y44.687
G1 X-0.480 Y31.400
G1 X-0.078 Y31.800
G1 X0.078 Y31.800
G1 X0.023 Y44.541
G1 X0.000 Y44.569
G1 X-0.023 Y44.541
G1 X-0.078 Y31.800
M9
G1 Z10.000
G1 X29.800 Y-10.000
G1 Z0.300
M7
G4 P150
G1 X30.000 Y-9.800 Z0.300
G1 X30.000 Y-9.800
G1 X35.795 Y-9.800
G1 X56.795 Y-8.800
G1 X69.564 Y-8.800
G1 X77.400 Y-5.861
G1 X77.400 Y5.861
G1 X69.564 Y8.800
G1 X56.795 Y8.800
G1 X35.795 Y9.800
G1 X30.000 Y9.800
G1 X30.000 Y-9.800
G1 X30.400 Y-9.400
G1 X35.786 Y-9.400
G1 X56.786 Y-8.400
G1 X69.491 Y-8.400
G1 X77.000 Y-5.584
G1 X77.000 Y5.584
G1 X69.491 Y8.400
G1 X56.786 Y8.400
G1 X35.786 Y9.400
G1 X30.400 Y9.400
G1 X30.400 Y-9.400
G1 X30.800 Y-9.000
G1 X35.776 Y-9.000
G1 X56.776 Y-8.000
G1 X69.419 Y-8.000
G1 X76.600 Y-5.307
G1 X76.600 Y5.307
G1 X69.419 Y8.000
G1 X56.776 Y8.000
G1 X35.776 Y9.000
G1 X30.800 Y9.000
G1 X30.800 Y-9.000
G1 X31.200 Y-8.600
G1 X35.767 Y-8.600
G1 X56.767 Y-7.600
G1 X69.346 Y-7.600
G1 X76.200 Y-5.030
G1 X76.200 Y5.030
G1 X69.346 Y7.600
G1 X56.767 Y7.600
G1 X35.767 Y8.600
G1 X31.200 Y8.600
G1 X31.200 Y-8.600
G1 X31.600 Y-8.200
G1 X35.757 Y-8.200
G1 X56.757 Y-7.200
G1 X69.274 Y-7.200
G1 X75.800 Y-4.753
G1 X75.800 Y4.753
G1 X69.274 Y7.200
G1 X56.757 Y7.200
G1 X35.757 Y8.200
G1 X31.600 Y8.200
G1 X31.600 Y-8.200
G1 X32.000 Y-7.800
G1 X35.748 Y-7.800
G1 X56.748 Y-6.800
G1 X69.201 Y-6.800
G1 X75.400 Y-4.475
G1 X75.400 Y4.475
G1 X69.201 Y6.800
G1 X56.748 Y6.800
G1 X35.748 Y7.800
G1 X32.000 Y7.800
G1 X32.000 Y-7.800
G1 X32.400 Y-7.400
G1 X35.738 Y-7.400
G1 X56.738 Y-6.400
G1 X69.129 Y-6.400
G1 X75.000 Y-4.198
G1 X75.000 Y4.198
G1 X69.129 Y6.400
G1 X56.738 Y6.400
G1 X35.738 Y7.400
G1 X32.400 Y7.400
G1 X32.400 Y-7.400
G1 X32.800 Y-7.000
G1 X35.729 Y-7.000
G1 X56.729 Y-6.000
G1 X69.056 Y-6.000
G1 X74.600 Y-3.921
G1 X74.600 Y3.921
G1 X69.056 Y6.000
G1 X56.729 Y6.000
G1 X35.729 Y7.000
G1 X32.800 Y7.000
G1 X32.800 Y-7.000
G1 X33.200 Y-6.600
G1 X35.719 Y-6.600
G1 X56.719 Y-5.600
G1 X68.983 Y-5.600
G1 X74.200 Y-3.644
G1 X74.200 Y3.644
G1 X68.983 Y5.600
G1 X56.719 Y5.600
G1 X35.719 Y6.600
G1 X33.200 Y6.600
G1 X33.200 Y-6.600
G1 X33.600 Y-6.200
G1 X35.710 Y-6.200
G1 X56.710 Y-5.200
G1 X68.911 Y-5.200
G1 X73.800 Y-3.367
G1 X73.800 Y3.367
G1 X68.911 Y5.200
G1 X56.710 Y5.200
G1 X35.710 Y6.200
G1 X33.600 Y6.200
G1 X33.600 Y-6.200
G1 X34.000 Y-5.800
G1 X35.700 Y-5.800
G1 X56.700 Y-4.800
G1 X68.838 Y-4.800
G1 X73.400 Y-3.089
G1 X73.400 Y3.089
G1 X68.838 Y4.800
G1 X56.700 Y4.800
G1 X35.700 Y5.800
G1 X34.000 Y5.800
G1 X34.000 Y-5.800
G1 X34.400 Y-5.400
G1 X35.691 Y-5.400
G1 X56.691 Y-4.400
G1 X68.766 Y-4.400
G1 X73.000 Y-2.812
G1 X73.000 Y2.812
G1 X68.766 Y4.400
G1 X56.691 Y4.400
G1 X35.691 Y5.400
G1 X34.400 Y5.400
G1 X34.400 Y-5.400
G1 X34.800 Y-5.000
G1 X35.681 Y-5.000
G1 X56.681 Y-4.000
G1 X68.693 Y-4.000
G1 X72.600 Y-2.535
G1 X72.600 Y2.535
G1 X68.693 Y4.000
G1 X56.681 Y4.000
G1 X35.681 Y5.000
G1 X34.800 Y5.000
G1 X34.800 Y-5.000
G1 X35.200 Y-4.600
G1 X35.672 Y-4.600
G1 X56.672 Y-3.600
G1 X68.621 Y-3.600
G1 X72.200 Y-2.258
G1 X72.200 Y2.258
G1 X68.621 Y3.600
G1 X56.672 Y3.600
G1 X35.672 Y4.600
G1 X35.200 Y4.600
G1 X35.200 Y-4.600
G1 X35.600 Y-4.200
G1 X35.662 Y-4.200
G1 X56.662 Y-3.200
G1 X68.548 Y-3.200
G1 X71.800 Y-1.981
G1 X71.800 Y1.981
G1 X68.548 Y3.200
G1 X56.662 Y3.200
G1 X35.662 Y4.200
G1 X35.600 Y4.200
G1 X35.600 Y-4.200
G1 X36.000 Y-3.783
G1 X56.652 Y-2.800
G1 X68.476 Y-2.800
G1 X71.400 Y-1.703
G1 X71.400 Y1.703
G1 X68.476 Y2.800
G1 X56.652 Y2.800
G1 X36.000 Y3.783
G1 X36.000 Y-3.783
G1 X36.400 Y-3.364
G1 X56.643 Y-2.400
G1 X68.403 Y-2.400
G1 X71.000 Y-1.426
G1 X71.000 Y1.426
G1 X68.403 Y2.400
G1 X56.643 Y2.400
G1 X36.400 Y3.364
G1 X36.400 Y-3.364
G1 X36.800 Y-2.944
G1 X56.633 Y-2.000
G1 X68.331 Y-2.000
G1 X70.600 Y-1.149
G1 X70.600 Y1.149
G1 X68.331 Y2.000
G1 X56.633 Y2.000
G1 X36.800 Y2.944
G1 X36.800 Y-2.944
G1 X37.200 Y-2.525
G1 X56.624 Y-1.600
G1 X68.258 Y-1.600
G1 X70.200 Y-0.872
G1 X70.200 Y0.872
G1 X68.258 Y1.600
G1 X56.624 Y1.600
G1 X37.200 Y2.525
G1 X37.200 Y-2.525
G1 X37.600 Y-2.105
G1 X56.614 Y-1.200
G1 X68.186 Y-1.200
G1 X69.800 Y-0.595
G1 X69.800 Y0.595
G1 X68.186 Y1.200
G1 X56.614 Y1.200
G1 X37.600 Y2.105
G1 X37.600 Y-2.105
G1 X38.000 Y-1.686
G1 X56.605 Y-0.800
G1 X68.113 Y-0.800
G1 X69.400 Y-0.317
G1 X69.400 Y0.317
G1 X68.113 Y0.800
G1 X56.605 Y0.800
G1 X38.000 Y1.686
G1 X38.000 Y-1.686
G1 X38.400 Y-1.266
G1 X56.595 Y-0.400
G1 X68.041 Y-0.400
G1 X69.000 Y-0.040
G1 X69.000 Y0.040
G1 X68.041 Y0.400
G1 X56.595 Y0.400
G1 X38.400 Y1.266
G1 X38.400 Y-1.266
G1 X38.800 Y-0.847
G1 X56.586 Y0.000
G1 X38.800 Y0.847
G1 X38.800 Y-0.847
G1 X39.200 Y-0.427
G1 X48.176 Y-0.000
G1 X39.200 Y0.427
G1 X39.200 Y-0.427
G1 X39.600 Y-0.008
G1 X39.767 Y-0.000
G1 X39.600 Y0.008
G1 X39.600 Y-0.008
M9
G1 Z10.000
G1 X-23.000 Y-22.800
G1 Z0.300
M7
G4 P150
G1 X-22.800 Y-22.677 Z0.700
G1 X-22.800 Y-22.677
G1 X-14.901 Y-26.677
G1 X-14.800 Y-49.927
G1 X0.000 Y-67.688
G1 X14.800 Y-49.927
G1 X14.901 Y-26.677
G1 X22.801 Y-22.677
G1 X22.902 Y-9.902
G1 X35.794 Y-9.800
G1 X56.795 Y-8.800
G1 X69.564 Y-8.800
G1 X77.400 Y-5.861
G1 X77.400 Y5.861
G1 X69.564 Y8.800
G1 X56.795 Y8.800
G1 X35.794 Y9.800
G1 X22.902 Y9.902
G1 X22.801 Y22.677
G1 X14.901 Y26.677
G1 X14.800 Y49.927
G1 X0.000 Y67.688
G1 X-14.800 Y49.927
G1 X-14.901 Y26.677
G1 X-22.800 Y22.677
G1 X-22.800 Y-22.677
G1 X-22.400 Y-22.431
G1 X-14.502 Y-26.430
G1 X-14.401 Y-49.782
G1 X0.000 Y-67.063
G1 X14.401 Y-49.782
G1 X14.502 Y-26.430
G1 X22.403 Y-22.430
G1 X22.505 Y-9.505
G1 X35.783 Y-9.400
G1 X56.786 Y-8.400
G1 X69.491 Y-8.400
G1 X77.000 Y-5.584
G1 X77.000 Y5.584
G1 X69.491 Y8.400
G1 X56.786 Y8.400
G1 X35.783 Y9.400
G1 X22.505 Y9.505
G1 X22.403 Y22.430
G1 X14.502 Y26.430
G1 X14.401 Y49.782
G1 X0.000 Y67.063
G1 X-14.401 Y49.782
G1 X-14.502 Y26.430
G1 X-22.400 Y22.431
G1 X-22.400 Y-22.431
G1 X-22.000 Y-22.185
G1 X-14.103 Y-26.184
G1 X-14.002 Y-49.636
G1 X0.000 Y-66.438
G1 X14.002 Y-49.636
G1 X14.103 Y-26.184
G1 X22.005 Y-22.183
G1 X22.108 Y-9.108
G1 X35.772 Y-9.000
G1 X56.776 Y-8.000
G1 X69.419 Y-8.000
G1 X76.600 Y-5.307
G1 X76.600 Y5.307
G1 X69.419 Y8.000
G1 X56.776 Y8.000
G1 X35.772 Y9.000
G1 X22.108 Y9.108
G1 X22.005 Y22.183
G1 X14.103 Y26.184
G1 X14.002 Y49.636
G1 X0.000 Y66.438
G1 X-14.002 Y49.636
G1 X-14.103 Y26.184
G1 X-22.000 Y22.185
G1 X-22.000 Y-22.185
G1 X-21.600 Y-21.940
G1 X-13.704 Y-25.938
G1 X-13.602 Y-49.491
G1 X0.000 Y-65.813
G1 X13.602 Y-49.491
G1 X13.704 Y-25.938
G1 X21.607 Y-21.936
G1 X21.711 Y-8.711
G1 X35.761 Y-8.600
G1 X56.767 Y-7.600
G1 X69.346 Y-7.600
G1 X76.200 Y-5.030
G1 X76.200 Y5.030
G1 X69.346 Y7.600
G1 X56.767 Y7.600
G1 X35.761 Y8.600
G1 X21.711 Y8.711
G1 X21.607 Y21.936
G1 X13.704 Y25.938
G1 X13.602 Y49.491
G1 X0.000 Y65.813
G1 X-13.602 Y49.491
G1 X-13.704 Y25.938
G1 X-21.600 Y21.940
G1 X-21.600 Y-21.940
G1 X-21.200 Y-21.694
G1 X-13.305 Y-25.691
G1 X-13.203 Y-49.345
G1 X0.000 Y-65.188
G1 X13.203 Y-49.345
G1 X13.305 Y-25.691
G1 X21.209 Y-21.689
G1 X21.314 Y-8.314
G1 X35.750 Y-8.200
G1 X56.757 Y-7.200
G1 X69.274 Y-7.200
G1 X75.800 Y-4.753
G1 X75.800 Y4.753
G1 X69.274 Y7.200
G1 X56.757 Y7.200
G1 X35.750 Y8.200
G1 X21.314 Y8.314
G1 X21.209 Y21.689
G1 X13.305 Y25.691
G1 X13.203 Y49.345
G1 X0.000 Y65.188
G1 X-13.203 Y49.345
G1 X-13.305 Y25.691
G1 X-21.200 Y21.694
G1 X-21.200 Y-21.694
G1 X-20.800 Y-21.448
G1 X-12.906 Y-25.445
G1 X-12.803 Y-49.199
G1 X0.000 Y-64.563
G1 X12.803 Y-49.199
G1 X12.906 Y-25.445
G1 X20.811 Y-21.443
G1 X20.917 Y-7.917
G1 X35.739 Y-7.800
G1 X56.748 Y-6.800
G1 X69.201 Y-6.800
G1 X75.400 Y-4.475
G1 X75.400 Y4.475
G1 X69.201 Y6.800
G1 X56.748 Y6.800
G1 X35.739 Y7.800
G1 X20.917 Y7.917
G1 X20.811 Y21.443
G1 X12.906 Y25.445
G1 X12.803 Y49.199
G1 X0.000 Y64.563
G1 X-12.803 Y49.199
G1 X-12.906 Y25.445
G1 X-20.800 Y21.448
G1 X-20.800 Y-21.448
G1 X-20.400 Y-21.202
G1 X-12.507 Y-25.199
G1 X-12.404 Y-49.054
G1 X0.000 Y-63.939
G1 X12.404 Y-49.054
G1 X12.507 Y-25.199
G1 X20.413 Y-21.196
G1 X20.520 Y-7.520
G1 X35.728 Y-7.400
G1 X56.738 Y-6.400
G1 X69.129 Y-6.400
G1 X75.000 Y-4.198
G1 X75.000 Y4.198
G1 X69.129 Y6.400
G1 X56.738 Y6.400
G1 X35.728 Y7.400
G1 X20.520 Y7.520
G1 X20.413 Y21.196
G1 X12.507 Y25.199
G1 X12.404 Y49.054
G1 X0.000 Y63.939
G1 X-12.404 Y49.054
G1 X-12.507 Y25.199
G1 X-20.400 Y21.202
G1 X-20.400 Y-21.202
G1 X-20.000 Y-20.956
G1 X-12.108 Y-24.952
G1 X-12.005 Y-48.908
G1 X0.000 Y-63.314
G1 X12.005 Y-48.908
G1 X12.108 Y-24.952
G1 X20.014 Y-20.949
G1 X20.123 Y-7.123
G1 X35.717 Y-7.001
G1 X56.729 Y-6.000
G1 X69.056 Y-6.000
G1 X74.600 Y-3.921
G1 X74.600 Y3.921
G1 X69.056 Y6.000
G1 X56.729 Y6.000
G1 X35.717 Y7.001
G1 X20.123 Y7.123
G1 X20.014 Y20.949
G1 X12.108 Y24.952
G1 X12.005 Y48.908
G1 X0.000 Y63.314
G1 X-12.005 Y48.908
G1 X-12.108 Y24.952
G1 X-20.000 Y20.956
G1 X-20.000 Y-20.956
G1 X-19.600 Y-20.711
G1 X-11.709 Y-24.706
G1 X-11.605 Y-48.763
G1 X0.000 Y-62.689
G1 X11.605 Y-48.763
G1 X11.709 Y-24.706
G1 X19.616 Y-20.702
G1 X19.726 Y-6.726
G1 X35.706 Y-6.601
G1 X56.719 Y-5.600
G1 X68.983 Y-5.600
G1 X74.200 Y-3.644
G1 X74.200 Y3.644
G1 X68.983 Y5.600
G1 X56.719 Y5.600
G1 X35.706 Y6.601
G1 X19.726 Y6.726
G1 X19.616 Y20.702
G1 X11.709 Y24.706
G1 X11.605 Y48.763
G1 X0.000 Y62.689
G1 X-11.605 Y48.763
G1 X-11.709 Y24.706
G1 X-19.600 Y20.711
G1 X-19.600 Y-20.711
G1 X-19.200 Y-20.465
G1 X-11.310 Y-24.460
G1 X-11.206 Y-48.617
G1 X0.000 Y-62.064
G1 X11.206 Y-48.617
G1 X11.310 Y-24.460
G1 X19.218 Y-20.455
G1 X19.330 Y-6.330
G1 X35.695 Y-6.201
G1 X56.710 Y-5.200
G1 X68.911 Y-5.200
G1 X73.800 Y-3.367
G1 X73.800 Y3.367
G1 X68.911 Y5.200
G1 X56.710 Y5.200
G1 X35.695 Y6.201
G1 X19.330 Y6.330
G1 X19.218 Y20.455
G1 X11.310 Y24.460
G1 X11.206 Y48.617
G1 X0.000 Y62.064
G1 X-11.206 Y48.617
G1 X-11.310 Y24.460
G1 X-19.200 Y20.465
G1 X-19.200 Y-20.465
G1 X-18.800 Y-20.219
G1 X-10.911 Y-24.213
G1 X-10.807 Y-48.472
G1 X0.000 Y-61.439
G1 X10.807 Y-48.472
G1 X10.911 Y-24.213
G1 X18.820 Y-20.209
G1 X18.933 Y-5.933
G1 X35.684 Y-5.801
G1 X56.700 Y-4.800
G1 X68.838 Y-4.800
G1 X73.400 Y-3.089
G1 X73.400 Y3.089
G1 X68.838 Y4.800
G1 X56.700 Y4.800
G1 X35.684 Y5.801
G1 X18.933 Y5.933
G1 X18.820 Y20.209
G1 X10.911 Y24.213
G1 X10.807 Y48.472
G1 X0.000 Y61.439
G1 X-10.807 Y48.472
G1 X-10.911 Y24.213
G1 X-18.800 Y20.219
G1 X-18.800 Y-20.219
G1 X-18.400 Y-19.973
G1 X-10.512 Y-23.967
G1 X-10.407 Y-48.326
G1 X0.000 Y-60.815
G1 X10.407 Y-48.326
G1 X10.512 Y-23.967
G1 X18.422 Y-19.962
G1 X18.536 Y-5.536
G1 X35.672 Y-5.401
G1 X56.691 Y-4.400
G1 X68.766 Y-4.400
G1 X73.000 Y-2.812
G1 X73.000 Y2.812
G1 X68.766 Y4.400
G1 X56.691 Y4.400
G1 X35.672 Y5.401
G1 X18.536 Y5.536
G1 X18.422 Y19.962
G1 X10.512 Y23.967
G1 X10.407 Y48.326
G1 X0.000 Y60.815
G1 X-10.407 Y48.326
G1 X-10.512 Y23.967
G1 X-18.400 Y19.973
G1 X-18.400 Y-19.973
G1 X-18.000 Y-19.727
G1 X-10.113 Y-23.721
G1 X-10.008 Y-48.180
G1 X0.000 Y-60.190
G1 X10.008 Y-48.180
G1 X10.113 Y-23.721
G1 X18.024 Y-19.715
G1 X18.139 Y-5.139
G1 X35.661 Y-5.001
G1 X56.681 Y-4.000
G1 X68.693 Y-4.000
G1 X72.600 Y-2.535
G1 X72.600 Y2.535
G1 X68.693 Y4.000
G1 X56.681 Y4.000
G1 X35.661 Y5.001
G1 X18.139 Y5.139
G1 X18.024 Y19.715
G1 X10.113 Y23.721
G1 X10.008 Y48.180
G1 X0.000 Y60.190
G1 X-10.008 Y48.180
G1 X-10.113 Y23.721
G1 X-18.000 Y19.727
G1 X-18.000 Y-19.727
G1 X-17.600 Y-19.481
G1 X-9.714 Y-23.474
G1 X-9.608 Y-48.035
G1 X0.000 Y-59.565
G1 X9.608 Y-48.035
G1 X9.714 Y-23.474
G1 X17.626 Y-19.468
G1 X17.742 Y-4.742
G1 X35.650 Y-4.601
G1 X56.672 Y-3.600
G1 X68.621 Y-3.600
G1 X72.200 Y-2.258
G1 X72.200 Y2.258
G1 X68.621 Y3.600
G1 X56.672 Y3.600
G1 X35.650 Y4.601
G1 X17.742 Y4.742
G1 X17.626 Y19.468
G1 X9.714 Y23.474
G1 X9.608 Y48.035
G1 X0.000 Y59.565
G1 X-9.608 Y48.035
G1 X-9.714 Y23.474
G1 X-17.600 Y19.481
G1 X-17.600 Y-19.481
G1 X-17.200 Y-19.236
G1 X-9.315 Y-23.228
G1 X-9.209 Y-47.889
G1 X0.000 Y-58.940
G1 X9.209 Y-47.889
G1 X9.315 Y-23.228
G1 X17.228 Y-19.221
G1 X17.345 Y-4.345
G1 X35.639 Y-4.201
G1 X56.662 Y-3.200
G1 X68.548 Y-3.200
G1 X71.800 Y-1.981
G1 X71.800 Y1.981
G1 X68.548 Y3.200
G1 X56.662 Y3.200
G1 X35.639 Y4.201
G1 X17.345 Y4.345
G1 X17.228 Y19.221
G1 X9.315 Y23.228
G1 X9.209 Y47.889
G1 X0.000 Y58.940
G1 X-9.209 Y47.889
G1 X-9.315 Y23.228
G1 X-17.200 Y19.236
G1 X-17.200 Y-19.236
G1 X-16.800 Y-18.990
G1 X-8.916 Y-22.981
G1 X-8.810 Y-47.744
G1 X0.000 Y-58.315
G1 X8.810 Y-47.744
G1 X8.916 Y-22.981
G1 X16.830 Y-18.975
G1 X16.948 Y-3.948
G1 X35.628 Y-3.801
G1 X56.652 Y-2.800
G1 X68.476 Y-2.800
G1 X71.400 Y-1.703
G1 X71.400 Y1.703
G1 X68.476 Y2.800
G1 X56.652 Y2.800
G1 X35.628 Y3.801
G1 X16.948 Y3.948
G1 X16.830 Y18.975
G1 X8.916 Y22.981
G1 X8.810 Y47.744
G1 X0.000 Y58.315
G1 X-8.810 Y47.744
G1 X-8.916 Y22.981
G1 X-16.800 Y18.990
G1 X-16.800 Y-18.990
G1 X-16.400 Y-18.744
G1 X-8.517 Y-22.735
G1 X-8.410 Y-47.598
G1 X0.000 Y-57.690
G1 X8.410 Y-47.598
G1 X8.517 Y-22.735
G1 X16.432 Y-18.728
G1 X16.551 Y-3.551
G1 X35.617 Y-3.401
G1 X56.643 Y-2.400
G1 X68.403 Y-2.400
G1 X71.000 Y-1.426
G1 X71.000 Y1.426
G1 X68.403 Y2.400
G1 X56.643 Y2.400
G1 X35.617 Y3.401
G1 X16.551 Y3.551
G1 X16.432 Y18.728
G1 X8.517 Y22.735
G1 X8.410 Y47.598
G1 X0.000 Y57.690
G1 X-8.410 Y47.598
G1 X-8.517 Y22.735
G1 X-16.400 Y18.744
G1 X-16.400 Y-18.744
G1 X-16.000 Y-18.498
G1 X-8.119 Y-22.489
G1 X-8.011 Y-47.453
G1 X0.000 Y-57.066
G1 X8.011 Y-47.453
G1 X8.119 Y-22.489
G1 X16.034 Y-18.481
G1 X16.154 Y-3.154
G1 X35.606 Y-3.001
G1 X56.633 Y-2.000
G1 X68.331 Y-2.000
G1 X70.600 Y-1.149
G1 X70.600 Y1.149
G1 X68.331 Y2.000
G1 X56.633 Y2.000
G1 X35.606 Y3.001
G1 X16.154 Y3.154
G1 X16.034 Y18.481
G1 X8.119 Y22.489
G1 X8.011 Y47.453
G1 X0.000 Y57.066
G1 X-8.011 Y47.453
G1 X-8.119 Y22.489
G1 X-16.000 Y18.498
G1 X-16.000 Y-18.498
G1 X-15.600 Y-18.252
G1 X-7.720 Y-22.242
G1 X-7.612 Y-47.307
G1 X0.000 Y-56.441
G1 X7.612 Y-47.307
G1 X7.720 Y-22.242
G1 X15.636 Y-18.234
G1 X15.758 Y-2.758
G1 X35.595 Y-2.601
G1 X56.624 Y-1.600
G1 X68.258 Y-1.600
G1 X70.200 Y-0.872
G1 X70.200 Y0.872
G1 X68.258 Y1.600
G1 X56.624 Y1.600
G1 X35.595 Y2.601
G1 X15.758 Y2.758
G1 X15.636 Y18.234
G1 X7.720 Y22.242
G1 X7.612 Y47.307
G1 X0.000 Y56.441
G1 X-7.612 Y47.307
G1 X-7.720 Y22.242
G1 X-15.600 Y18.252
G1 X-15.600 Y-18.252
G1 X-15.200 Y-18.007
G1 X-7.321 Y-21.996
G1 X-7.212 Y-47.161
G1 X0.000 Y-55.816
G1 X7.212 Y-47.161
G1 X7.321 Y-21.996
G1 X15.238 Y-17.987
G1 X15.361 Y-2.361
G1 X35.584 Y-2.201
G1 X56.614 Y-1.200
G1 X68.186 Y-1.200
G1 X69.800 Y-0.595
G1 X69.800 Y0.595
G1 X68.186 Y1.200
G1 X56.614 Y1.200
G1 X35.584 Y2.201
G1 X15.361 Y2.361
G1 X15.238 Y17.987
G1 X7.321 Y21.996
G1 X7.212 Y47.161
G1 X0.000 Y55.816
G1 X-7.212 Y47.161
G1 X-7.321 Y21.996
G1 X-15.200 Y18.007
G1 X-15.200 Y-18.007
G1 X-14.800 Y-17.761
G1 X-6.922 Y-21.750
G1 X-6.813 Y-47.016
G1 X0.000 Y-55.191
G1 X6.813 Y-47.016
G1 X6.922 Y-21.750
G1 X14.840 Y-17.741
G1 X14.964 Y-1.964
G1 X35.573 Y-1.802
G1 X56.605 Y-0.800
G1 X68.113 Y-0.800
G1 X69.400 Y-0.317
G1 X69.400 Y0.317
G1 X68.113 Y0.800
G1 X56.605 Y0.800
G1 X35.573 Y1.802
G1 X14.964 Y1.964
G1 X14.840 Y17.741
G1 X6.922 Y21.750
G1 X6.813 Y47.016
G1 X0.000 Y55.191
G1 X-6.813 Y47.016
G1 X-6.922 Y21.750
G1 X-14.800 Y17.761
G1 X-14.800 Y-17.761
G1 X-14.400 Y-17.515
G1 X-6.523 Y-21.503
G1 X-6.413 Y-46.870
G1 X0.000 Y-54.566
G1 X6.413 Y-46.870
G1 X6.523 Y-21.503
G1 X14.442 Y-17.494
G1 X14.567 Y-1.567
G1 X35.562 Y-1.402
G1 X56.595 Y-0.400
G1 X68.041 Y-0.400
G1 X69.000 Y-0.040
G1 X69.000 Y0.040
G1 X68.041 Y0.400
G1 X56.595 Y0.400
G1 X35.562 Y1.402
G1 X14.567 Y1.567
G1 X14.442 Y17.494
G1 X6.523 Y21.503
G1 X6.413 Y46.870
G1 X0.000 Y54.566
G1 X-6.413 Y46.870
G1 X-6.523 Y21.503
G1 X-14.400 Y17.515
G1 X-14.400 Y-17.515
G1 X-14.000 Y-17.269
G1 X-6.124 Y-21.257
G1 X-6.014 Y-46.725
G1 X0.000 Y-53.942
G1 X6.014 Y-46.725
G1 X6.124 Y-21.257
G1 X14.043 Y-17.247
G1 X14.170 Y-1.170
G1 X35.550 Y-1.002
G1 X56.586 Y-0.000
G1 X35.550 Y1.002
G1 X14.170 Y1.170
G1 X14.043 Y17.247
G1 X6.124 Y21.257
G1 X6.014 Y46.725
G1 X0.000 Y53.942
G1 X-6.014 Y46.725
G1 X-6.124 Y21.257
G1 X-14.000 Y17.269
G1 X-14.000 Y-17.269
G1 X-13.600 Y-17.023
G1 X-5.725 Y-21.011
G1 X-5.615 Y-46.579
G1 X0.000 Y-53.317
G1 X5.615 Y-46.579
G1 X5.725 Y-21.011
G1 X13.645 Y-17.000
G1 X13.773 Y-0.773
G1 X35.539 Y-0.602
G1 X48.176 Y-0.000
G1 X35.539 Y0.602
G1 X13.773 Y0.773
G1 X13.645 Y17.000
G1 X5.725 Y21.011
G1 X5.615 Y46.579
G1 X0.000 Y53.317
G1 X-5.615 Y46.579
G1 X-5.725 Y21.011
G1 X-13.600 Y17.023
G1 X-13.600 Y-17.023
G1 X-13.200 Y-16.777
G1 X-5.326 Y-20.764
G1 X-5.215 Y-46.434
G1 X0.000 Y-52.692
G1 X5.215 Y-46.434
G1 X5.326 Y-20.764
G1 X13.247 Y-16.753
G1 X13.376 Y-0.376
G1 X35.528 Y-0.202
G1 X39.767 Y-0.000
G1 X35.528 Y0.202
G1 X13.376 Y0.376
G1 X13.247 Y16.753
G1 X5.326 Y20.764
G1 X5.215 Y46.434
G1 X0.000 Y52.692
G1 X-5.215 Y46.434
G1 X-5.326 Y20.764
G1 X-13.200 Y16.777
G1 X-13.200 Y-16.777
G1 X-12.800 Y-16.532
G1 X-4.927 Y-20.518
G1 X-4.816 Y-46.288
G1 X0.000 Y-52.067
G1 X4.816 Y-46.288
G1 X4.927 Y-20.518
G1 X12.849 Y-16.507
G1 X12.979 Y0.000
G1 X12.849 Y16.507
G1 X4.927 Y20.518
G1 X4.816 Y46.288
G1 X0.000 Y52.067
G1 X-4.816 Y46.288
G1 X-4.927 Y20.518
G1 X-12.800 Y16.532
G1 X-12.800 Y-16.532
G1 X-12.400 Y-16.286
G1 X-4.528 Y-20.272
G1 X-4.417 Y-46.142
G1 X0.000 Y-51.442
G1 X4.417 Y-46.142
G1 X4.528 Y-20.272
G1 X12.451 Y-16.260
G1 X12.579 Y0.000
G1 X12.451 Y16.260
G1 X4.528 Y20.272
G1 X4.417 Y46.142
G1 X0.000 Y51.442
G1 X-4.417 Y46.142
G1 X-4.528 Y20.272
G1 X-12.400 Y16.286
G1 X-12.400 Y-16.286
G1 X-12.000 Y-16.040
G1 X-4.129 Y-20.025
G1 X-4.017 Y-45.997
G1 X0.000 Y-50.817
G1 X4.017 Y-45.997
G1 X4.129 Y-20.025
G1 X12.053 Y-16.013
G1 X12.179 Y0.000
G1 X12.053 Y16.013
G1 X4.129 Y20.025
G1 X4.017 Y45.997
G1 X0.000 Y50.817
G1 X-4.017 Y45.997
G1 X-4.129 Y20.025
G1 X-12.000 Y16.040
G1 X-12.000 Y-16.040
G1 X-11.600 Y-15.794
G1 X-3.730 Y-19.779
G1 X-3.618 Y-45.851
G1 X0.000 Y-50.193
G1 X3.618 Y-45.851
G1 X3.730 Y-19.779
G1 X11.655 Y-15.766
G1 X11.779 Y0.000
G1 X11.655 Y15.766
G1 X3.730 Y19.779
G1 X3.618 Y45.851
G1 X0.000 Y50.193
G1 X-3.618 Y45.851
G1 X-3.730 Y19.779
G1 X-11.600 Y15.794
G1 X-11.600 Y-15.794
G1 X-11.200 Y-15.548
G1 X-3.331 Y-19.533
G1 X-3.218 Y-45.706
G1 X0.000 Y-49.568
G1 X3.218 Y-45.706
G1 X3.331 Y-19.533
G1 X11.257 Y-15.519
G1 X11.379 Y0.000
G1 X11.257 Y15.519
G1 X3.331 Y19.533
G1 X3.218 Y45.706
G1 X0.000 Y49.568
G1 X-3.218 Y45.706
G1 X-3.331 Y19.533
G1 X-11.200 Y15.548
G1 X-11.200 Y-15.548
G1 X-10.800 Y-15.302
G1 X-2.932 Y-19.286
G1 X-2.819 Y-45.560
G1 X0.000 Y-48.943
G1 X2.819 Y-45.560
G1 X2.932 Y-19.286
G1 X10.859 Y-15.273
G1 X10.979 Y0.000
G1 X10.859 Y15.273
G1 X2.932 Y19.286
G1 X2.819 Y45.560
G1 X0.000 Y48.943
G1 X-2.819 Y45.560
G1 X-2.932 Y19.286
G1 X-10.800 Y15.302
G1 X-10.800 Y-15.302
G1 X-10.400 Y-15.057
G1 X-2.533 Y-19.040
G1 X-2.420 Y-45.415
G1 X0.000 Y-48.318
G1 X2.420 Y-45.415
G1 X2.533 Y-19.040
G1 X10.461 Y-15.026
G1 X10.579 Y0.000
G1 X10.461 Y15.026
G1 X2.533 Y19.040
G1 X2.420 Y45.415
G1 X0.000 Y48.318
G1 X-2.420 Y45.415
G1 X-2.533 Y19.040
G1 X-10.400 Y15.057
G1 X-10.400 Y-15.057
G1 X-10.000 Y-14.811
G1 X-2.134 Y-18.793
G1 X-2.020 Y-45.269
G1 X0.000 Y-47.693
G1 X2.020 Y-45.269
G1 X2.134 Y-18.793
G1 X10.063 Y-14.779
G1 X10.179 Y0.000
G1 X10.063 Y14.779
G1 X2.134 Y18.793
G1 X2.020 Y45.269
G1 X0.000 Y47.693
G1 X-2.020 Y45.269
G1 X-2.134 Y18.793
G1 X-10.000 Y14.811
G1 X-10.000 Y-14.811
G1 X-9.600 Y-14.565
G1 X-1.735 Y-18.547
G1 X-1.621 Y-45.123
G1 X0.000 Y-47.069
G1 X1.621 Y-45.123
G1 X1.735 Y-18.547
G1 X9.665 Y-14.532
G1 X9.779 Y0.000
G1 X9.665 Y14.532
G1 X1.735 Y18.547
G1 X1.621 Y45.123
G1 X0.000 Y47.069
G1 X-1.621 Y45.123
G1 X-1.735 Y18.547
G1 X-9.600 Y14.565
G1 X-9.600 Y-14.565
G1 X-9.200 Y-14.319
G1 X-1.337 Y-18.301
G1 X-1.222 Y-44.978
G1 X0.000 Y-46.444
G1 X1.222 Y-44.978
G1 X1.337 Y-18.301
G1 X9.267 Y-14.285
G1 X9.379 Y0.000
G1 X9.267 Y14.285
G1 X1.337 Y18.301
G1 X1.222 Y44.978
G1 X0.000 Y46.444
G1 X-1.222 Y44.978
G1 X-1.337 Y18.301
G1 X-9.200 Y14.319
G1 X-9.200 Y-14.319
G1 X-8.800 Y-14.073
G1 X-0.938 Y-18.054
G1 X-0.822 Y-44.832
G1 X0.000 Y-45.819
G1 X0.822 Y-44.832
G1 X0.938 Y-18.054
G1 X8.869 Y-14.039
G1 X8.979 Y0.000
G1 X8.869 Y14.039
G1 X0.938 Y18.054
G1 X0.822 Y44.832
G1 X-0.000 Y45.819
G1 X-0.822 Y44.832
G1 X-0.938 Y18.054
G1 X-8.800 Y14.073
G1 X-8.800 Y-14.073
G1 X-8.400 Y-13.828
G1 X-0.539 Y-17.808
G1 X-0.423 Y-44.687
G1 X0.000 Y-45.194
G1 X0.423 Y-44.687
G1 X0.539 Y-17.808
G1 X8.470 Y-13.792
G1 X8.579 Y0.000
G1 X8.470 Y13.792
G1 X0.539 Y17.808
G1 X0.423 Y44.687
G1 X-0.000 Y45.194
G1 X-0.423 Y44.687
G1 X-0.539 Y17.808
G1 X-8.400 Y13.828
G1 X-8.400 Y-13.828
G1 X-8.000 Y-13.582
G1 X-0.140 Y-17.562
G1 X-0.023 Y-44.541
G1 X0.000 Y-44.569
G1 X0.023 Y-44.541
G1 X0.140 Y-17.562
G1 X8.072 Y-13.545
G1 X8.179 Y0.000
G1 X8.072 Y13.545
G1 X0.140 Y17.562
G1 X0.023 Y44.541
G1 X-0.000 Y44.569
G1 X-0.023 Y44.541
G1 X-0.140 Y17.562
G1 X-8.000 Y13.582
G1 X-8.000 Y-13.582
G1 X-7.600 Y-13.336
G1 X-0.000 Y-17.184
G1 X7.674 Y-13.298
G1 X7.779 Y0.000
G1 X7.674 Y13.298
G1 X-0.000 Y17.184
G1 X-7.600 Y13.336
G1 X-7.600 Y-13.336
G1 X-7.200 Y-13.090
G1 X-0.000 Y-16.736
G1 X7.276 Y-13.051
G1 X7.379 Y0.000
G1 X7.276 Y13.051
G1 X-0.000 Y16.736
G1 X-7.200 Y13.090
G1 X-7.200 Y-13.090
G1 X-6.800 Y-12.844
G1 X-0.000 Y-16.287
G1 X6.878 Y-12.805
G1 X6.979 Y0.000
G1 X6.878 Y12.805
G1 X-0.000 Y16.287
G1 X-6.800 Y12.844
G1 X-6.800 Y-12.844
G1 X-6.400 Y-12.598
G1 X-0.000 Y-15.839
G1 X6.480 Y-12.558
G1 X6.579 Y0.000
G1 X6.480 Y12.558
G1 X-0.000 Y15.839
G1 X-6.400 Y12.598
G1 X-6.400 Y-12.598
G1 X-6.000 Y-12.353
G1 X-0.000 Y-15.391
G1 X6.082 Y-12.311
G1 X6.179 Y0.000
G1 X6.082 Y12.311
G1 X0.000 Y15.391
G1 X-6.000 Y12.353
G1 X-6.000 Y-12.353
G1 X-5.600 Y-12.107
G1 X-0.000 Y-14.942
G1 X5.684 Y-12.064
G1 X5.779 Y0.000
G1 X5.684 Y12.064
G1 X0.000 Y14.942
G1 X-5.600 Y12.107
G1 X-5.600 Y-12.107
G1 X-5.200 Y-11.861
G1 X-0.000 Y-14.494
G1 X5.286 Y-11.818
G1 X5.379 Y0.000
G1 X5.286 Y11.818
G1 X0.000 Y14.494
G1 X-5.200 Y11.861
G1 X-5.200 Y-11.861
G1 X-4.800 Y-11.615
G1 X-0.000 Y-14.046
G1 X4.888 Y-11.571
G1 X4.979 Y0.000
G1 X4.888 Y11.571
G1 X0.000 Y14.046
G1 X-4.800 Y11.615
G1 X-4.800 Y-11.615
G1 X-4.400 Y-11.369
G1 X-0.000 Y-13.597
G1 X4.490 Y-11.324
G1 X4.579 Y0.000
G1 X4.490 Y11.324
G1 X0.000 Y13.597
G1 X-4.400 Y11.369
G1 X-4.400 Y-11.369
G1 X-4.000 Y-11.124
G1 X-0.000 Y-13.149
G1 X4.092 Y-11.077
G1 X4.179 Y0.000
G1 X4.092 Y11.077
G1 X0.000 Y13.149
G1 X-4.000 Y11.124
G1 X-4.000 Y-11.124
G1 X-3.600 Y-10.878
G1 X-0.000 Y-12.701
G1 X3.694 Y-10.830
G1 X3.779 Y0.000
G1 X3.694 Y10.830
G1 X0.000 Y12.701
G1 X-3.600 Y10.878
G1 X-3.600 Y-10.878
G1 X-3.200 Y-10.632
G1 X0.000 Y-12.252
G1 X3.296 Y-10.584
G1 X3.379 Y0.000
G1 X3.296 Y10.584
G1 X0.000 Y12.252
G1 X-3.200 Y10.632
G1 X-3.200 Y-10.632
G1 X-2.800 Y-10.386
G1 X0.000 Y-11.804
G1 X2.898 Y-10.337
G1 X2.979 Y0.000
G1 X2.898 Y10.337
G1 X0.000 Y11.804
G1 X-2.800 Y10.386
G1 X-2.800 Y-10.386
G1 X-2.400 Y-10.140
G1 X0.000 Y-11.355
G1 X2.499 Y-10.090
G1 X2.579 Y0.000
G1 X2.499 Y10.090
G1 X0.000 Y11.355
G1 X-2.400 Y10.140
G1 X-2.400 Y-10.140
G1 X-2.000 Y-9.894
G1 X0.000 Y-10.907
G1 X2.101 Y-9.843
G1 X2.179 Y0.000
G1 X2.101 Y9.843
G1 X0.000 Y10.907
G1 X-2.000 Y9.894
G1 X-2.000 Y-9.894
G1 X-1.600 Y-9.649
G1 X0.000 Y-10.459
G1 X1.703 Y-9.596
G1 X1.779 Y0.000
G1 X1.703 Y9.596
G1 X0.000 Y10.459
G1 X-1.600 Y9.649
G1 X-1.600 Y-9.649
G1 X-1.200 Y-9.403
G1 X0.000 Y-10.010
G1 X1.305 Y-9.350
G1 X1.379 Y0.000
G1 X1.305 Y9.350
G1 X0.000 Y10.010
G1 X-1.200 Y9.403
G1 X-1.200 Y-9.403
G1 X-0.800 Y-9.157
G1 X0.000 Y-9.562
G1 X0.907 Y-9.103
G1 X0.979 Y0.000
G1 X0.907 Y9.103
G1 X0.000 Y9.562
G1 X-0.800 Y9.157
G1 X-0.800 Y-9.157
G1 X-0.400 Y-8.911
G1 X0.000 Y-9.114
G1 X0.509 Y-8.856
G1 X0.579 Y0.000
G1 X0.509 Y8.856
G1 X0.000 Y9.114
G1 X-0.400 Y8.911
G1 X-0.400 Y-8.911
G1 X-0.000 Y-8.665
G1 X0.000 Y-8.665
G1 X0.111 Y-8.609
G1 X0.179 Y0.000
G1 X0.111 Y8.609
G1 X0.000 Y8.665
G1 X-0.000 Y8.665
G1 X-0.000 Y-8.665
M9
G1 Z10.000
G1 X23.006 Y-15.599
G1 Z1.100
M7
G4 P150
G1 X22.809 Y-15.399 Z1.100
G1 X22.809 Y-15.399
G1 X22.903 Y-9.902
G1 X28.400 Y-9.809
G1 X28.400 Y9.809
G1 X22.903 Y9.902
G1 X22.809 Y15.399
G1 X-22.800 Y15.400
G1 X-22.800 Y-15.400
G1 X22.809 Y-15.399
G1 X22.416 Y-14.999
G1 X22.510 Y-9.509
G1 X28.000 Y-9.416
G1 X28.000 Y9.416
G1 X22.510 Y9.509
G1 X22.416 Y14.999
G1 X-22.400 Y15.000
G1 X-22.400 Y-15.000
G1 X22.416 Y-14.999
G1 X22.023 Y-14.599
G1 X22.117 Y-9.115
G1 X27.600 Y-9.023
G1 X27.600 Y9.023
G1 X22.117 Y9.115
G1 X22.023 Y14.599
G1 X-22.000 Y14.600
G1 X-22.000 Y-14.600
G1 X22.023 Y-14.599
G1 X21.630 Y-14.199
G1 X21.723 Y-8.722
G1 X27.200 Y-8.629
G1 X27.200 Y8.629
G1 X21.723 Y8.722
G1 X21.630 Y14.199
G1 X-21.600 Y14.200
G1 X-21.600 Y-14.200
G1 X21.630 Y-14.199
G1 X21.237 Y-13.799
G1 X21.330 Y-8.329
G1 X26.800 Y-8.236
G1 X26.800 Y8.236
G1 X21.330 Y8.329
G1 X21.237 Y13.799
G1 X-21.200 Y13.800
G1 X-21.200 Y-13.800
G1 X21.237 Y-13.799
G1 X20.843 Y-13.399
G1 X20.937 Y-7.935
G1 X26.400 Y-7.843
G1 X26.400 Y7.843
G1 X20.937 Y7.935
G1 X20.843 Y13.399
G1 X-20.800 Y13.400
G1 X-20.800 Y-13.400
G1 X20.843 Y-13.399
G1 X20.450 Y-12.999
G1 X20.543 Y-7.542
G1 X26.000 Y-7.450
G1 X26.000 Y7.450
G1 X20.543 Y7.542
G1 X20.450 Y12.999
G1 X-20.400 Y13.000
G1 X-20.400 Y-13.000
G1 X20.450 Y-12.999
G1 X20.057 Y-12.599
G1 X20.150 Y-7.148
G1 X25.600 Y-7.056
G1 X25.600 Y7.056
G1 X20.150 Y7.148
G1 X20.057 Y12.599
G1 X-20.000 Y12.600
G1 X-20.000 Y-12.600
G1 X20.057 Y-12.599
G1 X19.664 Y-12.199
G1 X19.757 Y-6.755
G1 X25.200 Y-6.663
G1 X25.200 Y6.663
G1 X19.757 Y6.755
G1 X19.664 Y12.199
G1 X-19.600 Y12.200
G1 X-19.600 Y-12.200
G1 X19.664 Y-12.199
G1 X19.270 Y-11.799
G1 X19.363 Y-6.362
G1 X24.800 Y-6.270
G1 X24.800 Y6.270
G1 X19.363 Y6.362
G1 X19.270 Y11.799
G1 X-19.200 Y11.800
G1 X-19.200 Y-11.800
G1 X19.270 Y-11.799
G1 X18.877 Y-11.399
G1 X18.970 Y-5.968
G1 X24.400 Y-5.876
G1 X24.400 Y5.876
G1 X18.970 Y5.968
G1 X18.877 Y11.399
G1 X-18.800 Y11.400
G1 X-18.800 Y-11.400
G1 X18.877 Y-11.399
G1 X18.484 Y-10.999
G1 X18.577 Y-5.575
G1 X24.000 Y-5.483
G1 X24.000 Y5.483
G1 X18.577 Y5.575
G1 X18.484 Y10.999
G1 X-18.400 Y11.000
G1 X-18.400 Y-11.000
G1 X18.484 Y-10.999
G1 X18.091 Y-10.599
G1 X18.183 Y-5.181
G1 X23.600 Y-5.090
G1 X23.600 Y5.090
G1 X18.183 Y5.181
G1 X18.091 Y10.599
G1 X-18.000 Y10.600
G1 X-18.000 Y-10.600
G1 X18.091 Y-10.599
G1 X17.698 Y-10.199
G1 X17.790 Y-4.788
G1 X23.200 Y-4.697
G1 X23.200 Y4.697
G1 X17.790 Y4.788
G1 X17.698 Y10.199
G1 X-17.600 Y10.200
G1 X-17.600 Y-10.200
G1 X17.698 Y-10.199
G1 X17.304 Y-9.799
G1 X17.397 Y-4.395
G1 X22.800 Y-4.303
G1 X22.800 Y4.303
G1 X17.397 Y4.395
G1 X17.304 Y9.799
G1 X-17.200 Y9.800
G1 X-17.200 Y-9.800
G1 X17.304 Y-9.799
G1 X16.911 Y-9.399
G1 X17.003 Y-4.001
G1 X22.400 Y-3.910
G1 X22.400 Y3.910
G1 X17.003 Y4.001
G1 X16.911 Y9.399
G1 X-16.800 Y9.400
G1 X-16.800 Y-9.400
G1 X16.911 Y-9.399
G1 X16.518 Y-8.999
G1 X16.610 Y-3.608
G1 X22.000 Y-3.517
G1 X22.000 Y3.517
G1 X16.610 Y3.608
G1 X16.518 Y8.999
G1 X-16.400 Y9.000
G1 X-16.400 Y-9.000
G1 X16.518 Y-8.999
G1 X16.125 Y-8.599
G1 X16.217 Y-3.214
G1 X21.600 Y-3.123
G1 X21.600 Y3.123
G1 X16.217 Y3.214
G1 X16.125 Y8.599
G1 X-16.000 Y8.600
G1 X-16.000 Y-8.600
G1 X16.125 Y-8.599
G1 X15.731 Y-8.199
G1 X15.823 Y-2.821
G1 X21.200 Y-2.730
G1 X21.200 Y2.730
G1 X15.823 Y2.821
G1 X15.731 Y8.199
G1 X-15.600 Y8.200
G1 X-15.600 Y-8.200
G1 X15.731 Y-8.199
G1 X15.338 Y-7.799
G1 X15.430 Y-2.428
G1 X20.800 Y-2.337
G1 X20.800 Y2.337
G1 X15.430 Y2.428
G1 X15.338 Y7.799
G1 X-15.200 Y7.800
G1 X-15.200 Y-7.800
G1 X15.338 Y-7.799
G1 X14.945 Y-7.399
G1 X15.037 Y-2.034
G1 X20.400 Y-1.943
G1 X20.400 Y1.943
G1 X15.037 Y2.034
G1 X14.945 Y7.399
G1 X-14.800 Y7.400
G1 X-14.800 Y-7.400
G1 X14.945 Y-7.399
G1 X14.552 Y-6.999
G1 X14.643 Y-1.641
G1 X20.000 Y-1.550
G1 X20.000 Y1.550
G1 X14.643 Y1.641
G1 X14.552 Y6.999
G1 X-14.400 Y7.000
G1 X-14.400 Y-7.000
G1 X14.552 Y-6.999
G1 X14.159 Y-6.599
G1 X14.250 Y-1.247
G1 X19.600 Y-1.157
G1 X19.600 Y1.157
G1 X14.250 Y1.247
G1 X14.159 Y6.599
G1 X-14.000 Y6.600
G1 X-14.000 Y-6.600
G1 X14.159 Y-6.599
G1 X13.765 Y-6.199
G1 X13.857 Y-0.854
G1 X19.200 Y-0.764
G1 X19.200 Y0.764
G1 X13.857 Y0.854
G1 X13.765 Y6.199
G1 X-13.600 Y6.200
G1 X-13.600 Y-6.200
G1 X13.765 Y-6.199
G1 X13.372 Y-5.799
G1 X13.463 Y-0.461
G1 X18.800 Y-0.370
G1 X18.800 Y0.370
G1 X13.463 Y0.461
G1 X13.372 Y5.799
G1 X-13.200 Y5.800
G1 X-13.200 Y-5.800
G1 X13.372 Y-5.799
G1 X12.979 Y-5.399
G1 X13.070 Y-0.067
G1 X17.041 Y-0.000
G1 X13.070 Y0.067
G1 X12.979 Y5.399
G1 X-12.800 Y5.400
G1 X-12.800 Y-5.400
G1 X12.979 Y-5.399
G1 X12.586 Y-4.999
G1 X12.671 Y0.000
G1 X12.586 Y4.999
G1 X-12.400 Y5.000
G1 X-12.400 Y-5.000
G1 X12.586 Y-4.999
G1 X12.192 Y-4.599
G1 X12.271 Y0.000
G1 X12.192 Y4.599
G1 X-12.000 Y4.600
G1 X-12.000 Y-4.600
G1 X12.192 Y-4.599
G1 X11.799 Y-4.199
G1 X11.871 Y0.000
G1 X11.799 Y4.199
G1 X-11.600 Y4.200
G1 X-11.600 Y-4.200
G1 X11.799 Y-4.199
G1 X11.406 Y-3.799
G1 X11.471 Y0.000
G1 X11.406 Y3.799
G1 X-11.200 Y3.800
G1 X-11.200 Y-3.800
G1 X11.406 Y-3.799
G1 X11.013 Y-3.399
G1 X11.071 Y0.000
G1 X11.013 Y3.399
G1 X-10.800 Y3.400
G1 X-10.800 Y-3.400
G1 X11.013 Y-3.399
G1 X10.620 Y-2.999
G1 X10.671 Y0.000
G1 X10.620 Y2.999
G1 X-10.400 Y3.000
G1 X-10.400 Y-3.000
G1 X10.620 Y-2.999
G1 X10.226 Y-2.599
G1 X10.271 Y0.000
G1 X10.226 Y2.599
G1 X-10.000 Y2.600
G1 X-10.000 Y-2.600
G1 X10.226 Y-2.599
G1 X9.833 Y-2.199
G1 X9.871 Y0.000
G1 X9.833 Y2.199
G1 X-9.600 Y2.200
G1 X-9.600 Y-2.200
G1 X9.833 Y-2.199
G1 X9.440 Y-1.799
G1 X9.471 Y0.000
G1 X9.440 Y1.799
G1 X-9.200 Y1.800
G1 X-9.200 Y-1.800
G1 X9.440 Y-1.799
G1 X9.047 Y-1.399
G1 X9.071 Y0.000
G1 X9.047 Y1.399
G1 X-8.800 Y1.400
G1 X-8.800 Y-1.400
G1 X9.047 Y-1.399
G1 X8.653 Y-0.999
G1 X8.670 Y0.000
G1 X8.653 Y0.999
G1 X-8.400 Y1.000
G1 X-8.400 Y-1.000
G1 X8.653 Y-0.999
G1 X8.260 Y-0.599
G1 X8.270 Y0.000
G1 X8.260 Y0.599
G1 X-8.000 Y0.600
G1 X-8.000 Y-0.600
G1 X8.260 Y-0.599
G1 X7.867 Y-0.199
G1 X7.870 Y0.000
G1 X7.867 Y0.199
G1 X-7.600 Y0.200
G1 X-7.600 Y-0.200
G1 X7.867 Y-0.199
G1 X9.469 Y-0.092 Z1.500
G1 X9.469 Y-0.092
G1 X-9.200 Y-0.092
G1 X-9.200 Y0.092
G1 X9.469 Y0.092
G1 X9.471 Y-0.000
G1 X9.469 Y-0.092
G1 X9.863 Y-0.492
G1 X-9.600 Y-0.492
G1 X-9.600 Y0.492
G1 X9.863 Y0.492
G1 X9.871 Y-0.000
G1 X9.863 Y-0.492
G1 X10.256 Y-0.892
G1 X-10.000 Y-0.892
G1 X-10.000 Y0.892
G1 X10.256 Y0.892
G1 X10.271 Y-0.000
G1 X10.256 Y-0.892
G1 X10.649 Y-1.292
G1 X-10.400 Y-1.292
G1 X-10.400 Y1.292
G1 X10.649 Y1.292
G1 X10.671 Y-0.000
G1 X10.649 Y-1.292
G1 X11.042 Y-1.692
G1 X-10.800 Y-1.692
G1 X-10.800 Y1.692
G1 X11.042 Y1.692
G1 X11.071 Y-0.000
G1 X11.042 Y-1.692
G1 X11.435 Y-2.092
G1 X-11.200 Y-2.092
G1 X-11.200 Y2.092
G1 X11.435 Y2.092
G1 X11.471 Y-0.000
G1 X11.435 Y-2.092
G1 X11.829 Y-2.492
G1 X-11.600 Y-2.492
G1 X-11.600 Y2.492
G1 X11.829 Y2.492
G1 X11.871 Y-0.000
G1 X11.829 Y-2.492
G1 X12.222 Y-2.892
G1 X-12.000 Y-2.892
G1 X-12.000 Y2.892
G1 X12.222 Y2.892
G1 X12.271 Y-0.000
G1 X12.222 Y-2.892
G1 X12.615 Y-3.292
G1 X-12.400 Y-3.292
G1 X-12.400 Y3.292
G1 X12.615 Y3.292
G1 X12.672 Y-0.000
G1 X12.615 Y-3.292
G1 X13.008 Y-3.692
G1 X-12.800 Y-3.692
G1 X-12.800 Y3.692
G1 X13.008 Y3.692
G1 X13.070 Y0.067
G1 X16.692 Y0.006
G1 X16.692 Y-0.006
G1 X13.070 Y-0.067
G1 X13.008 Y-3.692
G1 X13.402 Y-4.092
G1 X-13.200 Y-4.092
G1 X-13.200 Y4.092
G1 X13.402 Y4.092
G1 X13.464 Y0.460
G1 X17.092 Y0.399
G1 X17.092 Y-0.399
G1 X13.464 Y-0.460
G1 X13.402 Y-4.092
G1 X13.795 Y-4.492
G1 X-13.600 Y-4.492
G1 X-13.600 Y4.492
G1 X13.795 Y4.492
G1 X13.857 Y0.854
G1 X17.492 Y0.792
G1 X17.492 Y-0.792
G1 X13.857 Y-0.854
G1 X13.795 Y-4.492
G1 X14.188 Y-4.892
G1 X-14.000 Y-4.892
G1 X-14.000 Y4.892
G1 X14.188 Y4.892
G1 X14.250 Y1.247
G1 X17.892 Y1.186
G1 X17.892 Y-1.186
G1 X14.250 Y-1.247
G1 X14.188 Y-4.892
G1 X14.581 Y-5.292
G1 X-14.400 Y-5.292
G1 X-14.400 Y5.292
G1 X14.581 Y5.292
G1 X14.644 Y1.640
G1 X18.292 Y1.579
G1 X18.292 Y-1.579
G1 X14.644 Y-1.640
G1 X14.581 Y-5.292
G1 X14.974 Y-5.692
G1 X-14.800 Y-5.692
G1 X-14.800 Y5.692
G1 X14.974 Y5.692
G1 X15.037 Y2.034
G1 X18.692 Y1.972
G1 X18.692 Y-1.972
G1 X15.037 Y-2.034
G1 X14.974 Y-5.692
G1 X15.368 Y-6.092
G1 X-15.200 Y-6.092
G1 X-15.200 Y6.092
G1 X15.368 Y6.092
G1 X15.430 Y2.427
G1 X19.092 Y2.366
G1 X19.092 Y-2.366
G1 X15.430 Y-2.427
G1 X15.368 Y-6.092
G1 X15.761 Y-6.492
G1 X-15.600 Y-6.492
G1 X-15.600 Y6.492
G1 X15.761 Y6.492
G1 X15.824 Y2.821
G1 X19.492 Y2.759
G1 X19.492 Y-2.759
G1 X15.824 Y-2.821
G1 X15.761 Y-6.492
G1 X16.154 Y-6.892
G1 X-16.000 Y-6.892
G1 X-16.000 Y6.892
G1 X16.154 Y6.892
G1 X16.217 Y3.214
G1 X19.892 Y3.152
G1 X19.892 Y-3.152
G1 X16.217 Y-3.214
G1 X16.154 Y-6.892
G1 X16.547 Y-7.292
G1 X-16.400 Y-7.292
G1 X-16.400 Y7.292
G1 X16.547 Y7.292
G1 X16.610 Y3.608
G1 X20.292 Y3.545
G1 X20.292 Y-3.545
G1 X16.610 Y-3.608
G1 X16.547 Y-7.292
G1 X16.940 Y-7.692
G1 X-16.800 Y-7.692
G1 X-16.800 Y7.692
G1 X16.940 Y7.692
G1 X17.004 Y4.001
G1 X20.692 Y3.939
G1 X20.692 Y-3.939
G1 X17.004 Y-4.001
G1 X16.940 Y-7.692
G1 X17.334 Y-8.092
G1 X-17.200 Y-8.092
G1 X-17.200 Y8.092
G1 X17.334 Y8.092
G1 X17.397 Y4.394
G1 X21.092 Y4.332
G1 X21.092 Y-4.332
G1 X17.397 Y-4.394
G1 X17.334 Y-8.092
G1 X17.727 Y-8.492
G1 X-17.600 Y-8.492
G1 X-17.600 Y8.492
G1 X17.727 Y8.492
G1 X17.790 Y4.788
G1 X21.492 Y4.725
G1 X21.492 Y-4.725
G1 X17.790 Y-4.788
G1 X17.727 Y-8.492
G1 X18.120 Y-8.892
G1 X-18.000 Y-8.892
G1 X-18.000 Y8.892
G1 X18.120 Y8.892
G1 X18.184 Y5.181
G1 X21.892 Y5.119
G1 X21.892 Y-5.119
G1 X18.184 Y-5.181
G1 X18.120 Y-8.892
G1 X18.513 Y-9.292
G1 X-18.400 Y-9.292
G1 X-18.400 Y9.292
G1 X18.513 Y9.292
G1 X18.577 Y5.575
G1 X22.292 Y5.512
G1 X22.292 Y-5.512
G1 X18.577 Y-5.575
G1 X18.513 Y-9.292
G1 X18.906 Y-9.692
G1 X-18.800 Y-9.692
G1 X-18.800 Y9.692
G1 X18.906 Y9.692
G1 X18.970 Y5.968
G1 X22.692 Y5.905
G1 X22.692 Y-5.905
G1 X18.970 Y-5.968
G1 X18.906 Y-9.692
G1 X19.300 Y-10.092
G1 X-19.200 Y-10.092
G1 X-19.200 Y10.092
G1 X19.300 Y10.092
G1 X19.363 Y6.362
G1 X23.092 Y6.299
G1 X23.092 Y-6.299
G1 X19.363 Y-6.362
G1 X19.300 Y-10.092
G1 X19.693 Y-10.492
G1 X-19.600 Y-10.492
G1 X-19.600 Y10.492
G1 X19.693 Y10.492
G1 X19.757 Y6.755
G1 X23.492 Y6.692
G1 X23.492 Y-6.692
G1 X19.757 Y-6.755
G1 X19.693 Y-10.492
G1 X20.086 Y-10.892
G1 X-20.000 Y-10.892
G1 X-20.000 Y10.892
G1 X20.086 Y10.892
G1 X20.150 Y7.148
G1 X23.892 Y7.085
G1 X23.892 Y-7.085
G1 X20.150 Y-7.148
G1 X20.086 Y-10.892
G1 X20.479 Y-11.292
G1 X-20.400 Y-11.292
G1 X-20.400 Y11.292
G1 X20.479 Y11.292
G1 X20.543 Y7.542
G1 X24.292 Y7.479
G1 X24.292 Y-7.479
G1 X20.543 Y-7.542
G1 X20.479 Y-11.292
G1 X20.872 Y-11.692
G1 X-20.800 Y-11.692
G1 X-20.800 Y11.692
G1 X20.872 Y11.692
G1 X20.937 Y7.935
G1 X24.692 Y7.872
G1 X24.692 Y-7.872
G1 X20.937 Y-7.935
G1 X20.872 Y-11.692
G1 X21.266 Y-12.092
G1 X-21.200 Y-12.092
G1 X-21.200 Y12.092
G1 X21.266 Y12.092
G1 X21.330 Y8.329
G1 X25.092 Y8.265
G1 X25.092 Y-8.265
G1 X21.330 Y-8.329
G1 X21.266 Y-12.092
G1 X21.659 Y-12.492
G1 X-21.600 Y-12.492
G1 X-21.600 Y12.492
G1 X21.659 Y12.492
G1 X21.723 Y8.722
G1 X25.492 Y8.658
G1 X25.492 Y-8.658
G1 X21.723 Y-8.722
G1 X21.659 Y-12.492
G1 X22.052 Y-12.892
G1 X-22.000 Y-12.892
G1 X-22.000 Y12.892
G1 X22.052 Y12.892
G1 X22.117 Y9.115
G1 X25.892 Y9.052
G1 X25.892 Y-9.052
G1 X22.117 Y-9.115
G1 X22.052 Y-12.892
G1 X22.445 Y-13.292
G1 X-22.400 Y-13.292
G1 X-22.400 Y13.292
G1 X22.445 Y13.292
G1 X22.510 Y9.509
G1 X26.292 Y9.445
G1 X26.292 Y-9.445
G1 X22.510 Y-9.509
G1 X22.445 Y-13.292
G1 X22.838 Y-13.692
G1 X-22.800 Y-13.692
G1 X-22.800 Y13.692
G1 X22.838 Y13.692
G1 X22.903 Y9.902
G1 X26.692 Y9.838
G1 X26.692 Y-9.838
G1 X22.903 Y-9.902
G1 X22.838 Y-13.692
G1 X22.838 Y-13.692 Z1.500
G1 X22.847 Y-13.154 Z1.900
G1 X22.847 Y-13.154
G1 X22.903 Y-9.902
G1 X26.154 Y-9.847
G1 X26.154 Y9.847
G1 X22.903 Y9.902
G1 X22.847 Y13.154
G1 X-22.800 Y13.154
G1 X-22.800 Y-13.154
G1 X22.847 Y-13.154
G1 X22.454 Y-12.754
G1 X22.510 Y-9.509
G1 X25.754 Y-9.454
G1 X25.754 Y9.454
G1 X22.510 Y9.509
G1 X22.454 Y12.754
G1 X-22.400 Y12.754
G1 X-22.400 Y-12.754
G1 X22.454 Y-12.754
G1 X22.061 Y-12.354
G1 X22.117 Y-9.115
G1 X25.354 Y-9.061
G1 X25.354 Y9.061
G1 X22.117 Y9.115
G1 X22.061 Y12.354
G1 X-22.000 Y12.354
G1 X-22.000 Y-12.354
G1 X22.061 Y-12.354
G1 X21.668 Y-11.954
G1 X21.723 Y-8.722
G1 X24.954 Y-8.667
G1 X24.954 Y8.667
G1 X21.723 Y8.722
G1 X21.668 Y11.954
G1 X-21.600 Y11.954
G1 X-21.600 Y-11.954
G1 X21.668 Y-11.954
G1 X21.275 Y-11.554
G1 X21.330 Y-8.329
G1 X24.554 Y-8.274
G1 X24.554 Y8.274
G1 X21.330 Y8.329
G1 X21.275 Y11.554
G1 X-21.200 Y11.554
G1 X-21.200 Y-11.554
G1 X21.275 Y-11.554
G1 X20.882 Y-11.154
G1 X20.937 Y-7.935
G1 X24.154 Y-7.881
G1 X24.154 Y7.881
G1 X20.937 Y7.935
G1 X20.882 Y11.154
G1 X-20.800 Y11.154
G1 X-20.800 Y-11.154
G1 X20.882 Y-11.154
G1 X20.488 Y-10.754
G1 X20.544 Y-7.542
G1 X23.754 Y-7.488
G1 X23.754 Y7.488
G1 X20.544 Y7.542
G1 X20.488 Y10.754
G1 X-20.400 Y10.754
G1 X-20.400 Y-10.754
G1 X20.488 Y-10.754
G1 X20.095 Y-10.354
G1 X20.150 Y-7.148
G1 X23.354 Y-7.094
G1 X23.354 Y7.094
G1 X20.150 Y7.148
G1 X20.095 Y10.354
G1 X-20.000 Y10.354
G1 X-20.000 Y-10.354
G1 X20.095 Y-10.354
G1 X19.702 Y-9.954
G1 X19.757 Y-6.755
G1 X22.954 Y-6.701
G1 X22.954 Y6.701
G1 X19.757 Y6.755
G1 X19.702 Y9.954
G1 X-19.600 Y9.954
G1 X-19.600 Y-9.954
G1 X19.702 Y-9.954
G1 X19.309 Y-9.554
G1 X19.364 Y-6.362
G1 X22.554 Y-6.308
G1 X22.554 Y6.308
G1 X19.364 Y6.362
G1 X19.309 Y9.554
G1 X-19.200 Y9.554
G1 X-19.200 Y-9.554
G1 X19.309 Y-9.554
G1 X18.916 Y-9.154
G1 X18.970 Y-5.968
G1 X22.154 Y-5.914
G1 X22.154 Y5.914
G1 X18.970 Y5.968
G1 X18.916 Y9.154
G1 X-18.800 Y9.154
G1 X-18.800 Y-9.154
G1 X18.916 Y-9.154
G1 X18.522 Y-8.754
G1 X18.577 Y-5.575
G1 X21.754 Y-5.521
G1 X21.754 Y5.521
G1 X18.577 Y5.575
G1 X18.522 Y8.754
G1 X-18.400 Y8.754
G1 X-18.400 Y-8.754
G1 X18.522 Y-8.754
G1 X18.129 Y-8.354
G1 X18.184 Y-5.181
G1 X21.354 Y-5.128
G1 X21.354 Y5.128
G1 X18.184 Y5.181
G1 X18.129 Y8.354
G1 X-18.000 Y8.354
G1 X-18.000 Y-8.354
G1 X18.129 Y-8.354
G1 X17.736 Y-7.954
G1 X17.791 Y-4.788
G1 X20.954 Y-4.735
G1 X20.954 Y4.735
G1 X17.791 Y4.788
G1 X17.736 Y7.954
G1 X-17.600 Y7.954
G1 X-17.600 Y-7.954
G1 X17.736 Y-7.954
G1 X17.343 Y-7.554
G1 X17.397 Y-4.395
G1 X20.554 Y-4.341
G1 X20.554 Y4.341
G1 X17.397 Y4.395
G1 X17.343 Y7.554
G1 X-17.200 Y7.554
G1 X-17.200 Y-7.554
G1 X17.343 Y-7.554
G1 X16.950 Y-7.154
G1 X17.004 Y-4.001
G1 X20.154 Y-3.948
G1 X20.154 Y3.948
G1 X17.004 Y4.001
G1 X16.950 Y7.154
G1 X-16.800 Y7.154
G1 X-16.800 Y-7.154
G1 X16.950 Y-7.154
G1 X16.557 Y-6.754
G1 X16.611 Y-3.608
G1 X19.754 Y-3.555
G1 X19.754 Y3.555
G1 X16.611 Y3.608
G1 X16.557 Y6.754
G1 X-16.400 Y6.754
G1 X-16.400 Y-6.754
G1 X16.557 Y-6.754
G1 X16.163 Y-6.354
G1 X16.217 Y-3.214
G1 X19.354 Y-3.161
G1 X19.354 Y3.161
G1 X16.217 Y3.214
G1 X16.163 Y6.354
G1 X-16.000 Y6.354
G1 X-16.000 Y-6.354
G1 X16.163 Y-6.354
G1 X15.770 Y-5.954
G1 X15.824 Y-2.821
G1 X18.954 Y-2.768
G1 X18.954 Y2.768
G1 X15.824 Y2.821
G1 X15.770 Y5.954
G1 X-15.600 Y5.954
G1 X-15.600 Y-5.954
G1 X15.770 Y-5.954
G1 X15.377 Y-5.554
G1 X15.431 Y-2.428
G1 X18.554 Y-2.375
G1 X18.554 Y2.375
G1 X15.431 Y2.428
G1 X15.377 Y5.554
G1 X-15.200 Y5.554
G1 X-15.200 Y-5.554
G1 X15.377 Y-5.554
G1 X14.984 Y-5.154
G1 X15.038 Y-2.034
G1 X18.154 Y-1.981
G1 X18.154 Y1.981
G1 X15.038 Y2.034
G1 X14.984 Y5.154
G1 X-14.800 Y5.154
G1 X-14.800 Y-5.154
G1 X14.984 Y-5.154
G1 X14.591 Y-4.754
G1 X14.644 Y-1.641
G1 X17.754 Y-1.588
G1 X17.754 Y1.588
G1 X14.644 Y1.641
G1 X14.591 Y4.754
G1 X-14.400 Y4.754
G1 X-14.400 Y-4.754
G1 X14.591 Y-4.754
G1 X14.198 Y-4.354
G1 X14.251 Y-1.247
G1 X17.354 Y-1.195
G1 X17.354 Y1.195
G1 X14.251 Y1.247
G1 X14.198 Y4.354
G1 X-14.000 Y4.354
G1 X-14.000 Y-4.354
G1 X14.198 Y-4.354
G1 X13.804 Y-3.954
G1 X13.858 Y-0.854
G1 X16.954 Y-0.802
G1 X16.954 Y0.802
G1 X13.858 Y0.854
G1 X13.804 Y3.954
G1 X-13.600 Y3.954
G1 X-13.600 Y-3.954
G1 X13.804 Y-3.954
G1 X13.411 Y-3.554
G1 X13.464 Y-0.460
G1 X16.554 Y-0.408
G1 X16.554 Y0.408
G1 X13.464 Y0.460
G1 X13.411 Y3.554
G1 X-13.200 Y3.554
G1 X-13.200 Y-3.554
G1 X13.411 Y-3.554
G1 X13.018 Y-3.154
G1 X13.071 Y-0.067
G1 X16.154 Y-0.015
G1 X16.154 Y0.015
G1 X13.071 Y0.067
G1 X13.018 Y3.154
G1 X-12.800 Y3.154
G1 X-12.800 Y-3.154
G1 X13.018 Y-3.154
G1 X12.625 Y-2.754
G1 X12.672 Y0.000
G1 X12.625 Y2.754
G1 X-12.400 Y2.754
G1 X-12.400 Y-2.754
G1 X12.625 Y-2.754
G1 X12.232 Y-2.354
G1 X12.272 Y0.000
G1 X12.232 Y2.354
G1 X-12.000 Y2.354
G1 X-12.000 Y-2.354
G1 X12.232 Y-2.354
G1 X11.838 Y-1.954
G1 X11.872 Y0.000
G1 X11.838 Y1.954
G1 X-11.600 Y1.954
G1 X-11.600 Y-1.954
G1 X11.838 Y-1.954
G1 X11.445 Y-1.554
G1 X11.472 Y0.000
G1 X11.445 Y1.554
G1 X-11.200 Y1.554
G1 X-11.200 Y-1.554
G1 X11.445 Y-1.554
G1 X11.052 Y-1.154
G1 X11.072 Y0.000
G1 X11.052 Y1.154
G1 X-10.800 Y1.154
G1 X-10.800 Y-1.154
G1 X11.052 Y-1.154
G1 X10.659 Y-0.754
G1 X10.672 Y0.000
G1 X10.659 Y0.754
G1 X-10.400 Y0.754
G1 X-10.400 Y-0.754
G1 X10.659 Y-0.754
G1 X10.266 Y-0.354
G1 X10.272 Y0.000
G1 X10.266 Y0.354
G1 X-10.000 Y0.354
G1 X-10.000 Y-0.354
G1 X10.266 Y-0.354
M9
G1 Z10.000
G1 X-13.000 Y-12.960
G1 Z2.300
M7
G4 P150
G1 X-13.200 Y-12.760 Z2.300
G1 X-13.200 Y-12.760
G1 X-13.200 Y12.760
G1 X-22.800 Y12.760
G1 X-22.800 Y-12.760
G1 X-13.200 Y-12.760
G1 X-13.600 Y-12.360
G1 X-13.600 Y12.360
G1 X-22.400 Y12.360
G1 X-22.400 Y-12.360
G1 X-13.600 Y-12.360
G1 X-14.000 Y-11.960
G1 X-14.000 Y11.960
G1 X-22.000 Y11.960
G1 X-22.000 Y-11.960
G1 X-14.000 Y-11.960
G1 X-14.400 Y-11.560
G1 X-14.400 Y11.560
G1 X-21.600 Y11.560
G1 X-21.600 Y-11.560
G1 X-14.400 Y-11.560
G1 X-14.800 Y-11.160
G1 X-14.800 Y11.160
G1 X-21.200 Y11.160
G1 X-21.200 Y-11.160
G1 X-14.800 Y-11.160
G1 X-15.200 Y-10.760
G1 X-15.200 Y10.760
G1 X-20.800 Y10.760
G1 X-20.800 Y-10.760
G1 X-15.200 Y-10.760
G1 X-15.600 Y-10.360
G1 X-15.600 Y10.360
G1 X-20.400 Y10.360
G1 X-20.400 Y-10.360
G1 X-15.600 Y-10.360
G1 X-16.000 Y-9.960
G1 X-16.000 Y9.960
G1 X-20.000 Y9.960
G1 X-20.000 Y-9.960
G1 X-16.000 Y-9.960
G1 X-16.400 Y-9.560
G1 X-16.400 Y9.560
G1 X-19.600 Y9.560
G1 X-19.600 Y-9.560
G1 X-16.400 Y-9.560
G1 X-16.800 Y-9.160
G1 X-16.800 Y9.160
G1 X-19.200 Y9.160
G1 X-19.200 Y-9.160
G1 X-16.800 Y-9.160
G1 X-17.200 Y-8.760
G1 X-17.200 Y8.760
G1 X-18.800 Y8.760
G1 X-18.800 Y-8.760
G1 X-17.200 Y-8.760
G1 X-17.600 Y-8.360
G1 X-17.600 Y8.360
G1 X-18.400 Y8.360
G1 X-18.400 Y-8.360
G1 X-17.600 Y-8.360
G1 X-18.000 Y-7.960
G1 X-18.000 Y7.960
G1 X-18.000 Y7.960
G1 X-18.000 Y-7.960
G1 X-18.000 Y-7.960
G1 X-18.000 Y-7.659 Z2.700
G1 X-18.000 Y-7.659
G1 X-18.000 Y-7.659
G1 X-18.000 Y7.659
G1 X-18.000 Y7.659
G1 X-18.000 Y-7.659
G1 X-17.600 Y-8.059
G1 X-18.400 Y-8.059
G1 X-18.400 Y8.059
G1 X-17.600 Y8.059
G1 X-17.600 Y-8.059
G1 X-17.200 Y-8.459
G1 X-18.800 Y-8.459
G1 X-18.800 Y8.459
G1 X-17.200 Y8.459
G1 X-17.200 Y-8.459
G1 X-16.800 Y-8.859
G1 X-19.200 Y-8.859
G1 X-19.200 Y8.859
G1 X-16.800 Y8.859
G1 X-16.800 Y-8.859
G1 X-16.400 Y-9.259
G1 X-19.600 Y-9.259
G1 X-19.600 Y9.259
G1 X-16.400 Y9.259
G1 X-16.400 Y-9.259
G1 X-16.000 Y-9.659
G1 X-20.000 Y-9.659
G1 X-20.000 Y9.659
G1 X-16.000 Y9.659
G1 X-16.000 Y-9.659
G1 X-15.600 Y-10.059
G1 X-20.400 Y-10.059
G1 X-20.400 Y10.059
G1 X-15.600 Y10.059
G1 X-15.600 Y-10.059
G1 X-15.200 Y-10.459
G1 X-20.800 Y-10.459
G1 X-20.800 Y10.459
G1 X-15.200 Y10.459
G1 X-15.200 Y-10.459
G1 X-14.800 Y-10.859
G1 X-21.200 Y-10.859
G1 X-21.200 Y10.859
G1 X-14.800 Y10.859
G1 X-14.800 Y-10.859
G1 X-14.400 Y-11.259
G1 X-21.600 Y-11.259
G1 X-21.600 Y11.259
G1 X-14.400 Y11.259
G1 X-14.400 Y-11.259
G1 X-14.000 Y-11.659
G1 X-22.000 Y-11.659
G1 X-22.000 Y11.659
G1 X-14.000 Y11.659
G1 X-14.000 Y-11.659
G1 X-13.600 Y-12.059
G1 X-22.400 Y-12.059
G1 X-22.400 Y12.059
G1 X-13.600 Y12.059
G1 X-13.600 Y-12.059
G1 X-13.200 Y-12.459
G1 X-22.800 Y-12.459
G1 X-22.800 Y12.459
G1 X-13.200 Y12.459
G1 X-13.200 Y-12.459
G1 X-13.200 Y-12.459 Z2.700
G1 X-13.200 Y-12.227 Z3.100
G1 X-13.200 Y-12.227
G1 X-13.200 Y12.227
G1 X-22.800 Y12.227
G1 X-22.800 Y-12.227
G1 X-13.200 Y-12.227
G1 X-13.600 Y-11.827
G1 X-13.600 Y11.827
G1 X-22.400 Y11.827
G1 X-22.400 Y-11.827
G1 X-13.600 Y-11.827
G1 X-14.000 Y-11.427
G1 X-14.000 Y11.427
G1 X-22.000 Y11.427
G1 X-22.000 Y-11.427
G1 X-14.000 Y-11.427
G1 X-14.400 Y-11.027
G1 X-14.400 Y11.027
G1 X-21.600 Y11.027
G1 X-21.600 Y-11.027
G1 X-14.400 Y-11.027
G1 X-14.800 Y-10.627
G1 X-14.800 Y10.627
G1 X-21.200 Y10.627
G1 X-21.200 Y-10.627
G1 X-14.800 Y-10.627
G1 X-15.200 Y-10.227
G1 X-15.200 Y10.227
G1 X-20.800 Y10.227
G1 X-20.800 Y-10.227
G1 X-15.200 Y-10.227
G1 X-15.600 Y-9.827
G1 X-15.600 Y9.827
G1 X-20.400 Y9.827
G1 X-20.400 Y-9.827
G1 X-15.600 Y-9.827
G1 X-16.000 Y-9.427
G1 X-16.000 Y9.427
G1 X-20.000 Y9.427
G1 X-20.000 Y-9.427
G1 X-16.000 Y-9.427
G1 X-16.400 Y-9.027
G1 X-16.400 Y9.027
G1 X-19.600 Y9.027
G1 X-19.600 Y-9.027
G1 X-16.400 Y-9.027
G1 X-16.800 Y-8.627
G1 X-16.800 Y8.627
G1 X-19.200 Y8.627
G1 X-19.200 Y-8.627
G1 X-16.800 Y-8.627
G1 X-17.200 Y-8.227
G1 X-17.200 Y8.227
G1 X-18.800 Y8.227
G1 X-18.800 Y-8.227
G1 X-17.200 Y-8.227
G1 X-17.600 Y-7.827
G1 X-17.600 Y7.827
G1 X-18.400 Y7.827
G1 X-18.400 Y-7.827
G1 X-17.600 Y-7.827
G1 X-18.000 Y-7.427
G1 X-18.000 Y7.427
G1 X-18.000 Y7.427
G1 X-18.000 Y-7.427
G1 X-18.000 Y-7.427
G1 X-18.000 Y-7.253 Z3.500
G1 X-18.000 Y-7.253
G1 X-18.000 Y-7.253
G1 X-18.000 Y7.253
G1 X-18.000 Y7.253
G1 X-18.000 Y-7.253
G1 X-17.600 Y-7.653
G1 X-18.400 Y-7.653
G1 X-18.400 Y7.653
G1 X-17.600 Y7.653
G1 X-17.600 Y-7.653
G1 X-17.200 Y-8.053
G1 X-18.800 Y-8.053
G1 X-18.800 Y8.053
G1 X-17.200 Y8.053
G1 X-17.200 Y-8.053
G1 X-16.800 Y-8.453
G1 X-19.200 Y-8.453
G1 X-19.200 Y8.453
G1 X-16.800 Y8.453
G1 X-16.800 Y-8.453
G1 X-16.400 Y-8.853
G1 X-19.600 Y-8.853
G1 X-19.600 Y8.853
G1 X-16.400 Y8.853
G1 X-16.400 Y-8.853
G1 X-16.000 Y-9.253
G1 X-20.000 Y-9.253
G1 X-20.000 Y9.253
G1 X-16.000 Y9.253
G1 X-16.000 Y-9.253
G1 X-15.600 Y-9.653
G1 X-20.400 Y-9.653
G1 X-20.400 Y9.653
G1 X-15.600 Y9.653
G1 X-15.600 Y-9.653
G1 X-15.200 Y-10.053
G1 X-20.800 Y-10.053
G1 X-20.800 Y10.053
G1 X-15.200 Y10.053
G1 X-15.200 Y-10.053
G1 X-14.800 Y-10.453
G1 X-21.200 Y-10.453
G1 X-21.200 Y10.453
G1 X-14.800 Y10.453
G1 X-14.800 Y-10.453
G1 X-14.400 Y-10.853
G1 X-21.600 Y-10.853
G1 X-21.600 Y10.853
G1 X-14.400 Y10.853
G1 X-14.400 Y-10.853
G1 X-14.000 Y-11.253
G1 X-22.000 Y-11.253
G1 X-22.000 Y11.253
G1 X-14.000 Y11.253
G1 X-14.000 Y-11.253
G1 X-13.600 Y-11.653
G1 X-22.400 Y-11.653
G1 X-22.400 Y11.653
G1 X-13.600 Y11.653
G1 X-13.600 Y-11.653
G1 X-13.200 Y-12.053
G1 X-22.800 Y-12.053
G1 X-22.800 Y12.053
G1 X-13.200 Y12.053
G1 X-13.200 Y-12.053
G1 X-13.200 Y-12.053 Z3.500
M9
G1 Z10.000
G1 X11.400 Y-12.960
G1 Z2.300
M7
G4 P150
G1 X11.200 Y-12.760 Z2.300
G1 X11.200 Y-12.760
G1 X11.200 Y-1.000
G1 X-11.200 Y-1.000
G1 X-11.200 Y-12.760
G1 X11.200 Y-12.760
G1 X10.800 Y-12.360
G1 X10.800 Y-1.400
G1 X-10.800 Y-1.400
G1 X-10.800 Y-12.360
G1 X10.800 Y-12.360
G1 X10.400 Y-11.960
G1 X10.400 Y-1.800
G1 X-10.400 Y-1.800
G1 X-10.400 Y-11.960
G1 X10.400 Y-11.960
G1 X10.000 Y-11.560
G1 X10.000 Y-2.200
G1 X-10.000 Y-2.200
G1 X-10.000 Y-11.560
G1 X10.000 Y-11.560
G1 X9.600 Y-11.160
G1 X9.600 Y-2.600
G1 X-9.600 Y-2.600
G1 X-9.600 Y-11.160
G1 X9.600 Y-11.160
G1 X9.200 Y-10.760
G1 X9.200 Y-3.000
G1 X-9.200 Y-3.000
G1 X-9.200 Y-10.760
G1 X9.200 Y-10.760
G1 X8.800 Y-10.360
G1 X8.800 Y-3.400
G1 X-8.800 Y-3.400
G1 X-8.800 Y-10.360
G1 X8.800 Y-10.360
G1 X8.400 Y-9.960
G1 X8.400 Y-3.800
G1 X-8.400 Y-3.800
G1 X-8.400 Y-9.960
G1 X8.400 Y-9.960
G1 X8.000 Y-9.560
G1 X8.000 Y-4.200
G1 X-8.000 Y-4.200
G1 X-8.000 Y-9.560
G1 X8.000 Y-9.560
G1 X7.600 Y-9.160
G1 X7.600 Y-4.600
G1 X-7.600 Y-4.600
G1 X-7.600 Y-9.160
G1 X7.600 Y-9.160
G1 X7.200 Y-8.760
G1 X7.200 Y-5.000
G1 X-7.200 Y-5.000
G1 X-7.200 Y-8.760
G1 X7.200 Y-8.760
G1 X6.800 Y-8.360
G1 X6.800 Y-5.400
G1 X-6.800 Y-5.400
G1 X-6.800 Y-8.360
G1 X6.800 Y-8.360
G1 X6.400 Y-7.960
G1 X6.400 Y-5.800
G1 X-6.400 Y-5.800
G1 X-6.400 Y-7.960
G1 X6.400 Y-7.960
G1 X6.000 Y-7.560
G1 X6.000 Y-6.200
G1 X-6.000 Y-6.200
G1 X-6.000 Y-7.560
G1 X6.000 Y-7.560
G1 X5.600 Y-7.160
G1 X5.600 Y-6.600
G1 X-5.600 Y-6.600
G1 X-5.600 Y-7.160
G1 X5.600 Y-7.160
G1 X5.600 Y-6.859 Z2.700
G1 X5.600 Y-6.859
G1 X-5.600 Y-6.859
G1 X-5.600 Y-6.600
G1 X5.600 Y-6.600
G1 X5.600 Y-6.859
G1 X6.000 Y-7.259
G1 X-6.000 Y-7.259
G1 X-6.000 Y-6.200
G1 X6.000 Y-6.200
G1 X6.000 Y-7.259
G1 X6.400 Y-7.659
G1 X-6.400 Y-7.659
G1 X-6.400 Y-5.800
G1 X6.400 Y-5.800
G1 X6.400 Y-7.659
G1 X6.800 Y-8.059
G1 X-6.800 Y-8.059
G1 X-6.800 Y-5.400
G1 X6.800 Y-5.400
G1 X6.800 Y-8.059
G1 X7.200 Y-8.459
G1 X-7.200 Y-8.459
G1 X-7.200 Y-5.000
G1 X7.200 Y-5.000
G1 X7.200 Y-8.459
G1 X7.600 Y-8.859
G1 X-7.600 Y-8.859
G1 X-7.600 Y-4.600
G1 X7.600 Y-4.600
G1 X7.600 Y-8.859
G1 X8.000 Y-9.259
G1 X-8.000 Y-9.259
G1 X-8.000 Y-4.200
G1 X8.000 Y-4.200
G1 X8.000 Y-9.259
G1 X8.400 Y-9.659
G1 X-8.400 Y-9.659
G1 X-8.400 Y-3.800
G1 X8.400 Y-3.800
G1 X8.400 Y-9.659
G1 X8.800 Y-10.059
G1 X-8.800 Y-10.059
G1 X-8.800 Y-3.400
G1 X8.800 Y-3.400
G1 X8.800 Y-10.059
G1 X9.200 Y-10.459
G1 X-9.200 Y-10.459
G1 X-9.200 Y-3.000
G1 X9.200 Y-3.000
G1 X9.200 Y-10.459
G1 X9.600 Y-10.859
G1 X-9.600 Y-10.859
G1 X-9.600 Y-2.600
G1 X9.600 Y-2.600
G1 X9.600 Y-10.859
G1 X10.000 Y-11.259
G1 X-10.000 Y-11.259
G1 X-10.000 Y-2.200
G1 X10.000 Y-2.200
G1 X10.000 Y-11.259
G1 X10.400 Y-11.659
G1 X-10.400 Y-11.659
G1 X-10.400 Y-1.800
G1 X10.400 Y-1.800
G1 X10.400 Y-11.659
G1 X10.800 Y-12.059
G1 X-10.800 Y-12.059
G1 X-10.800 Y-1.400
G1 X10.800 Y-1.400
G1 X10.800 Y-12.059
G1 X11.200 Y-12.459
G1 X-11.200 Y-12.459
G1 X-11.200 Y-1.000
G1 X11.200 Y-1.000
G1 X11.200 Y-12.459
G1 X11.200 Y-12.459 Z2.700
G1 X11.200 Y-12.227 Z3.100
G1 X11.200 Y-12.227
G1 X11.200 Y-1.000
G1 X-11.200 Y-1.000
G1 X-11.200 Y-12.227
G1 X11.200 Y-12.227
G1 X10.800 Y-11.827
G1 X10.800 Y-1.400
G1 X-10.800 Y-1.400
G1 X-10.800 Y-11.827
G1 X10.800 Y-11.827
G1 X10.400 Y-11.427
G1 X10.400 Y-1.800
G1 X-10.400 Y-1.800
G1 X-10.400 Y-11.427
G1 X10.400 Y-11.427
G1 X10.000 Y-11.027
G1 X10.000 Y-2.200
G1 X-10.000 Y-2.200
G1 X-10.000 Y-11.027
G1 X10.000 Y-11.027
G1 X9.600 Y-10.627
G1 X9.600 Y-2.600
G1 X-9.600 Y-2.600
G1 X-9.600 Y-10.627
G1 X9.600 Y-10.627
G1 X9.200 Y-10.227
G1 X9.200 Y-3.000
G1 X-9.200 Y-3.000
G1 X-9.200 Y-10.227
G1 X9.200 Y-10.227
G1 X8.800 Y-9.827
G1 X8.800 Y-3.400
G1 X-8.800 Y-3.400
G1 X-8.800 Y-9.827
G1 X8.800 Y-9.827
G1 X8.400 Y-9.427
G1 X8.400 Y-3.800
G1 X-8.400 Y-3.800
G1 X-8.400 Y-9.427
G1 X8.400 Y-9.427
G1 X8.000 Y-9.027
G1 X8.000 Y-4.200
G1 X-8.000 Y-4.200
G1 X-8.000 Y-9.027
G1 X8.000 Y-9.027
G1 X7.600 Y-8.627
G1 X7.600 Y-4.600
G1 X-7.600 Y-4.600
G1 X-7.600 Y-8.627
G1 X7.600 Y-8.627
G1 X7.200 Y-8.227
G1 X7.200 Y-5.000
G1 X-7.200 Y-5.000
G1 X-7.200 Y-8.227
G1 X7.200 Y-8.227
G1 X6.800 Y-7.827
G1 X6.800 Y-5.400
G1 X-6.800 Y-5.400
G1 X-6.800 Y-7.827
G1 X6.800 Y-7.827
G1 X6.400 Y-7.427
G1 X6.400 Y-5.800
G1 X-6.400 Y-5.800
G1 X-6.400 Y-7.427
G1 X6.400 Y-7.427
G1 X6.000 Y-7.027
G1 X6.000 Y-6.200
G1 X-6.000 Y-6.200
G1 X-6.000 Y-7.027
G1 X6.000 Y-7.027
G1 X5.600 Y-6.627
G1 X5.600 Y-6.600
G1 X-5.600 Y-6.600
G1 X-5.600 Y-6.627
G1 X5.600 Y-6.627
G1 X6.000 Y-6.853 Z3.500
G1 X6.000 Y-6.853
G1 X-6.000 Y-6.853
G1 X-6.000 Y-6.200
G1 X6.000 Y-6.200
G1 X6.000 Y-6.853
G1 X6.400 Y-7.253
G1 X-6.400 Y-7.253
G1 X-6.400 Y-5.800
G1 X6.400 Y-5.800
G1 X6.400 Y-7.253
G1 X6.800 Y-7.653
G1 X-6.800 Y-7.653
G1 X-6.800 Y-5.400
G1 X6.800 Y-5.400
G1 X6.800 Y-7.653
G1 X7.200 Y-8.053
G1 X-7.200 Y-8.053
G1 X-7.200 Y-5.000
G1 X7.200 Y-5.000
G1 X7.200 Y-8.053
G1 X7.600 Y-8.453
G1 X-7.600 Y-8.453
G1 X-7.600 Y-4.600
G1 X7.600 Y-4.600
G1 X7.600 Y-8.453
G1 X8.000 Y-8.853
G1 X-8.000 Y-8.853
G1 X-8.000 Y-4.200
G1 X8.000 Y-4.200
G1 X8.000 Y-8.853
G1 X8.400 Y-9.253
G1 X-8.400 Y-9.253
G1 X-8.400 Y-3.800
G1 X8.400 Y-3.800
G1 X8.400 Y-9.253
G1 X8.800 Y-9.653
G1 X-8.800 Y-9.653
G1 X-8.800 Y-3.400
G1 X8.800 Y-3.400
G1 X8.800 Y-9.653
G1 X9.200 Y-10.053
G1 X-9.200 Y-10.053
G1 X-9.200 Y-3.000
G1 X9.200 Y-3.000
G1 X9.200 Y-10.053
G1 X9.600 Y-10.453
G1 X-9.600 Y-10.453
G1 X-9.600 Y-2.600
G1 X9.600 Y-2.600
G1 X9.600 Y-10.453
G1 X10.000 Y-10.853
G1 X-10.000 Y-10.853
G1 X-10.000 Y-2.200
G1 X10.000 Y-2.200
G1 X10.000 Y-10.853
G1 X10.400 Y-11.253
G1 X-10.400 Y-11.253
G1 X-10.400 Y-1.800
G1 X10.400 Y-1.800
G1 X10.400 Y-11.253
G1 X10.800 Y-11.653
G1 X-10.800 Y-11.653
G1 X-10.800 Y-1.400
G1 X10.800 Y-1.400
G1 X10.800 Y-11.653
G1 X11.200 Y-12.053
G1 X-11.200 Y-12.053
G1 X-11.200 Y-1.000
G1 X11.200 Y-1.000
G1 X11.200 Y-12.053
G1 X11.200 Y-12.053 Z3.500
M9
G1 Z10.000
G1 X-11.400 Y12.960
G1 Z2.300
M7
G4 P150
G1 X-11.200 Y12.760 Z2.300
G1 X-11.200 Y12.760
G1 X-11.200 Y1.000
G1 X11.200 Y1.000
G1 X11.200 Y12.760
G1 X-11.200 Y12.760
G1 X-10.800 Y12.360
G1 X-10.800 Y1.400
G1 X10.800 Y1.400
G1 X10.800 Y12.360
G1 X-10.800 Y12.360
G1 X-10.400 Y11.960
G1 X-10.400 Y1.800
G1 X10.400 Y1.800
G1 X10.400 Y11.960
G1 X-10.400 Y11.960
G1 X-10.000 Y11.560
G1 X-10.000 Y2.200
G1 X10.000 Y2.200
G1 X10.000 Y11.560
G1 X-10.000 Y11.560
G1 X-9.600 Y11.160
G1 X-9.600 Y2.600
G1 X9.600 Y2.600
G1 X9.600 Y11.160
G1 X-9.600 Y11.160
G1 X-9.200 Y10.760
G1 X-9.200 Y3.000
G1 X9.200 Y3.000
G1 X9.200 Y10.760
G1 X-9.200 Y10.760
G1 X-8.800 Y10.360
G1 X-8.800 Y3.400
G1 X8.800 Y3.400
G1 X8.800 Y10.360
G1 X-8.800 Y10.360
G1 X-8.400 Y9.960
G1 X-8.400 Y3.800
G1 X8.400 Y3.800
G1 X8.400 Y9.960
G1 X-8.400 Y9.960
G1 X-8.000 Y9.560
G1 X-8.000 Y4.200
G1 X8.000 Y4.200
G1 X8.000 Y9.560
G1 X-8.000 Y9.560
G1 X-7.600 Y9.160
G1 X-7.600 Y4.600
G1 X7.600 Y4.600
G1 X7.600 Y9.160
G1 X-7.600 Y9.160
G1 X-7.200 Y8.760
G1 X-7.200 Y5.000
G1 X7.200 Y5.000
G1 X7.200 Y8.760
G1 X-7.200 Y8.760
G1 X-6.800 Y8.360
G1 X-6.800 Y5.400
G1 X6.800 Y5.400
G1 X6.800 Y8.360
G1 X-6.800 Y8.360
G1 X-6.400 Y7.960
G1 X-6.400 Y5.800
G1 X6.400 Y5.800
G1 X6.400 Y7.960
G1 X-6.400 Y7.960
G1 X-6.000 Y7.560
G1 X-6.000 Y6.200
G1 X6.000 Y6.200
G1 X6.000 Y7.560
G1 X-6.000 Y7.560
G1 X-5.600 Y7.160
G1 X-5.600 Y6.600
G1 X5.600 Y6.600
G1 X5.600 Y7.160
G1 X-5.600 Y7.160
G1 X-5.600 Y6.859 Z2.700
G1 X-5.600 Y6.859
G1 X5.600 Y6.859
G1 X5.600 Y6.600
G1 X-5.600 Y6.600
G1 X-5.600 Y6.859
G1 X-6.000 Y7.259
G1 X6.000 Y7.259
G1 X6.000 Y6.200
G1 X-6.000 Y6.200
G1 X-6.000 Y7.259
G1 X-6.400 Y7.659
G1 X6.400 Y7.659
G1 X6.400 Y5.800
G1 X-6.400 Y5.800
G1 X-6.400 Y7.659
G1 X-6.800 Y8.059
G1 X6.800 Y8.059
G1 X6.800 Y5.400
G1 X-6.800 Y5.400
G1 X-6.800 Y8.059
G1 X-7.200 Y8.459
G1 X7.200 Y8.459
G1 X7.200 Y5.000
G1 X-7.200 Y5.000
G1 X-7.200 Y8.459
G1 X-7.600 Y8.859
G1 X7.600 Y8.859
G1 X7.600 Y4.600
G1 X-7.600 Y4.600
G1 X-7.600 Y8.859
G1 X-8.000 Y9.259
G1 X8.000 Y9.259
G1 X8.000 Y4.200
G1 X-8.000 Y4.200
G1 X-8.000 Y9.259
G1 X-8.400 Y9.659
G1 X8.400 Y9.659
G1 X8.400 Y3.800
G1 X-8.400 Y3.800
G1 X-8.400 Y9.659
G1 X-8.800 Y10.059
G1 X8.800 Y10.059
G1 X8.800 Y3.400
G1 X-8.800 Y3.400
G1 X-8.800 Y10.059
G1 X-9.200 Y10.459
G1 X9.200 Y10.459
G1 X9.200 Y3.000
G1 X-9.200 Y3.000
G1 X-9.200 Y10.459
G1 X-9.600 Y10.859
G1 X9.600 Y10.859
G1 X9.600 Y2.600
G1 X-9.600 Y2.600
G1 X-9.600 Y10.859
G1 X-10.000 Y11.259
G1 X10.000 Y11.259
G1 X10.000 Y2.200
G1 X-10.000 Y2.200
G1 X-10.000 Y11.259
G1 X-10.400 Y11.659
G1 X10.400 Y11.659
G1 X10.400 Y1.800
G1 X-10.400 Y1.800
G1 X-10.400 Y11.659
G1 X-10.800 Y12.059
G1 X10.800 Y12.059
G1 X10.800 Y1.400
G1 X-10.800 Y1.400
G1 X-10.800 Y12.059
G1 X-11.200 Y12.459
G1 X11.200 Y12.459
G1 X11.200 Y1.000
G1 X-11.200 Y1.000
G1 X-11.200 Y12.459
G1 X-11.200 Y12.459 Z2.700
G1 X-11.200 Y12.227 Z3.100
G1 X-11.200 Y12.227
G1 X-11.200 Y1.000
G1 X11.200 Y1.000
G1 X11.200 Y12.227
G1 X-11.200 Y12.227
G1 X-10.800 Y11.827
G1 X-10.800 Y1.400
G1 X10.800 Y1.400
G1 X10.800 Y11.827
G1 X-10.800 Y11.827
G1 X-10.400 Y11.427
G1 X-10.400 Y1.800
G1 X10.400 Y1.800
G1 X10.400 Y11.427
G1 X-10.400 Y11.427
G1 X-10.000 Y11.027
G1 X-10.000 Y2.200
G1 X10.000 Y2.200
G1 X10.000 Y11.027
G1 X-10.000 Y11.027
G1 X-9.600 Y10.627
G1 X-9.600 Y2.600
G1 X9.600 Y2.600
G1 X9.600 Y10.627
G1 X-9.600 Y10.627
G1 X-9.200 Y10.227
G1 X-9.200 Y3.000
G1 X9.200 Y3.000
G1 X9.200 Y10.227
G1 X-9.200 Y10.227
G1 X-8.800 Y9.827
G1 X-8.800 Y3.400
G1 X8.800 Y3.400
G1 X8.800 Y9.827
G1 X-8.800 Y9.827
G1 X-8.400 Y9.427
G1 X-8.400 Y3.800
G1 X8.400 Y3.800
G1 X8.400 Y9.427
G1 X-8.400 Y9.427
G1 X-8.000 Y9.027
G1 X-8.000 Y4.200
G1 X8.000 Y4.200
G1 X8.000 Y9.027
G1 X-8.000 Y9.027
G1 X-7.600 Y8.627
G1 X-7.600 Y4.600
G1 X7.600 Y4.600
G1 X7.600 Y8.627
G1 X-7.600 Y8.627
G1 X-7.200 Y8.227
G1 X-7.200 Y5.000
G1 X7.200 Y5.000
G1 X7.200 Y8.227
G1 X-7.200 Y8.227
G1 X-6.800 Y7.827
G1 X-6.800 Y5.400
G1 X6.800 Y5.400
G1 X6.800 Y7.827
G1 X-6.800 Y7.827
G1 X-6.400 Y7.427
G1 X-6.400 Y5.800
G1 X6.400 Y5.800
G1 X6.400 Y7.427
G1 X-6.400 Y7.427
G1 X-6.000 Y7.027
G1 X-6.000 Y6.200
G1 X6.000 Y6.200
G1 X6.000 Y7.027
G1 X-6.000 Y7.027
G1 X-5.600 Y6.627
G1 X-5.600 Y6.600
G1 X5.600 Y6.600
G1 X5.600 Y6.627
G1 X-5.600 Y6.627
G1 X-6.000 Y6.853 Z3.500
G1 X-6.000 Y6.853
G1 X6.000 Y6.853
G1 X6.000 Y6.200
G1 X-6.000 Y6.200
G1 X-6.000 Y6.853
G1 X-6.400 Y7.253
G1 X6.400 Y7.253
G1 X6.400 Y5.800
G1 X-6.400 Y5.800
G1 X-6.400 Y7.253
G1 X-6.800 Y7.653
G1 X6.800 Y7.653
G1 X6.800 Y5.400
G1 X-6.800 Y5.400
G1 X-6.800 Y7.653
G1 X-7.200 Y8.053
G1 X7.200 Y8.053
G1 X7.200 Y5.000
G1 X-7.200 Y5.000
G1 X-7.200 Y8.053
G1 X-7.600 Y8.453
G1 X7.600 Y8.453
G1 X7.600 Y4.600
G1 X-7.600 Y4.600
G1 X-7.600 Y8.453
G1 X-8.000 Y8.853
G1 X8.000 Y8.853
G1 X8.000 Y4.200
G1 X-8.000 Y4.200
G1 X-8.000 Y8.853
G1 X-8.400 Y9.253
G1 X8.400 Y9.253
G1 X8.400 Y3.800
G1 X-8.400 Y3.800
G1 X-8.400 Y9.253
G1 X-8.800 Y9.653
G1 X8.800 Y9.653
G1 X8.800 Y3.400
G1 X-8.800 Y3.400
G1 X-8.800 Y9.653
G1 X-9.200 Y10.053
G1 X9.200 Y10.053
G1 X9.200 Y3.000
G1 X-9.200 Y3.000
G1 X-9.200 Y10.053
G1 X-9.600 Y10.453
G1 X9.600 Y10.453
G1 X9.600 Y2.600
G1 X-9.600 Y2.600
G1 X-9.600 Y10.453
G1 X-10.000 Y10.853
G1 X10.000 Y10.853
G1 X10.000 Y2.200
G1 X-10.000 Y2.200
G1 X-10.000 Y10.853
G1 X-10.400 Y11.253
G1 X10.400 Y11.253
G1 X10.400 Y1.800
G1 X-10.400 Y1.800
G1 X-10.400 Y11.253
G1 X-10.800 Y11.653
G1 X10.800 Y11.653
G1 X10.800 Y1.400
G1 X-10.800 Y1.400
G1 X-10.800 Y11.653
G1 X-11.200 Y12.053
G1 X11.200 Y12.053
G1 X11.200 Y1.000
G1 X-11.200 Y1.000
G1 X-11.200 Y12.053
G1 X-11.200 Y12.053 Z3.500
M9
G1 Z10.000
G1 X13.000 Y-12.960
G1 Z2.300
M7
G4 P150
G1 X13.200 Y-12.760 Z2.300
G1 X13.200 Y-12.760
G1 X22.854 Y-12.760
G1 X22.903 Y-9.902
G1 X25.760 Y-9.854
G1 X25.760 Y-1.000
G1 X13.200 Y-1.000
G1 X13.200 Y-12.760
G1 X13.600 Y-12.360
G1 X22.461 Y-12.360
G1 X22.510 Y-9.509
G1 X25.360 Y-9.461
G1 X25.360 Y-1.400
G1 X13.600 Y-1.400
G1 X13.600 Y-12.360
G1 X14.000 Y-11.960
G1 X22.068 Y-11.960
G1 X22.117 Y-9.115
G1 X24.960 Y-9.068
G1 X24.960 Y-1.800
G1 X14.000 Y-1.800
G1 X14.000 Y-11.960
G1 X14.400 Y-11.560
G1 X21.675 Y-11.560
G1 X21.723 Y-8.722
G1 X24.560 Y-8.674
G1 X24.560 Y-2.200
G1 X14.400 Y-2.200
G1 X14.400 Y-11.560
G1 X14.800 Y-11.160
G1 X21.282 Y-11.160
G1 X21.330 Y-8.328
G1 X24.160 Y-8.281
G1 X24.160 Y-2.600
G1 X14.800 Y-2.600
G1 X14.800 Y-11.160
G1 X15.200 Y-10.760
G1 X20.888 Y-10.760
G1 X20.937 Y-7.935
G1 X23.760 Y-7.888
G1 X23.760 Y-3.000
G1 X15.200 Y-3.000
G1 X15.200 Y-10.760
G1 X15.600 Y-10.360
G1 X20.495 Y-10.360
G1 X20.543 Y-7.542
G1 X23.360 Y-7.494
G1 X23.360 Y-3.400
G1 X15.600 Y-3.400
G1 X15.600 Y-10.360
G1 X16.000 Y-9.960
G1 X20.102 Y-9.960
G1 X20.150 Y-7.148
G1 X22.960 Y-7.101
G1 X22.960 Y-3.800
G1 X16.000 Y-3.800
G1 X16.000 Y-9.960
G1 X16.400 Y-9.560
G1 X19.709 Y-9.560
G1 X19.757 Y-6.755
G1 X22.560 Y-6.708
G1 X22.560 Y-4.200
G1 X16.400 Y-4.200
G1 X16.400 Y-9.560
G1 X16.800 Y-9.160
G1 X19.316 Y-9.160
G1 X19.363 Y-6.361
G1 X22.160 Y-6.314
G1 X22.160 Y-4.600
G1 X16.800 Y-4.600
G1 X16.800 Y-9.160
G1 X17.200 Y-8.760
G1 X18.922 Y-8.760
G1 X18.970 Y-5.968
G1 X21.760 Y-5.921
G1 X21.760 Y-5.000
G1 X17.200 Y-5.000
G1 X17.200 Y-8.760
G1 X17.600 Y-8.360
G1 X18.529 Y-8.360
G1 X18.577 Y-5.574
G1 X21.360 Y-5.528
G1 X21.360 Y-5.400
G1 X17.600 Y-5.400
G1 X17.600 Y-8.360
G1 X17.600 Y-8.059 Z2.700
G1 X17.600 Y-8.059
G1 X17.600 Y-5.400
G1 X21.059 Y-5.400
G1 X21.059 Y-5.533
G1 X18.577 Y-5.574
G1 X18.534 Y-8.059
G1 X17.600 Y-8.059
G1 X17.200 Y-8.459
G1 X17.200 Y-5.000
G1 X21.459 Y-5.000
G1 X21.459 Y-5.926
G1 X18.970 Y-5.968
G1 X18.928 Y-8.459
G1 X17.200 Y-8.459
G1 X16.800 Y-8.859
G1 X16.800 Y-4.600
G1 X21.859 Y-4.600
G1 X21.859 Y-6.319
G1 X19.364 Y-6.361
G1 X19.321 Y-8.859
G1 X16.800 Y-8.859
G1 X16.400 Y-9.259
G1 X16.400 Y-4.200
G1 X22.259 Y-4.200
G1 X22.259 Y-6.713
G1 X19.757 Y-6.755
G1 X19.714 Y-9.259
G1 X16.400 Y-9.259
G1 X16.000 Y-9.659
G1 X16.000 Y-3.800
G1 X22.659 Y-3.800
G1 X22.659 Y-7.106
G1 X20.150 Y-7.148
G1 X20.107 Y-9.659
G1 X16.000 Y-9.659
G1 X15.600 Y-10.059
G1 X15.600 Y-3.400
G1 X23.059 Y-3.400
G1 X23.059 Y-7.499
G1 X20.544 Y-7.542
G1 X20.500 Y-10.059
G1 X15.600 Y-10.059
G1 X15.200 Y-10.459
G1 X15.200 Y-3.000
G1 X23.459 Y-3.000
G1 X23.459 Y-7.893
G1 X20.937 Y-7.935
G1 X20.893 Y-10.459
G1 X15.200 Y-10.459
G1 X14.800 Y-10.859
G1 X14.800 Y-2.600
G1 X23.859 Y-2.600
G1 X23.859 Y-8.286
G1 X21.330 Y-8.328
G1 X21.287 Y-10.859
G1 X14.800 Y-10.859
G1 X14.400 Y-11.259
G1 X14.400 Y-2.200
G1 X24.259 Y-2.200
G1 X24.259 Y-8.679
G1 X21.723 Y-8.722
G1 X21.680 Y-11.259
G1 X14.400 Y-11.259
G1 X14.000 Y-11.659
G1 X14.000 Y-1.800
G1 X24.659 Y-1.800
G1 X24.659 Y-9.073
G1 X22.117 Y-9.115
G1 X22.073 Y-11.659
G1 X14.000 Y-11.659
G1 X13.600 Y-12.059
G1 X13.600 Y-1.400
G1 X25.059 Y-1.400
G1 X25.059 Y-9.466
G1 X22.510 Y-9.509
G1 X22.466 Y-12.059
G1 X13.600 Y-12.059
G1 X13.200 Y-12.459
G1 X13.200 Y-1.000
G1 X25.459 Y-1.000
G1 X25.459 Y-9.859
G1 X22.903 Y-9.902
G1 X22.859 Y-12.459
G1 X13.200 Y-12.459
G1 X13.200 Y-12.459 Z2.700
G1 X13.200 Y-12.227 Z3.100
G1 X13.200 Y-12.227
G1 X22.863 Y-12.227
G1 X22.903 Y-9.902
G1 X25.227 Y-9.863
G1 X25.227 Y-1.000
G1 X13.200 Y-1.000
G1 X13.200 Y-12.227
G1 X13.600 Y-11.827
G1 X22.470 Y-11.827
G1 X22.510 Y-9.509
G1 X24.827 Y-9.470
G1 X24.827 Y-1.400
G1 X13.600 Y-1.400
G1 X13.600 Y-11.827
G1 X14.000 Y-11.427
G1 X22.077 Y-11.427
G1 X22.117 Y-9.115
G1 X24.427 Y-9.077
G1 X24.427 Y-1.800
G1 X14.000 Y-1.800
G1 X14.000 Y-11.427
G1 X14.400 Y-11.027
G1 X21.684 Y-11.027
G1 X21.723 Y-8.722
G1 X24.027 Y-8.683
G1 X24.027 Y-2.200
G1 X14.400 Y-2.200
G1 X14.400 Y-11.027
G1 X14.800 Y-10.627
G1 X21.291 Y-10.627
G1 X21.330 Y-8.328
G1 X23.627 Y-8.290
G1 X23.627 Y-2.600
G1 X14.800 Y-2.600
G1 X14.800 Y-10.627
G1 X15.200 Y-10.227
G1 X20.897 Y-10.227
G1 X20.937 Y-7.935
G1 X23.227 Y-7.897
G1 X23.227 Y-3.000
G1 X15.200 Y-3.000
G1 X15.200 Y-10.227
G1 X15.600 Y-9.827
G1 X20.504 Y-9.827
G1 X20.544 Y-7.541
G1 X22.827 Y-7.503
G1 X22.827 Y-3.400
G1 X15.600 Y-3.400
G1 X15.600 Y-9.827
G1 X16.000 Y-9.427
G1 X20.111 Y-9.427
G1 X20.150 Y-7.148
G1 X22.427 Y-7.110
G1 X22.427 Y-3.800
G1 X16.000 Y-3.800
G1 X16.000 Y-9.427
G1 X16.400 Y-9.027
G1 X19.718 Y-9.027
G1 X19.757 Y-6.755
G1 X22.027 Y-6.717
G1 X22.027 Y-4.200
G1 X16.400 Y-4.200
G1 X16.400 Y-9.027
G1 X16.800 Y-8.627
G1 X19.325 Y-8.627
G1 X19.364 Y-6.361
G1 X21.627 Y-6.323
G1 X21.627 Y-4.600
G1 X16.800 Y-4.600
G1 X16.800 Y-8.627
G1 X17.200 Y-8.227
G1 X18.932 Y-8.227
G1 X18.970 Y-5.968
G1 X21.227 Y-5.930
G1 X21.227 Y-5.000
G1 X17.200 Y-5.000
G1 X17.200 Y-8.227
G1 X17.600 Y-7.827
G1 X18.538 Y-7.827
G1 X18.577 Y-5.574
G1 X20.827 Y-5.536
G1 X20.827 Y-5.400
G1 X17.600 Y-5.400
G1 X17.600 Y-7.827
G1 X17.600 Y-7.653 Z3.500
G1 X17.600 Y-7.653
G1 X17.600 Y-5.400
G1 X20.653 Y-5.400
G1 X20.653 Y-5.539
G1 X18.577 Y-5.574
G1 X18.541 Y-7.653
G1 X17.600 Y-7.653
G1 X17.200 Y-8.053
G1 X17.200 Y-5.000
G1 X21.053 Y-5.000
G1 X21.053 Y-5.933
G1 X18.970 Y-5.967
G1 X18.935 Y-8.053
G1 X17.200 Y-8.053
G1 X16.800 Y-8.453
G1 X16.800 Y-4.600
G1 X21.453 Y-4.600
G1 X21.453 Y-6.326
G1 X19.364 Y-6.361
G1 X19.328 Y-8.453
G1 X16.800 Y-8.453
G1 X16.400 Y-8.853
G1 X16.400 Y-4.200
G1 X21.853 Y-4.200
G1 X21.853 Y-6.719
G1 X19.757 Y-6.754
G1 X19.721 Y-8.853
G1 X16.400 Y-8.853
G1 X16.000 Y-9.253
G1 X16.000 Y-3.800
G1 X22.253 Y-3.800
G1 X22.253 Y-7.113
G1 X20.150 Y-7.148
G1 X20.114 Y-9.253
G1 X16.000 Y-9.253
G1 X15.600 Y-9.653
G1 X15.600 Y-3.400
G1 X22.653 Y-3.400
G1 X22.653 Y-7.506
G1 X20.544 Y-7.541
G1 X20.507 Y-9.653
G1 X15.600 Y-9.653
G1 X15.200 Y-10.053
G1 X15.200 Y-3.000
G1 X23.053 Y-3.000
G1 X23.053 Y-7.899
G1 X20.937 Y-7.935
G1 X20.900 Y-10.053
G1 X15.200 Y-10.053
G1 X14.800 Y-10.453
G1 X14.800 Y-2.600
G1 X23.453 Y-2.600
G1 X23.453 Y-8.293
G1 X21.330 Y-8.328
G1 X21.294 Y-10.453
G1 X14.800 Y-10.453
G1 X14.400 Y-10.853
G1 X14.400 Y-2.200
G1 X23.853 Y-2.200
G1 X23.853 Y-8.686
G1 X21.723 Y-8.722
G1 X21.687 Y-10.853
G1 X14.400 Y-10.853
G1 X14.000 Y-11.253
G1 X14.000 Y-1.800
G1 X24.253 Y-1.800
G1 X24.253 Y-9.080
G1 X22.117 Y-9.115
G1 X22.080 Y-11.253
G1 X14.000 Y-11.253
G1 X13.600 Y-11.653
G1 X13.600 Y-1.400
G1 X24.653 Y-1.400
G1 X24.653 Y-9.473
G1 X22.510 Y-9.509
G1 X22.473 Y-11.653
G1 X13.600 Y-11.653
G1 X13.200 Y-12.053
G1 X13.200 Y-1.000
G1 X25.053 Y-1.000
G1 X25.053 Y-9.866
G1 X22.903 Y-9.902
G1 X22.866 Y-12.053
G1 X13.200 Y-12.053
G1 X13.200 Y-12.053 Z3.500
M9
G1 Z10.000
G1 X25.960 Y0.800
G1 Z2.300
M7
G4 P150
G1 X25.760 Y1.000 Z2.300
G1 X25.760 Y1.000
G1 X25.760 Y9.854
G1 X22.903 Y9.902
G1 X22.854 Y12.760
G1 X13.200 Y12.760
G1 X13.200 Y1.000
G1 X25.760 Y1.000
G1 X25.360 Y1.400
G1 X25.360 Y9.461
G1 X22.510 Y9.509
G1 X22.461 Y12.360
G1 X13.600 Y12.360
G1 X13.600 Y1.400
G1 X25.360 Y1.400
G1 X24.960 Y1.800
G1 X24.960 Y9.068
G1 X22.117 Y9.115
G1 X22.068 Y11.960
G1 X14.000 Y11.960
G1 X14.000 Y1.800
G1 X24.960 Y1.800
G1 X24.560 Y2.200
G1 X24.560 Y8.674
G1 X21.723 Y8.722
G1 X21.675 Y11.560
G1 X14.400 Y11.560
G1 X14.400 Y2.200
G1 X24.560 Y2.200
G1 X24.160 Y2.600
G1 X24.160 Y8.281
G1 X21.330 Y8.328
G1 X21.282 Y11.160
G1 X14.800 Y11.160
G1 X14.800 Y2.600
G1 X24.160 Y2.600
G1 X23.760 Y3.000
G1 X23.760 Y7.888
G1 X20.937 Y7.935
G1 X20.888 Y10.760
G1 X15.200 Y10.760
G1 X15.200 Y3.000
G1 X23.760 Y3.000
G1 X23.360 Y3.400
G1 X23.360 Y7.494
G1 X20.543 Y7.542
G1 X20.495 Y10.360
G1 X15.600 Y10.360
G1 X15.600 Y3.400
G1 X23.360 Y3.400
G1 X22.960 Y3.800
G1 X22.960 Y7.101
G1 X20.150 Y7.148
G1 X20.102 Y9.960
G1 X16.000 Y9.960
G1 X16.000 Y3.800
G1 X22.960 Y3.800
G1 X22.560 Y4.200
G1 X22.560 Y6.708
G1 X19.757 Y6.755
G1 X19.709 Y9.560
G1 X16.400 Y9.560
G1 X16.400 Y4.200
G1 X22.560 Y4.200
G1 X22.160 Y4.600
G1 X22.160 Y6.314
G1 X19.363 Y6.361
G1 X19.316 Y9.160
G1 X16.800 Y9.160
G1 X16.800 Y4.600
G1 X22.160 Y4.600
G1 X21.760 Y5.000
G1 X21.760 Y5.921
G1 X18.970 Y5.968
G1 X18.922 Y8.760
G1 X17.200 Y8.760
G1 X17.200 Y5.000
G1 X21.760 Y5.000
G1 X21.360 Y5.400
G1 X21.360 Y5.528
G1 X18.577 Y5.574
G1 X18.529 Y8.360
G1 X17.600 Y8.360
G1 X17.600 Y5.400
G1 X21.360 Y5.400
G1 X21.059 Y5.400 Z2.700
G1 X21.059 Y5.400
G1 X17.600 Y5.400
G1 X17.600 Y8.059
G1 X18.534 Y8.059
G1 X18.577 Y5.574
G1 X21.059 Y5.533
G1 X21.059 Y5.400
G1 X21.459 Y5.000
G1 X17.200 Y5.000
G1 X17.200 Y8.459
G1 X18.928 Y8.459
G1 X18.970 Y5.968
G1 X21.459 Y5.926
G1 X21.459 Y5.000
G1 X21.859 Y4.600
G1 X16.800 Y4.600
G1 X16.800 Y8.859
G1 X19.321 Y8.859
G1 X19.364 Y6.361
G1 X21.859 Y6.319
G1 X21.859 Y4.600
G1 X22.259 Y4.200
G1 X16.400 Y4.200
G1 X16.400 Y9.259
G1 X19.714 Y9.259
G1 X19.757 Y6.755
G1 X22.259 Y6.713
G1 X22.259 Y4.200
G1 X22.659 Y3.800
G1 X16.000 Y3.800
G1 X16.000 Y9.659
G1 X20.107 Y9.659
G1 X20.150 Y7.148
G1 X22.659 Y7.106
G1 X22.659 Y3.800
G1 X23.059 Y3.400
G1 X15.600 Y3.400
G1 X15.600 Y10.059
G1 X20.500 Y10.059
G1 X20.544 Y7.542
G1 X23.059 Y7.499
G1 X23.059 Y3.400
G1 X23.459 Y3.000
G1 X15.200 Y3.000
G1 X15.200 Y10.459
G1 X20.893 Y10.459
G1 X20.937 Y7.935
G1 X23.459 Y7.893
G1 X23.459 Y3.000
G1 X23.859 Y2.600
G1 X14.800 Y2.600
G1 X14.800 Y10.859
G1 X21.287 Y10.859
G1 X21.330 Y8.328
G1 X23.859 Y8.286
G1 X23.859 Y2.600
G1 X24.259 Y2.200
G1 X14.400 Y2.200
G1 X14.400 Y11.259
G1 X21.680 Y11.259
G1 X21.723 Y8.722
G1 X24.259 Y8.679
G1 X24.259 Y2.200
G1 X24.659 Y1.800
G1 X14.000 Y1.800
G1 X14.000 Y11.659
G1 X22.073 Y11.659
G1 X22.117 Y9.115
G1 X24.659 Y9.073
G1 X24.659 Y1.800
G1 X25.059 Y1.400
G1 X13.600 Y1.400
G1 X13.600 Y12.059
G1 X22.466 Y12.059
G1 X22.510 Y9.509
G1 X25.059 Y9.466
G1 X25.059 Y1.400
G1 X25.459 Y1.000
G1 X13.200 Y1.000
G1 X13.200 Y12.459
G1 X22.859 Y12.459
G1 X22.903 Y9.902
G1 X25.459 Y9.859
G1 X25.459 Y1.000
G1 X25.459 Y1.000 Z2.700
G1 X25.227 Y1.000 Z3.100
G1 X25.227 Y1.000
G1 X25.227 Y9.863
G1 X22.903 Y9.902
G1 X22.863 Y12.227
G1 X13.200 Y12.227
G1 X13.200 Y1.000
G1 X25.227 Y1.000
G1 X24.827 Y1.400
G1 X24.827 Y9.470
G1 X22.510 Y9.509
G1 X22.470 Y11.827
G1 X13.600 Y11.827
G1 X13.600 Y1.400
G1 X24.827 Y1.400
G1 X24.427 Y1.800
G1 X24.427 Y9.077
G1 X22.117 Y9.115
G1 X22.077 Y11.427
G1 X14.000 Y11.427
G1 X14.000 Y1.800
G1 X24.427 Y1.800
G1 X24.027 Y2.200
G1 X24.027 Y8.683
G1 X21.723 Y8.722
G1 X21.684 Y11.027
G1 X14.400 Y11.027
G1 X14.400 Y2.200
G1 X24.027 Y2.200
G1 X23.627 Y2.600
G1 X23.627 Y8.290
G1 X21.330 Y8.328
G1 X21.291 Y10.627
G1 X14.800 Y10.627
G1 X14.800 Y2.600
G1 X23.627 Y2.600
G1 X23.227 Y3.000
G1 X23.227 Y7.897
G1 X20.937 Y7.935
G1 X20.897 Y10.227
G1 X15.200 Y10.227
G1 X15.200 Y3.000
G1 X23.227 Y3.000
G1 X22.827 Y3.400
G1 X22.827 Y7.503
G1 X20.544 Y7.541
G1 X20.504 Y9.827
G1 X15.600 Y9.827
G1 X15.600 Y3.400
G1 X22.827 Y3.400
G1 X22.427 Y3.800
G1 X22.427 Y7.110
G1 X20.150 Y7.148
G1 X20.111 Y9.427
G1 X16.000 Y9.427
G1 X16.000 Y3.800
G1 X22.427 Y3.800
G1 X22.027 Y4.200
G1 X22.027 Y6.717
G1 X19.757 Y6.755
G1 X19.718 Y9.027
G1 X16.400 Y9.027
G1 X16.400 Y4.200
G1 X22.027 Y4.200
G1 X21.627 Y4.600
G1 X21.627 Y6.323
G1 X19.364 Y6.361
G1 X19.325 Y8.627
G1 X16.800 Y8.627
G1 X16.800 Y4.600
G1 X21.627 Y4.600
G1 X21.227 Y5.000
G1 X21.227 Y5.930
G1 X18.970 Y5.968
G1 X18.932 Y8.227
G1 X17.200 Y8.227
G1 X17.200 Y5.000
G1 X21.227 Y5.000
G1 X20.827 Y5.400
G1 X20.827 Y5.536
G1 X18.577 Y5.574
G1 X18.538 Y7.827
G1 X17.600 Y7.827
G1 X17.600 Y5.400
G1 X20.827 Y5.400
G1 X20.653 Y5.400 Z3.500
G1 X20.653 Y5.400
G1 X17.600 Y5.400
G1 X17.600 Y7.653
G1 X18.541 Y7.653
G1 X18.577 Y5.574
G1 X20.653 Y5.539
G1 X20.653 Y5.400
G1 X21.053 Y5.000
G1 X17.200 Y5.000
G1 X17.200 Y8.053
G1 X18.935 Y8.053
G1 X18.970 Y5.967
G1 X21.053 Y5.933
G1 X21.053 Y5.000
G1 X21.453 Y4.600
G1 X16.800 Y4.600
G1 X16.800 Y8.453
G1 X19.328 Y8.453
G1 X19.364 Y6.361
G1 X21.453 Y6.326
G1 X21.453 Y4.600
G1 X21.853 Y4.200
G1 X16.400 Y4.200
G1 X16.400 Y8.853
G1 X19.721 Y8.853
G1 X19.757 Y6.754
G1 X21.853 Y6.719
G1 X21.853 Y4.200
G1 X22.253 Y3.800
G1 X16.000 Y3.800
G1 X16.000 Y9.253
G1 X20.114 Y9.253
G1 X20.150 Y7.148
G1 X22.253 Y7.113
G1 X22.253 Y3.800
G1 X22.653 Y3.400
G1 X15.600 Y3.400
G1 X15.600 Y9.653
G1 X20.507 Y9.653
G1 X20.544 Y7.541
G1 X22.653 Y7.506
G1 X22.653 Y3.400
G1 X23.053 Y3.000
G1 X15.200 Y3.000
G1 X15.200 Y10.053
G1 X20.900 Y10.053
G1 X20.937 Y7.935
G1 X23.053 Y7.899
G1 X23.053 Y3.000
G1 X23.453 Y2.600
G1 X14.800 Y2.600
G1 X14.800 Y10.453
G1 X21.294 Y10.453
G1 X21.330 Y8.328
G1 X23.453 Y8.293
G1 X23.453 Y2.600
G1 X23.853 Y2.200
G1 X14.400 Y2.200
G1 X14.400 Y10.853
G1 X21.687 Y10.853
G1 X21.723 Y8.722
G1 X23.853 Y8.686
G1 X23.853 Y2.200
G1 X24.253 Y1.800
G1 X14.000 Y1.800
G1 X14.000 Y11.253
G1 X22.080 Y11.253
G1 X22.117 Y9.115
G1 X24.253 Y9.080
G1 X24.253 Y1.800
G1 X24.653 Y1.400
G1 X13.600 Y1.400
G1 X13.600 Y11.653
G1 X22.473 Y11.653
G1 X22.510 Y9.509
G1 X24.653 Y9.473
G1 X24.653 Y1.400
G1 X25.053 Y1.000
G1 X13.200 Y1.000
G1 X13.200 Y12.053
G1 X22.866 Y12.053
G1 X22.903 Y9.902
G1 X25.053 Y9.866
G1 X25.053 Y1.000
G1 X25.053 Y1.000 Z3.500
M9
G1 Z10.000
G1 X-22.999 Y-22.799
G1 Z1.100
M7
G4 P150
G1 X-22.799 Y-22.676 Z1.100
G1 X-22.799 Y-22.676
G1 X-14.902 Y-26.675
G1 X-14.869 Y-28.605
G1 X14.869 Y-28.605
G1 X14.902 Y-26.675
G1 X22.799 Y-22.676
G1 X22.799 Y-17.400
G1 X-22.799 Y-17.400
G1 X-22.799 Y-22.676
G1 X-22.399 Y-22.430
G1 X-14.506 Y-26.427
G1 X-14.476 Y-28.205
G1 X14.476 Y-28.205
G1 X14.506 Y-26.427
G1 X22.399 Y-22.430
G1 X22.399 Y-17.800
G1 X-22.399 Y-17.800
G1 X-22.399 Y-22.430
G1 X-21.999 Y-22.184
G1 X-14.110 Y-26.179
G1 X-14.083 Y-27.805
G1 X14.083 Y-27.805
G1 X14.110 Y-26.179
G1 X21.999 Y-22.184
G1 X21.999 Y-18.200
G1 X-21.999 Y-18.200
G1 X-21.999 Y-22.184
G1 X-21.599 Y-21.939
G1 X-13.715 Y-25.931
G1 X-13.690 Y-27.405
G1 X13.690 Y-27.405
G1 X13.715 Y-25.931
G1 X21.599 Y-21.939
G1 X21.599 Y-18.600
G1 X-21.599 Y-18.600
G1 X-21.599 Y-21.939
G1 X-21.199 Y-21.693
G1 X-13.319 Y-25.683
G1 X-13.296 Y-27.005
G1 X13.296 Y-27.005
G1 X13.319 Y-25.683
G1 X21.199 Y-21.693
G1 X21.199 Y-19.000
G1 X-21.199 Y-19.000
G1 X-21.199 Y-21.693
G1 X-20.799 Y-21.447
G1 X-12.923 Y-25.436
G1 X-12.903 Y-26.605
G1 X12.903 Y-26.605
G1 X12.923 Y-25.436
G1 X20.799 Y-21.447
G1 X20.799 Y-19.400
G1 X-20.799 Y-19.400
G1 X-20.799 Y-21.447
G1 X-20.399 Y-21.201
G1 X-12.527 Y-25.188
G1 X-12.510 Y-26.205
G1 X12.510 Y-26.205
G1 X12.527 Y-25.188
G1 X20.399 Y-21.201
G1 X20.399 Y-19.800
G1 X-20.399 Y-19.800
G1 X-20.399 Y-21.201
G1 X-19.999 Y-20.955
G1 X-12.131 Y-24.940
G1 X-12.116 Y-25.805
G1 X12.116 Y-25.805
G1 X12.131 Y-24.940
G1 X19.999 Y-20.955
G1 X19.999 Y-20.200
G1 X-19.999 Y-20.200
G1 X-19.999 Y-20.955
G1 X-19.599 Y-20.710
G1 X-11.735 Y-24.692
G1 X-11.723 Y-25.405
G1 X11.723 Y-25.405
G1 X11.735 Y-24.692
G1 X19.599 Y-20.710
G1 X19.599 Y-20.600
G1 X-19.599 Y-20.600
G1 X-19.599 Y-20.710
G1 X-18.140 Y-21.000
G1 X-11.339 Y-24.444
G1 X-11.330 Y-25.005
G1 X11.330 Y-25.005
G1 X11.339 Y-24.444
G1 X18.140 Y-21.000
G1 X-18.140 Y-21.000
G1 X-16.465 Y-21.400
G1 X-10.944 Y-24.196
G1 X-10.937 Y-24.605
G1 X10.937 Y-24.605
G1 X10.944 Y-24.196
G1 X16.465 Y-21.400
G1 X-16.465 Y-21.400
G1 X-14.790 Y-21.800
G1 X-10.548 Y-23.948
G1 X-10.543 Y-24.205
G1 X10.543 Y-24.205
G1 X10.548 Y-23.948
G1 X14.790 Y-21.800
G1 X-14.790 Y-21.800
G1 X-13.114 Y-22.200
G1 X-10.152 Y-23.700
G1 X-10.150 Y-23.805
G1 X10.150 Y-23.805
G1 X10.152 Y-23.700
G1 X13.114 Y-22.200
G1 X-13.114 Y-22.200
G1 X-11.439 Y-22.600
G1 X-9.849 Y-23.405
G1 X9.849 Y-23.405
G1 X11.439 Y-22.600
G1 X-11.439 Y-22.600
G1 X-9.764 Y-23.000
G1 X-9.754 Y-23.005
G1 X9.754 Y-23.005
G1 X9.764 Y-23.000
G1 X-9.764 Y-23.000
G1 X-11.419 Y-23.507 Z1.500
G1 X-11.419 Y-23.507
G1 X11.419 Y-23.507
G1 X10.548 Y-23.948
G1 X10.543 Y-24.245
G1 X-10.543 Y-24.245
G1 X-10.548 Y-23.948
G1 X-11.419 Y-23.507
G1 X-13.094 Y-23.107
G1 X13.094 Y-23.107
G1 X10.944 Y-24.196
G1 X10.936 Y-24.645
G1 X-10.936 Y-24.645
G1 X-10.944 Y-24.196
G1 X-13.094 Y-23.107
G1 X-14.769 Y-22.707
G1 X14.769 Y-22.707
G1 X11.340 Y-24.444
G1 X11.329 Y-25.045
G1 X-11.329 Y-25.045
G1 X-11.340 Y-24.444
G1 X-14.769 Y-22.707
G1 X-16.445 Y-22.307
G1 X16.445 Y-22.307
G1 X11.736 Y-24.692
G1 X11.723 Y-25.445
G1 X-11.723 Y-25.445
G1 X-11.736 Y-24.692
G1 X-16.445 Y-22.307
G1 X-18.120 Y-21.907
G1 X18.120 Y-21.907
G1 X12.131 Y-24.940
G1 X12.116 Y-25.845
G1 X-12.116 Y-25.845
G1 X-12.131 Y-24.940
G1 X-18.120 Y-21.907
G1 X-19.795 Y-21.507
G1 X19.795 Y-21.507
G1 X12.527 Y-25.187
G1 X12.509 Y-26.245
G1 X-12.509 Y-26.245
G1 X-12.527 Y-25.187
G1 X-19.795 Y-21.507
G1 X-20.799 Y-21.447
G1 X-20.799 Y-21.107
G1 X20.799 Y-21.107
G1 X20.799 Y-21.447
G1 X12.923 Y-25.435
G1 X12.902 Y-26.645
G1 X-12.902 Y-26.645
G1 X-12.923 Y-25.435
G1 X-20.799 Y-21.447
G1 X-21.199 Y-21.693
G1 X-21.199 Y-20.707
G1 X21.199 Y-20.707
G1 X21.199 Y-21.693
G1 X13.319 Y-25.683
G1 X13.296 Y-27.045
G1 X-13.296 Y-27.045
G1 X-13.319 Y-25.683
G1 X-21.199 Y-21.693
G1 X-21.599 Y-21.939
G1 X-21.599 Y-20.307
G1 X21.599 Y-20.307
G1 X21.599 Y-21.939
G1 X13.715 Y-25.931
G1 X13.689 Y-27.445
G1 X-13.689 Y-27.445
G1 X-13.715 Y-25.931
G1 X-21.599 Y-21.939
G1 X-21.999 Y-22.184
G1 X-21.999 Y-19.907
G1 X21.999 Y-19.907
G1 X21.999 Y-22.184
G1 X14.110 Y-26.179
G1 X14.082 Y-27.845
G1 X-14.082 Y-27.845
G1 X-14.110 Y-26.179
G1 X-21.999 Y-22.184
G1 X-22.399 Y-22.430
G1 X-22.399 Y-19.507
G1 X22.399 Y-19.507
G1 X22.399 Y-22.430
G1 X14.506 Y-26.427
G1 X14.475 Y-28.245
G1 X-14.475 Y-28.245
G1 X-14.506 Y-26.427
G1 X-22.399 Y-22.430
G1 X-22.799 Y-22.676
G1 X-22.799 Y-19.107
G1 X22.799 Y-19.107
G1 X22.799 Y-22.676
G1 X14.902 Y-26.675
G1 X14.868 Y-28.645
G1 X-14.868 Y-28.645
G1 X-14.902 Y-26.675
G1 X-22.799 Y-22.676
G1 X-22.799 Y-22.676 Z1.500
G1 X-22.799 Y-22.676 Z1.900
G1 X-22.799 Y-22.676
G1 X-14.902 Y-26.675
G1 X-14.867 Y-28.727
G1 X14.867 Y-28.727
G1 X14.902 Y-26.675
G1 X22.799 Y-22.676
G1 X22.799 Y-19.645
G1 X-22.799 Y-19.645
G1 X-22.799 Y-22.676
G1 X-22.399 Y-22.430
G1 X-14.506 Y-26.427
G1 X-14.474 Y-28.327
G1 X14.474 Y-28.327
G1 X14.506 Y-26.427
G1 X22.399 Y-22.430
G1 X22.399 Y-20.045
G1 X-22.399 Y-20.045
G1 X-22.399 Y-22.430
G1 X-21.999 Y-22.184
G1 X-14.110 Y-26.179
G1 X-14.081 Y-27.927
G1 X14.081 Y-27.927
G1 X14.110 Y-26.179
G1 X21.999 Y-22.184
G1 X21.999 Y-20.445
G1 X-21.999 Y-20.445
G1 X-21.999 Y-22.184
G1 X-21.599 Y-21.939
G1 X-13.714 Y-25.931
G1 X-13.687 Y-27.527
G1 X13.687 Y-27.527
G1 X13.714 Y-25.931
G1 X21.599 Y-21.939
G1 X21.599 Y-20.845
G1 X-21.599 Y-20.845
G1 X-21.599 Y-21.939
G1 X-21.199 Y-21.693
G1 X-13.319 Y-25.683
G1 X-13.294 Y-27.127
G1 X13.294 Y-27.127
G1 X13.319 Y-25.683
G1 X21.199 Y-21.693
G1 X21.199 Y-21.245
G1 X-21.199 Y-21.245
G1 X-21.199 Y-21.693
G1 X-20.408 Y-21.645
G1 X-12.923 Y-25.436
G1 X-12.901 Y-26.727
G1 X12.901 Y-26.727
G1 X12.923 Y-25.436
G1 X20.408 Y-21.645
G1 X-20.408 Y-21.645
G1 X-18.733 Y-22.045
G1 X-12.527 Y-25.188
G1 X-12.508 Y-26.327
G1 X12.508 Y-26.327
G1 X12.527 Y-25.188
G1 X18.733 Y-22.045
G1 X-18.733 Y-22.045
G1 X-17.058 Y-22.445
G1 X-12.131 Y-24.940
G1 X-12.114 Y-25.927
G1 X12.114 Y-25.927
G1 X12.131 Y-24.940
G1 X17.058 Y-22.445
G1 X-17.058 Y-22.445
G1 X-15.382 Y-22.845
G1 X-11.735 Y-24.692
G1 X-11.721 Y-25.527
G1 X11.721 Y-25.527
G1 X11.735 Y-24.692
G1 X15.382 Y-22.845
G1 X-15.382 Y-22.845
G1 X-13.707 Y-23.245
G1 X-11.339 Y-24.444
G1 X-11.328 Y-25.127
G1 X11.328 Y-25.127
G1 X11.339 Y-24.444
G1 X13.707 Y-23.245
G1 X-13.707 Y-23.245
G1 X-12.032 Y-23.645
G1 X-10.943 Y-24.196
G1 X-10.934 Y-24.727
G1 X10.934 Y-24.727
G1 X10.943 Y-24.196
G1 X12.032 Y-23.645
G1 X-12.032 Y-23.645
G1 X-10.546 Y-24.045
G1 X-10.541 Y-24.327
G1 X10.541 Y-24.327
G1 X10.546 Y-24.045
G1 X-10.546 Y-24.045
G1 X-10.539 Y-24.439 Z2.300
G1 X-10.539 Y-24.439
G1 X10.539 Y-24.439
G1 X10.539 Y-24.453
G1 X-10.539 Y-24.453
G1 X-10.539 Y-24.439
G1 X-11.254 Y-24.039
G1 X11.254 Y-24.039
G1 X10.943 Y-24.196
G1 X10.932 Y-24.853
G1 X-10.932 Y-24.853
G1 X-10.943 Y-24.196
G1 X-11.254 Y-24.039
G1 X-12.929 Y-23.639
G1 X12.929 Y-23.639
G1 X11.339 Y-24.444
G1 X11.326 Y-25.253
G1 X-11.326 Y-25.253
G1 X-11.339 Y-24.444
G1 X-12.929 Y-23.639
G1 X-14.604 Y-23.239
G1 X14.604 Y-23.239
G1 X11.735 Y-24.692
G1 X11.719 Y-25.653
G1 X-11.719 Y-25.653
G1 X-11.735 Y-24.692
G1 X-14.604 Y-23.239
G1 X-16.279 Y-22.839
G1 X16.279 Y-22.839
G1 X12.131 Y-24.940
G1 X12.112 Y-26.053
G1 X-12.112 Y-26.053
G1 X-12.131 Y-24.940
G1 X-16.279 Y-22.839
G1 X-17.955 Y-22.439
G1 X17.955 Y-22.439
G1 X12.527 Y-25.188
G1 X12.505 Y-26.453
G1 X-12.505 Y-26.453
G1 X-12.527 Y-25.188
G1 X-17.955 Y-22.439
G1 X-19.630 Y-22.039
G1 X19.630 Y-22.039
G1 X12.923 Y-25.436
G1 X12.899 Y-26.853
G1 X-12.899 Y-26.853
G1 X-12.923 Y-25.436
G1 X-19.630 Y-22.039
G1 X-21.199 Y-21.693
G1 X-21.199 Y-21.639
G1 X21.199 Y-21.639
G1 X21.199 Y-21.693
G1 X13.319 Y-25.683
G1 X13.292 Y-27.253
G1 X-13.292 Y-27.253
G1 X-13.319 Y-25.683
G1 X-21.199 Y-21.693
G1 X-21.599 Y-21.939
G1 X-21.599 Y-21.239
G1 X21.599 Y-21.239
G1 X21.599 Y-21.939
G1 X13.714 Y-25.931
G1 X13.685 Y-27.653
G1 X-13.685 Y-27.653
G1 X-13.714 Y-25.931
G1 X-21.599 Y-21.939
G1 X-21.999 Y-22.184
G1 X-21.999 Y-20.839
G1 X21.999 Y-20.839
G1 X21.999 Y-22.184
G1 X14.110 Y-26.179
G1 X14.079 Y-28.053
G1 X-14.079 Y-28.053
G1 X-14.110 Y-26.179
G1 X-21.999 Y-22.184
G1 X-22.399 Y-22.430
G1 X-22.399 Y-20.439
G1 X22.399 Y-20.439
G1 X22.399 Y-22.430
G1 X14.506 Y-26.427
G1 X14.472 Y-28.453
G1 X-14.472 Y-28.453
G1 X-14.506 Y-26.427
G1 X-22.399 Y-22.430
G1 X-22.799 Y-22.676
G1 X-22.799 Y-20.039
G1 X22.799 Y-20.039
G1 X22.799 Y-22.676
G1 X14.902 Y-26.675
G1 X14.865 Y-28.853
G1 X-14.865 Y-28.853
G1 X-14.902 Y-26.675
G1 X-22.799 Y-22.676
G1 X-22.799 Y-22.676 Z2.300
G1 X-22.799 Y-22.676 Z2.700
G1 X-22.799 Y-22.676
G1 X-14.902 Y-26.675
G1 X-14.862 Y-29.027
G1 X14.862 Y-29.027
G1 X14.902 Y-26.675
G1 X22.799 Y-22.676
G1 X22.799 Y-20.340
G1 X-22.799 Y-20.340
G1 X-22.799 Y-22.676
G1 X-22.399 Y-22.430
G1 X-14.506 Y-26.427
G1 X-14.469 Y-28.627
G1 X14.469 Y-28.627
G1 X14.506 Y-26.427
G1 X22.399 Y-22.430
G1 X22.399 Y-20.740
G1 X-22.399 Y-20.740
G1 X-22.399 Y-22.430
G1 X-21.999 Y-22.184
G1 X-14.110 Y-26.179
G1 X-14.076 Y-28.227
G1 X14.076 Y-28.227
G1 X14.110 Y-26.179
G1 X21.999 Y-22.184
G1 X21.999 Y-21.140
G1 X-21.999 Y-21.140
G1 X-21.999 Y-22.184
G1 X-21.599 Y-21.939
G1 X-13.714 Y-25.931
G1 X-13.682 Y-27.827
G1 X13.682 Y-27.827
G1 X13.714 Y-25.931
G1 X21.599 Y-21.939
G1 X21.599 Y-21.540
G1 X-21.599 Y-21.540
G1 X-21.599 Y-21.939
G1 X-20.711 Y-21.940
G1 X-13.319 Y-25.683
G1 X-13.289 Y-27.427
G1 X13.289 Y-27.427
G1 X13.319 Y-25.683
G1 X20.711 Y-21.940
G1 X-20.711 Y-21.940
G1 X-19.036 Y-22.340
G1 X-12.923 Y-25.436
G1 X-12.896 Y-27.027
G1 X12.896 Y-27.027
G1 X12.923 Y-25.436
G1 X19.036 Y-22.340
G1 X-19.036 Y-22.340
G1 X-17.360 Y-22.740
G1 X-12.527 Y-25.188
G1 X-12.503 Y-26.627
G1 X12.503 Y-26.627
G1 X12.527 Y-25.188
G1 X17.360 Y-22.740
G1 X-17.360 Y-22.740
G1 X-15.685 Y-23.140
G1 X-12.131 Y-24.940
G1 X-12.109 Y-26.227
G1 X12.109 Y-26.227
G1 X12.131 Y-24.940
G1 X15.685 Y-23.140
G1 X-15.685 Y-23.140
G1 X-14.010 Y-23.540
G1 X-11.735 Y-24.692
G1 X-11.716 Y-25.827
G1 X11.716 Y-25.827
G1 X11.735 Y-24.692
G1 X14.010 Y-23.540
G1 X-14.010 Y-23.540
G1 X-12.334 Y-23.940
G1 X-11.339 Y-24.444
G1 X-11.323 Y-25.427
G1 X11.323 Y-25.427
G1 X11.339 Y-24.444
G1 X12.334 Y-23.940
G1 X-12.334 Y-23.940
G1 X-10.941 Y-24.340
G1 X-10.929 Y-25.027
G1 X10.929 Y-25.027
G1 X10.941 Y-24.340
G1 X-10.941 Y-24.340
M9
G1 Z10.000
G1 X22.999 Y22.799
G1 Z1.100
M7
G4 P150
G1 X22.799 Y22.676 Z1.100
G1 X22.799 Y22.676
G1 X14.902 Y26.675
G1 X14.869 Y28.605
G1 X-14.869 Y28.605
G1 X-14.902 Y26.675
G1 X-22.799 Y22.676
G1 X-22.799 Y17.400
G1 X22.799 Y17.400
G1 X22.799 Y22.676
G1 X22.399 Y22.430
G1 X14.506 Y26.427
G1 X14.476 Y28.205
G1 X-14.476 Y28.205
G1 X-14.506 Y26.427
G1 X-22.399 Y22.430
G1 X-22.399 Y17.800
G1 X22.399 Y17.800
G1 X22.399 Y22.430
G1 X21.999 Y22.184
G1 X14.110 Y26.179
G1 X14.083 Y27.805
G1 X-14.083 Y27.805
G1 X-14.110 Y26.179
G1 X-21.999 Y22.184
G1 X-21.999 Y18.200
G1 X21.999 Y18.200
G1 X21.999 Y22.184
G1 X21.599 Y21.939
G1 X13.715 Y25.931
G1 X13.690 Y27.405
G1 X-13.690 Y27.405
G1 X-13.715 Y25.931
G1 X-21.599 Y21.939
G1 X-21.599 Y18.600
G1 X21.599 Y18.600
G1 X21.599 Y21.939
G1 X21.199 Y21.693
G1 X13.319 Y25.683
G1 X13.296 Y27.005
G1 X-13.296 Y27.005
G1 X-13.319 Y25.683
G1 X-21.199 Y21.693
G1 X-21.199 Y19.000
G1 X21.199 Y19.000
G1 X21.199 Y21.693
G1 X20.799 Y21.447
G1 X12.923 Y25.436
G1 X12.903 Y26.605
G1 X-12.903 Y26.605
G1 X-12.923 Y25.436
G1 X-20.799 Y21.447
G1 X-20.799 Y19.400
G1 X20.799 Y19.400
G1 X20.799 Y21.447
G1 X20.399 Y21.201
G1 X12.527 Y25.188
G1 X12.510 Y26.205
G1 X-12.510 Y26.205
G1 X-12.527 Y25.188
G1 X-20.399 Y21.201
G1 X-20.399 Y19.800
G1 X20.399 Y19.800
G1 X20.399 Y21.201
G1 X19.999 Y20.955
G1 X12.131 Y24.940
G1 X12.116 Y25.805
G1 X-12.116 Y25.805
G1 X-12.131 Y24.940
G1 X-19.999 Y20.955
G1 X-19.999 Y20.200
G1 X19.999 Y20.200
G1 X19.999 Y20.955
G1 X19.599 Y20.710
G1 X11.735 Y24.692
G1 X11.723 Y25.405
G1 X-11.723 Y25.405
G1 X-11.735 Y24.692
G1 X-19.599 Y20.710
G1 X-19.599 Y20.600
G1 X19.599 Y20.600
G1 X19.599 Y20.710
G1 X18.140 Y21.000
G1 X11.339 Y24.444
G1 X11.330 Y25.005
G1 X-11.330 Y25.005
G1 X-11.339 Y24.444
G1 X-18.140 Y21.000
G1 X18.140 Y21.000
G1 X16.465 Y21.400
G1 X10.944 Y24.196
G1 X10.937 Y24.605
G1 X-10.937 Y24.605
G1 X-10.944 Y24.196
G1 X-16.465 Y21.400
G1 X16.465 Y21.400
G1 X14.790 Y21.800
G1 X10.548 Y23.948
G1 X10.543 Y24.205
G1 X-10.543 Y24.205
G1 X-10.548 Y23.948
G1 X-14.790 Y21.800
G1 X14.790 Y21.800
G1 X13.114 Y22.200
G1 X10.152 Y23.700
G1 X10.150 Y23.805
G1 X-10.150 Y23.805
G1 X-10.152 Y23.700
G1 X-13.114 Y22.200
G1 X13.114 Y22.200
G1 X11.439 Y22.600
G1 X9.849 Y23.405
G1 X-9.849 Y23.405
G1 X-11.439 Y22.600
G1 X11.439 Y22.600
G1 X9.764 Y23.000
G1 X9.754 Y23.005
G1 X-9.754 Y23.005
G1 X-9.764 Y23.000
G1 X9.764 Y23.000
G1 X11.419 Y23.507 Z1.500
G1 X11.419 Y23.507
G1 X-11.419 Y23.507
G1 X-10.548 Y23.948
G1 X-10.543 Y24.245
G1 X10.543 Y24.245
G1 X10.548 Y23.948
G1 X11.419 Y23.507
G1 X13.094 Y23.107
G1 X-13.094 Y23.107
G1 X-10.944 Y24.196
G1 X-10.936 Y24.645
G1 X10.936 Y24.645
G1 X10.944 Y24.196
G1 X13.094 Y23.107
G1 X14.769 Y22.707
G1 X-14.769 Y22.707
G1 X-11.340 Y24.444
G1 X-11.329 Y25.045
G1 X11.329 Y25.045
G1 X11.340 Y24.444
G1 X14.769 Y22.707
G1 X16.445 Y22.307
G1 X-16.445 Y22.307
G1 X-11.736 Y24.692
G1 X-11.723 Y25.445
G1 X11.723 Y25.445
G1 X11.736 Y24.692
G1 X16.445 Y22.307
G1 X18.120 Y21.907
G1 X-18.120 Y21.907
G1 X-12.131 Y24.940
G1 X-12.116 Y25.845
G1 X12.116 Y25.845
G1 X12.131 Y24.940
G1 X18.120 Y21.907
G1 X19.795 Y21.507
G1 X-19.795 Y21.507
G1 X-12.527 Y25.187
G1 X-12.509 Y26.245
G1 X12.509 Y26.245
G1 X12.527 Y25.187
G1 X19.795 Y21.507
G1 X20.799 Y21.447
G1 X20.799 Y21.107
G1 X-20.799 Y21.107
G1 X-20.799 Y21.447
G1 X-12.923 Y25.435
G1 X-12.902 Y26.645
G1 X12.902 Y26.645
G1 X12.923 Y25.435
G1 X20.799 Y21.447
G1 X21.199 Y21.693
G1 X21.199 Y20.707
G1 X-21.199 Y20.707
G1 X-21.199 Y21.693
G1 X-13.319 Y25.683
G1 X-13.296 Y27.045
G1 X13.296 Y27.045
G1 X13.319 Y25.683
G1 X21.199 Y21.693
G1 X21.599 Y21.939
G1 X21.599 Y20.307
G1 X-21.599 Y20.307
G1 X-21.599 Y21.939
G1 X-13.715 Y25.931
G1 X-13.689 Y27.445
G1 X13.689 Y27.445
G1 X13.715 Y25.931
G1 X21.599 Y21.939
G1 X21.999 Y22.184
G1 X21.999 Y19.907
G1 X-21.999 Y19.907
G1 X-21.999 Y22.184
G1 X-14.110 Y26.179
G1 X-14.082 Y27.845
G1 X14.082 Y27.845
G1 X14.110 Y26.179
G1 X21.999 Y22.184
G1 X22.399 Y22.430
G1 X22.399 Y19.507
G1 X-22.399 Y19.507
G1 X-22.399 Y22.430
G1 X-14.506 Y26.427
G1 X-14.475 Y28.245
G1 X14.475 Y28.245
G1 X14.506 Y26.427
G1 X22.399 Y22.430
G1 X22.799 Y22.676
G1 X22.799 Y19.107
G1 X-22.799 Y19.107
G1 X-22.799 Y22.676
G1 X-14.902 Y26.675
G1 X-14.868 Y28.645
G1 X14.868 Y28.645
G1 X14.902 Y26.675
G1 X22.799 Y22.676
G1 X22.799 Y22.676 Z1.500
G1 X22.799 Y22.676 Z1.900
G1 X22.799 Y22.676
G1 X14.902 Y26.675
G1 X14.867 Y28.727
G1 X-14.867 Y28.727
G1 X-14.902 Y26.675
G1 X-22.799 Y22.676
G1 X-22.799 Y19.645
G1 X22.799 Y19.645
G1 X22.799 Y22.676
G1 X22.399 Y22.430
G1 X14.506 Y26.427
G1 X14.474 Y28.327
G1 X-14.474 Y28.327
G1 X-14.506 Y26.427
G1 X-22.399 Y22.430
G1 X-22.399 Y20.045
G1 X22.399 Y20.045
G1 X22.399 Y22.430
G1 X21.999 Y22.184
G1 X14.110 Y26.179
G1 X14.081 Y27.927
G1 X-14.081 Y27.927
G1 X-14.110 Y26.179
G1 X-21.999 Y22.184
G1 X-21.999 Y20.445
G1 X21.999 Y20.445
G1 X21.999 Y22.184
G1 X21.599 Y21.939
G1 X13.714 Y25.931
G1 X13.687 Y27.527
G1 X-13.687 Y27.527
G1 X-13.714 Y25.931
G1 X-21.599 Y21.939
G1 X-21.599 Y20.845
G1 X21.599 Y20.845
G1 X21.599 Y21.939
G1 X21.199 Y21.693
G1 X13.319 Y25.683
G1 X13.294 Y27.127
G1 X-13.294 Y27.127
G1 X-13.319 Y25.683
G1 X-21.199 Y21.693
G1 X-21.199 Y21.245
G1 X21.199 Y21.245
G1 X21.199 Y21.693
G1 X20.408 Y21.645
G1 X12.923 Y25.436
G1 X12.901 Y26.727
G1 X-12.901 Y26.727
G1 X-12.923 Y25.436
G1 X-20.408 Y21.645
G1 X20.408 Y21.645
G1 X18.733 Y22.045
G1 X12.527 Y25.188
G1 X12.508 Y26.327
G1 X-12.508 Y26.327
G1 X-12.527 Y25.188
G1 X-18.733 Y22.045
G1 X18.733 Y22.045
G1 X17.058 Y22.445
G1 X12.131 Y24.940
G1 X12.114 Y25.927
G1 X-12.114 Y25.927
G1 X-12.131 Y24.940
G1 X-17.058 Y22.445
G1 X17.058 Y22.445
G1 X15.382 Y22.845
G1 X11.735 Y24.692
G1 X11.721 Y25.527
G1 X-11.721 Y25.527
G1 X-11.735 Y24.692
G1 X-15.382 Y22.845
G1 X15.382 Y22.845
G1 X13.707 Y23.245
G1 X11.339 Y24.444
G1 X11.328 Y25.127
G1 X-11.328 Y25.127
G1 X-11.339 Y24.444
G1 X-13.707 Y23.245
G1 X13.707 Y23.245
G1 X12.032 Y23.645
G1 X10.943 Y24.196
G1 X10.934 Y24.727
G1 X-10.934 Y24.727
G1 X-10.943 Y24.196
G1 X-12.032 Y23.645
G1 X12.032 Y23.645
G1 X10.546 Y24.045
G1 X10.541 Y24.327
G1 X-10.541 Y24.327
G1 X-10.546 Y24.045
G1 X10.546 Y24.045
G1 X10.539 Y24.439 Z2.300
G1 X10.539 Y24.439
G1 X-10.539 Y24.439
G1 X-10.539 Y24.453
G1 X10.539 Y24.453
G1 X10.539 Y24.439
G1 X11.254 Y24.039
G1 X-11.254 Y24.039
G1 X-10.943 Y24.196
G1 X-10.932 Y24.853
G1 X10.932 Y24.853
G1 X10.943 Y24.196
G1 X11.254 Y24.039
G1 X12.929 Y23.639
G1 X-12.929 Y23.639
G1 X-11.339 Y24.444
G1 X-11.326 Y25.253
G1 X11.326 Y25.253
G1 X11.339 Y24.444
G1 X12.929 Y23.639
G1 X14.604 Y23.239
G1 X-14.604 Y23.239
G1 X-11.735 Y24.692
G1 X-11.719 Y25.653
G1 X11.719 Y25.653
G1 X11.735 Y24.692
G1 X14.604 Y23.239
G1 X16.279 Y22.839
G1 X-16.279 Y22.839
G1 X-12.131 Y24.940
G1 X-12.112 Y26.053
G1 X12.112 Y26.053
G1 X12.131 Y24.940
G1 X16.279 Y22.839
G1 X17.955 Y22.439
G1 X-17.955 Y22.439
G1 X-12.527 Y25.188
G1 X-12.505 Y26.453
G1 X12.505 Y26.453
G1 X12.527 Y25.188
G1 X17.955 Y22.439
G1 X19.630 Y22.039
G1 X-19.630 Y22.039
G1 X-12.923 Y25.436
G1 X-12.899 Y26.853
G1 X12.899 Y26.853
G1 X12.923 Y25.436
G1 X19.630 Y22.039
G1 X21.199 Y21.693
G1 X21.199 Y21.639
G1 X-21.199 Y21.639
G1 X-21.199 Y21.693
G1 X-13.319 Y25.683
G1 X-13.292 Y27.253
G1 X13.292 Y27.253
G1 X13.319 Y25.683
G1 X21.199 Y21.693
G1 X21.599 Y21.939
G1 X21.599 Y21.239
G1 X-21.599 Y21.239
G1 X-21.599 Y21.939
G1 X-13.714 Y25.931
G1 X-13.685 Y27.653
G1 X13.685 Y27.653
G1 X13.714 Y25.931
G1 X21.599 Y21.939
G1 X21.999 Y22.184
G1 X21.999 Y20.839
G1 X-21.999 Y20.839
G1 X-21.999 Y22.184
G1 X-14.110 Y26.179
G1 X-14.079 Y28.053
G1 X14.079 Y28.053
G1 X14.110 Y26.179
G1 X21.999 Y22.184
G1 X22.399 Y22.430
G1 X22.399 Y20.439
G1 X-22.399 Y20.439
G1 X-22.399 Y22.430
G1 X-14.506 Y26.427
G1 X-14.472 Y28.453
G1 X14.472 Y28.453
G1 X14.506 Y26.427
G1 X22.399 Y22.430
G1 X22.799 Y22.676
G1 X22.799 Y20.039
G1 X-22.799 Y20.039
G1 X-22.799 Y22.676
G1 X-14.902 Y26.675
G1 X-14.865 Y28.853
G1 X14.865 Y28.853
G1 X14.902 Y26.675
G1 X22.799 Y22.676
G1 X22.799 Y22.676 Z2.300
G1 X22.799 Y22.676 Z2.700
G1 X22.799 Y22.676
G1 X14.902 Y26.675
G1 X14.862 Y29.027
G1 X-14.862 Y29.027
G1 X-14.902 Y26.675
G1 X-22.799 Y22.676
G1 X-22.799 Y20.340
G1 X22.799 Y20.340
G1 X22.799 Y22.676
G1 X22.399 Y22.430
G1 X14.506 Y26.427
G1 X14.469 Y28.627
G1 X-14.469 Y28.627
G1 X-14.506 Y26.427
G1 X-22.399 Y22.430
G1 X-22.399 Y20.740
G1 X22.399 Y20.740
G1 X22.399 Y22.430
G1 X21.999 Y22.184
G1 X14.110 Y26.179
G1 X14.076 Y28.227
G1 X-14.076 Y28.227
G1 X-14.110 Y26.179
G1 X-21.999 Y22.184
G1 X-21.999 Y21.140
G1 X21.999 Y21.140
G1 X21.999 Y22.184
G1 X21.599 Y21.939
G1 X13.714 Y25.931
G1 X13.682 Y27.827
G1 X-13.682 Y27.827
G1 X-13.714 Y25.931
G1 X-21.599 Y21.939
G1 X-21.599 Y21.540
G1 X21.599 Y21.540
G1 X21.599 Y21.939
G1 X20.711 Y21.940
G1 X13.319 Y25.683
G1 X13.289 Y27.427
G1 X-13.289 Y27.427
G1 X-13.319 Y25.683
G1 X-20.711 Y21.940
G1 X20.711 Y21.940
G1 X19.036 Y22.340
G1 X12.923 Y25.436
G1 X12.896 Y27.027
G1 X-12.896 Y27.027
G1 X-12.923 Y25.436
G1 X-19.036 Y22.340
G1 X19.036 Y22.340
G1 X17.360 Y22.740
G1 X12.527 Y25.188
G1 X12.503 Y26.627
G1 X-12.503 Y26.627
G1 X-12.527 Y25.188
G1 X-17.360 Y22.740
G1 X17.360 Y22.740
G1 X15.685 Y23.140
G1 X12.131 Y24.940
G1 X12.109 Y26.227
G1 X-12.109 Y26.227
G1 X-12.131 Y24.940
G1 X-15.685 Y23.140
G1 X15.685 Y23.140
G1 X14.010 Y23.540
G1 X11.735 Y24.692
G1 X11.716 Y25.827
G1 X-11.716 Y25.827
G1 X-11.735 Y24.692
G1 X-14.010 Y23.540
G1 X14.010 Y23.540
G1 X12.334 Y23.940
G1 X11.339 Y24.444
G1 X11.323 Y25.427
G1 X-11.323 Y25.427
G1 X-11.339 Y24.444
G1 X-12.334 Y23.940
G1 X12.334 Y23.940
G1 X10.941 Y24.340
G1 X10.929 Y25.027
G1 X-10.929 Y25.027
G1 X-10.941 Y24.340
G1 X10.941 Y24.340
M9
G1 Z10.000
G1 X-15.000 Y-50.000
G1 Z1.100
M7
G4 P150
G1 X-14.800 Y-49.928 Z1.100
G1 X-14.800 Y-49.928
G1 X0.000 Y-67.688
G1 X14.800 Y-49.928
G1 X14.800 Y-48.194
G1 X-14.800 Y-48.194
G1 X-14.800 Y-49.928
G1 X-14.400 Y-49.783
G1 X0.000 Y-67.063
G1 X14.400 Y-49.783
G1 X14.400 Y-48.594
G1 X-14.400 Y-48.594
G1 X-14.400 Y-49.783
G1 X-14.000 Y-49.638
G1 X0.000 Y-66.438
G1 X14.000 Y-49.638
G1 X14.000 Y-48.994
G1 X-14.000 Y-48.994
G1 X-14.000 Y-49.638
G1 X-13.600 Y-49.493
G1 X0.000 Y-65.813
G1 X13.600 Y-49.493
G1 X13.600 Y-49.394
G1 X-13.600 Y-49.394
G1 X-13.600 Y-49.493
G1 X-12.829 Y-49.794
G1 X0.000 Y-65.188
G1 X12.829 Y-49.794
G1 X-12.829 Y-49.794
G1 X-11.975 Y-50.194
G1 X0.000 Y-64.563
G1 X11.975 Y-50.194
G1 X-11.975 Y-50.194
G1 X-11.121 Y-50.594
G1 X0.000 Y-63.939
G1 X11.121 Y-50.594
G1 X-11.121 Y-50.594
G1 X-10.267 Y-50.994
G1 X0.000 Y-63.314
G1 X10.267 Y-50.994
G1 X-10.267 Y-50.994
G1 X-9.413 Y-51.394
G1 X0.000 Y-62.689
G1 X9.413 Y-51.394
G1 X-9.413 Y-51.394
G1 X-8.559 Y-51.794
G1 X0.000 Y-62.064
G1 X8.559 Y-51.794
G1 X-8.559 Y-51.794
G1 X-7.704 Y-52.194
G1 X0.000 Y-61.439
G1 X7.704 Y-52.194
G1 X-7.704 Y-52.194
G1 X-6.850 Y-52.594
G1 X0.000 Y-60.815
G1 X6.850 Y-52.594
G1 X-6.850 Y-52.594
G1 X-5.996 Y-52.994
G1 X0.000 Y-60.190
G1 X5.996 Y-52.994
G1 X-5.996 Y-52.994
G1 X-5.142 Y-53.394
G1 X0.000 Y-59.565
G1 X5.142 Y-53.394
G1 X-5.142 Y-53.394
G1 X-4.288 Y-53.794
G1 X0.000 Y-58.940
G1 X4.288 Y-53.794
G1 X-4.288 Y-53.794
G1 X-3.434 Y-54.194
G1 X0.000 Y-58.315
G1 X3.434 Y-54.194
G1 X-3.434 Y-54.194
G1 X-2.580 Y-54.594
G1 X0.000 Y-57.690
G1 X2.580 Y-54.594
G1 X-2.580 Y-54.594
G1 X-1.726 Y-54.994
G1 X0.000 Y-57.066
G1 X1.726 Y-54.994
G1 X-1.726 Y-54.994
G1 X-0.872 Y-55.394
G1 X0.000 Y-56.441
G1 X0.872 Y-55.394
G1 X-0.872 Y-55.394
G1 X-0.018 Y-55.794
G1 X0.000 Y-55.816
G1 X0.018 Y-55.794
G1 X-0.018 Y-55.794
G1 X-0.052 Y-55.754 Z1.500
G1 X-0.052 Y-55.754
G1 X0.052 Y-55.754
G1 X0.000 Y-55.816
G1 X-0.052 Y-55.754
G1 X-0.906 Y-55.354
G1 X0.906 Y-55.354
G1 X0.000 Y-56.441
G1 X-0.906 Y-55.354
G1 X-1.760 Y-54.954
G1 X1.760 Y-54.954
G1 X0.000 Y-57.066
G1 X-1.760 Y-54.954
G1 X-2.614 Y-54.554
G1 X2.614 Y-54.554
G1 X0.000 Y-57.690
G1 X-2.614 Y-54.554
G1 X-3.468 Y-54.154
G1 X3.468 Y-54.154
G1 X0.000 Y-58.315
G1 X-3.468 Y-54.154
G1 X-4.322 Y-53.754
G1 X4.322 Y-53.754
G1 X0.000 Y-58.940
G1 X-4.322 Y-53.754
G1 X-5.176 Y-53.354
G1 X5.176 Y-53.354
G1 X0.000 Y-59.565
G1 X-5.176 Y-53.354
G1 X-6.030 Y-52.954
G1 X6.030 Y-52.954
G1 X0.000 Y-60.190
G1 X-6.030 Y-52.954
G1 X-6.884 Y-52.554
G1 X6.884 Y-52.554
G1 X0.000 Y-60.815
G1 X-6.884 Y-52.554
G1 X-7.738 Y-52.154
G1 X7.738 Y-52.154
G1 X0.000 Y-61.439
G1 X-7.738 Y-52.154
G1 X-8.592 Y-51.754
G1 X8.592 Y-51.754
G1 X0.000 Y-62.064
G1 X-8.592 Y-51.754
G1 X-9.446 Y-51.354
G1 X9.446 Y-51.354
G1 X0.000 Y-62.689
G1 X-9.446 Y-51.354
G1 X-10.300 Y-50.954
G1 X10.300 Y-50.954
G1 X0.000 Y-63.314
G1 X-10.300 Y-50.954
G1 X-11.154 Y-50.554
G1 X11.154 Y-50.554
G1 X0.000 Y-63.939
G1 X-11.154 Y-50.554
G1 X-12.008 Y-50.154
G1 X12.008 Y-50.154
G1 X0.000 Y-64.563
G1 X-12.008 Y-50.154
G1 X-12.862 Y-49.754
G1 X12.862 Y-49.754
G1 X0.000 Y-65.188
G1 X-12.862 Y-49.754
G1 X-13.600 Y-49.493
G1 X-13.600 Y-49.354
G1 X13.600 Y-49.354
G1 X13.600 Y-49.493
G1 X0.000 Y-65.813
G1 X-13.600 Y-49.493
G1 X-14.000 Y-49.638
G1 X-14.000 Y-48.954
G1 X14.000 Y-48.954
G1 X14.000 Y-49.638
G1 X0.000 Y-66.438
G1 X-14.000 Y-49.638
G1 X-14.400 Y-49.783
G1 X-14.400 Y-48.554
G1 X14.400 Y-48.554
G1 X14.400 Y-49.783
G1 X0.000 Y-67.063
G1 X-14.400 Y-49.783
G1 X-14.800 Y-49.928
G1 X-14.800 Y-48.154
G1 X14.800 Y-48.154
G1 X14.800 Y-49.928
G1 X0.000 Y-67.688
G1 X-14.800 Y-49.928
G1 X-14.800 Y-49.928 Z1.500
G1 X-14.800 Y-49.928 Z1.900
G1 X-14.800 Y-49.928
G1 X0.000 Y-67.688
G1 X14.800 Y-49.928
G1 X14.800 Y-48.072
G1 X-14.800 Y-48.072
G1 X-14.800 Y-49.928
G1 X-14.400 Y-49.783
G1 X0.000 Y-67.063
G1 X14.400 Y-49.783
G1 X14.400 Y-48.472
G1 X-14.400 Y-48.472
G1 X-14.400 Y-49.783
G1 X-14.000 Y-49.638
G1 X0.000 Y-66.438
G1 X14.000 Y-49.638
G1 X14.000 Y-48.872
G1 X-14.000 Y-48.872
G1 X-14.000 Y-49.638
G1 X-13.600 Y-49.493
G1 X0.000 Y-65.813
G1 X13.600 Y-49.493
G1 X13.600 Y-49.272
G1 X-13.600 Y-49.272
G1 X-13.600 Y-49.493
G1 X-12.930 Y-49.672
G1 X0.000 Y-65.188
G1 X12.930 Y-49.672
G1 X-12.930 Y-49.672
G1 X-12.076 Y-50.072
G1 X0.000 Y-64.563
G1 X12.076 Y-50.072
G1 X-12.076 Y-50.072
G1 X-11.222 Y-50.472
G1 X0.000 Y-63.939
G1 X11.222 Y-50.472
G1 X-11.222 Y-50.472
G1 X-10.368 Y-50.872
G1 X0.000 Y-63.314
G1 X10.368 Y-50.872
G1 X-10.368 Y-50.872
G1 X-9.514 Y-51.272
G1 X0.000 Y-62.689
G1 X9.514 Y-51.272
G1 X-9.514 Y-51.272
G1 X-8.660 Y-51.672
G1 X-0.000 Y-62.064
G1 X8.660 Y-51.672
G1 X-8.660 Y-51.672
G1 X-7.806 Y-52.072
G1 X-0.000 Y-61.439
G1 X7.806 Y-52.072
G1 X-7.806 Y-52.072
G1 X-6.952 Y-52.472
G1 X-0.000 Y-60.815
G1 X6.952 Y-52.472
G1 X-6.952 Y-52.472
G1 X-6.098 Y-52.872
G1 X-0.000 Y-60.190
G1 X6.098 Y-52.872
G1 X-6.098 Y-52.872
G1 X-5.244 Y-53.272
G1 X-0.000 Y-59.565
G1 X5.244 Y-53.272
G1 X-5.244 Y-53.272
G1 X-4.390 Y-53.672
G1 X-0.000 Y-58.940
G1 X4.390 Y-53.672
G1 X-4.390 Y-53.672
G1 X-3.536 Y-54.072
G1 X-0.000 Y-58.315
G1 X3.536 Y-54.072
G1 X-3.536 Y-54.072
G1 X-2.682 Y-54.472
G1 X-0.000 Y-57.690
G1 X2.682 Y-54.472
G1 X-2.682 Y-54.472
G1 X-1.828 Y-54.872
G1 X-0.000 Y-57.066
G1 X1.828 Y-54.872
G1 X-1.828 Y-54.872
G1 X-0.974 Y-55.272
G1 X-0.000 Y-56.441
G1 X0.974 Y-55.272
G1 X-0.974 Y-55.272
G1 X-0.120 Y-55.672
G1 X-0.000 Y-55.816
G1 X0.120 Y-55.672
G1 X-0.120 Y-55.672
G1 X-0.225 Y-55.546 Z2.300
G1 X-0.225 Y-55.546
G1 X0.225 Y-55.546
G1 X-0.000 Y-55.816
G1 X-0.225 Y-55.546
G1 X-1.079 Y-55.146
G1 X1.079 Y-55.146
G1 X-0.000 Y-56.441
G1 X-1.079 Y-55.146
G1 X-1.933 Y-54.746
G1 X1.933 Y-54.746
G1 X0.000 Y-57.066
G1 X-1.933 Y-54.746
G1 X-2.787 Y-54.346
G1 X2.787 Y-54.346
G1 X0.000 Y-57.690
G1 X-2.787 Y-54.346
G1 X-3.641 Y-53.946
G1 X3.641 Y-53.946
G1 X0.000 Y-58.315
G1 X-3.641 Y-53.946
G1 X-4.495 Y-53.546
G1 X4.495 Y-53.546
G1 X0.000 Y-58.940
G1 X-4.495 Y-53.546
G1 X-5.349 Y-53.146
G1 X5.349 Y-53.146
G1 X0.000 Y-59.565
G1 X-5.349 Y-53.146
G1 X-6.203 Y-52.746
G1 X6.203 Y-52.746
G1 X0.000 Y-60.190
G1 X-6.203 Y-52.746
G1 X-7.057 Y-52.346
G1 X7.057 Y-52.346
G1 X0.000 Y-60.815
G1 X-7.057 Y-52.346
G1 X-7.911 Y-51.946
G1 X7.911 Y-51.946
G1 X0.000 Y-61.439
G1 X-7.911 Y-51.946
G1 X-8.765 Y-51.546
G1 X8.765 Y-51.546
G1 X0.000 Y-62.064
G1 X-8.765 Y-51.546
G1 X-9.619 Y-51.146
G1 X9.619 Y-51.146
G1 X0.000 Y-62.689
G1 X-9.619 Y-51.146
G1 X-10.473 Y-50.746
G1 X10.473 Y-50.746
G1 X0.000 Y-63.314
G1 X-10.473 Y-50.746
G1 X-11.327 Y-50.346
G1 X11.327 Y-50.346
G1 X0.000 Y-63.939
G1 X-11.327 Y-50.346
G1 X-12.181 Y-49.946
G1 X12.181 Y-49.946
G1 X0.000 Y-64.563
G1 X-12.181 Y-49.946
G1 X-13.035 Y-49.546
G1 X13.035 Y-49.546
G1 X0.000 Y-65.188
G1 X-13.035 Y-49.546
G1 X-13.600 Y-49.493
G1 X-13.600 Y-49.146
G1 X13.600 Y-49.146
G1 X13.600 Y-49.493
G1 X0.000 Y-65.813
G1 X-13.600 Y-49.493
G1 X-14.000 Y-49.638
G1 X-14.000 Y-48.746
G1 X14.000 Y-48.746
G1 X14.000 Y-49.638
G1 X0.000 Y-66.438
G1 X-14.000 Y-49.638
G1 X-14.400 Y-49.783
G1 X-14.400 Y-48.346
G1 X14.400 Y-48.346
G1 X14.400 Y-49.783
G1 X0.000 Y-67.063
G1 X-14.400 Y-49.783
G1 X-14.800 Y-49.928
G1 X-14.800 Y-47.946
G1 X14.800 Y-47.946
G1 X14.800 Y-49.928
G1 X0.000 Y-67.688
G1 X-14.800 Y-49.928
G1 X-14.800 Y-49.928 Z2.300
G1 X-14.800 Y-49.928 Z2.700
G1 X-14.800 Y-49.928
G1 X0.000 Y-67.688
G1 X14.800 Y-49.928
G1 X14.800 Y-47.772
G1 X-14.800 Y-47.772
G1 X-14.800 Y-49.928
G1 X-14.400 Y-49.783
G1 X0.000 Y-67.063
G1 X14.400 Y-49.783
G1 X14.400 Y-48.172
G1 X-14.400 Y-48.172
G1 X-14.400 Y-49.783
G1 X-14.000 Y-49.638
G1 X0.000 Y-66.438
G1 X14.000 Y-49.638
G1 X14.000 Y-48.572
G1 X-14.000 Y-48.572
G1 X-14.000 Y-49.638
G1 X-13.600 Y-49.493
G1 X0.000 Y-65.813
G1 X13.600 Y-49.493
G1 X13.600 Y-48.972
G1 X-13.600 Y-48.972
G1 X-13.600 Y-49.493
G1 X-13.180 Y-49.372
G1 X0.000 Y-65.188
G1 X13.180 Y-49.372
G1 X-13.180 Y-49.372
G1 X-12.326 Y-49.772
G1 X0.000 Y-64.563
G1 X12.326 Y-49.772
G1 X-12.326 Y-49.772
G1 X-11.472 Y-50.172
G1 X0.000 Y-63.939
G1 X11.472 Y-50.172
G1 X-11.472 Y-50.172
G1 X-10.618 Y-50.572
G1 X0.000 Y-63.314
G1 X10.618 Y-50.572
G1 X-10.618 Y-50.572
G1 X-9.764 Y-50.972
G1 X0.000 Y-62.689
G1 X9.764 Y-50.972
G1 X-9.764 Y-50.972
G1 X-8.910 Y-51.372
G1 X0.000 Y-62.064
G1 X8.910 Y-51.372
G1 X-8.910 Y-51.372
G1 X-8.056 Y-51.772
G1 X0.000 Y-61.439
G1 X8.056 Y-51.772
G1 X-8.056 Y-51.772
G1 X-7.202 Y-52.172
G1 X0.000 Y-60.815
G1 X7.202 Y-52.172
G1 X-7.202 Y-52.172
G1 X-6.348 Y-52.572
G1 X0.000 Y-60.190
G1 X6.348 Y-52.572
G1 X-6.348 Y-52.572
G1 X-5.494 Y-52.972
G1 X0.000 Y-59.565
G1 X5.494 Y-52.972
G1 X-5.494 Y-52.972
G1 X-4.640 Y-53.372
G1 X0.000 Y-58.940
G1 X4.640 Y-53.372
G1 X-4.640 Y-53.372
G1 X-3.786 Y-53.772
G1 X0.000 Y-58.315
G1 X3.786 Y-53.772
G1 X-3.786 Y-53.772
G1 X-2.932 Y-54.172
G1 X0.000 Y-57.690
G1 X2.932 Y-54.172
G1 X-2.932 Y-54.172
G1 X-2.078 Y-54.572
G1 X0.000 Y-57.066
G1 X2.078 Y-54.572
G1 X-2.078 Y-54.572
G1 X-1.224 Y-54.972
G1 X0.000 Y-56.441
G1 X1.224 Y-54.972
G1 X-1.224 Y-54.972
G1 X-0.370 Y-55.372
G1 X0.000 Y-55.816
G1 X0.370 Y-55.372
G1 X-0.370 Y-55.372
M9
G1 Z10.000
G1 X15.000 Y50.000
G1 Z1.100
M7
G4 P150
G1 X14.800 Y49.928 Z1.100
G1 X14.800 Y49.928
G1 X0.000 Y67.688
G1 X-14.800 Y49.928
G1 X-14.800 Y48.194
G1 X14.800 Y48.194
G1 X14.800 Y49.928
G1 X14.400 Y49.783
G1 X0.000 Y67.063
G1 X-14.400 Y49.783
G1 X-14.400 Y48.594
G1 X14.400 Y48.594
G1 X14.400 Y49.783
G1 X14.000 Y49.638
G1 X0.000 Y66.438
G1 X-14.000 Y49.638
G1 X-14.000 Y48.994
G1 X14.000 Y48.994
G1 X14.000 Y49.638
G1 X13.600 Y49.493
G1 X0.000 Y65.813
G1 X-13.600 Y49.493
G1 X-13.600 Y49.394
G1 X13.600 Y49.394
G1 X13.600 Y49.493
G1 X12.829 Y49.794
G1 X0.000 Y65.188
G1 X-12.829 Y49.794
G1 X12.829 Y49.794
G1 X11.975 Y50.194
G1 X0.000 Y64.563
G1 X-11.975 Y50.194
G1 X11.975 Y50.194
G1 X11.121 Y50.594
G1 X0.000 Y63.939
G1 X-11.121 Y50.594
G1 X11.121 Y50.594
G1 X10.267 Y50.994
G1 X0.000 Y63.314
G1 X-10.267 Y50.994
G1 X10.267 Y50.994
G1 X9.413 Y51.394
G1 X0.000 Y62.689
G1 X-9.413 Y51.394
G1 X9.413 Y51.394
G1 X8.559 Y51.794
G1 X0.000 Y62.064
G1 X-8.559 Y51.794
G1 X8.559 Y51.794
G1 X7.704 Y52.194
G1 X-0.000 Y61.439
G1 X-7.704 Y52.194
G1 X7.704 Y52.194
G1 X6.850 Y52.594
G1 X-0.000 Y60.815
G1 X-6.850 Y52.594
G1 X6.850 Y52.594
G1 X5.996 Y52.994
G1 X-0.000 Y60.190
G1 X-5.996 Y52.994
G1 X5.996 Y52.994
G1 X5.142 Y53.394
G1 X-0.000 Y59.565
G1 X-5.142 Y53.394
G1 X5.142 Y53.394
G1 X4.288 Y53.794
G1 X-0.000 Y58.940
G1 X-4.288 Y53.794
G1 X4.288 Y53.794
G1 X3.434 Y54.194
G1 X-0.000 Y58.315
G1 X-3.434 Y54.194
G1 X3.434 Y54.194
G1 X2.580 Y54.594
G1 X-0.000 Y57.690
G1 X-2.580 Y54.594
G1 X2.580 Y54.594
G1 X1.726 Y54.994
G1 X-0.000 Y57.066
G1 X-1.726 Y54.994
G1 X1.726 Y54.994
G1 X0.872 Y55.394
G1 X-0.000 Y56.441
G1 X-0.872 Y55.394
G1 X0.872 Y55.394
G1 X0.018 Y55.794
G1 X-0.000 Y55.816
G1 X-0.018 Y55.794
G1 X0.018 Y55.794
G1 X0.052 Y55.754 Z1.500
G1 X0.052 Y55.754
G1 X-0.052 Y55.754
G1 X-0.000 Y55.816
G1 X0.052 Y55.754
G1 X0.906 Y55.354
G1 X-0.906 Y55.354
G1 X-0.000 Y56.441
G1 X0.906 Y55.354
G1 X1.760 Y54.954
G1 X-1.760 Y54.954
G1 X-0.000 Y57.066
G1 X1.760 Y54.954
G1 X2.614 Y54.554
G1 X-2.614 Y54.554
G1 X-0.000 Y57.690
G1 X2.614 Y54.554
G1 X3.468 Y54.154
G1 X-3.468 Y54.154
G1 X-0.000 Y58.315
G1 X3.468 Y54.154
G1 X4.322 Y53.754
G1 X-4.322 Y53.754
G1 X-0.000 Y58.940
G1 X4.322 Y53.754
G1 X5.176 Y53.354
G1 X-5.176 Y53.354
G1 X-0.000 Y59.565
G1 X5.176 Y53.354
G1 X6.030 Y52.954
G1 X-6.030 Y52.954
G1 X-0.000 Y60.190
G1 X6.030 Y52.954
G1 X6.884 Y52.554
G1 X-6.884 Y52.554
G1 X-0.000 Y60.815
G1 X6.884 Y52.554
G1 X7.738 Y52.154
G1 X-7.738 Y52.154
G1 X-0.000 Y61.439
G1 X7.738 Y52.154
G1 X8.592 Y51.754
G1 X-8.592 Y51.754
G1 X0.000 Y62.064
G1 X8.592 Y51.754
G1 X9.446 Y51.354
G1 X-9.446 Y51.354
G1 X0.000 Y62.689
G1 X9.446 Y51.354
G1 X10.300 Y50.954
G1 X-10.300 Y50.954
G1 X0.000 Y63.314
G1 X10.300 Y50.954
G1 X11.154 Y50.554
G1 X-11.154 Y50.554
G1 X0.000 Y63.939
G1 X11.154 Y50.554
G1 X12.008 Y50.154
G1 X-12.008 Y50.154
G1 X0.000 Y64.563
G1 X12.008 Y50.154
G1 X12.862 Y49.754
G1 X-12.862 Y49.754
G1 X0.000 Y65.188
G1 X12.862 Y49.754
G1 X13.600 Y49.493
G1 X13.600 Y49.354
G1 X-13.600 Y49.354
G1 X-13.600 Y49.493
G1 X0.000 Y65.813
G1 X13.600 Y49.493
G1 X14.000 Y49.638
G1 X14.000 Y48.954
G1 X-14.000 Y48.954
G1 X-14.000 Y49.638
G1 X0.000 Y66.438
G1 X14.000 Y49.638
G1 X14.400 Y49.783
G1 X14.400 Y48.554
G1 X-14.400 Y48.554
G1 X-14.400 Y49.783
G1 X0.000 Y67.063
G1 X14.400 Y49.783
G1 X14.800 Y49.928
G1 X14.800 Y48.154
G1 X-14.800 Y48.154
G1 X-14.800 Y49.928
G1 X0.000 Y67.688
G1 X14.800 Y49.928
G1 X14.800 Y49.928 Z1.500
G1 X14.800 Y49.928 Z1.900
G1 X14.800 Y49.928
G1 X0.000 Y67.688
G1 X-14.800 Y49.928
G1 X-14.800 Y48.072
G1 X14.800 Y48.072
G1 X14.800 Y49.928
G1 X14.400 Y49.783
G1 X0.000 Y67.063
G1 X-14.400 Y49.783
G1 X-14.400 Y48.472
G1 X14.400 Y48.472
G1 X14.400 Y49.783
G1 X14.000 Y49.638
G1 X0.000 Y66.438
G1 X-14.000 Y49.638
G1 X-14.000 Y48.872
G1 X14.000 Y48.872
G1 X14.000 Y49.638
G1 X13.600 Y49.493
G1 X0.000 Y65.813
G1 X-13.600 Y49.493
G1 X-13.600 Y49.272
G1 X13.600 Y49.272
G1 X13.600 Y49.493
G1 X12.930 Y49.672
G1 X0.000 Y65.188
G1 X-12.930 Y49.672
G1 X12.930 Y49.672
G1 X12.076 Y50.072
G1 X0.000 Y64.563
G1 X-12.076 Y50.072
G1 X12.076 Y50.072
G1 X11.222 Y50.472
G1 X0.000 Y63.939
G1 X-11.222 Y50.472
G1 X11.222 Y50.472
G1 X10.368 Y50.872
G1 X0.000 Y63.314
G1 X-10.368 Y50.872
G1 X10.368 Y50.872
G1 X9.514 Y51.272
G1 X0.000 Y62.689
G1 X-9.514 Y51.272
G1 X9.514 Y51.272
G1 X8.660 Y51.672
G1 X0.000 Y62.064
G1 X-8.660 Y51.672
G1 X8.660 Y51.672
G1 X7.806 Y52.072
G1 X0.000 Y61.439
G1 X-7.806 Y52.072
G1 X7.806 Y52.072
G1 X6.952 Y52.472
G1 X0.000 Y60.815
G1 X-6.952 Y52.472
G1 X6.952 Y52.472
G1 X6.098 Y52.872
G1 X0.000 Y60.190
G1 X-6.098 Y52.872
G1 X6.098 Y52.872
G1 X5.244 Y53.272
G1 X0.000 Y59.565
G1 X-5.244 Y53.272
G1 X5.244 Y53.272
G1 X4.390 Y53.672
G1 X0.000 Y58.940
G1 X-4.390 Y53.672
G1 X4.390 Y53.672
G1 X3.536 Y54.072
G1 X0.000 Y58.315
G1 X-3.536 Y54.072
G1 X3.536 Y54.072
G1 X2.682 Y54.472
G1 X0.000 Y57.690
G1 X-2.682 Y54.472
G1 X2.682 Y54.472
G1 X1.828 Y54.872
G1 X0.000 Y57.066
G1 X-1.828 Y54.872
G1 X1.828 Y54.872
G1 X0.974 Y55.272
G1 X0.000 Y56.441
G1 X-0.974 Y55.272
G1 X0.974 Y55.272
G1 X0.120 Y55.672
G1 X0.000 Y55.816
G1 X-0.120 Y55.672
G1 X0.120 Y55.672
G1 X0.225 Y55.546 Z2.300
G1 X0.225 Y55.546
G1 X-0.225 Y55.546
G1 X0.000 Y55.816
G1 X0.225 Y55.546
G1 X1.079 Y55.146
G1 X-1.079 Y55.146
G1 X0.000 Y56.441
G1 X1.079 Y55.146
G1 X1.933 Y54.746
G1 X-1.933 Y54.746
G1 X0.000 Y57.066
G1 X1.933 Y54.746
G1 X2.787 Y54.346
G1 X-2.787 Y54.346
G1 X0.000 Y57.690
G1 X2.787 Y54.346
G1 X3.641 Y53.946
G1 X-3.641 Y53.946
G1 X-0.000 Y58.315
G1 X3.641 Y53.946
G1 X4.495 Y53.546
G1 X-4.495 Y53.546
G1 X0.000 Y58.940
G1 X4.495 Y53.546
G1 X5.349 Y53.146
G1 X-5.349 Y53.146
G1 X0.000 Y59.565
G1 X5.349 Y53.146
G1 X6.203 Y52.746
G1 X-6.203 Y52.746
G1 X0.000 Y60.190
G1 X6.203 Y52.746
G1 X7.057 Y52.346
G1 X-7.057 Y52.346
G1 X0.000 Y60.815
G1 X7.057 Y52.346
G1 X7.911 Y51.946
G1 X-7.911 Y51.946
G1 X0.000 Y61.439
G1 X7.911 Y51.946
G1 X8.765 Y51.546
G1 X-8.765 Y51.546
G1 X0.000 Y62.064
G1 X8.765 Y51.546
G1 X9.619 Y51.146
G1 X-9.619 Y51.146
G1 X0.000 Y62.689
G1 X9.619 Y51.146
G1 X10.473 Y50.746
G1 X-10.473 Y50.746
G1 X0.000 Y63.314
G1 X10.473 Y50.746
G1 X11.327 Y50.346
G1 X-11.327 Y50.346
G1 X0.000 Y63.939
G1 X11.327 Y50.346
G1 X12.181 Y49.946
G1 X-12.181 Y49.946
G1 X0.000 Y64.563
G1 X12.181 Y49.946
G1 X13.035 Y49.546
G1 X-13.035 Y49.546
G1 X0.000 Y65.188
G1 X13.035 Y49.546
G1 X13.600 Y49.493
G1 X13.600 Y49.146
G1 X-13.600 Y49.146
G1 X-13.600 Y49.493
G1 X0.000 Y65.813
G1 X13.600 Y49.493
G1 X14.000 Y49.638
G1 X14.000 Y48.746
G1 X-14.000 Y48.746
G1 X-14.000 Y49.638
G1 X0.000 Y66.438
G1 X14.000 Y49.638
G1 X14.400 Y49.783
G1 X14.400 Y48.346
G1 X-14.400 Y48.346
G1 X-14.400 Y49.783
G1 X0.000 Y67.063
G1 X14.400 Y49.783
G1 X14.800 Y49.928
G1 X14.800 Y47.946
G1 X-14.800 Y47.946
G1 X-14.800 Y49.928
G1 X0.000 Y67.688
G1 X14.800 Y49.928
G1 X14.800 Y49.928 Z2.300
G1 X14.800 Y49.928 Z2.700
G1 X14.800 Y49.928
G1 X0.000 Y67.688
G1 X-14.800 Y49.928
G1 X-14.800 Y47.772
G1 X14.800 Y47.772
G1 X14.800 Y49.928
G1 X14.400 Y49.783
G1 X0.000 Y67.063
G1 X-14.400 Y49.783
G1 X-14.400 Y48.172
G1 X14.400 Y48.172
G1 X14.400 Y49.783
G1 X14.000 Y49.638
G1 X0.000 Y66.438
G1 X-14.000 Y49.638
G1 X-14.000 Y48.572
G1 X14.000 Y48.572
G1 X14.000 Y49.638
G1 X13.600 Y49.493
G1 X0.000 Y65.813
G1 X-13.600 Y49.493
G1 X-13.600 Y48.972
G1 X13.600 Y48.972
G1 X13.600 Y49.493
G1 X13.180 Y49.372
G1 X0.000 Y65.188
G1 X-13.180 Y49.372
G1 X13.180 Y49.372
G1 X12.326 Y49.772
G1 X0.000 Y64.563
G1 X-12.326 Y49.772
G1 X12.326 Y49.772
G1 X11.472 Y50.172
G1 X0.000 Y63.939
G1 X-11.472 Y50.172
G1 X11.472 Y50.172
G1 X10.618 Y50.572
G1 X0.000 Y63.314
G1 X-10.618 Y50.572
G1 X10.618 Y50.572
G1 X9.764 Y50.972
G1 X0.000 Y62.689
G1 X-9.764 Y50.972
G1 X9.764 Y50.972
G1 X8.910 Y51.372
G1 X0.000 Y62.064
G1 X-8.910 Y51.372
G1 X8.910 Y51.372
G1 X8.056 Y51.772
G1 X-0.000 Y61.439
G1 X-8.056 Y51.772
G1 X8.056 Y51.772
G1 X7.202 Y52.172
G1 X-0.000 Y60.815
G1 X-7.202 Y52.172
G1 X7.202 Y52.172
G1 X6.348 Y52.572
G1 X-0.000 Y60.190
G1 X-6.348 Y52.572
G1 X6.348 Y52.572
G1 X5.494 Y52.972
G1 X-0.000 Y59.565
G1 X-5.494 Y52.972
G1 X5.494 Y52.972
G1 X4.640 Y53.372
G1 X-0.000 Y58.940
G1 X-4.640 Y53.372
G1 X4.640 Y53.372
G1 X3.786 Y53.772
G1 X-0.000 Y58.315
G1 X-3.786 Y53.772
G1 X3.786 Y53.772
G1 X2.932 Y54.172
G1 X-0.000 Y57.690
G1 X-2.932 Y54.172
G1 X2.932 Y54.172
G1 X2.078 Y54.572
G1 X-0.000 Y57.066
G1 X-2.078 Y54.572
G1 X2.078 Y54.572
G1 X1.224 Y54.972
G1 X-0.000 Y56.441
G1 X-1.224 Y54.972
G1 X1.224 Y54.972
G1 X0.370 Y55.372
G1 X-0.000 Y55.816
G1 X-0.370 Y55.372
G1 X0.370 Y55.372
M9
G1 Z10.000
G1 X35.799 Y-10.000
G1 Z1.100
M7
G4 P150
G1 X35.794 Y-9.800 Z1.100
G1 X35.794 Y-9.800
G1 X56.795 Y-8.799
G1 X58.605 Y-8.799
G1 X58.605 Y8.799
G1 X56.795 Y8.799
G1 X35.794 Y9.800
G1 X30.400 Y9.800
G1 X30.400 Y-9.800
G1 X35.794 Y-9.800
G1 X35.785 Y-9.400
G1 X56.786 Y-8.399
G1 X58.205 Y-8.399
G1 X58.205 Y8.399
G1 X56.786 Y8.399
G1 X35.785 Y9.400
G1 X30.800 Y9.400
G1 X30.800 Y-9.400
G1 X35.785 Y-9.400
G1 X35.775 Y-9.000
G1 X56.776 Y-7.999
G1 X57.805 Y-7.999
G1 X57.805 Y7.999
G1 X56.776 Y7.999
G1 X35.775 Y9.000
G1 X31.200 Y9.000
G1 X31.200 Y-9.000
G1 X35.775 Y-9.000
G1 X35.766 Y-8.600
G1 X56.767 Y-7.599
G1 X57.405 Y-7.599
G1 X57.405 Y7.599
G1 X56.767 Y7.599
G1 X35.766 Y8.600
G1 X31.600 Y8.600
G1 X31.600 Y-8.600
G1 X35.766 Y-8.600
G1 X35.756 Y-8.200
G1 X56.757 Y-7.199
G1 X57.005 Y-7.199
G1 X57.005 Y7.199
G1 X56.757 Y7.199
G1 X35.756 Y8.200
G1 X32.000 Y8.200
G1 X32.000 Y-8.200
G1 X35.756 Y-8.200
G1 X35.747 Y-7.800
G1 X56.605 Y-6.806
G1 X56.605 Y6.806
G1 X35.747 Y7.800
G1 X32.400 Y7.800
G1 X32.400 Y-7.800
G1 X35.747 Y-7.800
G1 X35.737 Y-7.400
G1 X56.205 Y-6.424
G1 X56.205 Y6.424
G1 X35.737 Y7.400
G1 X32.800 Y7.400
G1 X32.800 Y-7.400
G1 X35.737 Y-7.400
G1 X35.728 Y-7.000
G1 X55.805 Y-6.043
G1 X55.805 Y6.043
G1 X35.728 Y7.000
G1 X33.200 Y7.000
G1 X33.200 Y-7.000
G1 X35.728 Y-7.000
G1 X35.718 Y-6.600
G1 X55.405 Y-5.662
G1 X55.405 Y5.662
G1 X35.718 Y6.600
G1 X33.600 Y6.600
G1 X33.600 Y-6.600
G1 X35.718 Y-6.600
G1 X35.708 Y-6.200
G1 X55.005 Y-5.280
G1 X55.005 Y5.280
G1 X35.708 Y6.200
G1 X34.000 Y6.200
G1 X34.000 Y-6.200
G1 X35.708 Y-6.200
G1 X35.699 Y-5.800
G1 X54.605 Y-4.899
G1 X54.605 Y4.899
G1 X35.699 Y5.800
G1 X34.400 Y5.800
G1 X34.400 Y-5.800
G1 X35.699 Y-5.800
G1 X35.689 Y-5.400
G1 X54.205 Y-4.517
G1 X54.205 Y4.517
G1 X35.689 Y5.400
G1 X34.800 Y5.400
G1 X34.800 Y-5.400
G1 X35.689 Y-5.400
G1 X35.680 Y-5.000
G1 X53.805 Y-4.136
G1 X53.805 Y4.136
G1 X35.680 Y5.000
G1 X35.200 Y5.000
G1 X35.200 Y-5.000
G1 X35.680 Y-5.000
G1 X35.670 Y-4.600
G1 X53.405 Y-3.755
G1 X53.405 Y3.755
G1 X35.670 Y4.600
G1 X35.600 Y4.600
G1 X35.600 Y-4.600
G1 X35.670 Y-4.600
G1 X36.000 Y-4.184
G1 X53.005 Y-3.373
G1 X53.005 Y3.373
G1 X36.000 Y4.184
G1 X36.000 Y-4.184
G1 X36.400 Y-3.764
G1 X52.605 Y-2.992
G1 X52.605 Y2.992
G1 X36.400 Y3.764
G1 X36.400 Y-3.764
G1 X36.800 Y-3.345
G1 X52.205 Y-2.611
G1 X52.205 Y2.611
G1 X36.800 Y3.345
G1 X36.800 Y-3.345
G1 X37.200 Y-2.925
G1 X51.805 Y-2.229
G1 X51.805 Y2.229
G1 X37.200 Y2.925
G1 X37.200 Y-2.925
G1 X37.600 Y-2.506
G1 X51.405 Y-1.848
G1 X51.405 Y1.848
G1 X37.600 Y2.506
G1 X37.600 Y-2.506
G1 X38.000 Y-2.086
G1 X51.005 Y-1.466
G1 X51.005 Y1.466
G1 X38.000 Y2.086
G1 X38.000 Y-2.086
G1 X38.400 Y-1.667
G1 X50.605 Y-1.085
G1 X50.605 Y1.085
G1 X38.400 Y1.667
G1 X38.400 Y-1.667
G1 X38.800 Y-1.247
G1 X50.205 Y-0.704
G1 X50.205 Y0.704
G1 X38.800 Y1.247
G1 X38.800 Y-1.247
G1 X39.200 Y-0.828
G1 X49.805 Y-0.322
G1 X49.805 Y0.322
G1 X39.200 Y0.828
G1 X39.200 Y-0.828
G1 X39.600 Y-0.408
G1 X48.163 Y0.000
G1 X39.600 Y0.408
G1 X39.600 Y-0.408
G1 X41.307 Y-0.327 Z1.500
G1 X41.307 Y-0.327
G1 X41.307 Y0.327
G1 X48.163 Y0.000
G1 X41.307 Y-0.327
G1 X40.907 Y-0.746
G1 X40.907 Y0.746
G1 X49.845 Y0.320
G1 X49.845 Y-0.320
G1 X40.907 Y-0.746
G1 X40.507 Y-1.166
G1 X40.507 Y1.166
G1 X50.245 Y0.702
G1 X50.245 Y-0.702
G1 X40.507 Y-1.166
G1 X40.107 Y-1.585
G1 X40.107 Y1.585
G1 X50.645 Y1.083
G1 X50.645 Y-1.083
G1 X40.107 Y-1.585
G1 X39.707 Y-2.005
G1 X39.707 Y2.005
G1 X51.045 Y1.464
G1 X51.045 Y-1.464
G1 X39.707 Y-2.005
G1 X39.307 Y-2.424
G1 X39.307 Y2.424
G1 X51.445 Y1.846
G1 X51.445 Y-1.846
G1 X39.307 Y-2.424
G1 X38.907 Y-2.844
G1 X38.907 Y2.844
G1 X51.845 Y2.227
G1 X51.845 Y-2.227
G1 X38.907 Y-2.844
G1 X38.507 Y-3.263
G1 X38.507 Y3.263
G1 X52.245 Y2.609
G1 X52.245 Y-2.609
G1 X38.507 Y-3.263
G1 X38.107 Y-3.683
G1 X38.107 Y3.683
G1 X52.645 Y2.990
G1 X52.645 Y-2.990
G1 X38.107 Y-3.683
G1 X37.707 Y-4.102
G1 X37.707 Y4.102
G1 X53.045 Y3.371
G1 X53.045 Y-3.371
G1 X37.707 Y-4.102
G1 X37.307 Y-4.522
G1 X37.307 Y4.522
G1 X53.445 Y3.753
G1 X53.445 Y-3.753
G1 X37.307 Y-4.522
G1 X36.907 Y-4.942
G1 X36.907 Y4.942
G1 X53.845 Y4.134
G1 X53.845 Y-4.134
G1 X36.907 Y-4.942
G1 X36.507 Y-5.361
G1 X36.507 Y5.361
G1 X54.245 Y4.516
G1 X54.245 Y-4.516
G1 X36.507 Y-5.361
G1 X36.107 Y-5.781
G1 X36.107 Y5.781
G1 X54.645 Y4.897
G1 X54.645 Y-4.897
G1 X36.107 Y-5.781
G1 X35.708 Y-6.200
G1 X35.707 Y-6.200
G1 X35.707 Y6.200
G1 X35.708 Y6.200
G1 X55.045 Y5.278
G1 X55.045 Y-5.278
G1 X35.708 Y-6.200
G1 X35.718 Y-6.600
G1 X35.307 Y-6.600
G1 X35.307 Y6.600
G1 X35.718 Y6.600
G1 X55.445 Y5.660
G1 X55.445 Y-5.660
G1 X35.718 Y-6.600
G1 X35.728 Y-7.000
G1 X34.907 Y-7.000
G1 X34.907 Y7.000
G1 X35.728 Y7.000
G1 X55.845 Y6.041
G1 X55.845 Y-6.041
G1 X35.728 Y-7.000
G1 X35.737 Y-7.400
G1 X34.507 Y-7.400
G1 X34.507 Y7.400
G1 X35.737 Y7.400
G1 X56.245 Y6.423
G1 X56.245 Y-6.423
G1 X35.737 Y-7.400
G1 X35.747 Y-7.800
G1 X34.107 Y-7.800
G1 X34.107 Y7.800
G1 X35.747 Y7.800
G1 X56.645 Y6.804
G1 X56.645 Y-6.804
G1 X35.747 Y-7.800
G1 X35.756 Y-8.200
G1 X33.707 Y-8.200
G1 X33.707 Y8.200
G1 X35.756 Y8.200
G1 X56.757 Y7.199
G1 X57.045 Y7.199
G1 X57.045 Y-7.199
G1 X56.757 Y-7.199
G1 X35.756 Y-8.200
G1 X35.766 Y-8.600
G1 X33.307 Y-8.600
G1 X33.307 Y8.600
G1 X35.766 Y8.600
G1 X56.767 Y7.599
G1 X57.445 Y7.599
G1 X57.445 Y-7.599
G1 X56.767 Y-7.599
G1 X35.766 Y-8.600
G1 X35.775 Y-9.000
G1 X32.907 Y-9.000
G1 X32.907 Y9.000
G1 X35.775 Y9.000
G1 X56.776 Y7.999
G1 X57.845 Y7.999
G1 X57.845 Y-7.999
G1 X56.776 Y-7.999
G1 X35.775 Y-9.000
G1 X35.785 Y-9.400
G1 X32.507 Y-9.400
G1 X32.507 Y9.400
G1 X35.785 Y9.400
G1 X56.786 Y8.399
G1 X58.245 Y8.399
G1 X58.245 Y-8.399
G1 X56.786 Y-8.399
G1 X35.785 Y-9.400
G1 X35.794 Y-9.800
G1 X32.107 Y-9.800
G1 X32.107 Y9.800
G1 X35.794 Y9.800
G1 X56.795 Y8.799
G1 X58.645 Y8.799
G1 X58.645 Y-8.799
G1 X56.795 Y-8.799
G1 X35.794 Y-9.800
G1 X35.794 Y-9.800 Z1.500
G1 X35.794 Y-9.800 Z1.900
G1 X35.794 Y-9.800
G1 X56.795 Y-8.799
G1 X58.727 Y-8.799
G1 X58.727 Y8.799
G1 X56.795 Y8.799
G1 X35.794 Y9.800
G1 X32.645 Y9.800
G1 X32.645 Y-9.800
G1 X35.794 Y-9.800
G1 X35.785 Y-9.400
G1 X56.786 Y-8.399
G1 X58.327 Y-8.399
G1 X58.327 Y8.399
G1 X56.786 Y8.399
G1 X35.785 Y9.400
G1 X33.045 Y9.400
G1 X33.045 Y-9.400
G1 X35.785 Y-9.400
G1 X35.775 Y-9.000
G1 X56.776 Y-7.999
G1 X57.927 Y-7.999
G1 X57.927 Y7.999
G1 X56.776 Y7.999
G1 X35.775 Y9.000
G1 X33.445 Y9.000
G1 X33.445 Y-9.000
G1 X35.775 Y-9.000
G1 X35.766 Y-8.600
G1 X56.767 Y-7.599
G1 X57.527 Y-7.599
G1 X57.527 Y7.599
G1 X56.767 Y7.599
G1 X35.766 Y8.600
G1 X33.845 Y8.600
G1 X33.845 Y-8.600
G1 X35.766 Y-8.600
G1 X35.756 Y-8.200
G1 X56.757 Y-7.199
G1 X57.127 Y-7.199
G1 X57.127 Y7.199
G1 X56.757 Y7.199
G1 X35.756 Y8.200
G1 X34.245 Y8.200
G1 X34.245 Y-8.200
G1 X35.756 Y-8.200
G1 X35.747 Y-7.800
G1 X56.727 Y-6.800
G1 X56.727 Y6.800
G1 X35.747 Y7.800
G1 X34.645 Y7.800
G1 X34.645 Y-7.800
G1 X35.747 Y-7.800
G1 X35.737 Y-7.400
G1 X56.327 Y-6.419
G1 X56.327 Y6.419
G1 X35.737 Y7.400
G1 X35.045 Y7.400
G1 X35.045 Y-7.400
G1 X35.737 Y-7.400
G1 X35.728 Y-7.000
G1 X55.927 Y-6.037
G1 X55.927 Y6.037
G1 X35.728 Y7.000
G1 X35.445 Y7.000
G1 X35.445 Y-7.000
G1 X35.728 Y-7.000
G1 X35.845 Y-6.594
G1 X55.527 Y-5.656
G1 X55.527 Y5.656
G1 X35.845 Y6.594
G1 X35.845 Y-6.594
G1 X36.245 Y-6.174
G1 X55.127 Y-5.274
G1 X55.127 Y5.274
G1 X36.245 Y6.174
G1 X36.245 Y-6.174
G1 X36.645 Y-5.755
G1 X54.727 Y-4.893
G1 X54.727 Y4.893
G1 X36.645 Y5.755
G1 X36.645 Y-5.755
G1 X37.045 Y-5.335
G1 X54.327 Y-4.512
G1 X54.327 Y4.512
G1 X37.045 Y5.335
G1 X37.045 Y-5.335
G1 X37.445 Y-4.916
G1 X53.927 Y-4.130
G1 X53.927 Y4.130
G1 X37.445 Y4.916
G1 X37.445 Y-4.916
G1 X37.845 Y-4.496
G1 X53.527 Y-3.749
G1 X53.527 Y3.749
G1 X37.845 Y4.496
G1 X37.845 Y-4.496
G1 X38.245 Y-4.077
G1 X53.127 Y-3.367
G1 X53.127 Y3.367
G1 X38.245 Y4.077
G1 X38.245 Y-4.077
G1 X38.645 Y-3.657
G1 X52.727 Y-2.986
G1 X52.727 Y2.986
G1 X38.645 Y3.657
G1 X38.645 Y-3.657
G1 X39.045 Y-3.238
G1 X52.327 Y-2.605
G1 X52.327 Y2.605
G1 X39.045 Y3.238
G1 X39.045 Y-3.238
G1 X39.445 Y-2.818
G1 X51.927 Y-2.223
G1 X51.927 Y2.223
G1 X39.445 Y2.818
G1 X39.445 Y-2.818
G1 X39.845 Y-2.399
G1 X51.527 Y-1.842
G1 X51.527 Y1.842
G1 X39.845 Y2.399
G1 X39.845 Y-2.399
G1 X40.245 Y-1.979
G1 X51.127 Y-1.461
G1 X51.127 Y1.461
G1 X40.245 Y1.979
G1 X40.245 Y-1.979
G1 X40.645 Y-1.560
G1 X50.727 Y-1.079
G1 X50.727 Y1.079
G1 X40.645 Y1.560
G1 X40.645 Y-1.560
G1 X41.045 Y-1.140
G1 X50.327 Y-0.698
G1 X50.327 Y0.698
G1 X41.045 Y1.140
G1 X41.045 Y-1.140
G1 X41.445 Y-0.721
G1 X49.927 Y-0.316
G1 X49.927 Y0.316
G1 X41.445 Y0.721
G1 X41.445 Y-0.721
G1 X41.845 Y-0.301
G1 X48.163 Y0.000
G1 X41.845 Y0.301
G1 X41.845 Y-0.301
M9
G1 Z10.000
G1 X35.799 Y-10.000
G1 Z2.300
M7
G4 P150
G1 X35.794 Y-9.800 Z2.300
G1 X35.794 Y-9.800
G1 X56.795 Y-8.799
G1 X58.853 Y-8.799
G1 X58.853 Y-0.999
G1 X33.039 Y-0.999
G1 X33.039 Y-9.800
G1 X35.794 Y-9.800
G1 X35.785 Y-9.400
G1 X56.786 Y-8.399
G1 X58.453 Y-8.399
G1 X58.453 Y-1.399
G1 X33.439 Y-1.399
G1 X33.439 Y-9.400
G1 X35.785 Y-9.400
G1 X35.775 Y-9.000
G1 X56.776 Y-7.999
G1 X58.053 Y-7.999
G1 X58.053 Y-1.799
G1 X33.839 Y-1.799
G1 X33.839 Y-9.000
G1 X35.775 Y-9.000
G1 X35.766 Y-8.600
G1 X56.767 Y-7.599
G1 X57.653 Y-7.599
G1 X57.653 Y-2.199
G1 X34.239 Y-2.199
G1 X34.239 Y-8.600
G1 X35.766 Y-8.600
G1 X35.756 Y-8.200
G1 X56.757 Y-7.199
G1 X57.253 Y-7.199
G1 X57.253 Y-2.599
G1 X34.639 Y-2.599
G1 X34.639 Y-8.200
G1 X35.756 Y-8.200
G1 X35.747 Y-7.800
G1 X56.748 Y-6.799
G1 X56.853 Y-6.799
G1 X56.853 Y-2.999
G1 X35.039 Y-2.999
G1 X35.039 Y-7.800
G1 X35.747 Y-7.800
G1 X35.737 Y-7.400
G1 X56.453 Y-6.413
G1 X56.453 Y-3.399
G1 X35.439 Y-3.399
G1 X35.439 Y-7.400
G1 X35.737 Y-7.400
G1 X35.839 Y-6.995
G1 X56.053 Y-6.031
G1 X56.053 Y-3.799
G1 X35.839 Y-3.799
G1 X35.839 Y-6.995
G1 X36.239 Y-6.575
G1 X55.653 Y-5.650
G1 X55.653 Y-4.199
G1 X36.239 Y-4.199
G1 X36.239 Y-6.575
G1 X36.639 Y-6.156
G1 X55.253 Y-5.268
G1 X55.253 Y-4.599
G1 X36.639 Y-4.599
G1 X36.639 Y-6.156
G1 X37.039 Y-5.736
G1 X52.504 Y-4.999
G1 X37.039 Y-4.999
G1 X37.039 Y-5.736
G1 X37.340 Y-5.722 Z2.700
G1 X37.340 Y-5.722
G1 X37.340 Y-4.999
G1 X52.504 Y-4.999
G1 X37.340 Y-5.722
G1 X36.940 Y-6.141
G1 X36.940 Y-4.599
G1 X55.427 Y-4.599
G1 X55.427 Y-5.260
G1 X36.940 Y-6.141
G1 X36.540 Y-6.561
G1 X36.540 Y-4.199
G1 X55.827 Y-4.199
G1 X55.827 Y-5.642
G1 X36.540 Y-6.561
G1 X36.140 Y-6.980
G1 X36.140 Y-3.799
G1 X56.227 Y-3.799
G1 X56.227 Y-6.023
G1 X36.140 Y-6.980
G1 X35.740 Y-7.400
G1 X35.740 Y-3.399
G1 X56.627 Y-3.399
G1 X56.627 Y-6.404
G1 X35.740 Y-7.400
G1 X35.747 Y-7.800
G1 X35.340 Y-7.800
G1 X35.340 Y-2.999
G1 X57.027 Y-2.999
G1 X57.027 Y-6.799
G1 X56.748 Y-6.799
G1 X35.747 Y-7.800
G1 X35.756 Y-8.200
G1 X34.940 Y-8.200
G1 X34.940 Y-2.599
G1 X57.427 Y-2.599
G1 X57.427 Y-7.199
G1 X56.757 Y-7.199
G1 X35.756 Y-8.200
G1 X35.766 Y-8.600
G1 X34.540 Y-8.600
G1 X34.540 Y-2.199
G1 X57.827 Y-2.199
G1 X57.827 Y-7.599
G1 X56.767 Y-7.599
G1 X35.766 Y-8.600
G1 X35.775 Y-9.000
G1 X34.140 Y-9.000
G1 X34.140 Y-1.799
G1 X58.227 Y-1.799
G1 X58.227 Y-7.999
G1 X56.776 Y-7.999
G1 X35.775 Y-9.000
G1 X35.785 Y-9.400
G1 X33.740 Y-9.400
G1 X33.740 Y-1.399
G1 X58.627 Y-1.399
G1 X58.627 Y-8.399
G1 X56.786 Y-8.399
G1 X35.785 Y-9.400
G1 X35.794 Y-9.800
G1 X33.340 Y-9.800
G1 X33.340 Y-0.999
G1 X59.027 Y-0.999
G1 X59.027 Y-8.799
G1 X56.795 Y-8.799
G1 X35.794 Y-9.800
G1 X35.794 Y-9.800 Z2.700
M9
G1 Z10.000
G1 X56.800 Y8.999
G1 Z2.300
M7
G4 P150
G1 X56.795 Y8.799 Z2.300
G1 X56.795 Y8.799
G1 X35.794 Y9.800
G1 X33.039 Y9.800
G1 X33.039 Y0.999
G1 X58.853 Y0.999
G1 X58.853 Y8.799
G1 X56.795 Y8.799
G1 X56.786 Y8.399
G1 X35.785 Y9.400
G1 X33.439 Y9.400
G1 X33.439 Y1.399
G1 X58.453 Y1.399
G1 X58.453 Y8.399
G1 X56.786 Y8.399
G1 X56.776 Y7.999
G1 X35.775 Y9.000
G1 X33.839 Y9.000
G1 X33.839 Y1.799
G1 X58.053 Y1.799
G1 X58.053 Y7.999
G1 X56.776 Y7.999
G1 X56.767 Y7.599
G1 X35.766 Y8.600
G1 X34.239 Y8.600
G1 X34.239 Y2.199
G1 X57.653 Y2.199
G1 X57.653 Y7.599
G1 X56.767 Y7.599
G1 X56.757 Y7.199
G1 X35.756 Y8.200
G1 X34.639 Y8.200
G1 X34.639 Y2.599
G1 X57.253 Y2.599
G1 X57.253 Y7.199
G1 X56.757 Y7.199
G1 X56.748 Y6.799
G1 X35.747 Y7.800
G1 X35.039 Y7.800
G1 X35.039 Y2.999
G1 X56.853 Y2.999
G1 X56.853 Y6.799
G1 X56.748 Y6.799
G1 X56.453 Y6.413
G1 X35.737 Y7.400
G1 X35.439 Y7.400
G1 X35.439 Y3.399
G1 X56.453 Y3.399
G1 X56.453 Y6.413
G1 X56.053 Y6.031
G1 X35.839 Y6.995
G1 X35.839 Y3.799
G1 X56.053 Y3.799
G1 X56.053 Y6.031
G1 X55.653 Y5.650
G1 X36.239 Y6.575
G1 X36.239 Y4.199
G1 X55.653 Y4.199
G1 X55.653 Y5.650
G1 X55.253 Y5.268
G1 X36.639 Y6.156
G1 X36.639 Y4.599
G1 X55.253 Y4.599
G1 X55.253 Y5.268
G1 X52.504 Y4.999
G1 X37.039 Y5.736
G1 X37.039 Y4.999
G1 X52.504 Y4.999
G1 X52.504 Y4.999 Z2.700
G1 X52.504 Y4.999
G1 X37.340 Y4.999
G1 X37.340 Y5.722
G1 X52.504 Y4.999
G1 X55.427 Y5.260
G1 X55.427 Y4.599
G1 X36.940 Y4.599
G1 X36.940 Y6.141
G1 X55.427 Y5.260
G1 X55.827 Y5.642
G1 X55.827 Y4.199
G1 X36.540 Y4.199
G1 X36.540 Y6.561
G1 X55.827 Y5.642
G1 X56.227 Y6.023
G1 X56.227 Y3.799
G1 X36.140 Y3.799
G1 X36.140 Y6.980
G1 X56.227 Y6.023
G1 X56.627 Y6.404
G1 X56.627 Y3.399
G1 X35.740 Y3.399
G1 X35.740 Y7.400
G1 X56.627 Y6.404
G1 X56.748 Y6.799
G1 X57.027 Y6.799
G1 X57.027 Y2.999
G1 X35.340 Y2.999
G1 X35.340 Y7.800
G1 X35.747 Y7.800
G1 X56.748 Y6.799
G1 X56.757 Y7.199
G1 X57.427 Y7.199
G1 X57.427 Y2.599
G1 X34.940 Y2.599
G1 X34.940 Y8.200
G1 X35.756 Y8.200
G1 X56.757 Y7.199
G1 X56.767 Y7.599
G1 X57.827 Y7.599
G1 X57.827 Y2.199
G1 X34.540 Y2.199
G1 X34.540 Y8.600
G1 X35.766 Y8.600
G1 X56.767 Y7.599
G1 X56.776 Y7.999
G1 X58.227 Y7.999
G1 X58.227 Y1.799
G1 X34.140 Y1.799
G1 X34.140 Y9.000
G1 X35.775 Y9.000
G1 X56.776 Y7.999
G1 X56.786 Y8.399
G1 X58.627 Y8.399
G1 X58.627 Y1.399
G1 X33.740 Y1.399
G1 X33.740 Y9.400
G1 X35.785 Y9.400
G1 X56.786 Y8.399
G1 X56.795 Y8.799
G1 X59.027 Y8.799
G1 X59.027 Y0.999
G1 X33.340 Y0.999
G1 X33.340 Y9.800
G1 X35.794 Y9.800
G1 X56.795 Y8.799
G1 X56.795 Y8.799 Z2.700
M9
G1 Z10.000
G1 X69.600 Y-9.000
G1 Z1.100
M7
G4 P150
G1 X69.564 Y-8.800 Z1.100
G1 X69.564 Y-8.800
G1 X77.400 Y-5.861
G1 X77.400 Y5.861
G1 X69.564 Y8.800
G1 X67.794 Y8.800
G1 X67.794 Y-8.800
G1 X69.564 Y-8.800
G1 X69.491 Y-8.400
G1 X77.000 Y-5.584
G1 X77.000 Y5.584
G1 X69.491 Y8.400
G1 X68.194 Y8.400
G1 X68.194 Y-8.400
G1 X69.491 Y-8.400
G1 X69.419 Y-8.000
G1 X76.600 Y-5.307
G1 X76.600 Y5.307
G1 X69.419 Y8.000
G1 X68.594 Y8.000
G1 X68.594 Y-8.000
G1 X69.419 Y-8.000
G1 X69.346 Y-7.600
G1 X76.200 Y-5.030
G1 X76.200 Y5.030
G1 X69.346 Y7.600
G1 X68.994 Y7.600
G1 X68.994 Y-7.600
G1 X69.346 Y-7.600
G1 X69.394 Y-7.155
G1 X75.800 Y-4.753
G1 X75.800 Y4.753
G1 X69.394 Y7.155
G1 X69.394 Y-7.155
G1 X69.794 Y-6.578
G1 X75.400 Y-4.475
G1 X75.400 Y4.475
G1 X69.794 Y6.578
G1 X69.794 Y-6.578
G1 X70.194 Y-6.000
G1 X75.000 Y-4.198
G1 X75.000 Y4.198
G1 X70.194 Y6.000
G1 X70.194 Y-6.000
G1 X70.594 Y-5.423
G1 X74.600 Y-3.921
G1 X74.600 Y3.921
G1 X70.594 Y5.423
G1 X70.594 Y-5.423
G1 X70.994 Y-4.846
G1 X74.200 Y-3.644
G1 X74.200 Y3.644
G1 X70.994 Y4.846
G1 X70.994 Y-4.846
G1 X71.394 Y-4.269
G1 X73.800 Y-3.367
G1 X73.800 Y3.367
G1 X71.394 Y4.269
G1 X71.394 Y-4.269
G1 X71.794 Y-3.692
G1 X73.400 Y-3.089
G1 X73.400 Y3.089
G1 X71.794 Y3.692
G1 X71.794 Y-3.692
G1 X72.194 Y-3.114
G1 X73.000 Y-2.812
G1 X73.000 Y2.812
G1 X72.194 Y3.114
G1 X72.194 Y-3.114
G1 X72.594 Y-2.537
G1 X72.600 Y-2.535
G1 X72.600 Y2.535
G1 X72.594 Y2.537
G1 X72.594 Y-2.537
G1 X72.554 Y-2.552 Z1.500
G1 X72.554 Y-2.552
G1 X72.554 Y2.552
G1 X72.600 Y2.535
G1 X72.600 Y-2.535
G1 X72.554 Y-2.552
G1 X72.154 Y-3.129
G1 X72.154 Y3.129
G1 X73.000 Y2.812
G1 X73.000 Y-2.812
G1 X72.154 Y-3.129
G1 X71.754 Y-3.707
G1 X71.754 Y3.707
G1 X73.400 Y3.089
G1 X73.400 Y-3.089
G1 X71.754 Y-3.707
G1 X71.354 Y-4.284
G1 X71.354 Y4.284
G1 X73.800 Y3.367
G1 X73.800 Y-3.367
G1 X71.354 Y-4.284
G1 X70.954 Y-4.861
G1 X70.954 Y4.861
G1 X74.200 Y3.644
G1 X74.200 Y-3.644
G1 X70.954 Y-4.861
G1 X70.554 Y-5.438
G1 X70.554 Y5.438
G1 X74.600 Y3.921
G1 X74.600 Y-3.921
G1 X70.554 Y-5.438
G1 X70.154 Y-6.015
G1 X70.154 Y6.015
G1 X75.000 Y4.198
G1 X75.000 Y-4.198
G1 X70.154 Y-6.015
G1 X69.754 Y-6.593
G1 X69.754 Y6.593
G1 X75.400 Y4.475
G1 X75.400 Y-4.475
G1 X69.754 Y-6.593
G1 X69.354 Y-7.170
G1 X69.354 Y7.170
G1 X75.800 Y4.753
G1 X75.800 Y-4.753
G1 X69.354 Y-7.170
G1 X69.346 Y-7.600
G1 X68.954 Y-7.600
G1 X68.954 Y7.600
G1 X69.346 Y7.600
G1 X76.200 Y5.030
G1 X76.200 Y-5.030
G1 X69.346 Y-7.600
G1 X69.419 Y-8.000
G1 X68.554 Y-8.000
G1 X68.554 Y8.000
G1 X69.419 Y8.000
G1 X76.600 Y5.307
G1 X76.600 Y-5.307
G1 X69.419 Y-8.000
G1 X69.491 Y-8.400
G1 X68.154 Y-8.400
G1 X68.154 Y8.400
G1 X69.491 Y8.400
G1 X77.000 Y5.584
G1 X77.000 Y-5.584
G1 X69.491 Y-8.400
G1 X69.564 Y-8.800
G1 X67.754 Y-8.800
G1 X67.754 Y8.800
G1 X69.564 Y8.800
G1 X77.400 Y5.861
G1 X77.400 Y-5.861
G1 X69.564 Y-8.800
G1 X69.564 Y-8.800 Z1.500
G1 X69.564 Y-8.800 Z1.900
G1 X69.564 Y-8.800
G1 X77.400 Y-5.861
G1 X77.400 Y5.861
G1 X69.564 Y8.800
G1 X67.672 Y8.800
G1 X67.672 Y-8.800
G1 X69.564 Y-8.800
G1 X69.491 Y-8.400
G1 X77.000 Y-5.584
G1 X77.000 Y5.584
G1 X69.491 Y8.400
G1 X68.072 Y8.400
G1 X68.072 Y-8.400
G1 X69.491 Y-8.400
G1 X69.419 Y-8.000
G1 X76.600 Y-5.307
G1 X76.600 Y5.307
G1 X69.419 Y8.000
G1 X68.472 Y8.000
G1 X68.472 Y-8.000
G1 X69.419 Y-8.000
G1 X69.346 Y-7.600
G1 X76.200 Y-5.030
G1 X76.200 Y5.030
G1 X69.346 Y7.600
G1 X68.872 Y7.600
G1 X68.872 Y-7.600
G1 X69.346 Y-7.600
G1 X69.274 Y-7.200
G1 X75.800 Y-4.753
G1 X75.800 Y4.753
G1 X69.274 Y7.200
G1 X69.272 Y7.200
G1 X69.272 Y-7.200
G1 X69.274 Y-7.200
G1 X69.672 Y-6.623
G1 X75.400 Y-4.475
G1 X75.400 Y4.475
G1 X69.672 Y6.623
G1 X69.672 Y-6.623
G1 X70.072 Y-6.046
G1 X75.000 Y-4.198
G1 X75.000 Y4.198
G1 X70.072 Y6.046
G1 X70.072 Y-6.046
G1 X70.472 Y-5.469
G1 X74.600 Y-3.921
G1 X74.600 Y3.921
G1 X70.472 Y5.469
G1 X70.472 Y-5.469
G1 X70.872 Y-4.892
G1 X74.200 Y-3.644
G1 X74.200 Y3.644
G1 X70.872 Y4.892
G1 X70.872 Y-4.892
G1 X71.272 Y-4.315
G1 X73.800 Y-3.367
G1 X73.800 Y3.367
G1 X71.272 Y4.315
G1 X71.272 Y-4.315
G1 X71.672 Y-3.737
G1 X73.400 Y-3.089
G1 X73.400 Y3.089
G1 X71.672 Y3.737
G1 X71.672 Y-3.737
G1 X72.072 Y-3.160
G1 X73.000 Y-2.812
G1 X73.000 Y2.812
G1 X72.072 Y3.160
G1 X72.072 Y-3.160
G1 X72.472 Y-2.583
G1 X72.600 Y-2.535
G1 X72.600 Y2.535
G1 X72.472 Y2.583
G1 X72.472 Y-2.583
G1 X72.346 Y-2.630 Z2.300
G1 X72.346 Y-2.630
G1 X72.346 Y2.630
G1 X72.600 Y2.535
G1 X72.600 Y-2.535
G1 X72.346 Y-2.630
G1 X71.946 Y-3.207
G1 X71.946 Y3.207
G1 X73.000 Y2.812
G1 X73.000 Y-2.812
G1 X71.946 Y-3.207
G1 X71.546 Y-3.785
G1 X71.546 Y3.785
G1 X73.400 Y3.089
G1 X73.400 Y-3.089
G1 X71.546 Y-3.785
G1 X71.146 Y-4.362
G1 X71.146 Y4.362
G1 X73.800 Y3.367
G1 X73.800 Y-3.367
G1 X71.146 Y-4.362
G1 X70.746 Y-4.939
G1 X70.746 Y4.939
G1 X74.200 Y3.644
G1 X74.200 Y-3.644
G1 X70.746 Y-4.939
G1 X70.346 Y-5.516
G1 X70.346 Y5.516
G1 X74.600 Y3.921
G1 X74.600 Y-3.921
G1 X70.346 Y-5.516
G1 X69.946 Y-6.093
G1 X69.946 Y6.093
G1 X75.000 Y4.198
G1 X75.000 Y-4.198
G1 X69.946 Y-6.093
G1 X69.546 Y-6.671
G1 X69.546 Y6.671
G1 X75.400 Y4.475
G1 X75.400 Y-4.475
G1 X69.546 Y-6.671
G1 X69.274 Y-7.200
G1 X69.146 Y-7.200
G1 X69.146 Y7.200
G1 X69.274 Y7.200
G1 X75.800 Y4.753
G1 X75.800 Y-4.753
G1 X69.274 Y-7.200
G1 X69.346 Y-7.600
G1 X68.746 Y-7.600
G1 X68.746 Y7.600
G1 X69.346 Y7.600
G1 X76.200 Y5.030
G1 X76.200 Y-5.030
G1 X69.346 Y-7.600
G1 X69.419 Y-8.000
G1 X68.346 Y-8.000
G1 X68.346 Y8.000
G1 X69.419 Y8.000
G1 X76.600 Y5.307
G1 X76.600 Y-5.307
G1 X69.419 Y-8.000
G1 X69.491 Y-8.400
G1 X67.946 Y-8.400
G1 X67.946 Y8.400
G1 X69.491 Y8.400
G1 X77.000 Y5.584
G1 X77.000 Y-5.584
G1 X69.491 Y-8.400
G1 X69.564 Y-8.800
G1 X67.546 Y-8.800
G1 X67.546 Y8.800
G1 X69.564 Y8.800
G1 X77.400 Y5.861
G1 X77.400 Y-5.861
G1 X69.564 Y-8.800
G1 X69.564 Y-8.800 Z2.300
G1 X69.564 Y-8.800 Z2.700
G1 X69.564 Y-8.800
G1 X77.400 Y-5.861
G1 X77.400 Y5.861
G1 X69.564 Y8.800
G1 X67.372 Y8.800
G1 X67.372 Y-8.800
G1 X69.564 Y-8.800
G1 X69.491 Y-8.400
G1 X77.000 Y-5.584
G1 X77.000 Y5.584
G1 X69.491 Y8.400
G1 X67.772 Y8.400
G1 X67.772 Y-8.400
G1 X69.491 Y-8.400
G1 X69.419 Y-8.000
G1 X76.600 Y-5.307
G1 X76.600 Y5.307
G1 X69.419 Y8.000
G1 X68.172 Y8.000
G1 X68.172 Y-8.000
G1 X69.419 Y-8.000
G1 X69.346 Y-7.600
G1 X76.200 Y-5.030
G1 X76.200 Y5.030
G1 X69.346 Y7.600
G1 X68.572 Y7.600
G1 X68.572 Y-7.600
G1 X69.346 Y-7.600
G1 X69.274 Y-7.200
G1 X75.800 Y-4.753
G1 X75.800 Y4.753
G1 X69.274 Y7.200
G1 X68.972 Y7.200
G1 X68.972 Y-7.200
G1 X69.274 Y-7.200
G1 X69.372 Y-6.736
G1 X75.400 Y-4.475
G1 X75.400 Y4.475
G1 X69.372 Y6.736
G1 X69.372 Y-6.736
G1 X69.772 Y-6.159
G1 X75.000 Y-4.198
G1 X75.000 Y4.198
G1 X69.772 Y6.159
G1 X69.772 Y-6.159
G1 X70.172 Y-5.581
G1 X74.600 Y-3.921
G1 X74.600 Y3.921
G1 X70.172 Y5.581
G1 X70.172 Y-5.581
G1 X70.572 Y-5.004
G1 X74.200 Y-3.644
G1 X74.200 Y3.644
G1 X70.572 Y5.004
G1 X70.572 Y-5.004
G1 X70.972 Y-4.427
G1 X73.800 Y-3.367
G1 X73.800 Y3.367
G1 X70.972 Y4.427
G1 X70.972 Y-4.427
G1 X71.372 Y-3.850
G1 X73.400 Y-3.089
G1 X73.400 Y3.089
G1 X71.372 Y3.850
G1 X71.372 Y-3.850
G1 X71.772 Y-3.273
G1 X73.000 Y-2.812
G1 X73.000 Y2.812
G1 X71.772 Y3.273
G1 X71.772 Y-3.273
G1 X72.172 Y-2.695
G1 X72.600 Y-2.535
G1 X72.600 Y2.535
G1 X72.172 Y2.695
G1 X72.172 Y-2.695
M9
G1 Z10.000
G1 X14.999 Y-39.205
G1 Z1.100
M7
G4 P150
G1 X14.799 Y-39.005 Z1.100
G1 X14.799 Y-39.005
G1 X14.799 Y-37.794
G1 X-14.799 Y-37.794
G1 X-14.799 Y-39.005
G1 X14.799 Y-39.005
G1 X14.399 Y-38.605
G1 X14.399 Y-38.194
G1 X-14.399 Y-38.194
G1 X-14.399 Y-38.605
G1 X14.399 Y-38.605
G1 X14.399 Y-38.645 Z1.500
G1 X14.399 Y-38.645
G1 X-14.399 Y-38.645
G1 X-14.399 Y-38.154
G1 X14.399 Y-38.154
G1 X14.399 Y-38.645
G1 X14.799 Y-39.045
G1 X-14.799 Y-39.045
G1 X-14.799 Y-37.754
G1 X14.799 Y-37.754
G1 X14.799 Y-39.045
G1 X14.799 Y-39.045 Z1.500
G1 X14.799 Y-39.127 Z1.900
G1 X14.799 Y-39.127
G1 X14.799 Y-37.672
G1 X-14.799 Y-37.672
G1 X-14.799 Y-39.127
G1 X14.799 Y-39.127
G1 X14.399 Y-38.727
G1 X14.399 Y-38.072
G1 X-14.399 Y-38.072
G1 X-14.399 Y-38.727
G1 X14.399 Y-38.727
M9
G1 Z10.000
G1 X-14.999 Y39.205
G1 Z1.100
M7
G4 P150
G1 X-14.799 Y39.005 Z1.100
G1 X-14.799 Y39.005
G1 X-14.799 Y37.794
G1 X14.799 Y37.794
G1 X14.799 Y39.005
G1 X-14.799 Y39.005
G1 X-14.399 Y38.605
G1 X-14.399 Y38.194
G1 X14.399 Y38.194
G1 X14.399 Y38.605
G1 X-14.399 Y38.605
G1 X-14.399 Y38.645 Z1.500
G1 X-14.399 Y38.645
G1 X14.399 Y38.645
G1 X14.399 Y38.154
G1 X-14.399 Y38.154
G1 X-14.399 Y38.645
G1 X-14.799 Y39.045
G1 X14.799 Y39.045
G1 X14.799 Y37.754
G1 X-14.799 Y37.754
G1 X-14.799 Y39.045
G1 X-14.799 Y39.045 Z1.500
G1 X-14.799 Y39.127 Z1.900
G1 X-14.799 Y39.127
G1 X-14.799 Y37.672
G1 X14.799 Y37.672
G1 X14.799 Y39.127
G1 X-14.799 Y39.127
G1 X-14.399 Y38.727
G1 X-14.399 Y38.072
G1 X14.399 Y38.072
G1 X14.399 Y38.727
G1 X-14.399 Y38.727