;layer_height = 0.4
;line_width = 0.4
;layer_count = 10
;mesh = bird_top_old
G21 ;start of the code
G1 Z15 F300
G28 X0 Y0 ;Home
G92 X0 Y0 ;Consider this as current
G0 X50 Y50 F3000 ;Go-to Offset
G92 X0 Y0 ;Reset

G0 F3600 X-25.000 Y-17.600 Z0.300 ;Go to start position
M7
G4 P150


G1 X-24.800 Y-17.496 Z0.300
G1 X-24.800 Y-17.496
G1 X-14.801 Y-24.496
G1 X-14.700 Y-45.344
G1 X0.000 Y-70.009
G1 X14.700 Y-45.344
G1 X14.800 Y-24.558
G1 X17.800 Y-17.559
G1 X17.800 Y-7.800
G1 X27.591 Y-7.800
G1 X49.590 Y-5.900
G1 X59.160 Y-5.800
G1 X69.000 Y-1.865
G1 X69.000 Y1.865
G1 X59.160 Y5.800
G1 X49.590 Y5.900
G1 X27.591 Y7.800
G1 X17.800 Y7.800
G1 X17.800 Y17.559
G1 X14.800 Y24.558
G1 X14.700 Y45.344
G1 X0.000 Y70.009
G1 X-14.700 Y45.344
G1 X-14.801 Y24.496
G1 X-24.800 Y17.496
G1 X-24.800 Y-17.496
G1 X-24.400 Y-17.288
G1 X-14.402 Y-24.287
G1 X-14.301 Y-45.233
G1 X0.000 Y-69.228
G1 X14.301 Y-45.233
G1 X14.401 Y-24.475
G1 X17.400 Y-17.477
G1 X17.400 Y-7.400
G1 X27.574 Y-7.400
G1 X49.571 Y-5.500
G1 X59.081 Y-5.401
G1 X68.600 Y-1.594
G1 X68.600 Y1.594
G1 X59.081 Y5.401
G1 X49.571 Y5.500
G1 X27.574 Y7.400
G1 X17.400 Y7.400
G1 X17.400 Y17.477
G1 X14.401 Y24.475
G1 X14.301 Y45.233
G1 X0.000 Y69.228
G1 X-14.301 Y45.233
G1 X-14.402 Y24.287
G1 X-24.400 Y17.288
G1 X-24.400 Y-17.288
G1 X-24.000 Y-17.079
G1 X-14.003 Y-24.078
G1 X-13.901 Y-45.122
G1 X0.000 Y-68.447
G1 X13.901 Y-45.122
G1 X14.001 Y-24.392
G1 X17.000 Y-17.395
G1 X17.000 Y-7.000
G1 X27.557 Y-7.000
G1 X49.552 Y-5.100
G1 X59.002 Y-5.002
G1 X68.200 Y-1.323
G1 X68.200 Y1.323
G1 X59.002 Y5.002
G1 X49.552 Y5.100
G1 X27.557 Y7.000
G1 X17.000 Y7.000
G1 X17.000 Y17.395
G1 X14.001 Y24.392
G1 X13.901 Y45.122
G1 X0.000 Y68.447
G1 X-13.901 Y45.122
G1 X-14.003 Y24.078
G1 X-24.000 Y17.079
G1 X-24.000 Y-17.079
G1 X-23.600 Y-16.871
G1 X-13.604 Y-23.869
G1 X-13.502 Y-45.011
G1 X0.000 Y-67.665
G1 X13.502 Y-45.011
G1 X13.601 Y-24.309
G1 X16.600 Y-17.313
G1 X16.600 Y-6.600
G1 X27.540 Y-6.600
G1 X49.532 Y-4.701
G1 X58.923 Y-4.603
G1 X67.800 Y-1.052
G1 X67.800 Y1.052
G1 X58.923 Y4.603
G1 X49.532 Y4.701
G1 X27.540 Y6.600
G1 X16.600 Y6.600
G1 X16.600 Y17.313
G1 X13.601 Y24.309
G1 X13.502 Y45.011
G1 X0.000 Y67.665
G1 X-13.502 Y45.011
G1 X-13.604 Y23.869
G1 X-23.600 Y16.871
G1 X-23.600 Y-16.871
G1 X-23.200 Y-16.663
G1 X-13.205 Y-23.660
G1 X-13.102 Y-44.900
G1 X0.000 Y-66.884
G1 X13.102 Y-44.900
G1 X13.202 Y-24.226
G1 X16.200 Y-17.231
G1 X16.200 Y-6.200
G1 X27.522 Y-6.200
G1 X49.513 Y-4.301
G1 X58.844 Y-4.204
G1 X67.400 Y-0.781
G1 X67.400 Y0.781
G1 X58.844 Y4.204
G1 X49.513 Y4.301
G1 X27.522 Y6.200
G1 X16.200 Y6.200
G1 X16.200 Y17.231
G1 X13.202 Y24.226
G1 X13.102 Y44.900
G1 X0.000 Y66.884
G1 X-13.102 Y44.900
G1 X-13.205 Y23.660
G1 X-23.200 Y16.663
G1 X-23.200 Y-16.663
G1 X-22.800 Y-16.455
G1 X-12.806 Y-23.451
G1 X-12.703 Y-44.789
G1 X0.000 Y-66.103
G1 X12.703 Y-44.789
G1 X12.802 Y-24.143
G1 X15.800 Y-17.148
G1 X15.800 Y-5.800
G1 X27.505 Y-5.800
G1 X49.494 Y-3.901
G1 X58.765 Y-3.804
G1 X67.000 Y-0.511
G1 X67.000 Y0.511
G1 X58.765 Y3.804
G1 X49.494 Y3.901
G1 X27.505 Y5.800
G1 X15.800 Y5.800
G1 X15.800 Y17.148
G1 X12.802 Y24.143
G1 X12.703 Y44.789
G1 X0.000 Y66.103
G1 X-12.703 Y44.789
G1 X-12.806 Y23.451
G1 X-22.800 Y16.455
G1 X-22.800 Y-16.455
G1 X-22.400 Y-16.246
G1 X-12.407 Y-23.242
G1 X-12.303 Y-44.678
G1 X0.000 Y-65.322
G1 X12.303 Y-44.678
G1 X12.403 Y-24.060
G1 X15.400 Y-17.066
G1 X15.400 Y-5.400
G1 X27.488 Y-5.400
G1 X49.474 Y-3.501
G1 X58.686 Y-3.405
G1 X66.600 Y-0.240
G1 X66.600 Y0.240
G1 X58.686 Y3.405
G1 X49.474 Y3.501
G1 X27.488 Y5.400
G1 X15.400 Y5.400
G1 X15.400 Y17.066
G1 X12.403 Y24.060
G1 X12.303 Y44.678
G1 X0.000 Y65.322
G1 X-12.303 Y44.678
G1 X-12.407 Y23.242
G1 X-22.400 Y16.246
G1 X-22.400 Y-16.246
G1 X-22.000 Y-16.038
G1 X-12.008 Y-23.033
G1 X-11.904 Y-44.567
G1 X0.000 Y-64.540
G1 X11.904 Y-44.567
G1 X12.003 Y-23.977
G1 X15.000 Y-16.984
G1 X15.000 Y-5.000
G1 X27.471 Y-5.000
G1 X49.455 Y-3.101
G1 X58.607 Y-3.006
G1 X66.122 Y0.000
G1 X58.607 Y3.006
G1 X49.455 Y3.101
G1 X27.471 Y5.000
G1 X15.000 Y5.000
G1 X15.000 Y16.984
G1 X12.003 Y23.977
G1 X11.904 Y44.567
G1 X0.000 Y64.540
G1 X-11.904 Y44.567
G1 X-12.008 Y23.033
G1 X-22.000 Y16.038
G1 X-22.000 Y-16.038
G1 X-21.600 Y-15.830
G1 X-11.609 Y-22.824
G1 X-11.504 Y-44.456
G1 X0.000 Y-63.759
G1 X11.504 Y-44.456
G1 X11.603 Y-23.894
G1 X14.600 Y-16.902
G1 X14.600 Y-4.600
G1 X27.453 Y-4.600
G1 X49.436 Y-2.702
G1 X58.528 Y-2.607
G1 X65.045 Y-0.000
G1 X58.528 Y2.607
G1 X49.436 Y2.702
G1 X27.453 Y4.600
G1 X14.600 Y4.600
G1 X14.600 Y16.902
G1 X11.603 Y23.894
G1 X11.504 Y44.456
G1 X0.000 Y63.759
G1 X-11.504 Y44.456
G1 X-11.609 Y22.824
G1 X-21.600 Y15.830
G1 X-21.600 Y-15.830
G1 X-21.200 Y-15.622
G1 X-11.210 Y-22.615
G1 X-11.105 Y-44.345
G1 X0.000 Y-62.978
G1 X11.105 Y-44.345
G1 X11.204 Y-23.811
G1 X14.200 Y-16.820
G1 X14.200 Y-4.200
G1 X27.436 Y-4.200
G1 X49.416 Y-2.302
G1 X58.449 Y-2.208
G1 X63.968 Y0.000
G1 X58.449 Y2.208
G1 X49.416 Y2.302
G1 X27.436 Y4.200
G1 X14.200 Y4.200
G1 X14.200 Y16.820
G1 X11.204 Y23.811
G1 X11.105 Y44.345
G1 X0.000 Y62.978
G1 X-11.105 Y44.345
G1 X-11.210 Y22.615
G1 X-21.200 Y15.622
G1 X-21.200 Y-15.622
G1 X-20.800 Y-15.413
G1 X-10.811 Y-22.406
G1 X-10.706 Y-44.234
G1 X0.000 Y-62.196
G1 X10.706 Y-44.234
G1 X10.804 Y-23.728
G1 X13.800 Y-16.738
G1 X13.800 Y-3.800
G1 X27.419 Y-3.800
G1 X49.397 Y-1.902
G1 X58.370 Y-1.808
G1 X62.891 Y-0.000
G1 X58.370 Y1.808
G1 X49.397 Y1.902
G1 X27.419 Y3.800
G1 X13.800 Y3.800
G1 X13.800 Y16.738
G1 X10.804 Y23.728
G1 X10.706 Y44.234
G1 X0.000 Y62.196
G1 X-10.706 Y44.234
G1 X-10.811 Y22.406
G1 X-20.800 Y15.413
G1 X-20.800 Y-15.413
G1 X-20.400 Y-15.205
G1 X-10.412 Y-22.197
G1 X-10.306 Y-44.123
G1 X0.000 Y-61.415
G1 X10.306 Y-44.123
G1 X10.405 Y-23.645
G1 X13.400 Y-16.656
G1 X13.400 Y-3.400
G1 X27.402 Y-3.400
G1 X49.378 Y-1.502
G1 X58.291 Y-1.409
G1 X61.814 Y0.000
G1 X58.291 Y1.409
G1 X49.378 Y1.502
G1 X27.402 Y3.400
G1 X13.400 Y3.400
G1 X13.400 Y16.656
G1 X10.405 Y23.645
G1 X10.306 Y44.123
G1 X0.000 Y61.415
G1 X-10.306 Y44.123
G1 X-10.412 Y22.197
G1 X-20.400 Y15.205
G1 X-20.400 Y-15.205
G1 X-20.000 Y-14.997
G1 X-10.013 Y-21.988
G1 X-9.907 Y-44.012
G1 X0.000 Y-60.634
G1 X9.907 Y-44.012
G1 X10.005 Y-23.562
G1 X13.000 Y-16.574
G1 X13.000 Y-3.000
G1 X27.384 Y-3.000
G1 X49.359 Y-1.102
G1 X58.212 Y-1.010
G1 X60.737 Y0.000
G1 X58.212 Y1.010
G1 X49.359 Y1.102
G1 X27.384 Y3.000
G1 X13.000 Y3.000
G1 X13.000 Y16.574
G1 X10.005 Y23.562
G1 X9.907 Y44.012
G1 X0.000 Y60.634
G1 X-9.907 Y44.012
G1 X-10.013 Y21.988
G1 X-20.000 Y14.997
G1 X-20.000 Y-14.997
G1 X-19.600 Y-14.788
G1 X-9.614 Y-21.779
G1 X-9.507 Y-43.901
G1 X0.000 Y-59.852
G1 X9.507 Y-43.901
G1 X9.605 Y-23.479
G1 X12.600 Y-16.492
G1 X12.600 Y-2.600
G1 X27.367 Y-2.600
G1 X49.339 Y-0.702
G1 X58.133 Y-0.611
G1 X59.660 Y-0.000
G1 X58.133 Y0.611
G1 X49.339 Y0.702
G1 X27.367 Y2.600
G1 X12.600 Y2.600
G1 X12.600 Y16.492
G1 X9.605 Y23.479
G1 X9.507 Y43.901
G1 X0.000 Y59.852
G1 X-9.507 Y43.901
G1 X-9.614 Y21.779
G1 X-19.600 Y14.788
G1 X-19.600 Y-14.788
G1 X-19.200 Y-14.580
G1 X-9.215 Y-21.570
G1 X-9.108 Y-43.790
G1 X0.000 Y-59.071
G1 X9.108 Y-43.790
G1 X9.206 Y-23.396
G1 X12.200 Y-16.410
G1 X12.200 Y-2.200
G1 X27.350 Y-2.200
G1 X49.320 Y-0.303
G1 X58.054 Y-0.212
G1 X58.583 Y-0.000
G1 X58.054 Y0.212
G1 X49.320 Y0.303
G1 X27.350 Y2.200
G1 X12.200 Y2.200
G1 X12.200 Y16.410
G1 X9.206 Y23.396
G1 X9.108 Y43.790
G1 X0.000 Y59.071
G1 X-9.108 Y43.790
G1 X-9.215 Y21.570
G1 X-19.200 Y14.580
G1 X-19.200 Y-14.580
G1 X-18.800 Y-14.372
G1 X-8.816 Y-21.361
G1 X-8.708 Y-43.679
G1 X0.000 Y-58.290
G1 X8.708 Y-43.679
G1 X8.806 Y-23.313
G1 X11.800 Y-16.327
G1 X11.800 Y-1.800
G1 X27.333 Y-1.800
G1 X48.175 Y0.000
G1 X27.333 Y1.800
G1 X11.800 Y1.800
G1 X11.800 Y16.327
G1 X8.806 Y23.313
G1 X8.708 Y43.679
G1 X0.000 Y58.290
G1 X-8.708 Y43.679
G1 X-8.816 Y21.361
G1 X-18.800 Y14.372
G1 X-18.800 Y-14.372
G1 X-18.400 Y-14.164
G1 X-8.417 Y-21.152
G1 X-8.309 Y-43.568
G1 X0.000 Y-57.509
G1 X8.309 Y-43.568
G1 X8.407 Y-23.230
G1 X11.400 Y-16.245
G1 X11.400 Y-1.400
G1 X27.316 Y-1.400
G1 X43.526 Y0.000
G1 X27.316 Y1.400
G1 X11.400 Y1.400
G1 X11.400 Y16.245
G1 X8.407 Y23.230
G1 X8.309 Y43.568
G1 X0.000 Y57.509
G1 X-8.309 Y43.568
G1 X-8.417 Y21.152
G1 X-18.400 Y14.164
G1 X-18.400 Y-14.164
G1 X-18.000 Y-13.955
G1 X-8.018 Y-20.943
G1 X-7.909 Y-43.457
G1 X0.000 Y-56.727
G1 X7.909 Y-43.457
G1 X8.007 Y-23.147
G1 X11.000 Y-16.163
G1 X11.000 Y-1.000
G1 X27.298 Y-1.000
G1 X38.877 Y0.000
G1 X27.298 Y1.000
G1 X11.000 Y1.000
G1 X11.000 Y16.163
G1 X8.007 Y23.147
G1 X7.909 Y43.457
G1 X-0.000 Y56.727
G1 X-7.909 Y43.457
G1 X-8.018 Y20.943
G1 X-18.000 Y13.955
G1 X-18.000 Y-13.955
G1 X-17.600 Y-13.747
G1 X-7.619 Y-20.734
G1 X-7.510 Y-43.346
G1 X0.000 Y-55.946
G1 X7.510 Y-43.346
G1 X7.607 Y-23.064
G1 X10.600 Y-16.081
G1 X10.600 Y-0.600
G1 X27.281 Y-0.600
G1 X34.228 Y-0.000
G1 X27.281 Y0.600
G1 X10.600 Y0.600
G1 X10.600 Y16.081
G1 X7.607 Y23.064
G1 X7.510 Y43.346
G1 X0.000 Y55.946
G1 X-7.510 Y43.346
G1 X-7.619 Y20.734
G1 X-17.600 Y13.747
G1 X-17.600 Y-13.747
G1 X-17.200 Y-13.539
G1 X-7.220 Y-20.525
G1 X-7.110 Y-43.235
G1 X-0.000 Y-55.165
G1 X7.110 Y-43.235
G1 X7.208 Y-22.981
G1 X10.200 Y-15.999
G1 X10.200 Y-0.200
G1 X27.264 Y-0.200
G1 X29.580 Y-0.000
G1 X27.264 Y0.200
G1 X10.200 Y0.200
G1 X10.200 Y15.999
G1 X7.208 Y22.981
G1 X7.110 Y43.235
G1 X-0.000 Y55.165
G1 X-7.110 Y43.235
G1 X-7.220 Y20.525
G1 X-17.200 Y13.539
G1 X-17.200 Y-13.539
G1 X-16.800 Y-13.331
G1 X-6.821 Y-20.316
G1 X-6.711 Y-43.124
G1 X0.000 Y-54.383
G1 X6.711 Y-43.124
G1 X6.808 Y-22.898
G1 X9.800 Y-15.917
G1 X9.800 Y15.884
G1 X9.800 Y15.917
G1 X6.808 Y22.898
G1 X6.711 Y43.124
G1 X0.000 Y54.383
G1 X-6.711 Y43.124
G1 X-6.821 Y20.316
G1 X-16.800 Y13.331
G1 X-16.800 Y-13.331
G1 X-16.400 Y-13.122
G1 X-6.422 Y-20.107
G1 X-6.311 Y-43.012
G1 X0.000 Y-53.602
G1 X6.311 Y-43.012
G1 X6.408 Y-22.815
G1 X9.400 Y-15.835
G1 X9.400 Y15.835
G1 X6.408 Y22.815
G1 X6.311 Y43.012
G1 X0.000 Y53.602
G1 X-6.311 Y43.012
G1 X-6.422 Y20.107
G1 X-16.400 Y13.122
G1 X-16.400 Y-13.122
G1 X-16.000 Y-12.914
G1 X-6.023 Y-19.898
G1 X-5.912 Y-42.901
G1 X0.000 Y-52.821
G1 X5.912 Y-42.901
G1 X6.009 Y-22.732
G1 X9.000 Y-15.753
G1 X9.000 Y15.753
G1 X6.009 Y22.732
G1 X5.912 Y42.901
G1 X0.000 Y52.821
G1 X-5.912 Y42.901
G1 X-6.023 Y19.898
G1 X-16.000 Y12.914
G1 X-16.000 Y-12.914
G1 X-15.600 Y-12.706
G1 X-5.624 Y-19.689
G1 X-5.512 Y-42.790
G1 X0.000 Y-52.039
G1 X5.512 Y-42.790
G1 X5.609 Y-22.649
G1 X8.600 Y-15.671
G1 X8.600 Y15.671
G1 X5.609 Y22.649
G1 X5.512 Y42.790
G1 X0.000 Y52.039
G1 X-5.512 Y42.790
G1 X-5.624 Y19.689
G1 X-15.600 Y12.706
G1 X-15.600 Y-12.706
G1 X-15.200 Y-12.498
G1 X-5.225 Y-19.480
G1 X-5.113 Y-42.679
G1 X0.000 Y-51.258
G1 X5.113 Y-42.679
G1 X5.210 Y-22.566
G1 X8.200 Y-15.588
G1 X8.200 Y15.588
G1 X5.210 Y22.566
G1 X5.113 Y42.679
G1 X0.000 Y51.258
G1 X-5.113 Y42.679
G1 X-5.225 Y19.480
G1 X-15.200 Y12.498
G1 X-15.200 Y-12.498
G1 X-14.800 Y-12.289
G1 X-4.826 Y-19.271
G1 X-4.713 Y-42.568
G1 X-0.000 Y-50.477
G1 X4.713 Y-42.568
G1 X4.810 Y-22.483
G1 X7.800 Y-15.506
G1 X7.800 Y15.506
G1 X4.810 Y22.483
G1 X4.713 Y42.568
G1 X-0.000 Y50.477
G1 X-4.713 Y42.568
G1 X-4.826 Y19.271
G1 X-14.800 Y12.289
G1 X-14.800 Y-12.289
G1 X-14.400 Y-12.081
G1 X-4.427 Y-19.063
G1 X-4.314 Y-42.457
G1 X0.000 Y-49.696
G1 X4.314 Y-42.457
G1 X4.410 Y-22.400
G1 X7.400 Y-15.424
G1 X7.400 Y15.424
G1 X4.410 Y22.400
G1 X4.314 Y42.457
G1 X0.000 Y49.696
G1 X-4.314 Y42.457
G1 X-4.427 Y19.063
G1 X-14.400 Y12.081
G1 X-14.400 Y-12.081
G1 X-14.000 Y-11.873
G1 X-4.028 Y-18.854
G1 X-3.915 Y-42.346
G1 X0.000 Y-48.914
G1 X3.915 Y-42.346
G1 X4.011 Y-22.317
G1 X7.000 Y-15.342
G1 X7.000 Y15.342
G1 X4.011 Y22.317
G1 X3.915 Y42.346
G1 X0.000 Y48.914
G1 X-3.915 Y42.346
G1 X-4.028 Y18.854
G1 X-14.000 Y11.873
G1 X-14.000 Y-11.873
G1 X-13.600 Y-11.665
G1 X-3.629 Y-18.645
G1 X-3.515 Y-42.235
G1 X0.000 Y-48.133
G1 X3.515 Y-42.235
G1 X3.611 Y-22.234
G1 X6.600 Y-15.260
G1 X6.600 Y15.260
G1 X3.611 Y22.234
G1 X3.515 Y42.235
G1 X0.000 Y48.133
G1 X-3.515 Y42.235
G1 X-3.629 Y18.645
G1 X-13.600 Y11.665
G1 X-13.600 Y-11.665
G1 X-13.200 Y-11.456
G1 X-3.230 Y-18.436
G1 X-3.116 Y-42.124
G1 X0.000 Y-47.352
G1 X3.116 Y-42.124
G1 X3.212 Y-22.151
G1 X6.200 Y-15.178
G1 X6.200 Y15.178
G1 X3.212 Y22.151
G1 X3.116 Y42.124
G1 X0.000 Y47.352
G1 X-3.116 Y42.124
G1 X-3.230 Y18.436
G1 X-13.200 Y11.456
G1 X-13.200 Y-11.456
G1 X-12.800 Y-11.248
G1 X-2.831 Y-18.227
G1 X-2.716 Y-42.013
G1 X0.000 Y-46.570
G1 X2.716 Y-42.013
G1 X2.812 Y-22.068
G1 X5.800 Y-15.096
G1 X5.800 Y15.096
G1 X2.812 Y22.068
G1 X2.716 Y42.013
G1 X0.000 Y46.570
G1 X-2.716 Y42.013
G1 X-2.831 Y18.227
G1 X-12.800 Y11.248
G1 X-12.800 Y-11.248
G1 X-12.400 Y-11.040
G1 X-2.432 Y-18.018
G1 X-2.317 Y-41.902
G1 X-0.000 Y-45.789
G1 X2.317 Y-41.902
G1 X2.412 Y-21.985
G1 X5.400 Y-15.014
G1 X5.400 Y15.014
G1 X2.412 Y21.985
G1 X2.317 Y41.902
G1 X-0.000 Y45.789
G1 X-2.317 Y41.902
G1 X-2.432 Y18.018
G1 X-12.400 Y11.040
G1 X-12.400 Y-11.040
G1 X-12.000 Y-10.831
G1 X-2.033 Y-17.809
G1 X-1.917 Y-41.791
G1 X-0.000 Y-45.008
G1 X1.917 Y-41.791
G1 X2.013 Y-21.902
G1 X5.000 Y-14.932
G1 X5.000 Y14.932
G1 X2.013 Y21.902
G1 X1.917 Y41.791
G1 X0.000 Y45.008
G1 X-1.917 Y41.791
G1 X-2.033 Y17.809
G1 X-12.000 Y10.831
G1 X-12.000 Y-10.831
G1 X-11.600 Y-10.623
G1 X-1.634 Y-17.600
G1 X-1.518 Y-41.680
G1 X0.000 Y-44.226
G1 X1.518 Y-41.680
G1 X1.613 Y-21.819
G1 X4.600 Y-14.850
G1 X4.600 Y14.850
G1 X1.613 Y21.819
G1 X1.518 Y41.680
G1 X0.000 Y44.226
G1 X-1.518 Y41.680
G1 X-1.634 Y17.600
G1 X-11.600 Y10.623
G1 X-11.600 Y-10.623
G1 X-11.200 Y-10.415
G1 X-1.235 Y-17.391
G1 X-1.118 Y-41.569
G1 X0.000 Y-43.445
G1 X1.118 Y-41.569
G1 X1.214 Y-21.736
G1 X4.200 Y-14.767
G1 X4.200 Y14.767
G1 X1.214 Y21.736
G1 X1.118 Y41.569
G1 X0.000 Y43.445
G1 X-1.118 Y41.569
G1 X-1.235 Y17.391
G1 X-11.200 Y10.415
G1 X-11.200 Y-10.415
G1 X-10.800 Y-10.207
G1 X-0.836 Y-17.182
G1 X-0.719 Y-41.458
G1 X-0.000 Y-42.664
G1 X0.719 Y-41.458
G1 X0.814 Y-21.653
G1 X3.800 Y-14.685
G1 X3.800 Y14.685
G1 X0.814 Y21.653
G1 X0.719 Y41.458
G1 X-0.000 Y42.664
G1 X-0.719 Y41.458
G1 X-0.836 Y17.182
G1 X-10.800 Y10.207
G1 X-10.800 Y-10.207
G1 X-10.400 Y-9.998
G1 X-0.437 Y-16.973
G1 X-0.319 Y-41.347
G1 X0.000 Y-41.883
G1 X0.319 Y-41.347
G1 X0.414 Y-21.570
G1 X3.400 Y-14.603
G1 X3.400 Y14.603
G1 X0.414 Y21.570
G1 X0.319 Y41.347
G1 X0.000 Y41.883
G1 X-0.319 Y41.347
G1 X-0.437 Y16.973
G1 X-10.400 Y9.998
G1 X-10.400 Y-9.998
G1 X-10.000 Y-9.790
G1 X-0.038 Y-16.764
G1 X-0.000 Y-24.564
G1 X0.015 Y-21.487
G1 X3.000 Y-14.521
G1 X3.000 Y14.521
G1 X0.015 Y21.487
G1 X-0.000 Y24.564
G1 X-0.038 Y16.764
G1 X-10.000 Y9.790
G1 X-10.000 Y-9.790
G1 X-9.600 Y-9.582
G1 X1.386 Y-17.272
G1 X2.600 Y-14.439
G1 X2.600 Y14.439
G1 X1.386 Y17.272
G1 X-9.600 Y9.582
G1 X-9.600 Y-9.582
G1 X-9.200 Y-9.374
G1 X1.212 Y-16.662
G1 X2.200 Y-14.357
G1 X2.200 Y14.357
G1 X1.212 Y16.662
G1 X-9.200 Y9.374
G1 X-9.200 Y-9.374
G1 X-8.800 Y-9.165
G1 X1.038 Y-16.052
G1 X1.800 Y-14.275
G1 X1.800 Y14.275
G1 X1.038 Y16.052
G1 X-8.800 Y9.165
G1 X-8.800 Y-9.165
G1 X-8.400 Y-8.957
G1 X0.864 Y-15.442
G1 X1.400 Y-14.193
G1 X1.400 Y14.193
G1 X0.864 Y15.442
G1 X-8.400 Y8.957
G1 X-8.400 Y-8.957
G1 X-8.000 Y-8.749
G1 X0.691 Y-14.832
G1 X1.000 Y-14.111
G1 X1.000 Y14.111
G1 X0.691 Y14.832
G1 X-8.000 Y8.749
G1 X-8.000 Y-8.749
G1 X-7.600 Y-8.541
G1 X0.517 Y-14.222
G1 X0.600 Y-14.029
G1 X0.600 Y14.029
G1 X0.517 Y14.222
G1 X-7.600 Y8.541
G1 X-7.600 Y-8.541
G1 X-7.200 Y-8.332
G1 X0.200 Y-13.512
G1 X0.200 Y13.512
G1 X-7.200 Y8.332
G1 X-7.200 Y-8.332
G1 X-6.800 Y-8.124
G1 X-0.200 Y-12.744
G1 X-0.200 Y12.744
G1 X-6.800 Y8.124
G1 X-6.800 Y-8.124
G1 X-6.400 Y-7.916
G1 X-0.600 Y-11.976
G1 X-0.600 Y11.976
G1 X-6.400 Y7.916
G1 X-6.400 Y-7.916
G1 X-6.000 Y-7.708
G1 X-1.000 Y-11.208
G1 X-1.000 Y11.208
G1 X-6.000 Y7.708
G1 X-6.000 Y-7.708
G1 X-5.600 Y-7.499
G1 X-1.400 Y-10.439
G1 X-1.400 Y10.439
G1 X-5.600 Y7.499
G1 X-5.600 Y-7.499
G1 X-5.200 Y-7.291
G1 X-1.800 Y-9.671
G1 X-1.800 Y9.671
G1 X-5.200 Y7.291
G1 X-5.200 Y-7.291
G1 X-4.800 Y-7.083
G1 X-2.200 Y-8.903
G1 X-2.200 Y8.903
G1 X-4.800 Y7.083
G1 X-4.800 Y-7.083
G1 X-4.400 Y-6.874
G1 X-2.600 Y-8.134
G1 X-2.600 Y8.134
G1 X-4.400 Y6.874
G1 X-4.400 Y-6.874
G1 X-4.000 Y-6.666
G1 X-3.000 Y-7.366
G1 X-3.000 Y7.366
G1 X-4.000 Y6.666
G1 X-4.000 Y-6.666
G1 X-3.600 Y-6.458
G1 X-3.400 Y-6.598
G1 X-3.400 Y6.598
G1 X-3.600 Y6.458
G1 X-3.600 Y-6.458
G1 X-3.600 Y-6.458 Z0.700
G1 X-3.600 Y-6.458
G1 X-3.600 Y6.458
G1 X-3.400 Y6.598
G1 X-3.400 Y-6.598
G1 X-3.600 Y-6.458
G1 X-4.000 Y-6.666
G1 X-4.000 Y6.666
G1 X-3.000 Y7.366
G1 X-3.000 Y-7.366
G1 X-4.000 Y-6.666
G1 X-4.400 Y-6.874
G1 X-4.400 Y6.874
G1 X-2.600 Y8.134
G1 X-2.600 Y-8.134
G1 X-4.400 Y-6.874
G1 X-4.800 Y-7.083
G1 X-4.800 Y7.083
G1 X-2.200 Y8.903
G1 X-2.200 Y-8.903
G1 X-4.800 Y-7.083
G1 X-5.200 Y-7.291
G1 X-5.200 Y7.291
G1 X-1.800 Y9.671
G1 X-1.800 Y-9.671
G1 X-5.200 Y-7.291
G1 X-5.600 Y-7.499
G1 X-5.600 Y7.499
G1 X-1.400 Y10.439
G1 X-1.400 Y-10.439
G1 X-5.600 Y-7.499
G1 X-6.000 Y-7.708
G1 X-6.000 Y7.708
G1 X-1.000 Y11.208
G1 X-1.000 Y-11.208
G1 X-6.000 Y-7.708
G1 X-6.400 Y-7.916
G1 X-6.400 Y7.916
G1 X-0.600 Y11.976
G1 X-0.600 Y-11.976
G1 X-6.400 Y-7.916
G1 X-6.800 Y-8.124
G1 X-6.800 Y8.124
G1 X-0.200 Y12.744
G1 X-0.200 Y-12.744
G1 X-6.800 Y-8.124
G1 X-7.200 Y-8.332
G1 X-7.200 Y8.332
G1 X0.200 Y13.512
G1 X0.200 Y-13.512
G1 X-7.200 Y-8.332
G1 X-7.600 Y-8.541
G1 X-7.600 Y8.541
G1 X0.517 Y14.222
G1 X0.600 Y14.029
G1 X0.600 Y-14.029
G1 X0.517 Y-14.222
G1 X-7.600 Y-8.541
G1 X-8.000 Y-8.749
G1 X-8.000 Y8.749
G1 X0.691 Y14.832
G1 X1.000 Y14.111
G1 X1.000 Y-14.111
G1 X0.691 Y-14.832
G1 X-8.000 Y-8.749
G1 X-8.400 Y-8.957
G1 X-8.400 Y8.957
G1 X0.864 Y15.442
G1 X1.400 Y14.193
G1 X1.400 Y-14.193
G1 X0.864 Y-15.442
G1 X-8.400 Y-8.957
G1 X-8.800 Y-9.165
G1 X-8.800 Y9.165
G1 X1.038 Y16.052
G1 X1.800 Y14.275
G1 X1.800 Y-14.275
G1 X1.038 Y-16.052
G1 X-8.800 Y-9.165
G1 X-9.200 Y-9.374
G1 X-9.200 Y9.374
G1 X1.212 Y16.662
G1 X2.200 Y14.357
G1 X2.200 Y-14.357
G1 X1.212 Y-16.662
G1 X-9.200 Y-9.374
G1 X-9.600 Y-9.582
G1 X-9.600 Y9.582
G1 X1.386 Y17.272
G1 X2.600 Y14.439
G1 X2.600 Y-14.439
G1 X1.386 Y-17.272
G1 X-9.600 Y-9.582
G1 X-10.000 Y-9.790
G1 X-10.000 Y9.790
G1 X-0.038 Y16.764
G1 X-0.000 Y24.564
G1 X0.015 Y21.487
G1 X3.000 Y14.521
G1 X3.000 Y-14.521
G1 X0.015 Y-21.487
G1 X-0.000 Y-24.564
G1 X-0.038 Y-16.764
G1 X-10.000 Y-9.790
G1 X-10.400 Y-9.998
G1 X-10.400 Y9.998
G1 X-0.437 Y16.973
G1 X-0.319 Y41.347
G1 X0.000 Y41.883
G1 X0.319 Y41.347
G1 X0.414 Y21.570
G1 X3.400 Y14.603
G1 X3.400 Y-14.603
G1 X0.414 Y-21.570
G1 X0.319 Y-41.347
G1 X0.000 Y-41.883
G1 X-0.319 Y-41.347
G1 X-0.437 Y-16.973
G1 X-10.400 Y-9.998
G1 X-10.800 Y-10.207
G1 X-10.800 Y10.207
G1 X-0.836 Y17.182
G1 X-0.719 Y41.458
G1 X-0.000 Y42.664
G1 X0.719 Y41.458
G1 X0.814 Y21.653
G1 X3.800 Y14.685
G1 X3.800 Y-14.685
G1 X0.814 Y-21.653
G1 X0.719 Y-41.458
G1 X-0.000 Y-42.664
G1 X-0.719 Y-41.458
G1 X-0.836 Y-17.182
G1 X-10.800 Y-10.207
G1 X-11.200 Y-10.415
G1 X-11.200 Y10.415
G1 X-1.235 Y17.391
G1 X-1.118 Y41.569
G1 X0.000 Y43.445
G1 X1.118 Y41.569
G1 X1.214 Y21.736
G1 X4.200 Y14.767
G1 X4.200 Y-14.767
G1 X1.214 Y-21.736
G1 X1.118 Y-41.569
G1 X0.000 Y-43.445
G1 X-1.118 Y-41.569
G1 X-1.235 Y-17.391
G1 X-11.200 Y-10.415
G1 X-11.600 Y-10.623
G1 X-11.600 Y10.623
G1 X-1.634 Y17.600
G1 X-1.518 Y41.680
G1 X0.000 Y44.226
G1 X1.518 Y41.680
G1 X1.613 Y21.819
G1 X4.600 Y14.850
G1 X4.600 Y-14.850
G1 X1.613 Y-21.819
G1 X1.518 Y-41.680
G1 X0.000 Y-44.226
G1 X-1.518 Y-41.680
G1 X-1.634 Y-17.600
G1 X-11.600 Y-10.623
G1 X-12.000 Y-10.831
G1 X-12.000 Y10.831
G1 X-2.033 Y17.809
G1 X-1.917 Y41.791
G1 X0.000 Y45.008
G1 X1.917 Y41.791
G1 X2.013 Y21.902
G1 X5.000 Y14.932
G1 X5.000 Y-14.932
G1 X2.013 Y-21.902
G1 X1.917 Y-41.791
G1 X-0.000 Y-45.008
G1 X-1.917 Y-41.791
G1 X-2.033 Y-17.809
G1 X-12.000 Y-10.831
G1 X-12.400 Y-11.040
G1 X-12.400 Y11.040
G1 X-2.432 Y18.018
G1 X-2.317 Y41.902
G1 X-0.000 Y45.789
G1 X2.317 Y41.902
G1 X2.412 Y21.985
G1 X5.400 Y15.014
G1 X5.400 Y-15.014
G1 X2.412 Y-21.985
G1 X2.317 Y-41.902
G1 X-0.000 Y-45.789
G1 X-2.317 Y-41.902
G1 X-2.432 Y-18.018
G1 X-12.400 Y-11.040
G1 X-12.800 Y-11.248
G1 X-12.800 Y11.248
G1 X-2.831 Y18.227
G1 X-2.716 Y42.013
G1 X0.000 Y46.570
G1 X2.716 Y42.013
G1 X2.812 Y22.068
G1 X5.800 Y15.096
G1 X5.800 Y-15.096
G1 X2.812 Y-22.068
G1 X2.716 Y-42.013
G1 X0.000 Y-46.570
G1 X-2.716 Y-42.013
G1 X-2.831 Y-18.227
G1 X-12.800 Y-11.248
G1 X-13.200 Y-11.456
G1 X-13.200 Y11.456
G1 X-3.230 Y18.436
G1 X-3.116 Y42.124
G1 X0.000 Y47.352
G1 X3.116 Y42.124
G1 X3.212 Y22.151
G1 X6.200 Y15.178
G1 X6.200 Y-15.178
G1 X3.212 Y-22.151
G1 X3.116 Y-42.124
G1 X0.000 Y-47.352
G1 X-3.116 Y-42.124
G1 X-3.230 Y-18.436
G1 X-13.200 Y-11.456
G1 X-13.600 Y-11.665
G1 X-13.600 Y11.665
G1 X-3.629 Y18.645
G1 X-3.515 Y42.235
G1 X0.000 Y48.133
G1 X3.515 Y42.235
G1 X3.611 Y22.234
G1 X6.600 Y15.260
G1 X6.600 Y-15.260
G1 X3.611 Y-22.234
G1 X3.515 Y-42.235
G1 X0.000 Y-48.133
G1 X-3.515 Y-42.235
G1 X-3.629 Y-18.645
G1 X-13.600 Y-11.665
G1 X-14.000 Y-11.873
G1 X-14.000 Y11.873
G1 X-4.028 Y18.854
G1 X-3.915 Y42.346
G1 X0.000 Y48.914
G1 X3.915 Y42.346
G1 X4.011 Y22.317
G1 X7.000 Y15.342
G1 X7.000 Y-15.342
G1 X4.011 Y-22.317
G1 X3.915 Y-42.346
G1 X0.000 Y-48.914
G1 X-3.915 Y-42.346
G1 X-4.028 Y-18.854
G1 X-14.000 Y-11.873
G1 X-14.400 Y-12.081
G1 X-14.400 Y12.081
G1 X-4.427 Y19.063
G1 X-4.314 Y42.457
G1 X0.000 Y49.696
G1 X4.314 Y42.457
G1 X4.410 Y22.400
G1 X7.400 Y15.424
G1 X7.400 Y-15.424
G1 X4.410 Y-22.400
G1 X4.314 Y-42.457
G1 X0.000 Y-49.696
G1 X-4.314 Y-42.457
G1 X-4.427 Y-19.063
G1 X-14.400 Y-12.081
G1 X-14.800 Y-12.289
G1 X-14.800 Y12.289
G1 X-4.826 Y19.271
G1 X-4.713 Y42.568
G1 X-0.000 Y50.477
G1 X4.713 Y42.568
G1 X4.810 Y22.483
G1 X7.800 Y15.506
G1 X7.800 Y-15.506
G1 X4.810 Y-22.483
G1 X4.713 Y-42.568
G1 X-0.000 Y-50.477
G1 X-4.713 Y-42.568
G1 X-4.826 Y-19.271
G1 X-14.800 Y-12.289
G1 X-15.200 Y-12.498
G1 X-15.200 Y12.498
G1 X-5.225 Y19.480
G1 X-5.113 Y42.679
G1 X0.000 Y51.258
G1 X5.113 Y42.679
G1 X5.210 Y22.566
G1 X8.200 Y15.588
G1 X8.200 Y-15.588
G1 X5.210 Y-22.566
G1 X5.113 Y-42.679
G1 X0.000 Y-51.258
G1 X-5.113 Y-42.679
G1 X-5.225 Y-19.480
G1 X-15.200 Y-12.498
G1 X-15.600 Y-12.706
G1 X-15.600 Y12.706
G1 X-5.624 Y19.689
G1 X-5.512 Y42.790
G1 X0.000 Y52.039
G1 X5.512 Y42.790
G1 X5.609 Y22.649
G1 X8.600 Y15.671
G1 X8.600 Y-15.671
G1 X5.609 Y-22.649
G1 X5.512 Y-42.790
G1 X0.000 Y-52.039
G1 X-5.512 Y-42.790
G1 X-5.624 Y-19.689
G1 X-15.600 Y-12.706
G1 X-16.000 Y-12.914
G1 X-16.000 Y12.914
G1 X-6.023 Y19.898
G1 X-5.912 Y42.901
G1 X0.000 Y52.821
G1 X5.912 Y42.901
G1 X6.009 Y22.732
G1 X9.000 Y15.753
G1 X9.000 Y-15.753
G1 X6.009 Y-22.732
G1 X5.912 Y-42.901
G1 X0.000 Y-52.821
G1 X-5.912 Y-42.901
G1 X-6.023 Y-19.898
G1 X-16.000 Y-12.914
G1 X-16.400 Y-13.122
G1 X-16.400 Y13.122
G1 X-6.422 Y20.107
G1 X-6.311 Y43.012
G1 X0.000 Y53.602
G1 X6.311 Y43.012
G1 X6.408 Y22.815
G1 X9.400 Y15.835
G1 X9.400 Y-15.835
G1 X6.408 Y-22.815
G1 X6.311 Y-43.012
G1 X0.000 Y-53.602
G1 X-6.311 Y-43.012
G1 X-6.422 Y-20.107
G1 X-16.400 Y-13.122
G1 X-16.800 Y-13.331
G1 X-16.800 Y13.331
G1 X-6.821 Y20.316
G1 X-6.711 Y43.124
G1 X0.000 Y54.383
G1 X6.711 Y43.124
G1 X6.808 Y22.898
G1 X9.800 Y15.917
G1 X9.800 Y15.884
G1 X9.800 Y-15.917
G1 X6.808 Y-22.898
G1 X6.711 Y-43.124
G1 X0.000 Y-54.383
G1 X-6.711 Y-43.124
G1 X-6.821 Y-20.316
G1 X-16.800 Y-13.331
G1 X-17.200 Y-13.539
G1 X-17.200 Y13.539
G1 X-7.220 Y20.525
G1 X-7.110 Y43.235
G1 X-0.000 Y55.165
G1 X7.110 Y43.235
G1 X7.208 Y22.981
G1 X10.200 Y15.999
G1 X10.200 Y0.200
G1 X27.264 Y0.200
G1 X29.580 Y-0.000
G1 X27.264 Y-0.200
G1 X10.200 Y-0.200
G1 X10.200 Y-15.999
G1 X7.208 Y-22.981
G1 X7.110 Y-43.235
G1 X-0.000 Y-55.165
G1 X-7.110 Y-43.235
G1 X-7.220 Y-20.525
G1 X-17.200 Y-13.539
G1 X-17.600 Y-13.747
G1 X-17.600 Y13.747
G1 X-7.619 Y20.734
G1 X-7.510 Y43.346
G1 X0.000 Y55.946
G1 X7.510 Y43.346
G1 X7.607 Y23.064
G1 X10.600 Y16.081
G1 X10.600 Y0.600
G1 X27.281 Y0.600
G1 X34.228 Y-0.000
G1 X27.281 Y-0.600
G1 X10.600 Y-0.600
G1 X10.600 Y-16.081
G1 X7.607 Y-23.064
G1 X7.510 Y-43.346
G1 X0.000 Y-55.946
G1 X-7.510 Y-43.346
G1 X-7.619 Y-20.734
G1 X-17.600 Y-13.747
G1 X-18.000 Y-13.955
G1 X-18.000 Y13.955
G1 X-8.018 Y20.943
G1 X-7.909 Y43.457
G1 X-0.000 Y56.727
G1 X7.909 Y43.457
G1 X8.007 Y23.147
G1 X11.000 Y16.163
G1 X11.000 Y1.000
G1 X27.298 Y1.000
G1 X38.877 Y0.000
G1 X27.298 Y-1.000
G1 X11.000 Y-1.000
G1 X11.000 Y-16.163
G1 X8.007 Y-23.147
G1 X7.909 Y-43.457
G1 X0.000 Y-56.727
G1 X-7.909 Y-43.457
G1 X-8.018 Y-20.943
G1 X-18.000 Y-13.955
G1 X-18.400 Y-14.164
G1 X-18.400 Y14.164
G1 X-8.417 Y21.152
G1 X-8.309 Y43.568
G1 X0.000 Y57.509
G1 X8.309 Y43.568
G1 X8.407 Y23.230
G1 X11.400 Y16.245
G1 X11.400 Y1.400
G1 X27.316 Y1.400
G1 X43.526 Y0.000
G1 X27.316 Y-1.400
G1 X11.400 Y-1.400
G1 X11.400 Y-16.245
G1 X8.407 Y-23.230
G1 X8.309 Y-43.568
G1 X0.000 Y-57.509
G1 X-8.309 Y-43.568
G1 X-8.417 Y-21.152
G1 X-18.400 Y-14.164
G1 X-18.800 Y-14.372
G1 X-18.800 Y14.372
G1 X-8.816 Y21.361
G1 X-8.708 Y43.679
G1 X0.000 Y58.290
G1 X8.708 Y43.679
G1 X8.806 Y23.313
G1 X11.800 Y16.327
G1 X11.800 Y1.800
G1 X27.333 Y1.800
G1 X48.175 Y0.000
G1 X27.333 Y-1.800
G1 X11.800 Y-1.800
G1 X11.800 Y-16.327
G1 X8.806 Y-23.313
G1 X8.708 Y-43.679
G1 X0.000 Y-58.290
G1 X-8.708 Y-43.679
G1 X-8.816 Y-21.361
G1 X-18.800 Y-14.372
G1 X-19.200 Y-14.580
G1 X-19.200 Y14.580
G1 X-9.215 Y21.570
G1 X-9.108 Y43.790
G1 X0.000 Y59.071
G1 X9.108 Y43.790
G1 X9.206 Y23.396
G1 X12.200 Y16.410
G1 X12.200 Y2.200
G1 X27.350 Y2.200
G1 X49.320 Y0.303
G1 X58.054 Y0.212
G1 X58.583 Y-0.000
G1 X58.054 Y-0.212
G1 X49.320 Y-0.303
G1 X27.350 Y-2.200
G1 X12.200 Y-2.200
G1 X12.200 Y-16.410
G1 X9.206 Y-23.396
G1 X9.108 Y-43.790
G1 X0.000 Y-59.071
G1 X-9.108 Y-43.790
G1 X-9.215 Y-21.570
G1 X-19.200 Y-14.580
G1 X-19.600 Y-14.788
G1 X-19.600 Y14.788
G1 X-9.614 Y21.779
G1 X-9.507 Y43.901
G1 X0.000 Y59.852
G1 X9.507 Y43.901
G1 X9.605 Y23.479
G1 X12.600 Y16.492
G1 X12.600 Y2.600
G1 X27.367 Y2.600
G1 X49.339 Y0.702
G1 X58.133 Y0.611
G1 X59.660 Y-0.000
G1 X58.133 Y-0.611
G1 X49.339 Y-0.702
G1 X27.367 Y-2.600
G1 X12.600 Y-2.600
G1 X12.600 Y-16.492
G1 X9.605 Y-23.479
G1 X9.507 Y-43.901
G1 X0.000 Y-59.852
G1 X-9.507 Y-43.901
G1 X-9.614 Y-21.779
G1 X-19.600 Y-14.788
G1 X-20.000 Y-14.997
G1 X-20.000 Y14.997
G1 X-10.013 Y21.988
G1 X-9.907 Y44.012
G1 X0.000 Y60.634
G1 X9.907 Y44.012
G1 X10.005 Y23.562
G1 X13.000 Y16.574
G1 X13.000 Y3.000
G1 X27.384 Y3.000
G1 X49.359 Y1.102
G1 X58.212 Y1.010
G1 X60.737 Y0.000
G1 X58.212 Y-1.010
G1 X49.359 Y-1.102
G1 X27.384 Y-3.000
G1 X13.000 Y-3.000
G1 X13.000 Y-16.574
G1 X10.005 Y-23.562
G1 X9.907 Y-44.012
G1 X0.000 Y-60.634
G1 X-9.907 Y-44.012
G1 X-10.013 Y-21.988
G1 X-20.000 Y-14.997
G1 X-20.400 Y-15.205
G1 X-20.400 Y15.205
G1 X-10.412 Y22.197
G1 X-10.306 Y44.123
G1 X0.000 Y61.415
G1 X10.306 Y44.123
G1 X10.405 Y23.645
G1 X13.400 Y16.656
G1 X13.400 Y3.400
G1 X27.402 Y3.400
G1 X49.378 Y1.502
G1 X58.291 Y1.409
G1 X61.814 Y0.000
G1 X58.291 Y-1.409
G1 X49.378 Y-1.502
G1 X27.402 Y-3.400
G1 X13.400 Y-3.400
G1 X13.400 Y-16.656
G1 X10.405 Y-23.645
G1 X10.306 Y-44.123
G1 X0.000 Y-61.415
G1 X-10.306 Y-44.123
G1 X-10.412 Y-22.197
G1 X-20.400 Y-15.205
G1 X-20.800 Y-15.413
G1 X-20.800 Y15.413
G1 X-10.811 Y22.406
G1 X-10.706 Y44.234
G1 X0.000 Y62.196
G1 X10.706 Y44.234
G1 X10.804 Y23.728
G1 X13.800 Y16.738
G1 X13.800 Y3.800
G1 X27.419 Y3.800
G1 X49.397 Y1.902
G1 X58.370 Y1.808
G1 X62.891 Y-0.000
G1 X58.370 Y-1.808
G1 X49.397 Y-1.902
G1 X27.419 Y-3.800
G1 X13.800 Y-3.800
G1 X13.800 Y-16.738
G1 X10.804 Y-23.728
G1 X10.706 Y-44.234
G1 X0.000 Y-62.196
G1 X-10.706 Y-44.234
G1 X-10.811 Y-22.406
G1 X-20.800 Y-15.413
G1 X-21.200 Y-15.622
G1 X-21.200 Y15.622
G1 X-11.210 Y22.615
G1 X-11.105 Y44.345
G1 X0.000 Y62.978
G1 X11.105 Y44.345
G1 X11.204 Y23.811
G1 X14.200 Y16.820
G1 X14.200 Y4.200
G1 X27.436 Y4.200
G1 X49.416 Y2.302
G1 X58.449 Y2.208
G1 X63.968 Y0.000
G1 X58.449 Y-2.208
G1 X49.416 Y-2.302
G1 X27.436 Y-4.200
G1 X14.200 Y-4.200
G1 X14.200 Y-16.820
G1 X11.204 Y-23.811
G1 X11.105 Y-44.345
G1 X0.000 Y-62.978
G1 X-11.105 Y-44.345
G1 X-11.210 Y-22.615
G1 X-21.200 Y-15.622
G1 X-21.600 Y-15.830
G1 X-21.600 Y15.830
G1 X-11.609 Y22.824
G1 X-11.504 Y44.456
G1 X0.000 Y63.759
G1 X11.504 Y44.456
G1 X11.603 Y23.894
G1 X14.600 Y16.902
G1 X14.600 Y4.600
G1 X27.453 Y4.600
G1 X49.436 Y2.702
G1 X58.528 Y2.607
G1 X65.045 Y-0.000
G1 X58.528 Y-2.607
G1 X49.436 Y-2.702
G1 X27.453 Y-4.600
G1 X14.600 Y-4.600
G1 X14.600 Y-16.902
G1 X11.603 Y-23.894
G1 X11.504 Y-44.456
G1 X0.000 Y-63.759
G1 X-11.504 Y-44.456
G1 X-11.609 Y-22.824
G1 X-21.600 Y-15.830
G1 X-22.000 Y-16.038
G1 X-22.000 Y16.038
G1 X-12.008 Y23.033
G1 X-11.904 Y44.567
G1 X0.000 Y64.540
G1 X11.904 Y44.567
G1 X12.003 Y23.977
G1 X15.000 Y16.984
G1 X15.000 Y5.000
G1 X27.471 Y5.000
G1 X49.455 Y3.101
G1 X58.607 Y3.006
G1 X66.122 Y0.000
G1 X58.607 Y-3.006
G1 X49.455 Y-3.101
G1 X27.471 Y-5.000
G1 X15.000 Y-5.000
G1 X15.000 Y-16.984
G1 X12.003 Y-23.977
G1 X11.904 Y-44.567
G1 X0.000 Y-64.540
G1 X-11.904 Y-44.567
G1 X-12.008 Y-23.033
G1 X-22.000 Y-16.038
G1 X-22.400 Y-16.246
G1 X-22.400 Y16.246
G1 X-12.407 Y23.242
G1 X-12.303 Y44.678
G1 X0.000 Y65.322
G1 X12.303 Y44.678
G1 X12.403 Y24.060
G1 X15.400 Y17.066
G1 X15.400 Y5.400
G1 X27.488 Y5.400
G1 X49.474 Y3.501
G1 X58.686 Y3.405
G1 X66.600 Y0.240
G1 X66.600 Y-0.240
G1 X58.686 Y-3.405
G1 X49.474 Y-3.501
G1 X27.488 Y-5.400
G1 X15.400 Y-5.400
G1 X15.400 Y-17.066
G1 X12.403 Y-24.060
G1 X12.303 Y-44.678
G1 X0.000 Y-65.322
G1 X-12.303 Y-44.678
G1 X-12.407 Y-23.242
G1 X-22.400 Y-16.246
G1 X-22.800 Y-16.455
G1 X-22.800 Y16.455
G1 X-12.806 Y23.451
G1 X-12.703 Y44.789
G1 X0.000 Y66.103
G1 X12.703 Y44.789
G1 X12.802 Y24.143
G1 X15.800 Y17.148
G1 X15.800 Y5.800
G1 X27.505 Y5.800
G1 X49.494 Y3.901
G1 X58.765 Y3.804
G1 X67.000 Y0.511
G1 X67.000 Y-0.511
G1 X58.765 Y-3.804
G1 X49.494 Y-3.901
G1 X27.505 Y-5.800
G1 X15.800 Y-5.800
G1 X15.800 Y-17.148
G1 X12.802 Y-24.143
G1 X12.703 Y-44.789
G1 X0.000 Y-66.103
G1 X-12.703 Y-44.789
G1 X-12.806 Y-23.451
G1 X-22.800 Y-16.455
G1 X-23.200 Y-16.663
G1 X-23.200 Y16.663
G1 X-13.205 Y23.660
G1 X-13.102 Y44.900
G1 X0.000 Y66.884
G1 X13.102 Y44.900
G1 X13.202 Y24.226
G1 X16.200 Y17.231
G1 X16.200 Y6.200
G1 X27.522 Y6.200
G1 X49.513 Y4.301
G1 X58.844 Y4.204
G1 X67.400 Y0.781
G1 X67.400 Y-0.781
G1 X58.844 Y-4.204
G1 X49.513 Y-4.301
G1 X27.522 Y-6.200
G1 X16.200 Y-6.200
G1 X16.200 Y-17.231
G1 X13.202 Y-24.226
G1 X13.102 Y-44.900
G1 X0.000 Y-66.884
G1 X-13.102 Y-44.900
G1 X-13.205 Y-23.660
G1 X-23.200 Y-16.663
G1 X-23.600 Y-16.871
G1 X-23.600 Y16.871
G1 X-13.604 Y23.869
G1 X-13.502 Y45.011
G1 X0.000 Y67.665
G1 X13.502 Y45.011
G1 X13.601 Y24.309
G1 X16.600 Y17.313
G1 X16.600 Y6.600
G1 X27.540 Y6.600
G1 X49.532 Y4.701
G1 X58.923 Y4.603
G1 X67.800 Y1.052
G1 X67.800 Y-1.052
G1 X58.923 Y-4.603
G1 X49.532 Y-4.701
G1 X27.540 Y-6.600
G1 X16.600 Y-6.600
G1 X16.600 Y-17.313
G1 X13.601 Y-24.309
G1 X13.502 Y-45.011
G1 X0.000 Y-67.665
G1 X-13.502 Y-45.011
G1 X-13.604 Y-23.869
G1 X-23.600 Y-16.871
G1 X-24.000 Y-17.079
G1 X-24.000 Y17.079
G1 X-14.003 Y24.078
G1 X-13.901 Y45.122
G1 X0.000 Y68.447
G1 X13.901 Y45.122
G1 X14.001 Y24.392
G1 X17.000 Y17.395
G1 X17.000 Y7.000
G1 X27.557 Y7.000
G1 X49.552 Y5.100
G1 X59.002 Y5.002
G1 X68.200 Y1.323
G1 X68.200 Y-1.323
G1 X59.002 Y-5.002
G1 X49.552 Y-5.100
G1 X27.557 Y-7.000
G1 X17.000 Y-7.000
G1 X17.000 Y-17.395
G1 X14.001 Y-24.392
G1 X13.901 Y-45.122
G1 X0.000 Y-68.447
G1 X-13.901 Y-45.122
G1 X-14.003 Y-24.078
G1 X-24.000 Y-17.079
G1 X-24.400 Y-17.288
G1 X-24.400 Y17.288
G1 X-14.402 Y24.287
G1 X-14.301 Y45.233
G1 X0.000 Y69.228
G1 X14.301 Y45.233
G1 X14.401 Y24.475
G1 X17.400 Y17.477
G1 X17.400 Y7.400
G1 X27.574 Y7.400
G1 X49.571 Y5.500
G1 X59.081 Y5.401
G1 X68.600 Y1.594
G1 X68.600 Y-1.594
G1 X59.081 Y-5.401
G1 X49.571 Y-5.500
G1 X27.574 Y-7.400
G1 X17.400 Y-7.400
G1 X17.400 Y-17.477
G1 X14.401 Y-24.475
G1 X14.301 Y-45.233
G1 X0.000 Y-69.228
G1 X-14.301 Y-45.233
G1 X-14.402 Y-24.287
G1 X-24.400 Y-17.288
G1 X-24.800 Y-17.496
G1 X-24.800 Y17.496
G1 X-14.801 Y24.496
G1 X-14.700 Y45.344
G1 X0.000 Y70.009
G1 X14.700 Y45.344
G1 X14.800 Y24.558
G1 X17.800 Y17.559
G1 X17.800 Y7.800
G1 X27.591 Y7.800
G1 X49.590 Y5.900
G1 X59.160 Y5.800
G1 X69.000 Y1.865
G1 X69.000 Y-1.865
G1 X59.160 Y-5.800
G1 X49.590 Y-5.900
G1 X27.591 Y-7.800
G1 X17.800 Y-7.800
G1 X17.800 Y-17.559
G1 X14.800 Y-24.558
G1 X14.700 Y-45.344
G1 X0.000 Y-70.009
G1 X-14.700 Y-45.344
G1 X-14.801 Y-24.496
G1 X-24.800 Y-17.496
G1 X-24.800 Y-17.496 Z0.700
M9
G1 Z10.000
G1 X18.000 Y-8.405
G1 Z1.100
M7
G4 P150
G1 X17.800 Y-8.205 Z1.100
G1 X17.800 Y-8.205
G1 X17.800 Y-7.800
G1 X18.205 Y-7.800
G1 X18.205 Y7.800
G1 X17.800 Y7.800
G1 X17.800 Y8.205
G1 X-24.799 Y8.205
G1 X-24.799 Y-8.205
G1 X17.800 Y-8.205
G1 X17.400 Y-7.805
G1 X17.400 Y-7.400
G1 X17.805 Y-7.400
G1 X17.805 Y7.400
G1 X17.400 Y7.400
G1 X17.400 Y7.805
G1 X-24.399 Y7.805
G1 X-24.399 Y-7.805
G1 X17.400 Y-7.805
G1 X17.000 Y-7.405
G1 X17.000 Y-7.000
G1 X17.405 Y-7.000
G1 X17.405 Y7.000
G1 X17.000 Y7.000
G1 X17.000 Y7.405
G1 X-23.999 Y7.405
G1 X-23.999 Y-7.405
G1 X17.000 Y-7.405
G1 X16.600 Y-7.005
G1 X16.600 Y-6.600
G1 X17.005 Y-6.600
G1 X17.005 Y6.600
G1 X16.600 Y6.600
G1 X16.600 Y7.005
G1 X-23.599 Y7.005
G1 X-23.599 Y-7.005
G1 X16.600 Y-7.005
G1 X16.200 Y-6.605
G1 X16.200 Y-6.200
G1 X16.605 Y-6.200
G1 X16.605 Y6.200
G1 X16.200 Y6.200
G1 X16.200 Y6.605
G1 X-23.199 Y6.605
G1 X-23.199 Y-6.605
G1 X16.200 Y-6.605
G1 X15.800 Y-6.205
G1 X15.800 Y-5.800
G1 X16.205 Y-5.800
G1 X16.205 Y5.800
G1 X15.800 Y5.800
G1 X15.800 Y6.205
G1 X-22.799 Y6.205
G1 X-22.799 Y-6.205
G1 X15.800 Y-6.205
G1 X15.400 Y-5.805
G1 X15.400 Y-5.400
G1 X15.805 Y-5.400
G1 X15.805 Y5.400
G1 X15.400 Y5.400
G1 X15.400 Y5.805
G1 X-22.399 Y5.805
G1 X-22.399 Y-5.805
G1 X15.400 Y-5.805
G1 X15.000 Y-5.405
G1 X15.000 Y-5.000
G1 X15.405 Y-5.000
G1 X15.405 Y5.000
G1 X15.000 Y5.000
G1 X15.000 Y5.405
G1 X-21.999 Y5.405
G1 X-21.999 Y-5.405
G1 X15.000 Y-5.405
G1 X14.600 Y-5.005
G1 X14.600 Y-4.600
G1 X15.005 Y-4.600
G1 X15.005 Y4.600
G1 X14.600 Y4.600
G1 X14.600 Y5.005
G1 X-21.599 Y5.005
G1 X-21.599 Y-5.005
G1 X14.600 Y-5.005
G1 X14.200 Y-4.605
G1 X14.200 Y-4.200
G1 X14.605 Y-4.200
G1 X14.605 Y4.200
G1 X14.200 Y4.200
G1 X14.200 Y4.605
G1 X-21.199 Y4.605
G1 X-21.199 Y-4.605
G1 X14.200 Y-4.605
G1 X13.800 Y-4.205
G1 X13.800 Y-3.800
G1 X14.205 Y-3.800
G1 X14.205 Y3.800
G1 X13.800 Y3.800
G1 X13.800 Y4.205
G1 X-20.799 Y4.205
G1 X-20.799 Y-4.205
G1 X13.800 Y-4.205
G1 X13.400 Y-3.805
G1 X13.400 Y-3.400
G1 X13.805 Y-3.400
G1 X13.805 Y3.400
G1 X13.400 Y3.400
G1 X13.400 Y3.805
G1 X-20.399 Y3.805
G1 X-20.399 Y-3.805
G1 X13.400 Y-3.805
G1 X13.000 Y-3.405
G1 X13.000 Y-3.000
G1 X13.405 Y-3.000
G1 X13.405 Y3.000
G1 X13.000 Y3.000
G1 X13.000 Y3.405
G1 X-19.999 Y3.405
G1 X-19.999 Y-3.405
G1 X13.000 Y-3.405
G1 X12.600 Y-3.005
G1 X12.600 Y-2.600
G1 X13.005 Y-2.600
G1 X13.005 Y2.600
G1 X12.600 Y2.600
G1 X12.600 Y3.005
G1 X-19.599 Y3.005
G1 X-19.599 Y-3.005
G1 X12.600 Y-3.005
G1 X12.200 Y-2.605
G1 X12.200 Y-2.200
G1 X12.605 Y-2.200
G1 X12.605 Y2.200
G1 X12.200 Y2.200
G1 X12.200 Y2.605
G1 X-19.199 Y2.605
G1 X-19.199 Y-2.605
G1 X12.200 Y-2.605
G1 X11.800 Y-2.205
G1 X11.800 Y-1.800
G1 X12.205 Y-1.800
G1 X12.205 Y1.800
G1 X11.800 Y1.800
G1 X11.800 Y2.205
G1 X-18.799 Y2.205
G1 X-18.799 Y-2.205
G1 X11.800 Y-2.205
G1 X11.400 Y-1.805
G1 X11.400 Y-1.400
G1 X11.805 Y-1.400
G1 X11.805 Y1.400
G1 X11.400 Y1.400
G1 X11.400 Y1.805
G1 X-18.399 Y1.805
G1 X-18.399 Y-1.805
G1 X11.400 Y-1.805
G1 X11.000 Y-1.405
G1 X11.000 Y-1.000
G1 X11.405 Y-1.000
G1 X11.405 Y1.000
G1 X11.000 Y1.000
G1 X11.000 Y1.405
G1 X-17.999 Y1.405
G1 X-17.999 Y-1.405
G1 X11.000 Y-1.405
G1 X10.600 Y-1.005
G1 X10.600 Y-0.600
G1 X11.005 Y-0.600
G1 X11.005 Y0.600
G1 X10.600 Y0.600
G1 X10.600 Y1.005
G1 X-17.599 Y1.005
G1 X-17.599 Y-1.005
G1 X10.600 Y-1.005
G1 X10.200 Y-0.605
G1 X10.200 Y-0.200
G1 X10.605 Y-0.200
G1 X10.605 Y0.200
G1 X10.200 Y0.200
G1 X10.200 Y0.605
G1 X-17.199 Y0.605
G1 X-17.199 Y-0.605
G1 X10.200 Y-0.605
G1 X9.800 Y-0.205
G1 X9.800 Y0.205
G1 X-16.799 Y0.205
G1 X-16.799 Y-0.205
G1 X9.800 Y-0.205
G1 X17.800 Y-8.245 Z1.500
G1 X17.800 Y-8.245
G1 X17.800 Y-7.800
G1 X18.245 Y-7.800
G1 X18.245 Y7.800
G1 X17.800 Y7.800
G1 X17.800 Y8.245
G1 X-24.799 Y8.245
G1 X-24.799 Y-8.245
G1 X17.800 Y-8.245
G1 X17.400 Y-7.845
G1 X17.400 Y-7.400
G1 X17.845 Y-7.400
G1 X17.845 Y7.400
G1 X17.400 Y7.400
G1 X17.400 Y7.845
G1 X-24.399 Y7.845
G1 X-24.399 Y-7.845
G1 X17.400 Y-7.845
G1 X17.000 Y-7.445
G1 X17.000 Y-7.000
G1 X17.445 Y-7.000
G1 X17.445 Y7.000
G1 X17.000 Y7.000
G1 X17.000 Y7.445
G1 X-23.999 Y7.445
G1 X-23.999 Y-7.445
G1 X17.000 Y-7.445
G1 X16.600 Y-7.045
G1 X16.600 Y-6.600
G1 X17.045 Y-6.600
G1 X17.045 Y6.600
G1 X16.600 Y6.600
G1 X16.600 Y7.045
G1 X-23.599 Y7.045
G1 X-23.599 Y-7.045
G1 X16.600 Y-7.045
G1 X16.200 Y-6.645
G1 X16.200 Y-6.200
G1 X16.645 Y-6.200
G1 X16.645 Y6.200
G1 X16.200 Y6.200
G1 X16.200 Y6.645
G1 X-23.199 Y6.645
G1 X-23.199 Y-6.645
G1 X16.200 Y-6.645
G1 X15.800 Y-6.245
G1 X15.800 Y-5.800
G1 X16.245 Y-5.800
G1 X16.245 Y5.800
G1 X15.800 Y5.800
G1 X15.800 Y6.245
G1 X-22.799 Y6.245
G1 X-22.799 Y-6.245
G1 X15.800 Y-6.245
G1 X15.400 Y-5.845
G1 X15.400 Y-5.400
G1 X15.845 Y-5.400
G1 X15.845 Y5.400
G1 X15.400 Y5.400
G1 X15.400 Y5.845
G1 X-22.399 Y5.845
G1 X-22.399 Y-5.845
G1 X15.400 Y-5.845
G1 X15.000 Y-5.445
G1 X15.000 Y-5.000
G1 X15.445 Y-5.000
G1 X15.445 Y5.000
G1 X15.000 Y5.000
G1 X15.000 Y5.445
G1 X-21.999 Y5.445
G1 X-21.999 Y-5.445
G1 X15.000 Y-5.445
G1 X14.600 Y-5.045
G1 X14.600 Y-4.600
G1 X15.045 Y-4.600
G1 X15.045 Y4.600
G1 X14.600 Y4.600
G1 X14.600 Y5.045
G1 X-21.599 Y5.045
G1 X-21.599 Y-5.045
G1 X14.600 Y-5.045
G1 X14.200 Y-4.645
G1 X14.200 Y-4.200
G1 X14.645 Y-4.200
G1 X14.645 Y4.200
G1 X14.200 Y4.200
G1 X14.200 Y4.645
G1 X-21.199 Y4.645
G1 X-21.199 Y-4.645
G1 X14.200 Y-4.645
G1 X13.800 Y-4.245
G1 X13.800 Y-3.800
G1 X14.245 Y-3.800
G1 X14.245 Y3.800
G1 X13.800 Y3.800
G1 X13.800 Y4.245
G1 X-20.799 Y4.245
G1 X-20.799 Y-4.245
G1 X13.800 Y-4.245
G1 X13.400 Y-3.845
G1 X13.400 Y-3.400
G1 X13.845 Y-3.400
G1 X13.845 Y3.400
G1 X13.400 Y3.400
G1 X13.400 Y3.845
G1 X-20.399 Y3.845
G1 X-20.399 Y-3.845
G1 X13.400 Y-3.845
G1 X13.000 Y-3.445
G1 X13.000 Y-3.000
G1 X13.445 Y-3.000
G1 X13.445 Y3.000
G1 X13.000 Y3.000
G1 X13.000 Y3.445
G1 X-19.999 Y3.445
G1 X-19.999 Y-3.445
G1 X13.000 Y-3.445
G1 X12.600 Y-3.045
G1 X12.600 Y-2.600
G1 X13.045 Y-2.600
G1 X13.045 Y2.600
G1 X12.600 Y2.600
G1 X12.600 Y3.045
G1 X-19.599 Y3.045
G1 X-19.599 Y-3.045
G1 X12.600 Y-3.045
G1 X12.200 Y-2.645
G1 X12.200 Y-2.200
G1 X12.645 Y-2.200
G1 X12.645 Y2.200
G1 X12.200 Y2.200
G1 X12.200 Y2.645
G1 X-19.199 Y2.645
G1 X-19.199 Y-2.645
G1 X12.200 Y-2.645
G1 X11.800 Y-2.245
G1 X11.800 Y-1.800
G1 X12.245 Y-1.800
G1 X12.245 Y1.800
G1 X11.800 Y1.800
G1 X11.800 Y2.245
G1 X-18.799 Y2.245
G1 X-18.799 Y-2.245
G1 X11.800 Y-2.245
G1 X11.400 Y-1.845
G1 X11.400 Y-1.400
G1 X11.845 Y-1.400
G1 X11.845 Y1.400
G1 X11.400 Y1.400
G1 X11.400 Y1.845
G1 X-18.399 Y1.845
G1 X-18.399 Y-1.845
G1 X11.400 Y-1.845
G1 X11.000 Y-1.445
G1 X11.000 Y-1.000
G1 X11.445 Y-1.000
G1 X11.445 Y1.000
G1 X11.000 Y1.000
G1 X11.000 Y1.445
G1 X-17.999 Y1.445
G1 X-17.999 Y-1.445
G1 X11.000 Y-1.445
G1 X10.600 Y-1.045
G1 X10.600 Y-0.600
G1 X11.045 Y-0.600
G1 X11.045 Y0.600
G1 X10.600 Y0.600
G1 X10.600 Y1.045
G1 X-17.599 Y1.045
G1 X-17.599 Y-1.045
G1 X10.600 Y-1.045
G1 X10.200 Y-0.645
G1 X10.200 Y-0.200
G1 X10.645 Y-0.200
G1 X10.645 Y0.200
G1 X10.200 Y0.200
G1 X10.200 Y0.645
G1 X-17.199 Y0.645
G1 X-17.199 Y-0.645
G1 X10.200 Y-0.645
G1 X9.800 Y-0.245
G1 X9.800 Y0.245
G1 X-16.799 Y0.245
G1 X-16.799 Y-0.245
G1 X9.800 Y-0.245
G1 X17.800 Y-8.327 Z1.900
G1 X17.800 Y-8.327
G1 X17.800 Y-7.800
G1 X18.327 Y-7.800
G1 X18.327 Y7.800
G1 X17.800 Y7.800
G1 X17.800 Y8.327
G1 X-24.799 Y8.327
G1 X-24.799 Y-8.327
G1 X17.800 Y-8.327
G1 X17.400 Y-7.927
G1 X17.400 Y-7.400
G1 X17.927 Y-7.400
G1 X17.927 Y7.400
G1 X17.400 Y7.400
G1 X17.400 Y7.927
G1 X-24.399 Y7.927
G1 X-24.399 Y-7.927
G1 X17.400 Y-7.927
G1 X17.000 Y-7.527
G1 X17.000 Y-7.000
G1 X17.527 Y-7.000
G1 X17.527 Y7.000
G1 X17.000 Y7.000
G1 X17.000 Y7.527
G1 X-23.999 Y7.527
G1 X-23.999 Y-7.527
G1 X17.000 Y-7.527
G1 X16.600 Y-7.127
G1 X16.600 Y-6.600
G1 X17.127 Y-6.600
G1 X17.127 Y6.600
G1 X16.600 Y6.600
G1 X16.600 Y7.127
G1 X-23.599 Y7.127
G1 X-23.599 Y-7.127
G1 X16.600 Y-7.127
G1 X16.200 Y-6.727
G1 X16.200 Y-6.200
G1 X16.727 Y-6.200
G1 X16.727 Y6.200
G1 X16.200 Y6.200
G1 X16.200 Y6.727
G1 X-23.199 Y6.727
G1 X-23.199 Y-6.727
G1 X16.200 Y-6.727
G1 X15.800 Y-6.327
G1 X15.800 Y-5.800
G1 X16.327 Y-5.800
G1 X16.327 Y5.800
G1 X15.800 Y5.800
G1 X15.800 Y6.327
G1 X-22.799 Y6.327
G1 X-22.799 Y-6.327
G1 X15.800 Y-6.327
G1 X15.400 Y-5.927
G1 X15.400 Y-5.400
G1 X15.927 Y-5.400
G1 X15.927 Y5.400
G1 X15.400 Y5.400
G1 X15.400 Y5.927
G1 X-22.399 Y5.927
G1 X-22.399 Y-5.927
G1 X15.400 Y-5.927
G1 X15.000 Y-5.527
G1 X15.000 Y-5.000
G1 X15.527 Y-5.000
G1 X15.527 Y5.000
G1 X15.000 Y5.000
G1 X15.000 Y5.527
G1 X-21.999 Y5.527
G1 X-21.999 Y-5.527
G1 X15.000 Y-5.527
G1 X14.600 Y-5.127
G1 X14.600 Y-4.600
G1 X15.127 Y-4.600
G1 X15.127 Y4.600
G1 X14.600 Y4.600
G1 X14.600 Y5.127
G1 X-21.599 Y5.127
G1 X-21.599 Y-5.127
G1 X14.600 Y-5.127
G1 X14.200 Y-4.727
G1 X14.200 Y-4.200
G1 X14.727 Y-4.200
G1 X14.727 Y4.200
G1 X14.200 Y4.200
G1 X14.200 Y4.727
G1 X-21.199 Y4.727
G1 X-21.199 Y-4.727
G1 X14.200 Y-4.727
G1 X13.800 Y-4.327
G1 X13.800 Y-3.800
G1 X14.327 Y-3.800
G1 X14.327 Y3.800
G1 X13.800 Y3.800
G1 X13.800 Y4.327
G1 X-20.799 Y4.327
G1 X-20.799 Y-4.327
G1 X13.800 Y-4.327
G1 X13.400 Y-3.927
G1 X13.400 Y-3.400
G1 X13.927 Y-3.400
G1 X13.927 Y3.400
G1 X13.400 Y3.400
G1 X13.400 Y3.927
G1 X-20.399 Y3.927
G1 X-20.399 Y-3.927
G1 X13.400 Y-3.927
G1 X13.000 Y-3.527
G1 X13.000 Y-3.000
G1 X13.527 Y-3.000
G1 X13.527 Y3.000
G1 X13.000 Y3.000
G1 X13.000 Y3.527
G1 X-19.999 Y3.527
G1 X-19.999 Y-3.527
G1 X13.000 Y-3.527
G1 X12.600 Y-3.127
G1 X12.600 Y-2.600
G1 X13.127 Y-2.600
G1 X13.127 Y2.600
G1 X12.600 Y2.600
G1 X12.600 Y3.127
G1 X-19.599 Y3.127
G1 X-19.599 Y-3.127
G1 X12.600 Y-3.127
G1 X12.200 Y-2.727
G1 X12.200 Y-2.200
G1 X12.727 Y-2.200
G1 X12.727 Y2.200
G1 X12.200 Y2.200
G1 X12.200 Y2.727
G1 X-19.199 Y2.727
G1 X-19.199 Y-2.727
G1 X12.200 Y-2.727
G1 X11.800 Y-2.327
G1 X11.800 Y-1.800
G1 X12.327 Y-1.800
G1 X12.327 Y1.800
G1 X11.800 Y1.800
G1 X11.800 Y2.327
G1 X-18.799 Y2.327
G1 X-18.799 Y-2.327
G1 X11.800 Y-2.327
G1 X11.400 Y-1.927
G1 X11.400 Y-1.400
G1 X11.927 Y-1.400
G1 X11.927 Y1.400
G1 X11.400 Y1.400
G1 X11.400 Y1.927
G1 X-18.399 Y1.927
G1 X-18.399 Y-1.927
G1 X11.400 Y-1.927
G1 X11.000 Y-1.527
G1 X11.000 Y-1.000
G1 X11.527 Y-1.000
G1 X11.527 Y1.000
G1 X11.000 Y1.000
G1 X11.000 Y1.527
G1 X-17.999 Y1.527
G1 X-17.999 Y-1.527
G1 X11.000 Y-1.527
G1 X10.600 Y-1.127
G1 X10.600 Y-0.600
G1 X11.127 Y-0.600
G1 X11.127 Y0.600
G1 X10.600 Y0.600
G1 X10.600 Y1.127
G1 X-17.599 Y1.127
G1 X-17.599 Y-1.127
G1 X10.600 Y-1.127
G1 X10.200 Y-0.727
G1 X10.200 Y-0.200
G1 X10.727 Y-0.200
G1 X10.727 Y0.200
G1 X10.200 Y0.200
G1 X10.200 Y0.727
G1 X-17.199 Y0.727
G1 X-17.199 Y-0.727
G1 X10.200 Y-0.727
G1 X9.800 Y-0.327
G1 X9.800 Y0.327
G1 X-16.799 Y0.327
G1 X-16.799 Y-0.327
G1 X9.800 Y-0.327
M9
G1 Z10.000
G1 X-25.000 Y-17.599
G1 Z1.100
M7
G4 P150
G1 X-24.800 Y-17.495 Z1.100
G1 X-24.800 Y-17.495
G1 X-14.800 Y-24.495
G1 X-14.800 Y-28.800
G1 X14.800 Y-28.800
G1 X14.800 Y-24.558
G1 X17.799 Y-17.559
G1 X17.799 Y-17.394
G1 X-24.800 Y-17.394
G1 X-24.800 Y-17.495
G1 X-23.675 Y-17.794
G1 X-14.400 Y-24.287
G1 X-14.400 Y-28.400
G1 X14.400 Y-28.400
G1 X14.400 Y-24.476
G1 X17.263 Y-17.794
G1 X-23.675 Y-17.794
G1 X-22.406 Y-18.194
G1 X-14.000 Y-24.078
G1 X-14.000 Y-28.000
G1 X14.000 Y-28.000
G1 X14.000 Y-24.394
G1 X16.657 Y-18.194
G1 X-22.406 Y-18.194
G1 X-21.137 Y-18.594
G1 X-13.600 Y-23.870
G1 X-13.600 Y-27.600
G1 X13.600 Y-27.600
G1 X13.600 Y-24.312
G1 X16.050 Y-18.594
G1 X-21.137 Y-18.594
G1 X-19.868 Y-18.994
G1 X-13.200 Y-23.662
G1 X-13.200 Y-27.200
G1 X13.200 Y-27.200
G1 X13.200 Y-24.230
G1 X15.443 Y-18.994
G1 X-19.868 Y-18.994
G1 X-18.599 Y-19.394
G1 X-12.800 Y-23.454
G1 X-12.800 Y-26.800
G1 X12.800 Y-26.800
G1 X12.800 Y-24.148
G1 X14.837 Y-19.394
G1 X-18.599 Y-19.394
G1 X-17.330 Y-19.794
G1 X-12.400 Y-23.245
G1 X-12.400 Y-26.400
G1 X12.400 Y-26.400
G1 X12.400 Y-24.065
G1 X14.230 Y-19.794
G1 X-17.330 Y-19.794
G1 X-16.061 Y-20.194
G1 X-12.000 Y-23.037
G1 X-12.000 Y-26.000
G1 X12.000 Y-26.000
G1 X12.000 Y-23.983
G1 X13.624 Y-20.194
G1 X-16.061 Y-20.194
G1 X-14.793 Y-20.594
G1 X-11.600 Y-22.829
G1 X-11.600 Y-25.600
G1 X11.600 Y-25.600
G1 X11.600 Y-23.901
G1 X13.017 Y-20.594
G1 X-14.793 Y-20.594
G1 X-13.524 Y-20.994
G1 X-11.200 Y-22.621
G1 X-11.200 Y-25.200
G1 X11.200 Y-25.200
G1 X11.200 Y-23.819
G1 X12.411 Y-20.994
G1 X-13.524 Y-20.994
G1 X-12.255 Y-21.394
G1 X-10.800 Y-22.412
G1 X-10.800 Y-24.800
G1 X10.800 Y-24.800
G1 X10.800 Y-23.737
G1 X11.804 Y-21.394
G1 X-12.255 Y-21.394
G1 X-10.986 Y-21.794
G1 X-10.400 Y-22.204
G1 X-10.400 Y-24.400
G1 X10.400 Y-24.400
G1 X10.400 Y-23.655
G1 X11.197 Y-21.794
G1 X-10.986 Y-21.794
G1 X-10.000 Y-22.194
G1 X-10.000 Y-24.000
G1 X10.000 Y-24.000
G1 X10.000 Y-23.573
G1 X10.591 Y-22.194
G1 X-10.000 Y-22.194
G1 X-9.600 Y-22.594
G1 X-9.600 Y-23.600
G1 X9.600 Y-23.600
G1 X9.600 Y-23.491
G1 X9.984 Y-22.594
G1 X-9.600 Y-22.594
G1 X-9.200 Y-22.994
G1 X-9.200 Y-23.200
G1 X9.289 Y-23.200
G1 X9.378 Y-22.994
G1 X-9.200 Y-22.994
G1 X-24.800 Y-17.495 Z1.500
G1 X-24.800 Y-17.495
G1 X-14.800 Y-24.495
G1 X-14.800 Y-26.692
G1 X14.800 Y-26.692
G1 X14.800 Y-24.558
G1 X17.799 Y-17.559
G1 X17.799 Y-17.354
G1 X-24.800 Y-17.354
G1 X-24.800 Y-17.495
G1 X-23.732 Y-17.754
G1 X-14.400 Y-24.287
G1 X-14.400 Y-26.292
G1 X14.400 Y-26.292
G1 X14.400 Y-24.476
G1 X17.280 Y-17.754
G1 X-23.732 Y-17.754
G1 X-22.463 Y-18.154
G1 X-14.000 Y-24.078
G1 X-14.000 Y-25.892
G1 X14.000 Y-25.892
G1 X14.000 Y-24.394
G1 X16.674 Y-18.154
G1 X-22.463 Y-18.154
G1 X-21.194 Y-18.554
G1 X-13.600 Y-23.870
G1 X-13.600 Y-25.492
G1 X13.600 Y-25.492
G1 X13.600 Y-24.312
G1 X16.067 Y-18.554
G1 X-21.194 Y-18.554
G1 X-19.925 Y-18.954
G1 X-13.200 Y-23.662
G1 X-13.200 Y-25.092
G1 X13.200 Y-25.092
G1 X13.200 Y-24.230
G1 X15.461 Y-18.954
G1 X-19.925 Y-18.954
G1 X-18.657 Y-19.354
G1 X-12.800 Y-23.454
G1 X-12.800 Y-24.692
G1 X12.800 Y-24.692
G1 X12.800 Y-24.148
G1 X14.854 Y-19.354
G1 X-18.657 Y-19.354
G1 X-17.388 Y-19.754
G1 X-12.400 Y-23.245
G1 X-12.400 Y-24.292
G1 X12.400 Y-24.292
G1 X12.400 Y-24.065
G1 X14.247 Y-19.754
G1 X-17.388 Y-19.754
G1 X-16.119 Y-20.154
G1 X-12.000 Y-23.037
G1 X-12.000 Y-23.892
G1 X12.039 Y-23.892
G1 X13.641 Y-20.154
G1 X-16.119 Y-20.154
G1 X-14.850 Y-20.554
G1 X-11.600 Y-22.829
G1 X-11.600 Y-23.492
G1 X11.775 Y-23.492
G1 X13.034 Y-20.554
G1 X-14.850 Y-20.554
G1 X-13.581 Y-20.954
G1 X-11.200 Y-22.621
G1 X-11.200 Y-23.092
G1 X11.512 Y-23.092
G1 X12.428 Y-20.954
G1 X-13.581 Y-20.954
G1 X-12.312 Y-21.354
G1 X-10.800 Y-22.412
G1 X-10.800 Y-22.692
G1 X11.248 Y-22.692
G1 X11.821 Y-21.354
G1 X-12.312 Y-21.354
G1 X-11.043 Y-21.754
G1 X-10.400 Y-22.204
G1 X-10.400 Y-22.292
G1 X10.984 Y-22.292
G1 X11.215 Y-21.754
G1 X-11.043 Y-21.754
G1 X-24.800 Y-17.495 Z1.900
G1 X-24.800 Y-17.495
G1 X-14.800 Y-24.495
G1 X-14.800 Y-26.154
G1 X14.800 Y-26.154
G1 X14.800 Y-24.558
G1 X17.799 Y-17.559
G1 X17.799 Y-17.272
G1 X-24.800 Y-17.272
G1 X-24.800 Y-17.495
G1 X-23.849 Y-17.672
G1 X-14.400 Y-24.287
G1 X-14.400 Y-25.754
G1 X14.400 Y-25.754
G1 X14.400 Y-24.476
G1 X17.315 Y-17.672
G1 X-23.849 Y-17.672
G1 X-22.580 Y-18.072
G1 X-14.000 Y-24.078
G1 X-14.000 Y-25.354
G1 X14.000 Y-25.354
G1 X14.000 Y-24.394
G1 X16.709 Y-18.072
G1 X-22.580 Y-18.072
G1 X-21.312 Y-18.472
G1 X-13.600 Y-23.870
G1 X-13.600 Y-24.954
G1 X13.600 Y-24.954
G1 X13.600 Y-24.312
G1 X16.102 Y-18.472
G1 X-21.312 Y-18.472
G1 X-20.043 Y-18.872
G1 X-13.200 Y-23.662
G1 X-13.200 Y-24.554
G1 X13.200 Y-24.554
G1 X13.200 Y-24.230
G1 X15.496 Y-18.872
G1 X-20.043 Y-18.872
G1 X-18.774 Y-19.272
G1 X-12.800 Y-23.454
G1 X-12.800 Y-24.154
G1 X12.800 Y-24.154
G1 X12.800 Y-24.148
G1 X14.889 Y-19.272
G1 X-18.774 Y-19.272
G1 X-17.505 Y-19.672
G1 X-12.400 Y-23.245
G1 X-12.400 Y-23.754
G1 X12.533 Y-23.754
G1 X14.283 Y-19.672
G1 X-17.505 Y-19.672
G1 X-16.236 Y-20.072
G1 X-12.000 Y-23.037
G1 X-12.000 Y-23.354
G1 X12.270 Y-23.354
G1 X13.676 Y-20.072
G1 X-16.236 Y-20.072
G1 X-14.967 Y-20.472
G1 X-11.600 Y-22.829
G1 X-11.600 Y-22.954
G1 X12.006 Y-22.954
G1 X13.069 Y-20.472
G1 X-14.967 Y-20.472
G1 X-13.698 Y-20.872
G1 X-11.295 Y-22.554
G1 X11.742 Y-22.554
G1 X12.463 Y-20.872
G1 X-13.698 Y-20.872
G1 X-12.429 Y-21.272
G1 X-11.169 Y-22.154
G1 X11.478 Y-22.154
G1 X11.856 Y-21.272
G1 X-12.429 Y-21.272
G1 X-11.160 Y-21.672
G1 X-11.043 Y-21.754
G1 X11.215 Y-21.754
G1 X11.250 Y-21.672
G1 X-11.160 Y-21.672
G1 X-24.800 Y-17.495 Z2.300
G1 X-24.800 Y-17.495
G1 X-14.800 Y-24.495
G1 X-14.800 Y-25.760
G1 X14.800 Y-25.760
G1 X14.800 Y-24.558
G1 X17.799 Y-17.559
G1 X17.799 Y-17.146
G1 X-24.800 Y-17.146
G1 X-24.800 Y-17.495
G1 X-24.029 Y-17.546
G1 X-14.400 Y-24.287
G1 X-14.400 Y-25.360
G1 X14.400 Y-25.360
G1 X14.400 Y-24.476
G1 X17.369 Y-17.546
G1 X-24.029 Y-17.546
G1 X-22.760 Y-17.946
G1 X-14.000 Y-24.078
G1 X-14.000 Y-24.960
G1 X14.000 Y-24.960
G1 X14.000 Y-24.394
G1 X16.763 Y-17.946
G1 X-22.760 Y-17.946
G1 X-21.492 Y-18.346
G1 X-13.600 Y-23.870
G1 X-13.600 Y-24.560
G1 X13.600 Y-24.560
G1 X13.600 Y-24.312
G1 X16.156 Y-18.346
G1 X-21.492 Y-18.346
G1 X-20.223 Y-18.746
G1 X-13.200 Y-23.662
G1 X-13.200 Y-24.160
G1 X13.230 Y-24.160
G1 X15.550 Y-18.746
G1 X-20.223 Y-18.746
G1 X-18.954 Y-19.146
G1 X-12.800 Y-23.454
G1 X-12.800 Y-23.760
G1 X12.966 Y-23.760
G1 X14.943 Y-19.146
G1 X-18.954 Y-19.146
G1 X-17.685 Y-19.546
G1 X-12.400 Y-23.245
G1 X-12.400 Y-23.360
G1 X12.702 Y-23.360
G1 X14.337 Y-19.546
G1 X-17.685 Y-19.546
G1 X-16.416 Y-19.946
G1 X-12.110 Y-22.960
G1 X12.438 Y-22.960
G1 X13.730 Y-19.946
G1 X-16.416 Y-19.946
G1 X-15.147 Y-20.346
G1 X-11.984 Y-22.560
G1 X12.175 Y-22.560
G1 X13.123 Y-20.346
G1 X-15.147 Y-20.346
G1 X-13.878 Y-20.746
G1 X-11.858 Y-22.160
G1 X11.911 Y-22.160
G1 X12.517 Y-20.746
G1 X-13.878 Y-20.746
G1 X-12.609 Y-21.146
G1 X-11.732 Y-21.760
G1 X11.647 Y-21.760
G1 X11.910 Y-21.146
G1 X-12.609 Y-21.146
G1 X-24.800 Y-17.495 Z2.700
G1 X-24.800 Y-17.495
G1 X-14.800 Y-24.495
G1 X-14.800 Y-25.459
G1 X14.800 Y-25.459
G1 X14.800 Y-24.558
G1 X17.799 Y-17.559
G1 X17.799 Y-16.972
G1 X-24.800 Y-16.972
G1 X-24.800 Y-17.495
G1 X-24.278 Y-17.372
G1 X-14.400 Y-24.287
G1 X-14.400 Y-25.059
G1 X14.400 Y-25.059
G1 X14.400 Y-24.476
G1 X17.399 Y-17.477
G1 X17.399 Y-17.372
G1 X-24.278 Y-17.372
G1 X-23.009 Y-17.772
G1 X-14.000 Y-24.078
G1 X-14.000 Y-24.659
G1 X14.000 Y-24.659
G1 X14.000 Y-24.394
G1 X16.837 Y-17.772
G1 X-23.009 Y-17.772
G1 X-21.740 Y-18.172
G1 X-13.600 Y-23.870
G1 X-13.600 Y-24.259
G1 X13.623 Y-24.259
G1 X16.231 Y-18.172
G1 X-21.740 Y-18.172
G1 X-20.471 Y-18.572
G1 X-13.200 Y-23.662
G1 X-13.200 Y-23.859
G1 X13.359 Y-23.859
G1 X15.624 Y-18.572
G1 X-20.471 Y-18.572
G1 X-19.202 Y-18.972
G1 X-12.800 Y-23.454
G1 X-12.800 Y-23.459
G1 X13.095 Y-23.459
G1 X15.018 Y-18.972
G1 X-19.202 Y-18.972
G1 X-17.933 Y-19.372
G1 X-12.666 Y-23.059
G1 X12.831 Y-23.059
G1 X14.411 Y-19.372
G1 X-17.933 Y-19.372
G1 X-16.664 Y-19.772
G1 X-12.540 Y-22.659
G1 X12.567 Y-22.659
G1 X13.805 Y-19.772
G1 X-16.664 Y-19.772
G1 X-15.395 Y-20.172
G1 X-12.414 Y-22.259
G1 X12.304 Y-22.259
G1 X13.198 Y-20.172
G1 X-15.395 Y-20.172
G1 X-14.126 Y-20.572
G1 X-12.288 Y-21.859
G1 X12.040 Y-21.859
G1 X12.591 Y-20.572
G1 X-14.126 Y-20.572
G1 X-12.857 Y-20.972
G1 X-12.162 Y-21.459
G1 X11.776 Y-21.459
G1 X11.985 Y-20.972
G1 X-12.857 Y-20.972
M9
G1 Z10.000
G1 X-25.000 Y17.194
G1 Z1.100
M7
G4 P150
G1 X-24.800 Y17.394 Z1.100
G1 X-24.800 Y17.394
G1 X17.799 Y17.394
G1 X17.799 Y17.559
G1 X14.800 Y24.558
G1 X14.800 Y28.800
G1 X-14.800 Y28.800
G1 X-14.800 Y24.495
G1 X-24.800 Y17.495
G1 X-24.800 Y17.394
G1 X-23.675 Y17.794
G1 X17.263 Y17.794
G1 X14.400 Y24.476
G1 X14.400 Y28.400
G1 X-14.400 Y28.400
G1 X-14.400 Y24.287
G1 X-23.675 Y17.794
G1 X-22.406 Y18.194
G1 X16.657 Y18.194
G1 X14.000 Y24.394
G1 X14.000 Y28.000
G1 X-14.000 Y28.000
G1 X-14.000 Y24.078
G1 X-22.406 Y18.194
G1 X-21.137 Y18.594
G1 X16.050 Y18.594
G1 X13.600 Y24.312
G1 X13.600 Y27.600
G1 X-13.600 Y27.600
G1 X-13.600 Y23.870
G1 X-21.137 Y18.594
G1 X-19.868 Y18.994
G1 X15.443 Y18.994
G1 X13.200 Y24.230
G1 X13.200 Y27.200
G1 X-13.200 Y27.200
G1 X-13.200 Y23.662
G1 X-19.868 Y18.994
G1 X-18.599 Y19.394
G1 X14.837 Y19.394
G1 X12.800 Y24.148
G1 X12.800 Y26.800
G1 X-12.800 Y26.800
G1 X-12.800 Y23.454
G1 X-18.599 Y19.394
G1 X-17.330 Y19.794
G1 X14.230 Y19.794
G1 X12.400 Y24.065
G1 X12.400 Y26.400
G1 X-12.400 Y26.400
G1 X-12.400 Y23.245
G1 X-17.330 Y19.794
G1 X-16.061 Y20.194
G1 X13.624 Y20.194
G1 X12.000 Y23.983
G1 X12.000 Y26.000
G1 X-12.000 Y26.000
G1 X-12.000 Y23.037
G1 X-16.061 Y20.194
G1 X-14.793 Y20.594
G1 X13.017 Y20.594
G1 X11.600 Y23.901
G1 X11.600 Y25.600
G1 X-11.600 Y25.600
G1 X-11.600 Y22.829
G1 X-14.793 Y20.594
G1 X-13.524 Y20.994
G1 X12.411 Y20.994
G1 X11.200 Y23.819
G1 X11.200 Y25.200
G1 X-11.200 Y25.200
G1 X-11.200 Y22.621
G1 X-13.524 Y20.994
G1 X-12.255 Y21.394
G1 X11.804 Y21.394
G1 X10.800 Y23.737
G1 X10.800 Y24.800
G1 X-10.800 Y24.800
G1 X-10.800 Y22.412
G1 X-12.255 Y21.394
G1 X-10.986 Y21.794
G1 X11.197 Y21.794
G1 X10.400 Y23.655
G1 X10.400 Y24.400
G1 X-10.400 Y24.400
G1 X-10.400 Y22.204
G1 X-10.986 Y21.794
G1 X-10.000 Y22.194
G1 X10.591 Y22.194
G1 X10.000 Y23.573
G1 X10.000 Y24.000
G1 X-10.000 Y24.000
G1 X-10.000 Y22.194
G1 X-9.600 Y22.594
G1 X9.984 Y22.594
G1 X9.600 Y23.491
G1 X9.600 Y23.600
G1 X-9.600 Y23.600
G1 X-9.600 Y22.594
G1 X-9.200 Y22.994
G1 X9.378 Y22.994
G1 X9.289 Y23.200
G1 X-9.200 Y23.200
G1 X-9.200 Y22.994
G1 X-24.800 Y17.354 Z1.500
G1 X-24.800 Y17.354
G1 X17.799 Y17.354
G1 X17.799 Y17.559
G1 X14.800 Y24.558
G1 X14.800 Y26.692
G1 X-14.800 Y26.692
G1 X-14.800 Y24.495
G1 X-24.800 Y17.495
G1 X-24.800 Y17.354
G1 X-23.732 Y17.754
G1 X17.280 Y17.754
G1 X14.400 Y24.476
G1 X14.400 Y26.292
G1 X-14.400 Y26.292
G1 X-14.400 Y24.287
G1 X-23.732 Y17.754
G1 X-22.463 Y18.154
G1 X16.674 Y18.154
G1 X14.000 Y24.394
G1 X14.000 Y25.892
G1 X-14.000 Y25.892
G1 X-14.000 Y24.078
G1 X-22.463 Y18.154
G1 X-21.194 Y18.554
G1 X16.067 Y18.554
G1 X13.600 Y24.312
G1 X13.600 Y25.492
G1 X-13.600 Y25.492
G1 X-13.600 Y23.870
G1 X-21.194 Y18.554
G1 X-19.925 Y18.954
G1 X15.461 Y18.954
G1 X13.200 Y24.230
G1 X13.200 Y25.092
G1 X-13.200 Y25.092
G1 X-13.200 Y23.662
G1 X-19.925 Y18.954
G1 X-18.657 Y19.354
G1 X14.854 Y19.354
G1 X12.800 Y24.148
G1 X12.800 Y24.692
G1 X-12.800 Y24.692
G1 X-12.800 Y23.454
G1 X-18.657 Y19.354
G1 X-17.388 Y19.754
G1 X14.247 Y19.754
G1 X12.400 Y24.065
G1 X12.400 Y24.292
G1 X-12.400 Y24.292
G1 X-12.400 Y23.245
G1 X-17.388 Y19.754
G1 X-16.119 Y20.154
G1 X13.641 Y20.154
G1 X12.039 Y23.892
G1 X-12.000 Y23.892
G1 X-12.000 Y23.037
G1 X-16.119 Y20.154
G1 X-14.850 Y20.554
G1 X13.034 Y20.554
G1 X11.775 Y23.492
G1 X-11.600 Y23.492
G1 X-11.600 Y22.829
G1 X-14.850 Y20.554
G1 X-13.581 Y20.954
G1 X12.428 Y20.954
G1 X11.512 Y23.092
G1 X-11.200 Y23.092
G1 X-11.200 Y22.621
G1 X-13.581 Y20.954
G1 X-12.312 Y21.354
G1 X11.821 Y21.354
G1 X11.248 Y22.692
G1 X-10.800 Y22.692
G1 X-10.800 Y22.412
G1 X-12.312 Y21.354
G1 X-11.043 Y21.754
G1 X11.215 Y21.754
G1 X10.984 Y22.292
G1 X-10.400 Y22.292
G1 X-10.400 Y22.204
G1 X-11.043 Y21.754
G1 X-24.800 Y17.272 Z1.900
G1 X-24.800 Y17.272
G1 X17.799 Y17.272
G1 X17.799 Y17.559
G1 X14.800 Y24.558
G1 X14.800 Y26.154
G1 X-14.800 Y26.154
G1 X-14.800 Y24.495
G1 X-24.800 Y17.495
G1 X-24.800 Y17.272
G1 X-23.849 Y17.672
G1 X17.315 Y17.672
G1 X14.400 Y24.476
G1 X14.400 Y25.754
G1 X-14.400 Y25.754
G1 X-14.400 Y24.287
G1 X-23.849 Y17.672
G1 X-22.580 Y18.072
G1 X16.709 Y18.072
G1 X14.000 Y24.394
G1 X14.000 Y25.354
G1 X-14.000 Y25.354
G1 X-14.000 Y24.078
G1 X-22.580 Y18.072
G1 X-21.312 Y18.472
G1 X16.102 Y18.472
G1 X13.600 Y24.312
G1 X13.600 Y24.954
G1 X-13.600 Y24.954
G1 X-13.600 Y23.870
G1 X-21.312 Y18.472
G1 X-20.043 Y18.872
G1 X15.496 Y18.872
G1 X13.200 Y24.230
G1 X13.200 Y24.554
G1 X-13.200 Y24.554
G1 X-13.200 Y23.662
G1 X-20.043 Y18.872
G1 X-18.774 Y19.272
G1 X14.889 Y19.272
G1 X12.800 Y24.148
G1 X12.800 Y24.154
G1 X-12.800 Y24.154
G1 X-12.800 Y23.454
G1 X-18.774 Y19.272
G1 X-17.505 Y19.672
G1 X14.283 Y19.672
G1 X12.533 Y23.754
G1 X-12.400 Y23.754
G1 X-12.400 Y23.245
G1 X-17.505 Y19.672
G1 X-16.236 Y20.072
G1 X13.676 Y20.072
G1 X12.270 Y23.354
G1 X-12.000 Y23.354
G1 X-12.000 Y23.037
G1 X-16.236 Y20.072
G1 X-14.967 Y20.472
G1 X13.069 Y20.472
G1 X12.006 Y22.954
G1 X-11.600 Y22.954
G1 X-11.600 Y22.829
G1 X-14.967 Y20.472
G1 X-13.698 Y20.872
G1 X12.463 Y20.872
G1 X11.742 Y22.554
G1 X-11.295 Y22.554
G1 X-13.698 Y20.872
G1 X-12.429 Y21.272
G1 X11.856 Y21.272
G1 X11.478 Y22.154
G1 X-11.169 Y22.154
G1 X-12.429 Y21.272
G1 X-11.160 Y21.672
G1 X11.250 Y21.672
G1 X11.215 Y21.754
G1 X-11.043 Y21.754
G1 X-11.160 Y21.672
G1 X-24.800 Y17.146 Z2.300
G1 X-24.800 Y17.146
G1 X17.799 Y17.146
G1 X17.799 Y17.559
G1 X14.800 Y24.558
G1 X14.800 Y25.760
G1 X-14.800 Y25.760
G1 X-14.800 Y24.495
G1 X-24.800 Y17.495
G1 X-24.800 Y17.146
G1 X-24.029 Y17.546
G1 X17.369 Y17.546
G1 X14.400 Y24.476
G1 X14.400 Y25.360
G1 X-14.400 Y25.360
G1 X-14.400 Y24.287
G1 X-24.029 Y17.546
G1 X-22.760 Y17.946
G1 X16.763 Y17.946
G1 X14.000 Y24.394
G1 X14.000 Y24.960
G1 X-14.000 Y24.960
G1 X-14.000 Y24.078
G1 X-22.760 Y17.946
G1 X-21.492 Y18.346
G1 X16.156 Y18.346
G1 X13.600 Y24.312
G1 X13.600 Y24.560
G1 X-13.600 Y24.560
G1 X-13.600 Y23.870
G1 X-21.492 Y18.346
G1 X-20.223 Y18.746
G1 X15.550 Y18.746
G1 X13.230 Y24.160
G1 X-13.200 Y24.160
G1 X-13.200 Y23.662
G1 X-20.223 Y18.746
G1 X-18.954 Y19.146
G1 X14.943 Y19.146
G1 X12.966 Y23.760
G1 X-12.800 Y23.760
G1 X-12.800 Y23.454
G1 X-18.954 Y19.146
G1 X-17.685 Y19.546
G1 X14.337 Y19.546
G1 X12.702 Y23.360
G1 X-12.400 Y23.360
G1 X-12.400 Y23.245
G1 X-17.685 Y19.546
G1 X-16.416 Y19.946
G1 X13.730 Y19.946
G1 X12.438 Y22.960
G1 X-12.110 Y22.960
G1 X-16.416 Y19.946
G1 X-15.147 Y20.346
G1 X13.123 Y20.346
G1 X12.175 Y22.560
G1 X-11.984 Y22.560
G1 X-15.147 Y20.346
G1 X-13.878 Y20.746
G1 X12.517 Y20.746
G1 X11.911 Y22.160
G1 X-11.858 Y22.160
G1 X-13.878 Y20.746
G1 X-12.609 Y21.146
G1 X11.910 Y21.146
G1 X11.647 Y21.760
G1 X-11.732 Y21.760
G1 X-12.609 Y21.146
G1 X-24.800 Y16.972 Z2.700
G1 X-24.800 Y16.972
G1 X17.799 Y16.972
G1 X17.799 Y17.559
G1 X14.800 Y24.558
G1 X14.800 Y25.459
G1 X-14.800 Y25.459
G1 X-14.800 Y24.495
G1 X-24.800 Y17.495
G1 X-24.800 Y16.972
G1 X-24.278 Y17.372
G1 X17.399 Y17.372
G1 X17.399 Y17.477
G1 X14.400 Y24.476
G1 X14.400 Y25.059
G1 X-14.400 Y25.059
G1 X-14.400 Y24.287
G1 X-24.278 Y17.372
G1 X-23.009 Y17.772
G1 X16.837 Y17.772
G1 X14.000 Y24.394
G1 X14.000 Y24.659
G1 X-14.000 Y24.659
G1 X-14.000 Y24.078
G1 X-23.009 Y17.772
G1 X-21.740 Y18.172
G1 X16.231 Y18.172
G1 X13.623 Y24.259
G1 X-13.600 Y24.259
G1 X-13.600 Y23.870
G1 X-21.740 Y18.172
G1 X-20.471 Y18.572
G1 X15.624 Y18.572
G1 X13.359 Y23.859
G1 X-13.200 Y23.859
G1 X-13.200 Y23.662
G1 X-20.471 Y18.572
G1 X-19.202 Y18.972
G1 X15.018 Y18.972
G1 X13.095 Y23.459
G1 X-12.800 Y23.459
G1 X-12.800 Y23.454
G1 X-19.202 Y18.972
G1 X-17.933 Y19.372
G1 X14.411 Y19.372
G1 X12.831 Y23.059
G1 X-12.666 Y23.059
G1 X-17.933 Y19.372
G1 X-16.664 Y19.772
G1 X13.805 Y19.772
G1 X12.567 Y22.659
G1 X-12.540 Y22.659
G1 X-16.664 Y19.772
G1 X-15.395 Y20.172
G1 X13.198 Y20.172
G1 X12.304 Y22.259
G1 X-12.414 Y22.259
G1 X-15.395 Y20.172
G1 X-14.126 Y20.572
G1 X12.591 Y20.572
G1 X12.040 Y21.859
G1 X-12.288 Y21.859
G1 X-14.126 Y20.572
G1 X-12.857 Y20.972
G1 X11.985 Y20.972
G1 X11.776 Y21.459
G1 X-12.162 Y21.459
G1 X-12.857 Y20.972
M9
G1 Z10.000
G1 X27.600 Y-8.000
G1 Z1.100
M7
G4 P150
G1 X27.591 Y-7.800 Z1.100
G1 X27.591 Y-7.800
G1 X49.591 Y-5.899
G1 X53.800 Y-5.899
G1 X53.800 Y5.899
G1 X49.591 Y5.899
G1 X27.591 Y7.800
G1 X27.394 Y7.800
G1 X27.394 Y-7.800
G1 X27.591 Y-7.800
G1 X27.794 Y-7.381
G1 X49.574 Y-5.499
G1 X53.400 Y-5.499
G1 X53.400 Y5.499
G1 X49.574 Y5.499
G1 X27.794 Y7.381
G1 X27.794 Y-7.381
G1 X28.194 Y-6.945
G1 X49.557 Y-5.099
G1 X53.000 Y-5.099
G1 X53.000 Y5.099
G1 X49.557 Y5.099
G1 X28.194 Y6.945
G1 X28.194 Y-6.945
G1 X28.594 Y-6.509
G1 X49.540 Y-4.699
G1 X52.600 Y-4.699
G1 X52.600 Y4.699
G1 X49.540 Y4.699
G1 X28.594 Y6.509
G1 X28.594 Y-6.509
G1 X28.994 Y-6.073
G1 X49.522 Y-4.299
G1 X52.200 Y-4.299
G1 X52.200 Y4.299
G1 X49.522 Y4.299
G1 X28.994 Y6.073
G1 X28.994 Y-6.073
G1 X29.394 Y-5.637
G1 X49.505 Y-3.899
G1 X51.800 Y-3.899
G1 X51.800 Y3.899
G1 X49.505 Y3.899
G1 X29.394 Y5.637
G1 X29.394 Y-5.637
G1 X29.794 Y-5.201
G1 X49.488 Y-3.499
G1 X51.400 Y-3.499
G1 X51.400 Y3.499
G1 X49.488 Y3.499
G1 X29.794 Y5.201
G1 X29.794 Y-5.201
G1 X30.194 Y-4.765
G1 X49.471 Y-3.099
G1 X51.000 Y-3.099
G1 X51.000 Y3.099
G1 X49.471 Y3.099
G1 X30.194 Y4.765
G1 X30.194 Y-4.765
G1 X30.594 Y-4.329
G1 X49.453 Y-2.699
G1 X50.600 Y-2.699
G1 X50.600 Y2.699
G1 X49.453 Y2.699
G1 X30.594 Y4.329
G1 X30.594 Y-4.329
G1 X30.994 Y-3.893
G1 X49.436 Y-2.299
G1 X50.200 Y-2.299
G1 X50.200 Y2.299
G1 X49.436 Y2.299
G1 X30.994 Y3.893
G1 X30.994 Y-3.893
G1 X31.394 Y-3.457
G1 X49.419 Y-1.899
G1 X49.800 Y-1.899
G1 X49.800 Y1.899
G1 X49.419 Y1.899
G1 X31.394 Y3.457
G1 X31.394 Y-3.457
G1 X31.794 Y-3.020
G1 X49.400 Y-1.499
G1 X49.400 Y1.499
G1 X31.794 Y3.020
G1 X31.794 Y-3.020
G1 X32.194 Y-2.584
G1 X49.000 Y-1.132
G1 X49.000 Y1.132
G1 X32.194 Y2.584
G1 X32.194 Y-2.584
G1 X32.594 Y-2.148
G1 X48.600 Y-0.765
G1 X48.600 Y0.765
G1 X32.594 Y2.148
G1 X32.594 Y-2.148
G1 X32.994 Y-1.712
G1 X48.200 Y-0.398
G1 X48.200 Y0.398
G1 X32.994 Y1.712
G1 X32.994 Y-1.712
G1 X33.394 Y-1.276
G1 X47.800 Y-0.031
G1 X47.800 Y0.031
G1 X33.394 Y1.276
G1 X33.394 Y-1.276
G1 X33.794 Y-0.840
G1 X43.517 Y0.000
G1 X33.794 Y0.840
G1 X33.794 Y-0.840
G1 X34.194 Y-0.404
G1 X38.871 Y0.000
G1 X34.194 Y0.404
G1 X34.194 Y-0.404
G1 X27.591 Y-7.800 Z1.500
G1 X27.591 Y-7.800
G1 X49.591 Y-5.899
G1 X51.692 Y-5.899
G1 X51.692 Y5.899
G1 X49.591 Y5.899
G1 X27.591 Y7.800
G1 X27.354 Y7.800
G1 X27.354 Y-7.800
G1 X27.591 Y-7.800
G1 X27.754 Y-7.384
G1 X49.574 Y-5.499
G1 X51.292 Y-5.499
G1 X51.292 Y5.499
G1 X49.574 Y5.499
G1 X27.754 Y7.384
G1 X27.754 Y-7.384
G1 X28.154 Y-6.948
G1 X49.557 Y-5.099
G1 X50.892 Y-5.099
G1 X50.892 Y5.099
G1 X49.557 Y5.099
G1 X28.154 Y6.948
G1 X28.154 Y-6.948
G1 X28.554 Y-6.512
G1 X49.540 Y-4.699
G1 X50.492 Y-4.699
G1 X50.492 Y4.699
G1 X49.540 Y4.699
G1 X28.554 Y6.512
G1 X28.554 Y-6.512
G1 X28.954 Y-6.076
G1 X49.522 Y-4.299
G1 X50.092 Y-4.299
G1 X50.092 Y4.299
G1 X49.522 Y4.299
G1 X28.954 Y6.076
G1 X28.954 Y-6.076
G1 X29.354 Y-5.640
G1 X49.505 Y-3.899
G1 X49.692 Y-3.899
G1 X49.692 Y3.899
G1 X49.505 Y3.899
G1 X29.354 Y5.640
G1 X29.354 Y-5.640
G1 X29.754 Y-5.204
G1 X49.292 Y-3.516
G1 X49.292 Y3.516
G1 X29.754 Y5.204
G1 X29.754 Y-5.204
G1 X30.154 Y-4.768
G1 X48.892 Y-3.149
G1 X48.892 Y3.149
G1 X30.154 Y4.768
G1 X30.154 Y-4.768
G1 X30.554 Y-4.332
G1 X48.492 Y-2.782
G1 X48.492 Y2.782
G1 X30.554 Y4.332
G1 X30.554 Y-4.332
G1 X30.954 Y-3.896
G1 X48.092 Y-2.415
G1 X48.092 Y2.415
G1 X30.954 Y3.896
G1 X30.954 Y-3.896
G1 X31.354 Y-3.460
G1 X47.692 Y-2.048
G1 X47.692 Y2.048
G1 X31.354 Y3.460
G1 X31.354 Y-3.460
G1 X31.754 Y-3.024
G1 X47.292 Y-1.681
G1 X47.292 Y1.681
G1 X31.754 Y3.024
G1 X31.754 Y-3.024
G1 X32.154 Y-2.588
G1 X46.892 Y-1.314
G1 X46.892 Y1.314
G1 X32.154 Y2.588
G1 X32.154 Y-2.588
G1 X32.554 Y-2.152
G1 X46.492 Y-0.947
G1 X46.492 Y0.947
G1 X32.554 Y2.152
G1 X32.554 Y-2.152
G1 X32.954 Y-1.716
G1 X46.092 Y-0.581
G1 X46.092 Y0.581
G1 X32.954 Y1.716
G1 X32.954 Y-1.716
G1 X33.354 Y-1.280
G1 X45.692 Y-0.214
G1 X45.692 Y0.214
G1 X33.354 Y1.280
G1 X33.354 Y-1.280
G1 X33.754 Y-0.844
G1 X43.517 Y0.000
G1 X33.754 Y0.844
G1 X33.754 Y-0.844
G1 X34.154 Y-0.408
G1 X38.871 Y0.000
G1 X34.154 Y0.408
G1 X34.154 Y-0.408
G1 X27.591 Y-7.800 Z1.900
G1 X27.591 Y-7.800
G1 X49.591 Y-5.899
G1 X51.154 Y-5.899
G1 X51.154 Y5.899
G1 X49.591 Y5.899
G1 X27.591 Y7.800
G1 X27.272 Y7.800
G1 X27.272 Y-7.800
G1 X27.591 Y-7.800
G1 X27.672 Y-7.392
G1 X49.574 Y-5.499
G1 X50.754 Y-5.499
G1 X50.754 Y5.499
G1 X49.574 Y5.499
G1 X27.672 Y7.392
G1 X27.672 Y-7.392
G1 X28.072 Y-6.955
G1 X49.557 Y-5.099
G1 X50.354 Y-5.099
G1 X50.354 Y5.099
G1 X49.557 Y5.099
G1 X28.072 Y6.955
G1 X28.072 Y-6.955
G1 X28.472 Y-6.519
G1 X49.540 Y-4.699
G1 X49.954 Y-4.699
G1 X49.954 Y4.699
G1 X49.540 Y4.699
G1 X28.472 Y6.519
G1 X28.472 Y-6.519
G1 X28.872 Y-6.083
G1 X49.522 Y-4.299
G1 X49.554 Y-4.299
G1 X49.554 Y4.299
G1 X49.522 Y4.299
G1 X28.872 Y6.083
G1 X28.872 Y-6.083
G1 X29.272 Y-5.647
G1 X49.154 Y-3.929
G1 X49.154 Y3.929
G1 X29.272 Y5.647
G1 X29.272 Y-5.647
G1 X29.672 Y-5.211
G1 X48.754 Y-3.562
G1 X48.754 Y3.562
G1 X29.672 Y5.211
G1 X29.672 Y-5.211
G1 X30.072 Y-4.775
G1 X48.354 Y-3.195
G1 X48.354 Y3.195
G1 X30.072 Y4.775
G1 X30.072 Y-4.775
G1 X30.472 Y-4.339
G1 X47.954 Y-2.829
G1 X47.954 Y2.829
G1 X30.472 Y4.339
G1 X30.472 Y-4.339
G1 X30.872 Y-3.903
G1 X47.554 Y-2.462
G1 X47.554 Y2.462
G1 X30.872 Y3.903
G1 X30.872 Y-3.903
G1 X31.272 Y-3.467
G1 X47.154 Y-2.095
G1 X47.154 Y2.095
G1 X31.272 Y3.467
G1 X31.272 Y-3.467
G1 X31.672 Y-3.031
G1 X46.754 Y-1.728
G1 X46.754 Y1.728
G1 X31.672 Y3.031
G1 X31.672 Y-3.031
G1 X32.072 Y-2.595
G1 X46.354 Y-1.361
G1 X46.354 Y1.361
G1 X32.072 Y2.595
G1 X32.072 Y-2.595
G1 X32.472 Y-2.159
G1 X45.954 Y-0.994
G1 X45.954 Y0.994
G1 X32.472 Y2.159
G1 X32.472 Y-2.159
G1 X32.872 Y-1.723
G1 X45.554 Y-0.627
G1 X45.554 Y0.627
G1 X32.872 Y1.723
G1 X32.872 Y-1.723
G1 X33.272 Y-1.287
G1 X45.154 Y-0.260
G1 X45.154 Y0.260
G1 X33.272 Y1.287
G1 X33.272 Y-1.287
G1 X33.672 Y-0.851
G1 X43.517 Y0.000
G1 X33.672 Y0.851
G1 X33.672 Y-0.851
G1 X34.072 Y-0.415
G1 X38.871 Y0.000
G1 X34.072 Y0.415
G1 X34.072 Y-0.415
M9
G1 Z10.000
G1 X27.600 Y-8.000
G1 Z2.300
M7
G4 P150
G1 X27.591 Y-7.800 Z2.300
G1 X27.591 Y-7.800
G1 X49.591 Y-5.899
G1 X50.760 Y-5.899
G1 X50.760 Y-0.999
G1 X27.146 Y-0.999
G1 X27.146 Y-7.800
G1 X27.591 Y-7.800
G1 X27.574 Y-7.400
G1 X49.574 Y-5.499
G1 X50.360 Y-5.499
G1 X50.360 Y-1.399
G1 X27.546 Y-1.399
G1 X27.546 Y-7.400
G1 X27.574 Y-7.400
G1 X27.946 Y-6.966
G1 X49.557 Y-5.099
G1 X49.960 Y-5.099
G1 X49.960 Y-1.799
G1 X27.946 Y-1.799
G1 X27.946 Y-6.966
G1 X28.346 Y-6.530
G1 X49.540 Y-4.699
G1 X49.560 Y-4.699
G1 X49.560 Y-2.199
G1 X28.346 Y-2.199
G1 X28.346 Y-6.530
G1 X28.746 Y-6.094
G1 X49.160 Y-4.330
G1 X49.160 Y-2.599
G1 X28.746 Y-2.599
G1 X28.746 Y-6.094
G1 X29.146 Y-5.658
G1 X48.760 Y-3.963
G1 X48.760 Y-2.999
G1 X29.146 Y-2.999
G1 X29.146 Y-5.658
G1 X29.546 Y-5.222
G1 X48.360 Y-3.596
G1 X48.360 Y-3.399
G1 X29.546 Y-3.399
G1 X29.546 Y-5.222
G1 X29.946 Y-4.786
G1 X41.370 Y-3.799
G1 X29.946 Y-3.799
G1 X29.946 Y-4.786
G1 X30.346 Y-4.350
G1 X32.094 Y-4.199
G1 X30.346 Y-4.199
G1 X30.346 Y-4.350
G1 X27.591 Y-7.800 Z2.700
G1 X27.591 Y-7.800
G1 X49.591 Y-5.899
G1 X50.459 Y-5.899
G1 X50.459 Y-0.999
G1 X26.972 Y-0.999
G1 X26.972 Y-7.800
G1 X27.591 Y-7.800
G1 X27.574 Y-7.400
G1 X49.574 Y-5.499
G1 X50.059 Y-5.499
G1 X50.059 Y-1.399
G1 X27.372 Y-1.399
G1 X27.372 Y-7.400
G1 X27.574 Y-7.400
G1 X27.772 Y-6.981
G1 X49.557 Y-5.099
G1 X49.659 Y-5.099
G1 X49.659 Y-1.799
G1 X27.772 Y-1.799
G1 X27.772 Y-6.981
G1 X28.172 Y-6.545
G1 X49.259 Y-4.723
G1 X49.259 Y-2.199
G1 X28.172 Y-2.199
G1 X28.172 Y-6.545
G1 X28.572 Y-6.109
G1 X48.859 Y-4.356
G1 X48.859 Y-2.599
G1 X28.572 Y-2.599
G1 X28.572 Y-6.109
G1 X28.972 Y-5.673
G1 X48.459 Y-3.989
G1 X48.459 Y-2.999
G1 X28.972 Y-2.999
G1 X28.972 Y-5.673
G1 X29.372 Y-5.237
G1 X48.059 Y-3.622
G1 X48.059 Y-3.399
G1 X29.372 Y-3.399
G1 X29.372 Y-5.237
G1 X29.772 Y-4.801
G1 X41.370 Y-3.799
G1 X29.772 Y-3.799
G1 X29.772 Y-4.801
G1 X30.172 Y-4.365
G1 X32.094 Y-4.199
G1 X30.172 Y-4.199
G1 X30.172 Y-4.365
M9
G1 Z10.000
G1 X50.960 Y0.799
G1 Z2.300
M7
G4 P150
G1 X50.760 Y0.999 Z2.300
G1 X50.760 Y0.999
G1 X50.760 Y5.899
G1 X49.591 Y5.899
G1 X27.591 Y7.800
G1 X27.146 Y7.800
G1 X27.146 Y0.999
G1 X50.760 Y0.999
G1 X50.360 Y1.399
G1 X50.360 Y5.499
G1 X49.574 Y5.499
G1 X27.574 Y7.400
G1 X27.546 Y7.400
G1 X27.546 Y1.399
G1 X50.360 Y1.399
G1 X49.960 Y1.799
G1 X49.960 Y5.099
G1 X49.557 Y5.099
G1 X27.946 Y6.966
G1 X27.946 Y1.799
G1 X49.960 Y1.799
G1 X49.560 Y2.199
G1 X49.560 Y4.699
G1 X49.540 Y4.699
G1 X28.346 Y6.530
G1 X28.346 Y2.199
G1 X49.560 Y2.199
G1 X49.160 Y2.599
G1 X49.160 Y4.330
G1 X28.746 Y6.094
G1 X28.746 Y2.599
G1 X49.160 Y2.599
G1 X48.760 Y2.999
G1 X48.760 Y3.963
G1 X29.146 Y5.658
G1 X29.146 Y2.999
G1 X48.760 Y2.999
G1 X48.360 Y3.399
G1 X48.360 Y3.596
G1 X29.546 Y5.222
G1 X29.546 Y3.399
G1 X48.360 Y3.399
G1 X41.370 Y3.799
G1 X29.946 Y4.786
G1 X29.946 Y3.799
G1 X41.370 Y3.799
G1 X32.094 Y4.199
G1 X30.346 Y4.350
G1 X30.346 Y4.199
G1 X32.094 Y4.199
G1 X50.459 Y0.999 Z2.700
G1 X50.459 Y0.999
G1 X50.459 Y5.899
G1 X49.591 Y5.899
G1 X27.591 Y7.800
G1 X26.972 Y7.800
G1 X26.972 Y0.999
G1 X50.459 Y0.999
G1 X50.059 Y1.399
G1 X50.059 Y5.499
G1 X49.574 Y5.499
G1 X27.574 Y7.400
G1 X27.372 Y7.400
G1 X27.372 Y1.399
G1 X50.059 Y1.399
G1 X49.659 Y1.799
G1 X49.659 Y5.099
G1 X49.557 Y5.099
G1 X27.772 Y6.981
G1 X27.772 Y1.799
G1 X49.659 Y1.799
G1 X49.259 Y2.199
G1 X49.259 Y4.723
G1 X28.172 Y6.545
G1 X28.172 Y2.199
G1 X49.259 Y2.199
G1 X48.859 Y2.599
G1 X48.859 Y4.356
G1 X28.572 Y6.109
G1 X28.572 Y2.599
G1 X48.859 Y2.599
G1 X48.459 Y2.999
G1 X48.459 Y3.989
G1 X28.972 Y5.673
G1 X28.972 Y2.999
G1 X48.459 Y2.999
G1 X48.059 Y3.399
G1 X48.059 Y3.622
G1 X29.372 Y5.237
G1 X29.372 Y3.399
G1 X48.059 Y3.399
G1 X41.370 Y3.799
G1 X29.772 Y4.801
G1 X29.772 Y3.799
G1 X41.370 Y3.799
G1 X32.094 Y4.199
G1 X30.172 Y4.365
G1 X30.172 Y4.199
G1 X32.094 Y4.199
M9
G1 Z10.000
G1 X59.199 Y-6.000
G1 Z1.100
M7
G4 P150
G1 X59.160 Y-5.800 Z1.100
G1 X59.160 Y-5.800
G1 X69.000 Y-1.865
G1 X69.000 Y1.865
G1 X59.160 Y5.800
G1 X55.000 Y5.800
G1 X55.000 Y-5.800
G1 X59.160 Y-5.800
G1 X59.083 Y-5.400
G1 X68.600 Y-1.594
G1 X68.600 Y1.594
G1 X59.083 Y5.400
G1 X55.400 Y5.400
G1 X55.400 Y-5.400
G1 X59.083 Y-5.400
G1 X59.006 Y-5.000
G1 X68.200 Y-1.323
G1 X68.200 Y1.323
G1 X59.006 Y5.000
G1 X55.800 Y5.000
G1 X55.800 Y-5.000
G1 X59.006 Y-5.000
G1 X58.929 Y-4.600
G1 X67.800 Y-1.052
G1 X67.800 Y1.052
G1 X58.929 Y4.600
G1 X56.200 Y4.600
G1 X56.200 Y-4.600
G1 X58.929 Y-4.600
G1 X58.852 Y-4.200
G1 X67.400 Y-0.781
G1 X67.400 Y0.781
G1 X58.852 Y4.200
G1 X56.600 Y4.200
G1 X56.600 Y-4.200
G1 X58.852 Y-4.200
G1 X58.775 Y-3.800
G1 X67.000 Y-0.510
G1 X67.000 Y0.510
G1 X58.775 Y3.800
G1 X57.000 Y3.800
G1 X57.000 Y-3.800
G1 X58.775 Y-3.800
G1 X58.698 Y-3.400
G1 X66.600 Y-0.240
G1 X66.600 Y0.240
G1 X58.698 Y3.400
G1 X57.400 Y3.400
G1 X57.400 Y-3.400
G1 X58.698 Y-3.400
G1 X58.621 Y-3.000
G1 X66.122 Y0.000
G1 X58.621 Y3.000
G1 X57.800 Y3.000
G1 X57.800 Y-3.000
G1 X58.621 Y-3.000
G1 X58.544 Y-2.600
G1 X65.045 Y0.000
G1 X58.544 Y2.600
G1 X58.200 Y2.600
G1 X58.200 Y-2.600
G1 X58.544 Y-2.600
G1 X58.600 Y-2.147
G1 X63.968 Y0.000
G1 X58.600 Y2.147
G1 X58.600 Y-2.147
G1 X59.000 Y-1.556
G1 X62.891 Y-0.000
G1 X59.000 Y1.556
G1 X59.000 Y-1.556
G1 X59.400 Y-0.965
G1 X61.814 Y-0.000
G1 X59.400 Y0.965
G1 X59.400 Y-0.965
G1 X59.800 Y-0.375
G1 X60.736 Y-0.000
G1 X59.800 Y0.375
G1 X59.800 Y-0.375
G1 X59.160 Y-5.800 Z1.500
G1 X59.160 Y-5.800
G1 X69.000 Y-1.865
G1 X69.000 Y1.865
G1 X59.160 Y5.800
G1 X57.107 Y5.800
G1 X57.107 Y-5.800
G1 X59.160 Y-5.800
G1 X59.083 Y-5.400
G1 X68.600 Y-1.594
G1 X68.600 Y1.594
G1 X59.083 Y5.400
G1 X57.507 Y5.400
G1 X57.507 Y-5.400
G1 X59.083 Y-5.400
G1 X59.006 Y-5.000
G1 X68.200 Y-1.323
G1 X68.200 Y1.323
G1 X59.006 Y5.000
G1 X57.907 Y5.000
G1 X57.907 Y-5.000
G1 X59.006 Y-5.000
G1 X58.929 Y-4.600
G1 X67.800 Y-1.052
G1 X67.800 Y1.052
G1 X58.929 Y4.600
G1 X58.307 Y4.600
G1 X58.307 Y-4.600
G1 X58.929 Y-4.600
G1 X58.852 Y-4.200
G1 X67.400 Y-0.781
G1 X67.400 Y0.781
G1 X58.852 Y4.200
G1 X58.707 Y4.200
G1 X58.707 Y-4.200
G1 X58.852 Y-4.200
G1 X59.107 Y-3.667
G1 X67.000 Y-0.510
G1 X67.000 Y0.510
G1 X59.107 Y3.667
G1 X59.107 Y-3.667
G1 X59.507 Y-3.077
G1 X66.600 Y-0.240
G1 X66.600 Y0.240
G1 X59.507 Y3.077
G1 X59.507 Y-3.077
G1 X59.907 Y-2.486
G1 X66.122 Y-0.000
G1 X59.907 Y2.486
G1 X59.907 Y-2.486
G1 X60.307 Y-1.895
G1 X65.045 Y-0.000
G1 X60.307 Y1.895
G1 X60.307 Y-1.895
G1 X60.707 Y-1.304
G1 X63.968 Y-0.000
G1 X60.707 Y1.304
G1 X60.707 Y-1.304
G1 X61.107 Y-0.713
G1 X62.891 Y-0.000
G1 X61.107 Y0.713
G1 X61.107 Y-0.713
G1 X61.507 Y-0.123
G1 X61.814 Y-0.000
G1 X61.507 Y0.123
G1 X61.507 Y-0.123
G1 X59.160 Y-5.800 Z1.900
G1 X59.160 Y-5.800
G1 X69.000 Y-1.865
G1 X69.000 Y1.865
G1 X59.160 Y5.800
G1 X57.645 Y5.800
G1 X57.645 Y-5.800
G1 X59.160 Y-5.800
G1 X59.083 Y-5.400
G1 X68.600 Y-1.594
G1 X68.600 Y1.594
G1 X59.083 Y5.400
G1 X58.045 Y5.400
G1 X58.045 Y-5.400
G1 X59.083 Y-5.400
G1 X59.006 Y-5.000
G1 X68.200 Y-1.323
G1 X68.200 Y1.323
G1 X59.006 Y5.000
G1 X58.445 Y5.000
G1 X58.445 Y-5.000
G1 X59.006 Y-5.000
G1 X58.929 Y-4.600
G1 X67.800 Y-1.052
G1 X67.800 Y1.052
G1 X58.929 Y4.600
G1 X58.845 Y4.600
G1 X58.845 Y-4.600
G1 X58.929 Y-4.600
G1 X59.245 Y-4.043
G1 X67.400 Y-0.781
G1 X67.400 Y0.781
G1 X59.245 Y4.043
G1 X59.245 Y-4.043
G1 X59.645 Y-3.452
G1 X67.000 Y-0.510
G1 X67.000 Y0.510
G1 X59.645 Y3.452
G1 X59.645 Y-3.452
G1 X60.045 Y-2.861
G1 X66.600 Y-0.240
G1 X66.600 Y0.240
G1 X60.045 Y2.861
G1 X60.045 Y-2.861
G1 X60.445 Y-2.271
G1 X66.122 Y0.000
G1 X60.445 Y2.271
G1 X60.445 Y-2.271
G1 X60.845 Y-1.680
G1 X65.045 Y0.000
G1 X60.845 Y1.680
G1 X60.845 Y-1.680
G1 X61.245 Y-1.089
G1 X63.968 Y0.000
G1 X61.245 Y1.089
G1 X61.245 Y-1.089
G1 X61.645 Y-0.498
G1 X62.891 Y0.000
G1 X61.645 Y0.498
G1 X61.645 Y-0.498
G1 X59.160 Y-5.800 Z2.300
G1 X59.160 Y-5.800
G1 X69.000 Y-1.865
G1 X69.000 Y1.865
G1 X59.160 Y5.800
G1 X58.039 Y5.800
G1 X58.039 Y-5.800
G1 X59.160 Y-5.800
G1 X59.083 Y-5.400
G1 X68.600 Y-1.594
G1 X68.600 Y1.594
G1 X59.083 Y5.400
G1 X58.439 Y5.400
G1 X58.439 Y-5.400
G1 X59.083 Y-5.400
G1 X59.006 Y-5.000
G1 X68.200 Y-1.323
G1 X68.200 Y1.323
G1 X59.006 Y5.000
G1 X58.839 Y5.000
G1 X58.839 Y-5.000
G1 X59.006 Y-5.000
G1 X59.239 Y-4.476
G1 X67.800 Y-1.052
G1 X67.800 Y1.052
G1 X59.239 Y4.476
G1 X59.239 Y-4.476
G1 X59.639 Y-3.885
G1 X67.400 Y-0.781
G1 X67.400 Y0.781
G1 X59.639 Y3.885
G1 X59.639 Y-3.885
G1 X60.039 Y-3.295
G1 X67.000 Y-0.510
G1 X67.000 Y0.510
G1 X60.039 Y3.295
G1 X60.039 Y-3.295
G1 X60.439 Y-2.704
G1 X66.600 Y-0.240
G1 X66.600 Y0.240
G1 X60.439 Y2.704
G1 X60.439 Y-2.704
G1 X60.839 Y-2.113
G1 X66.122 Y-0.000
G1 X60.839 Y2.113
G1 X60.839 Y-2.113
G1 X61.239 Y-1.522
G1 X65.045 Y-0.000
G1 X61.239 Y1.522
G1 X61.239 Y-1.522
G1 X61.639 Y-0.931
G1 X63.968 Y-0.000
G1 X61.639 Y0.931
G1 X61.639 Y-0.931
G1 X62.039 Y-0.341
G1 X62.891 Y-0.000
G1 X62.039 Y0.341
G1 X62.039 Y-0.341
G1 X59.160 Y-5.800 Z2.700
G1 X59.160 Y-5.800
G1 X69.000 Y-1.865
G1 X69.000 Y1.865
G1 X59.160 Y5.800
G1 X58.340 Y5.800
G1 X58.340 Y-5.800
G1 X59.160 Y-5.800
G1 X59.083 Y-5.400
G1 X68.600 Y-1.594
G1 X68.600 Y1.594
G1 X59.083 Y5.400
G1 X58.740 Y5.400
G1 X58.740 Y-5.400
G1 X59.083 Y-5.400
G1 X59.140 Y-4.947
G1 X68.200 Y-1.323
G1 X68.200 Y1.323
G1 X59.140 Y4.947
G1 X59.140 Y-4.947
G1 X59.540 Y-4.356
G1 X67.800 Y-1.052
G1 X67.800 Y1.052
G1 X59.540 Y4.356
G1 X59.540 Y-4.356
G1 X59.940 Y-3.765
G1 X67.400 Y-0.781
G1 X67.400 Y0.781
G1 X59.940 Y3.765
G1 X59.940 Y-3.765
G1 X60.340 Y-3.174
G1 X67.000 Y-0.510
G1 X67.000 Y0.510
G1 X60.340 Y3.174
G1 X60.340 Y-3.174
G1 X60.740 Y-2.583
G1 X66.600 Y-0.240
G1 X66.600 Y0.240
G1 X60.740 Y2.583
G1 X60.740 Y-2.583
G1 X61.140 Y-1.993
G1 X66.122 Y0.000
G1 X61.140 Y1.993
G1 X61.140 Y-1.993
G1 X61.540 Y-1.402
G1 X65.045 Y0.000
G1 X61.540 Y1.402
G1 X61.540 Y-1.402
G1 X61.940 Y-0.811
G1 X63.968 Y0.000
G1 X61.940 Y0.811
G1 X61.940 Y-0.811
G1 X62.340 Y-0.220
G1 X62.891 Y0.000
G1 X62.340 Y0.220
G1 X62.340 Y-0.220
G1 X59.160 Y-5.800 Z3.100
G1 X59.160 Y-5.800
G1 X69.000 Y-1.865
G1 X69.000 Y1.865
G1 X59.160 Y5.800
G1 X58.572 Y5.800
G1 X58.572 Y-5.800
G1 X59.160 Y-5.800
G1 X59.083 Y-5.400
G1 X68.600 Y-1.594
G1 X68.600 Y1.594
G1 X59.083 Y5.400
G1 X58.972 Y5.400
G1 X58.972 Y-5.400
G1 X59.083 Y-5.400
G1 X59.372 Y-4.854
G1 X68.200 Y-1.323
G1 X68.200 Y1.323
G1 X59.372 Y4.854
G1 X59.372 Y-4.854
G1 X59.772 Y-4.263
G1 X67.800 Y-1.052
G1 X67.800 Y1.052
G1 X59.772 Y4.263
G1 X59.772 Y-4.263
G1 X60.172 Y-3.672
G1 X67.400 Y-0.781
G1 X67.400 Y0.781
G1 X60.172 Y3.672
G1 X60.172 Y-3.672
G1 X60.572 Y-3.081
G1 X67.000 Y-0.510
G1 X67.000 Y0.510
G1 X60.572 Y3.081
G1 X60.572 Y-3.081
G1 X60.972 Y-2.491
G1 X66.600 Y-0.240
G1 X66.600 Y0.240
G1 X60.972 Y2.491
G1 X60.972 Y-2.491
G1 X61.372 Y-1.900
G1 X66.122 Y0.000
G1 X61.372 Y1.900
G1 X61.372 Y-1.900
G1 X61.772 Y-1.309
G1 X65.045 Y-0.000
G1 X61.772 Y1.309
G1 X61.772 Y-1.309
G1 X62.172 Y-0.718
G1 X63.968 Y-0.000
G1 X62.172 Y0.718
G1 X62.172 Y-0.718
G1 X62.572 Y-0.127
G1 X62.891 Y-0.000
G1 X62.572 Y0.127
G1 X62.572 Y-0.127
G1 X59.160 Y-5.800 Z3.500
G1 X59.160 Y-5.800
G1 X69.000 Y-1.865
G1 X69.000 Y1.865
G1 X59.160 Y5.800
G1 X58.746 Y5.800
G1 X58.746 Y-5.800
G1 X59.160 Y-5.800
G1 X59.146 Y-5.375
G1 X68.600 Y-1.594
G1 X68.600 Y1.594
G1 X59.146 Y5.375
G1 X59.146 Y-5.375
G1 X59.546 Y-4.784
G1 X68.200 Y-1.323
G1 X68.200 Y1.323
G1 X59.546 Y4.784
G1 X59.546 Y-4.784
G1 X59.946 Y-4.193
G1 X67.800 Y-1.052
G1 X67.800 Y1.052
G1 X59.946 Y4.193
G1 X59.946 Y-4.193
G1 X60.346 Y-3.603
G1 X67.400 Y-0.781
G1 X67.400 Y0.781
G1 X60.346 Y3.603
G1 X60.346 Y-3.603
G1 X60.746 Y-3.012
G1 X67.000 Y-0.510
G1 X67.000 Y0.510
G1 X60.746 Y3.012
G1 X60.746 Y-3.012
G1 X61.146 Y-2.421
G1 X66.600 Y-0.240
G1 X66.600 Y0.240
G1 X61.146 Y2.421
G1 X61.146 Y-2.421
G1 X61.546 Y-1.830
G1 X66.122 Y0.000
G1 X61.546 Y1.830
G1 X61.546 Y-1.830
G1 X61.946 Y-1.239
G1 X65.045 Y0.000
G1 X61.946 Y1.239
G1 X61.946 Y-1.239
G1 X62.346 Y-0.649
G1 X63.968 Y0.000
G1 X62.346 Y0.649
G1 X62.346 Y-0.649
G1 X62.746 Y-0.058
G1 X62.891 Y-0.000
G1 X62.746 Y0.058
G1 X62.746 Y-0.058
G1 X59.160 Y-5.800 Z3.900
G1 X59.160 Y-5.800
G1 X69.000 Y-1.865
G1 X69.000 Y1.865
G1 X59.160 Y5.800
G1 X58.872 Y5.800
G1 X58.872 Y-5.800
G1 X59.160 Y-5.800
G1 X59.272 Y-5.325
G1 X68.600 Y-1.594
G1 X68.600 Y1.594
G1 X59.272 Y5.325
G1 X59.272 Y-5.325
G1 X59.672 Y-4.734
G1 X68.200 Y-1.323
G1 X68.200 Y1.323
G1 X59.672 Y4.734
G1 X59.672 Y-4.734
G1 X60.072 Y-4.143
G1 X67.800 Y-1.052
G1 X67.800 Y1.052
G1 X60.072 Y4.143
G1 X60.072 Y-4.143
G1 X60.472 Y-3.552
G1 X67.400 Y-0.781
G1 X67.400 Y0.781
G1 X60.472 Y3.552
G1 X60.472 Y-3.552
G1 X60.872 Y-2.961
G1 X67.000 Y-0.510
G1 X67.000 Y0.510
G1 X60.872 Y2.961
G1 X60.872 Y-2.961
G1 X61.272 Y-2.371
G1 X66.600 Y-0.240
G1 X66.600 Y0.240
G1 X61.272 Y2.371
G1 X61.272 Y-2.371
G1 X61.672 Y-1.780
G1 X66.122 Y0.000
G1 X61.672 Y1.780
G1 X61.672 Y-1.780
G1 X62.072 Y-1.189
G1 X65.045 Y-0.000
G1 X62.072 Y1.189
G1 X62.072 Y-1.189
G1 X62.472 Y-0.598
G1 X63.968 Y-0.000
G1 X62.472 Y0.598
G1 X62.472 Y-0.598
G1 X62.872 Y-0.007
G1 X62.891 Y-0.000
G1 X62.872 Y0.007
G1 X62.872 Y-0.007
G1 X59.160 Y-5.800 Z4.300
G1 X59.160 Y-5.800
G1 X69.000 Y-1.865
G1 X69.000 Y1.865
G1 X59.160 Y5.800
G1 X58.954 Y5.800
G1 X58.954 Y-5.800
G1 X59.160 Y-5.800
G1 X59.354 Y-5.292
G1 X68.600 Y-1.594
G1 X68.600 Y1.594
G1 X59.354 Y5.292
G1 X59.354 Y-5.292
G1 X59.754 Y-4.701
G1 X68.200 Y-1.323
G1 X68.200 Y1.323
G1 X59.754 Y4.701
G1 X59.754 Y-4.701
G1 X60.154 Y-4.110
G1 X67.800 Y-1.052
G1 X67.800 Y1.052
G1 X60.154 Y4.110
G1 X60.154 Y-4.110
G1 X60.554 Y-3.519
G1 X67.400 Y-0.781
G1 X67.400 Y0.781
G1 X60.554 Y3.519
G1 X60.554 Y-3.519
G1 X60.954 Y-2.929
G1 X67.000 Y-0.510
G1 X67.000 Y0.510
G1 X60.954 Y2.929
G1 X60.954 Y-2.929
G1 X61.354 Y-2.338
G1 X66.600 Y-0.240
G1 X66.600 Y0.240
G1 X61.354 Y2.338
G1 X61.354 Y-2.338
G1 X61.754 Y-1.747
G1 X66.122 Y0.000
G1 X61.754 Y1.747
G1 X61.754 Y-1.747
G1 X62.154 Y-1.156
G1 X65.045 Y0.000
G1 X62.154 Y1.156
G1 X62.154 Y-1.156
G1 X62.554 Y-0.565
G1 X63.968 Y0.000
G1 X62.554 Y0.565
G1 X62.554 Y-0.565
G1 X59.160 Y-5.800 Z4.700
G1 X59.160 Y-5.800
G1 X69.000 Y-1.865
G1 X69.000 Y1.865
G1 X59.160 Y5.800
G1 X58.994 Y5.800
G1 X58.994 Y-5.800
G1 X59.160 Y-5.800
G1 X59.394 Y-5.276
G1 X68.600 Y-1.594
G1 X68.600 Y1.594
G1 X59.394 Y5.276
G1 X59.394 Y-5.276
G1 X59.794 Y-4.685
G1 X68.200 Y-1.323
G1 X68.200 Y1.323
G1 X59.794 Y4.685
G1 X59.794 Y-4.685
G1 X60.194 Y-4.094
G1 X67.800 Y-1.052
G1 X67.800 Y1.052
G1 X60.194 Y4.094
G1 X60.194 Y-4.094
G1 X60.594 Y-3.503
G1 X67.400 Y-0.781
G1 X67.400 Y0.781
G1 X60.594 Y3.503
G1 X60.594 Y-3.503
G1 X60.994 Y-2.913
G1 X67.000 Y-0.510
G1 X67.000 Y0.510
G1 X60.994 Y2.913
G1 X60.994 Y-2.913
G1 X61.394 Y-2.322
G1 X66.600 Y-0.240
G1 X66.600 Y0.240
G1 X61.394 Y2.322
G1 X61.394 Y-2.322
G1 X61.794 Y-1.731
G1 X66.122 Y0.000
G1 X61.794 Y1.731
G1 X61.794 Y-1.731
G1 X62.194 Y-1.140
G1 X65.045 Y0.000
G1 X62.194 Y1.140
G1 X62.194 Y-1.140
G1 X62.594 Y-0.549
G1 X63.968 Y0.000
G1 X62.594 Y0.549
G1 X62.594 Y-0.549
M9
G1 Z10.000
G1 X-14.900 Y-45.399
G1 Z1.100
M7
G4 P150
G1 X-14.700 Y-45.344 Z1.100
G1 X-14.700 Y-45.344
G1 X0.000 Y-70.008
G1 X14.700 Y-45.344
G1 X14.700 Y-41.200
G1 X-14.700 Y-41.200
G1 X-14.700 Y-45.344
G1 X-14.300 Y-45.234
G1 X0.000 Y-69.227
G1 X14.300 Y-45.234
G1 X14.300 Y-41.600
G1 X-14.300 Y-41.600
G1 X-14.300 Y-45.234
G1 X-13.900 Y-45.124
G1 X0.000 Y-68.446
G1 X13.900 Y-45.124
G1 X13.900 Y-42.000
G1 X-13.900 Y-42.000
G1 X-13.900 Y-45.124
G1 X-13.500 Y-45.013
G1 X0.000 Y-67.664
G1 X13.500 Y-45.013
G1 X13.500 Y-42.400
G1 X-13.500 Y-42.400
G1 X-13.500 Y-45.013
G1 X-13.100 Y-44.903
G1 X0.000 Y-66.883
G1 X13.100 Y-44.903
G1 X13.100 Y-42.800
G1 X-13.100 Y-42.800
G1 X-13.100 Y-44.903
G1 X-12.700 Y-44.793
G1 X0.000 Y-66.102
G1 X12.700 Y-44.793
G1 X12.700 Y-43.200
G1 X-12.700 Y-43.200
G1 X-12.700 Y-44.793
G1 X-12.300 Y-44.683
G1 X0.000 Y-65.321
G1 X12.300 Y-44.683
G1 X12.300 Y-43.600
G1 X-12.300 Y-43.600
G1 X-12.300 Y-44.683
G1 X-11.900 Y-44.573
G1 X0.000 Y-64.539
G1 X11.900 Y-44.573
G1 X11.900 Y-44.000
G1 X-11.900 Y-44.000
G1 X-11.900 Y-44.573
G1 X-11.500 Y-44.463
G1 X0.000 Y-63.758
G1 X11.500 Y-44.463
G1 X11.500 Y-44.400
G1 X-11.500 Y-44.400
G1 X-11.500 Y-44.463
G1 X-10.833 Y-44.800
G1 X0.000 Y-62.977
G1 X10.833 Y-44.800
G1 X-10.833 Y-44.800
G1 X-10.129 Y-45.200
G1 X0.000 Y-62.195
G1 X10.129 Y-45.200
G1 X-10.129 Y-45.200
G1 X-9.425 Y-45.600
G1 X0.000 Y-61.414
G1 X9.425 Y-45.600
G1 X-9.425 Y-45.600
G1 X-8.721 Y-46.000
G1 X0.000 Y-60.633
G1 X8.721 Y-46.000
G1 X-8.721 Y-46.000
G1 X-8.017 Y-46.400
G1 X0.000 Y-59.851
G1 X8.017 Y-46.400
G1 X-8.017 Y-46.400
G1 X-7.313 Y-46.800
G1 X0.000 Y-59.070
G1 X7.313 Y-46.800
G1 X-7.313 Y-46.800
G1 X-6.609 Y-47.200
G1 X0.000 Y-58.289
G1 X6.609 Y-47.200
G1 X-6.609 Y-47.200
G1 X-5.905 Y-47.600
G1 X0.000 Y-57.508
G1 X5.905 Y-47.600
G1 X-5.905 Y-47.600
G1 X-5.201 Y-48.000
G1 X0.000 Y-56.726
G1 X5.201 Y-48.000
G1 X-5.201 Y-48.000
G1 X-4.497 Y-48.400
G1 X0.000 Y-55.945
G1 X4.497 Y-48.400
G1 X-4.497 Y-48.400
G1 X-3.793 Y-48.800
G1 X0.000 Y-55.164
G1 X3.793 Y-48.800
G1 X-3.793 Y-48.800
G1 X-3.089 Y-49.200
G1 X0.000 Y-54.382
G1 X3.089 Y-49.200
G1 X-3.089 Y-49.200
G1 X-2.385 Y-49.600
G1 X0.000 Y-53.601
G1 X2.385 Y-49.600
G1 X-2.385 Y-49.600
G1 X-1.681 Y-50.000
G1 X0.000 Y-52.820
G1 X1.681 Y-50.000
G1 X-1.681 Y-50.000
G1 X-0.977 Y-50.400
G1 X0.000 Y-52.038
G1 X0.977 Y-50.400
G1 X-0.977 Y-50.400
G1 X-0.272 Y-50.800
G1 X0.000 Y-51.257
G1 X0.272 Y-50.800
G1 X-0.272 Y-50.800
G1 X-14.700 Y-45.344 Z1.500
G1 X-14.700 Y-45.344
G1 X0.000 Y-70.008
G1 X14.700 Y-45.344
G1 X14.700 Y-43.307
G1 X-14.700 Y-43.307
G1 X-14.700 Y-45.344
G1 X-14.300 Y-45.234
G1 X0.000 Y-69.227
G1 X14.300 Y-45.234
G1 X14.300 Y-43.707
G1 X-14.300 Y-43.707
G1 X-14.300 Y-45.234
G1 X-13.900 Y-45.124
G1 X0.000 Y-68.446
G1 X13.900 Y-45.124
G1 X13.900 Y-44.107
G1 X-13.900 Y-44.107
G1 X-13.900 Y-45.124
G1 X-13.500 Y-45.013
G1 X0.000 Y-67.664
G1 X13.500 Y-45.013
G1 X13.500 Y-44.507
G1 X-13.500 Y-44.507
G1 X-13.500 Y-45.013
G1 X-13.098 Y-44.907
G1 X0.000 Y-66.883
G1 X13.098 Y-44.907
G1 X-13.098 Y-44.907
G1 X-12.394 Y-45.307
G1 X0.000 Y-66.102
G1 X12.394 Y-45.307
G1 X-12.394 Y-45.307
G1 X-11.690 Y-45.707
G1 X0.000 Y-65.321
G1 X11.690 Y-45.707
G1 X-11.690 Y-45.707
G1 X-10.986 Y-46.107
G1 X0.000 Y-64.539
G1 X10.986 Y-46.107
G1 X-10.986 Y-46.107
G1 X-10.282 Y-46.507
G1 X0.000 Y-63.758
G1 X10.282 Y-46.507
G1 X-10.282 Y-46.507
G1 X-9.578 Y-46.907
G1 X0.000 Y-62.977
G1 X9.578 Y-46.907
G1 X-9.578 Y-46.907
G1 X-8.873 Y-47.307
G1 X0.000 Y-62.195
G1 X8.873 Y-47.307
G1 X-8.873 Y-47.307
G1 X-8.169 Y-47.707
G1 X0.000 Y-61.414
G1 X8.169 Y-47.707
G1 X-8.169 Y-47.707
G1 X-7.465 Y-48.107
G1 X0.000 Y-60.633
G1 X7.465 Y-48.107
G1 X-7.465 Y-48.107
G1 X-6.761 Y-48.507
G1 X0.000 Y-59.851
G1 X6.761 Y-48.507
G1 X-6.761 Y-48.507
G1 X-6.057 Y-48.907
G1 X0.000 Y-59.070
G1 X6.057 Y-48.907
G1 X-6.057 Y-48.907
G1 X-5.353 Y-49.307
G1 X0.000 Y-58.289
G1 X5.353 Y-49.307
G1 X-5.353 Y-49.307
G1 X-4.649 Y-49.707
G1 X0.000 Y-57.508
G1 X4.649 Y-49.707
G1 X-4.649 Y-49.707
G1 X-3.945 Y-50.107
G1 X0.000 Y-56.726
G1 X3.945 Y-50.107
G1 X-3.945 Y-50.107
G1 X-3.241 Y-50.507
G1 X0.000 Y-55.945
G1 X3.241 Y-50.507
G1 X-3.241 Y-50.507
G1 X-2.537 Y-50.907
G1 X0.000 Y-55.164
G1 X2.537 Y-50.907
G1 X-2.537 Y-50.907
G1 X-1.833 Y-51.307
G1 X0.000 Y-54.382
G1 X1.833 Y-51.307
G1 X-1.833 Y-51.307
G1 X-1.129 Y-51.707
G1 X0.000 Y-53.601
G1 X1.129 Y-51.707
G1 X-1.129 Y-51.707
G1 X-0.425 Y-52.107
G1 X0.000 Y-52.820
G1 X0.425 Y-52.107
G1 X-0.425 Y-52.107
G1 X-14.700 Y-45.344 Z1.900
G1 X-14.700 Y-45.344
G1 X0.000 Y-70.008
G1 X14.700 Y-45.344
G1 X14.700 Y-43.845
G1 X-14.700 Y-43.845
G1 X-14.700 Y-45.344
G1 X-14.300 Y-45.234
G1 X0.000 Y-69.227
G1 X14.300 Y-45.234
G1 X14.300 Y-44.245
G1 X-14.300 Y-44.245
G1 X-14.300 Y-45.234
G1 X-13.900 Y-45.124
G1 X0.000 Y-68.446
G1 X13.900 Y-45.124
G1 X13.900 Y-44.645
G1 X-13.900 Y-44.645
G1 X-13.900 Y-45.124
G1 X-13.481 Y-45.045
G1 X0.000 Y-67.664
G1 X13.481 Y-45.045
G1 X-13.481 Y-45.045
G1 X-12.777 Y-45.445
G1 X0.000 Y-66.883
G1 X12.777 Y-45.445
G1 X-12.777 Y-45.445
G1 X-12.073 Y-45.845
G1 X0.000 Y-66.102
G1 X12.073 Y-45.845
G1 X-12.073 Y-45.845
G1 X-11.369 Y-46.245
G1 X0.000 Y-65.321
G1 X11.369 Y-46.245
G1 X-11.369 Y-46.245
G1 X-10.665 Y-46.645
G1 X0.000 Y-64.539
G1 X10.665 Y-46.645
G1 X-10.665 Y-46.645
G1 X-9.961 Y-47.045
G1 X0.000 Y-63.758
G1 X9.961 Y-47.045
G1 X-9.961 Y-47.045
G1 X-9.257 Y-47.445
G1 X0.000 Y-62.977
G1 X9.257 Y-47.445
G1 X-9.257 Y-47.445
G1 X-8.553 Y-47.845
G1 X0.000 Y-62.195
G1 X8.553 Y-47.845
G1 X-8.553 Y-47.845
G1 X-7.849 Y-48.245
G1 X0.000 Y-61.414
G1 X7.849 Y-48.245
G1 X-7.849 Y-48.245
G1 X-7.145 Y-48.645
G1 X0.000 Y-60.633
G1 X7.145 Y-48.645
G1 X-7.145 Y-48.645
G1 X-6.441 Y-49.045
G1 X0.000 Y-59.851
G1 X6.441 Y-49.045
G1 X-6.441 Y-49.045
G1 X-5.737 Y-49.445
G1 X0.000 Y-59.070
G1 X5.737 Y-49.445
G1 X-5.737 Y-49.445
G1 X-5.033 Y-49.845
G1 X0.000 Y-58.289
G1 X5.033 Y-49.845
G1 X-5.033 Y-49.845
G1 X-4.328 Y-50.245
G1 X0.000 Y-57.508
G1 X4.328 Y-50.245
G1 X-4.328 Y-50.245
G1 X-3.624 Y-50.645
G1 X0.000 Y-56.726
G1 X3.624 Y-50.645
G1 X-3.624 Y-50.645
G1 X-2.920 Y-51.045
G1 X0.000 Y-55.945
G1 X2.920 Y-51.045
G1 X-2.920 Y-51.045
G1 X-2.216 Y-51.445
G1 X0.000 Y-55.164
G1 X2.216 Y-51.445
G1 X-2.216 Y-51.445
G1 X-1.512 Y-51.845
G1 X0.000 Y-54.382
G1 X1.512 Y-51.845
G1 X-1.512 Y-51.845
G1 X-0.808 Y-52.245
G1 X0.000 Y-53.601
G1 X0.808 Y-52.245
G1 X-0.808 Y-52.245
G1 X-0.104 Y-52.645
G1 X0.000 Y-52.820
G1 X0.104 Y-52.645
G1 X-0.104 Y-52.645
G1 X-14.700 Y-45.344 Z2.300
G1 X-14.700 Y-45.344
G1 X0.000 Y-70.008
G1 X14.700 Y-45.344
G1 X14.700 Y-44.239
G1 X-14.700 Y-44.239
G1 X-14.700 Y-45.344
G1 X-14.300 Y-45.234
G1 X0.000 Y-69.227
G1 X14.300 Y-45.234
G1 X14.300 Y-44.639
G1 X-14.300 Y-44.639
G1 X-14.300 Y-45.234
G1 X-13.900 Y-45.124
G1 X0.000 Y-68.446
G1 X13.900 Y-45.124
G1 X13.900 Y-45.039
G1 X-13.900 Y-45.039
G1 X-13.900 Y-45.124
G1 X-13.246 Y-45.439
G1 X0.000 Y-67.664
G1 X13.246 Y-45.439
G1 X-13.246 Y-45.439
G1 X-12.542 Y-45.839
G1 X0.000 Y-66.883
G1 X12.542 Y-45.839
G1 X-12.542 Y-45.839
G1 X-11.838 Y-46.239
G1 X0.000 Y-66.102
G1 X11.838 Y-46.239
G1 X-11.838 Y-46.239
G1 X-11.134 Y-46.639
G1 X0.000 Y-65.321
G1 X11.134 Y-46.639
G1 X-11.134 Y-46.639
G1 X-10.430 Y-47.039
G1 X0.000 Y-64.539
G1 X10.430 Y-47.039
G1 X-10.430 Y-47.039
G1 X-9.726 Y-47.439
G1 X0.000 Y-63.758
G1 X9.726 Y-47.439
G1 X-9.726 Y-47.439
G1 X-9.022 Y-47.839
G1 X0.000 Y-62.977
G1 X9.022 Y-47.839
G1 X-9.022 Y-47.839
G1 X-8.318 Y-48.239
G1 X0.000 Y-62.195
G1 X8.318 Y-48.239
G1 X-8.318 Y-48.239
G1 X-7.614 Y-48.639
G1 X0.000 Y-61.414
G1 X7.614 Y-48.639
G1 X-7.614 Y-48.639
G1 X-6.910 Y-49.039
G1 X0.000 Y-60.633
G1 X6.910 Y-49.039
G1 X-6.910 Y-49.039
G1 X-6.206 Y-49.439
G1 X0.000 Y-59.851
G1 X6.206 Y-49.439
G1 X-6.206 Y-49.439
G1 X-5.502 Y-49.839
G1 X0.000 Y-59.070
G1 X5.502 Y-49.839
G1 X-5.502 Y-49.839
G1 X-4.798 Y-50.239
G1 X0.000 Y-58.289
G1 X4.798 Y-50.239
G1 X-4.798 Y-50.239
G1 X-4.094 Y-50.639
G1 X0.000 Y-57.508
G1 X4.094 Y-50.639
G1 X-4.094 Y-50.639
G1 X-3.390 Y-51.039
G1 X0.000 Y-56.726
G1 X3.390 Y-51.039
G1 X-3.390 Y-51.039
G1 X-2.686 Y-51.439
G1 X0.000 Y-55.945
G1 X2.686 Y-51.439
G1 X-2.686 Y-51.439
G1 X-1.981 Y-51.839
G1 X0.000 Y-55.164
G1 X1.981 Y-51.839
G1 X-1.981 Y-51.839
G1 X-1.277 Y-52.239
G1 X0.000 Y-54.382
G1 X1.277 Y-52.239
G1 X-1.277 Y-52.239
G1 X-0.573 Y-52.639
G1 X0.000 Y-53.601
G1 X0.573 Y-52.639
G1 X-0.573 Y-52.639
G1 X-14.700 Y-45.344 Z2.700
G1 X-14.700 Y-45.344
G1 X0.000 Y-70.008
G1 X14.700 Y-45.344
G1 X14.700 Y-44.540
G1 X-14.700 Y-44.540
G1 X-14.700 Y-45.344
G1 X-14.300 Y-45.234
G1 X0.000 Y-69.227
G1 X14.300 Y-45.234
G1 X14.300 Y-44.940
G1 X-14.300 Y-44.940
G1 X-14.300 Y-45.234
G1 X-13.771 Y-45.340
G1 X0.000 Y-68.446
G1 X13.771 Y-45.340
G1 X-13.771 Y-45.340
G1 X-13.067 Y-45.740
G1 X0.000 Y-67.664
G1 X13.067 Y-45.740
G1 X-13.067 Y-45.740
G1 X-12.363 Y-46.140
G1 X0.000 Y-66.883
G1 X12.363 Y-46.140
G1 X-12.363 Y-46.140
G1 X-11.659 Y-46.540
G1 X0.000 Y-66.102
G1 X11.659 Y-46.540
G1 X-11.659 Y-46.540
G1 X-10.955 Y-46.940
G1 X0.000 Y-65.321
G1 X10.955 Y-46.940
G1 X-10.955 Y-46.940
G1 X-10.251 Y-47.340
G1 X0.000 Y-64.539
G1 X10.251 Y-47.340
G1 X-10.251 Y-47.340
G1 X-9.547 Y-47.740
G1 X0.000 Y-63.758
G1 X9.547 Y-47.740
G1 X-9.547 Y-47.740
G1 X-8.843 Y-48.140
G1 X0.000 Y-62.977
G1 X8.843 Y-48.140
G1 X-8.843 Y-48.140
G1 X-8.139 Y-48.540
G1 X0.000 Y-62.195
G1 X8.139 Y-48.540
G1 X-8.139 Y-48.540
G1 X-7.435 Y-48.940
G1 X0.000 Y-61.414
G1 X7.435 Y-48.940
G1 X-7.435 Y-48.940
G1 X-6.730 Y-49.340
G1 X0.000 Y-60.633
G1 X6.730 Y-49.340
G1 X-6.730 Y-49.340
G1 X-6.026 Y-49.740
G1 X0.000 Y-59.851
G1 X6.026 Y-49.740
G1 X-6.026 Y-49.740
G1 X-5.322 Y-50.140
G1 X0.000 Y-59.070
G1 X5.322 Y-50.140
G1 X-5.322 Y-50.140
G1 X-4.618 Y-50.540
G1 X0.000 Y-58.289
G1 X4.618 Y-50.540
G1 X-4.618 Y-50.540
G1 X-3.914 Y-50.940
G1 X-0.000 Y-57.508
G1 X3.914 Y-50.940
G1 X-3.914 Y-50.940
G1 X-3.210 Y-51.340
G1 X-0.000 Y-56.726
G1 X3.210 Y-51.340
G1 X-3.210 Y-51.340
G1 X-2.506 Y-51.740
G1 X-0.000 Y-55.945
G1 X2.506 Y-51.740
G1 X-2.506 Y-51.740
G1 X-1.802 Y-52.140
G1 X-0.000 Y-55.164
G1 X1.802 Y-52.140
G1 X-1.802 Y-52.140
G1 X-1.098 Y-52.540
G1 X-0.000 Y-54.382
G1 X1.098 Y-52.540
G1 X-1.098 Y-52.540
G1 X-0.394 Y-52.940
G1 X-0.000 Y-53.601
G1 X0.394 Y-52.940
G1 X-0.394 Y-52.940
G1 X-14.700 Y-45.344 Z3.100
G1 X-14.700 Y-45.344
G1 X0.000 Y-70.008
G1 X14.700 Y-45.344
G1 X14.700 Y-44.772
G1 X-14.700 Y-44.772
G1 X-14.700 Y-45.344
G1 X-14.300 Y-45.234
G1 X0.000 Y-69.227
G1 X14.300 Y-45.234
G1 X14.300 Y-45.172
G1 X-14.300 Y-45.172
G1 X-14.300 Y-45.234
G1 X-13.633 Y-45.572
G1 X0.000 Y-68.446
G1 X13.633 Y-45.572
G1 X-13.633 Y-45.572
G1 X-12.929 Y-45.972
G1 X0.000 Y-67.664
G1 X12.929 Y-45.972
G1 X-12.929 Y-45.972
G1 X-12.225 Y-46.372
G1 X0.000 Y-66.883
G1 X12.225 Y-46.372
G1 X-12.225 Y-46.372
G1 X-11.521 Y-46.772
G1 X0.000 Y-66.102
G1 X11.521 Y-46.772
G1 X-11.521 Y-46.772
G1 X-10.817 Y-47.172
G1 X0.000 Y-65.321
G1 X10.817 Y-47.172
G1 X-10.817 Y-47.172
G1 X-10.112 Y-47.572
G1 X0.000 Y-64.539
G1 X10.112 Y-47.572
G1 X-10.112 Y-47.572
G1 X-9.408 Y-47.972
G1 X0.000 Y-63.758
G1 X9.408 Y-47.972
G1 X-9.408 Y-47.972
G1 X-8.704 Y-48.372
G1 X0.000 Y-62.977
G1 X8.704 Y-48.372
G1 X-8.704 Y-48.372
G1 X-8.000 Y-48.772
G1 X0.000 Y-62.195
G1 X8.000 Y-48.772
G1 X-8.000 Y-48.772
G1 X-7.296 Y-49.172
G1 X-0.000 Y-61.414
G1 X7.296 Y-49.172
G1 X-7.296 Y-49.172
G1 X-6.592 Y-49.572
G1 X-0.000 Y-60.633
G1 X6.592 Y-49.572
G1 X-6.592 Y-49.572
G1 X-5.888 Y-49.972
G1 X-0.000 Y-59.851
G1 X5.888 Y-49.972
G1 X-5.888 Y-49.972
G1 X-5.184 Y-50.372
G1 X-0.000 Y-59.070
G1 X5.184 Y-50.372
G1 X-5.184 Y-50.372
G1 X-4.480 Y-50.772
G1 X-0.000 Y-58.289
G1 X4.480 Y-50.772
G1 X-4.480 Y-50.772
G1 X-3.776 Y-51.172
G1 X-0.000 Y-57.508
G1 X3.776 Y-51.172
G1 X-3.776 Y-51.172
G1 X-3.072 Y-51.572
G1 X-0.000 Y-56.726
G1 X3.072 Y-51.572
G1 X-3.072 Y-51.572
G1 X-2.368 Y-51.972
G1 X-0.000 Y-55.945
G1 X2.368 Y-51.972
G1 X-2.368 Y-51.972
G1 X-1.664 Y-52.372
G1 X-0.000 Y-55.164
G1 X1.664 Y-52.372
G1 X-1.664 Y-52.372
G1 X-0.960 Y-52.772
G1 X-0.000 Y-54.382
G1 X0.960 Y-52.772
G1 X-0.960 Y-52.772
G1 X-0.256 Y-53.172
G1 X-0.000 Y-53.601
G1 X0.256 Y-53.172
G1 X-0.256 Y-53.172
G1 X-14.700 Y-45.344 Z3.500
G1 X-14.700 Y-45.344
G1 X0.000 Y-70.008
G1 X14.700 Y-45.344
G1 X14.700 Y-44.946
G1 X-14.700 Y-44.946
G1 X-14.700 Y-45.344
G1 X-14.233 Y-45.346
G1 X0.000 Y-69.227
G1 X14.233 Y-45.346
G1 X-14.233 Y-45.346
G1 X-13.529 Y-45.746
G1 X0.000 Y-68.446
G1 X13.529 Y-45.746
G1 X-13.529 Y-45.746
G1 X-12.825 Y-46.146
G1 X0.000 Y-67.664
G1 X12.825 Y-46.146
G1 X-12.825 Y-46.146
G1 X-12.121 Y-46.546
G1 X0.000 Y-66.883
G1 X12.121 Y-46.546
G1 X-12.121 Y-46.546
G1 X-11.417 Y-46.946
G1 X0.000 Y-66.102
G1 X11.417 Y-46.946
G1 X-11.417 Y-46.946
G1 X-10.713 Y-47.346
G1 X0.000 Y-65.321
G1 X10.713 Y-47.346
G1 X-10.713 Y-47.346
G1 X-10.009 Y-47.746
G1 X0.000 Y-64.539
G1 X10.009 Y-47.746
G1 X-10.009 Y-47.746
G1 X-9.305 Y-48.146
G1 X0.000 Y-63.758
G1 X9.305 Y-48.146
G1 X-9.305 Y-48.146
G1 X-8.601 Y-48.546
G1 X0.000 Y-62.977
G1 X8.601 Y-48.546
G1 X-8.601 Y-48.546
G1 X-7.897 Y-48.946
G1 X0.000 Y-62.195
G1 X7.897 Y-48.946
G1 X-7.897 Y-48.946
G1 X-7.193 Y-49.346
G1 X0.000 Y-61.414
G1 X7.193 Y-49.346
G1 X-7.193 Y-49.346
G1 X-6.489 Y-49.746
G1 X0.000 Y-60.633
G1 X6.489 Y-49.746
G1 X-6.489 Y-49.746
G1 X-5.784 Y-50.146
G1 X0.000 Y-59.851
G1 X5.784 Y-50.146
G1 X-5.784 Y-50.146
G1 X-5.080 Y-50.546
G1 X0.000 Y-59.070
G1 X5.080 Y-50.546
G1 X-5.080 Y-50.546
G1 X-4.376 Y-50.946
G1 X0.000 Y-58.289
G1 X4.376 Y-50.946
G1 X-4.376 Y-50.946
G1 X-3.672 Y-51.346
G1 X0.000 Y-57.508
G1 X3.672 Y-51.346
G1 X-3.672 Y-51.346
G1 X-2.968 Y-51.746
G1 X-0.000 Y-56.726
G1 X2.968 Y-51.746
G1 X-2.968 Y-51.746
G1 X-2.264 Y-52.146
G1 X-0.000 Y-55.945
G1 X2.264 Y-52.146
G1 X-2.264 Y-52.146
G1 X-1.560 Y-52.546
G1 X-0.000 Y-55.164
G1 X1.560 Y-52.546
G1 X-1.560 Y-52.546
G1 X-0.856 Y-52.946
G1 X-0.000 Y-54.382
G1 X0.856 Y-52.946
G1 X-0.856 Y-52.946
G1 X-0.152 Y-53.346
G1 X-0.000 Y-53.601
G1 X0.152 Y-53.346
G1 X-0.152 Y-53.346
G1 X-14.700 Y-45.344 Z3.900
G1 X-14.700 Y-45.344
G1 X0.000 Y-70.008
G1 X14.700 Y-45.344
G1 X14.700 Y-45.072
G1 X-14.700 Y-45.072
G1 X-14.700 Y-45.344
G1 X-14.158 Y-45.472
G1 X0.000 Y-69.227
G1 X14.158 Y-45.472
G1 X-14.158 Y-45.472
G1 X-13.454 Y-45.872
G1 X0.000 Y-68.446
G1 X13.454 Y-45.872
G1 X-13.454 Y-45.872
G1 X-12.750 Y-46.272
G1 X0.000 Y-67.664
G1 X12.750 Y-46.272
G1 X-12.750 Y-46.272
G1 X-12.046 Y-46.672
G1 X0.000 Y-66.883
G1 X12.046 Y-46.672
G1 X-12.046 Y-46.672
G1 X-11.342 Y-47.072
G1 X0.000 Y-66.102
G1 X11.342 Y-47.072
G1 X-11.342 Y-47.072
G1 X-10.638 Y-47.472
G1 X0.000 Y-65.321
G1 X10.638 Y-47.472
G1 X-10.638 Y-47.472
G1 X-9.934 Y-47.872
G1 X0.000 Y-64.539
G1 X9.934 Y-47.872
G1 X-9.934 Y-47.872
G1 X-9.230 Y-48.272
G1 X0.000 Y-63.758
G1 X9.230 Y-48.272
G1 X-9.230 Y-48.272
G1 X-8.526 Y-48.672
G1 X0.000 Y-62.977
G1 X8.526 Y-48.672
G1 X-8.526 Y-48.672
G1 X-7.822 Y-49.072
G1 X0.000 Y-62.195
G1 X7.822 Y-49.072
G1 X-7.822 Y-49.072
G1 X-7.117 Y-49.472
G1 X0.000 Y-61.414
G1 X7.117 Y-49.472
G1 X-7.117 Y-49.472
G1 X-6.413 Y-49.872
G1 X0.000 Y-60.633
G1 X6.413 Y-49.872
G1 X-6.413 Y-49.872
G1 X-5.709 Y-50.272
G1 X0.000 Y-59.851
G1 X5.709 Y-50.272
G1 X-5.709 Y-50.272
G1 X-5.005 Y-50.672
G1 X0.000 Y-59.070
G1 X5.005 Y-50.672
G1 X-5.005 Y-50.672
G1 X-4.301 Y-51.072
G1 X-0.000 Y-58.289
G1 X4.301 Y-51.072
G1 X-4.301 Y-51.072
G1 X-3.597 Y-51.472
G1 X-0.000 Y-57.508
G1 X3.597 Y-51.472
G1 X-3.597 Y-51.472
G1 X-2.893 Y-51.872
G1 X-0.000 Y-56.726
G1 X2.893 Y-51.872
G1 X-2.893 Y-51.872
G1 X-2.189 Y-52.272
G1 X-0.000 Y-55.945
G1 X2.189 Y-52.272
G1 X-2.189 Y-52.272
G1 X-1.485 Y-52.672
G1 X-0.000 Y-55.164
G1 X1.485 Y-52.672
G1 X-1.485 Y-52.672
G1 X-0.781 Y-53.072
G1 X-0.000 Y-54.382
G1 X0.781 Y-53.072
G1 X-0.781 Y-53.072
G1 X-0.077 Y-53.472
G1 X-0.000 Y-53.601
G1 X0.077 Y-53.472
G1 X-0.077 Y-53.472
G1 X-14.700 Y-45.344 Z4.300
G1 X-14.700 Y-45.344
G1 X0.000 Y-70.008
G1 X14.700 Y-45.344
G1 X14.700 Y-45.154
G1 X-14.700 Y-45.154
G1 X-14.700 Y-45.344
G1 X-14.109 Y-45.554
G1 X0.000 Y-69.227
G1 X14.109 Y-45.554
G1 X-14.109 Y-45.554
G1 X-13.405 Y-45.954
G1 X0.000 Y-68.446
G1 X13.405 Y-45.954
G1 X-13.405 Y-45.954
G1 X-12.701 Y-46.354
G1 X0.000 Y-67.664
G1 X12.701 Y-46.354
G1 X-12.701 Y-46.354
G1 X-11.997 Y-46.754
G1 X0.000 Y-66.883
G1 X11.997 Y-46.754
G1 X-11.997 Y-46.754
G1 X-11.293 Y-47.154
G1 X0.000 Y-66.102
G1 X11.293 Y-47.154
G1 X-11.293 Y-47.154
G1 X-10.589 Y-47.554
G1 X0.000 Y-65.321
G1 X10.589 Y-47.554
G1 X-10.589 Y-47.554
G1 X-9.885 Y-47.954
G1 X0.000 Y-64.539
G1 X9.885 Y-47.954
G1 X-9.885 Y-47.954
G1 X-9.181 Y-48.354
G1 X0.000 Y-63.758
G1 X9.181 Y-48.354
G1 X-9.181 Y-48.354
G1 X-8.477 Y-48.754
G1 X0.000 Y-62.977
G1 X8.477 Y-48.754
G1 X-8.477 Y-48.754
G1 X-7.773 Y-49.154
G1 X0.000 Y-62.195
G1 X7.773 Y-49.154
G1 X-7.773 Y-49.154
G1 X-7.069 Y-49.554
G1 X0.000 Y-61.414
G1 X7.069 Y-49.554
G1 X-7.069 Y-49.554
G1 X-6.365 Y-49.954
G1 X0.000 Y-60.633
G1 X6.365 Y-49.954
G1 X-6.365 Y-49.954
G1 X-5.660 Y-50.354
G1 X0.000 Y-59.851
G1 X5.660 Y-50.354
G1 X-5.660 Y-50.354
G1 X-4.956 Y-50.754
G1 X0.000 Y-59.070
G1 X4.956 Y-50.754
G1 X-4.956 Y-50.754
G1 X-4.252 Y-51.154
G1 X0.000 Y-58.289
G1 X4.252 Y-51.154
G1 X-4.252 Y-51.154
G1 X-3.548 Y-51.554
G1 X0.000 Y-57.508
G1 X3.548 Y-51.554
G1 X-3.548 Y-51.554
G1 X-2.844 Y-51.954
G1 X0.000 Y-56.726
G1 X2.844 Y-51.954
G1 X-2.844 Y-51.954
G1 X-2.140 Y-52.354
G1 X0.000 Y-55.945
G1 X2.140 Y-52.354
G1 X-2.140 Y-52.354
G1 X-1.436 Y-52.754
G1 X0.000 Y-55.164
G1 X1.436 Y-52.754
G1 X-1.436 Y-52.754
G1 X-0.732 Y-53.154
G1 X0.000 Y-54.382
G1 X0.732 Y-53.154
G1 X-0.732 Y-53.154
G1 X-0.028 Y-53.554
G1 X0.000 Y-53.601
G1 X0.028 Y-53.554
G1 X-0.028 Y-53.554
G1 X-14.700 Y-45.344 Z4.700
G1 X-14.700 Y-45.344
G1 X0.000 Y-70.008
G1 X14.700 Y-45.344
G1 X14.700 Y-45.194
G1 X-14.700 Y-45.194
G1 X-14.700 Y-45.344
G1 X-14.085 Y-45.594
G1 X0.000 Y-69.227
G1 X14.085 Y-45.594
G1 X-14.085 Y-45.594
G1 X-13.381 Y-45.994
G1 X0.000 Y-68.446
G1 X13.381 Y-45.994
G1 X-13.381 Y-45.994
G1 X-12.677 Y-46.394
G1 X0.000 Y-67.664
G1 X12.677 Y-46.394
G1 X-12.677 Y-46.394
G1 X-11.973 Y-46.794
G1 X0.000 Y-66.883
G1 X11.973 Y-46.794
G1 X-11.973 Y-46.794
G1 X-11.269 Y-47.194
G1 X0.000 Y-66.102
G1 X11.269 Y-47.194
G1 X-11.269 Y-47.194
G1 X-10.565 Y-47.594
G1 X0.000 Y-65.321
G1 X10.565 Y-47.594
G1 X-10.565 Y-47.594
G1 X-9.861 Y-47.994
G1 X0.000 Y-64.539
G1 X9.861 Y-47.994
G1 X-9.861 Y-47.994
G1 X-9.157 Y-48.394
G1 X0.000 Y-63.758
G1 X9.157 Y-48.394
G1 X-9.157 Y-48.394
G1 X-8.453 Y-48.794
G1 X0.000 Y-62.977
G1 X8.453 Y-48.794
G1 X-8.453 Y-48.794
G1 X-7.749 Y-49.194
G1 X0.000 Y-62.195
G1 X7.749 Y-49.194
G1 X-7.749 Y-49.194
G1 X-7.045 Y-49.594
G1 X0.000 Y-61.414
G1 X7.045 Y-49.594
G1 X-7.045 Y-49.594
G1 X-6.341 Y-49.994
G1 X0.000 Y-60.633
G1 X6.341 Y-49.994
G1 X-6.341 Y-49.994
G1 X-5.637 Y-50.394
G1 X0.000 Y-59.851
G1 X5.637 Y-50.394
G1 X-5.637 Y-50.394
G1 X-4.933 Y-50.794
G1 X0.000 Y-59.070
G1 X4.933 Y-50.794
G1 X-4.933 Y-50.794
G1 X-4.229 Y-51.194
G1 X0.000 Y-58.289
G1 X4.229 Y-51.194
G1 X-4.229 Y-51.194
G1 X-3.524 Y-51.594
G1 X0.000 Y-57.508
G1 X3.524 Y-51.594
G1 X-3.524 Y-51.594
G1 X-2.820 Y-51.994
G1 X0.000 Y-56.726
G1 X2.820 Y-51.994
G1 X-2.820 Y-51.994
G1 X-2.116 Y-52.394
G1 X0.000 Y-55.945
G1 X2.116 Y-52.394
G1 X-2.116 Y-52.394
G1 X-1.412 Y-52.794
G1 X0.000 Y-55.164
G1 X1.412 Y-52.794
G1 X-1.412 Y-52.794
G1 X-0.708 Y-53.194
G1 X0.000 Y-54.382
G1 X0.708 Y-53.194
G1 X-0.708 Y-53.194
G1 X-0.004 Y-53.594
G1 X0.000 Y-53.601
G1 X0.004 Y-53.594
G1 X-0.004 Y-53.594
M9
G1 Z10.000
G1 X14.900 Y45.399
G1 Z1.100
M7
G4 P150
G1 X14.700 Y45.344 Z1.100
G1 X14.700 Y45.344
G1 X0.000 Y70.008
G1 X-14.700 Y45.344
G1 X-14.700 Y41.200
G1 X14.700 Y41.200
G1 X14.700 Y45.344
G1 X14.300 Y45.234
G1 X0.000 Y69.227
G1 X-14.300 Y45.234
G1 X-14.300 Y41.600
G1 X14.300 Y41.600
G1 X14.300 Y45.234
G1 X13.900 Y45.124
G1 X0.000 Y68.446
G1 X-13.900 Y45.124
G1 X-13.900 Y42.000
G1 X13.900 Y42.000
G1 X13.900 Y45.124
G1 X13.500 Y45.013
G1 X0.000 Y67.664
G1 X-13.500 Y45.013
G1 X-13.500 Y42.400
G1 X13.500 Y42.400
G1 X13.500 Y45.013
G1 X13.100 Y44.903
G1 X0.000 Y66.883
G1 X-13.100 Y44.903
G1 X-13.100 Y42.800
G1 X13.100 Y42.800
G1 X13.100 Y44.903
G1 X12.700 Y44.793
G1 X0.000 Y66.102
G1 X-12.700 Y44.793
G1 X-12.700 Y43.200
G1 X12.700 Y43.200
G1 X12.700 Y44.793
G1 X12.300 Y44.683
G1 X0.000 Y65.321
G1 X-12.300 Y44.683
G1 X-12.300 Y43.600
G1 X12.300 Y43.600
G1 X12.300 Y44.683
G1 X11.900 Y44.573
G1 X0.000 Y64.539
G1 X-11.900 Y44.573
G1 X-11.900 Y44.000
G1 X11.900 Y44.000
G1 X11.900 Y44.573
G1 X11.500 Y44.463
G1 X0.000 Y63.758
G1 X-11.500 Y44.463
G1 X-11.500 Y44.400
G1 X11.500 Y44.400
G1 X11.500 Y44.463
G1 X10.833 Y44.800
G1 X0.000 Y62.977
G1 X-10.833 Y44.800
G1 X10.833 Y44.800
G1 X10.129 Y45.200
G1 X0.000 Y62.195
G1 X-10.129 Y45.200
G1 X10.129 Y45.200
G1 X9.425 Y45.600
G1 X0.000 Y61.414
G1 X-9.425 Y45.600
G1 X9.425 Y45.600
G1 X8.721 Y46.000
G1 X0.000 Y60.633
G1 X-8.721 Y46.000
G1 X8.721 Y46.000
G1 X8.017 Y46.400
G1 X0.000 Y59.851
G1 X-8.017 Y46.400
G1 X8.017 Y46.400
G1 X7.313 Y46.800
G1 X0.000 Y59.070
G1 X-7.313 Y46.800
G1 X7.313 Y46.800
G1 X6.609 Y47.200
G1 X0.000 Y58.289
G1 X-6.609 Y47.200
G1 X6.609 Y47.200
G1 X5.905 Y47.600
G1 X0.000 Y57.508
G1 X-5.905 Y47.600
G1 X5.905 Y47.600
G1 X5.201 Y48.000
G1 X-0.000 Y56.726
G1 X-5.201 Y48.000
G1 X5.201 Y48.000
G1 X4.497 Y48.400
G1 X-0.000 Y55.945
G1 X-4.497 Y48.400
G1 X4.497 Y48.400
G1 X3.793 Y48.800
G1 X-0.000 Y55.164
G1 X-3.793 Y48.800
G1 X3.793 Y48.800
G1 X3.089 Y49.200
G1 X-0.000 Y54.382
G1 X-3.089 Y49.200
G1 X3.089 Y49.200
G1 X2.385 Y49.600
G1 X-0.000 Y53.601
G1 X-2.385 Y49.600
G1 X2.385 Y49.600
G1 X1.681 Y50.000
G1 X-0.000 Y52.820
G1 X-1.681 Y50.000
G1 X1.681 Y50.000
G1 X0.977 Y50.400
G1 X-0.000 Y52.038
G1 X-0.977 Y50.400
G1 X0.977 Y50.400
G1 X0.272 Y50.800
G1 X-0.000 Y51.257
G1 X-0.272 Y50.800
G1 X0.272 Y50.800
G1 X14.700 Y45.344 Z1.500
G1 X14.700 Y45.344
G1 X0.000 Y70.008
G1 X-14.700 Y45.344
G1 X-14.700 Y43.307
G1 X14.700 Y43.307
G1 X14.700 Y45.344
G1 X14.300 Y45.234
G1 X0.000 Y69.227
G1 X-14.300 Y45.234
G1 X-14.300 Y43.707
G1 X14.300 Y43.707
G1 X14.300 Y45.234
G1 X13.900 Y45.124
G1 X0.000 Y68.446
G1 X-13.900 Y45.124
G1 X-13.900 Y44.107
G1 X13.900 Y44.107
G1 X13.900 Y45.124
G1 X13.500 Y45.013
G1 X0.000 Y67.664
G1 X-13.500 Y45.013
G1 X-13.500 Y44.507
G1 X13.500 Y44.507
G1 X13.500 Y45.013
G1 X13.098 Y44.907
G1 X0.000 Y66.883
G1 X-13.098 Y44.907
G1 X13.098 Y44.907
G1 X12.394 Y45.307
G1 X0.000 Y66.102
G1 X-12.394 Y45.307
G1 X12.394 Y45.307
G1 X11.690 Y45.707
G1 X0.000 Y65.321
G1 X-11.690 Y45.707
G1 X11.690 Y45.707
G1 X10.986 Y46.107
G1 X0.000 Y64.539
G1 X-10.986 Y46.107
G1 X10.986 Y46.107
G1 X10.282 Y46.507
G1 X0.000 Y63.758
G1 X-10.282 Y46.507
G1 X10.282 Y46.507
G1 X9.578 Y46.907
G1 X0.000 Y62.977
G1 X-9.578 Y46.907
G1 X9.578 Y46.907
G1 X8.873 Y47.307
G1 X0.000 Y62.195
G1 X-8.873 Y47.307
G1 X8.873 Y47.307
G1 X8.169 Y47.707
G1 X0.000 Y61.414
G1 X-8.169 Y47.707
G1 X8.169 Y47.707
G1 X7.465 Y48.107
G1 X-0.000 Y60.633
G1 X-7.465 Y48.107
G1 X7.465 Y48.107
G1 X6.761 Y48.507
G1 X-0.000 Y59.851
G1 X-6.761 Y48.507
G1 X6.761 Y48.507
G1 X6.057 Y48.907
G1 X-0.000 Y59.070
G1 X-6.057 Y48.907
G1 X6.057 Y48.907
G1 X5.353 Y49.307
G1 X-0.000 Y58.289
G1 X-5.353 Y49.307
G1 X5.353 Y49.307
G1 X4.649 Y49.707
G1 X-0.000 Y57.508
G1 X-4.649 Y49.707
G1 X4.649 Y49.707
G1 X3.945 Y50.107
G1 X-0.000 Y56.726
G1 X-3.945 Y50.107
G1 X3.945 Y50.107
G1 X3.241 Y50.507
G1 X-0.000 Y55.945
G1 X-3.241 Y50.507
G1 X3.241 Y50.507
G1 X2.537 Y50.907
G1 X-0.000 Y55.164
G1 X-2.537 Y50.907
G1 X2.537 Y50.907
G1 X1.833 Y51.307
G1 X-0.000 Y54.382
G1 X-1.833 Y51.307
G1 X1.833 Y51.307
G1 X1.129 Y51.707
G1 X-0.000 Y53.601
G1 X-1.129 Y51.707
G1 X1.129 Y51.707
G1 X0.425 Y52.107
G1 X-0.000 Y52.820
G1 X-0.425 Y52.107
G1 X0.425 Y52.107
G1 X14.700 Y45.344 Z1.900
G1 X14.700 Y45.344
G1 X0.000 Y70.008
G1 X-14.700 Y45.344
G1 X-14.700 Y43.845
G1 X14.700 Y43.845
G1 X14.700 Y45.344
G1 X14.300 Y45.234
G1 X0.000 Y69.227
G1 X-14.300 Y45.234
G1 X-14.300 Y44.245
G1 X14.300 Y44.245
G1 X14.300 Y45.234
G1 X13.900 Y45.124
G1 X0.000 Y68.446
G1 X-13.900 Y45.124
G1 X-13.900 Y44.645
G1 X13.900 Y44.645
G1 X13.900 Y45.124
G1 X13.481 Y45.045
G1 X0.000 Y67.664
G1 X-13.481 Y45.045
G1 X13.481 Y45.045
G1 X12.777 Y45.445
G1 X0.000 Y66.883
G1 X-12.777 Y45.445
G1 X12.777 Y45.445
G1 X12.073 Y45.845
G1 X0.000 Y66.102
G1 X-12.073 Y45.845
G1 X12.073 Y45.845
G1 X11.369 Y46.245
G1 X0.000 Y65.321
G1 X-11.369 Y46.245
G1 X11.369 Y46.245
G1 X10.665 Y46.645
G1 X0.000 Y64.539
G1 X-10.665 Y46.645
G1 X10.665 Y46.645
G1 X9.961 Y47.045
G1 X0.000 Y63.758
G1 X-9.961 Y47.045
G1 X9.961 Y47.045
G1 X9.257 Y47.445
G1 X0.000 Y62.977
G1 X-9.257 Y47.445
G1 X9.257 Y47.445
G1 X8.553 Y47.845
G1 X0.000 Y62.195
G1 X-8.553 Y47.845
G1 X8.553 Y47.845
G1 X7.849 Y48.245
G1 X0.000 Y61.414
G1 X-7.849 Y48.245
G1 X7.849 Y48.245
G1 X7.145 Y48.645
G1 X0.000 Y60.633
G1 X-7.145 Y48.645
G1 X7.145 Y48.645
G1 X6.441 Y49.045
G1 X-0.000 Y59.851
G1 X-6.441 Y49.045
G1 X6.441 Y49.045
G1 X5.737 Y49.445
G1 X-0.000 Y59.070
G1 X-5.737 Y49.445
G1 X5.737 Y49.445
G1 X5.033 Y49.845
G1 X-0.000 Y58.289
G1 X-5.033 Y49.845
G1 X5.033 Y49.845
G1 X4.328 Y50.245
G1 X-0.000 Y57.508
G1 X-4.328 Y50.245
G1 X4.328 Y50.245
G1 X3.624 Y50.645
G1 X-0.000 Y56.726
G1 X-3.624 Y50.645
G1 X3.624 Y50.645
G1 X2.920 Y51.045
G1 X-0.000 Y55.945
G1 X-2.920 Y51.045
G1 X2.920 Y51.045
G1 X2.216 Y51.445
G1 X-0.000 Y55.164
G1 X-2.216 Y51.445
G1 X2.216 Y51.445
G1 X1.512 Y51.845
G1 X-0.000 Y54.382
G1 X-1.512 Y51.845
G1 X1.512 Y51.845
G1 X0.808 Y52.245
G1 X-0.000 Y53.601
G1 X-0.808 Y52.245
G1 X0.808 Y52.245
G1 X0.104 Y52.645
G1 X-0.000 Y52.820
G1 X-0.104 Y52.645
G1 X0.104 Y52.645
G1 X14.700 Y45.344 Z2.300
G1 X14.700 Y45.344
G1 X0.000 Y70.008
G1 X-14.700 Y45.344
G1 X-14.700 Y44.239
G1 X14.700 Y44.239
G1 X14.700 Y45.344
G1 X14.300 Y45.234
G1 X0.000 Y69.227
G1 X-14.300 Y45.234
G1 X-14.300 Y44.639
G1 X14.300 Y44.639
G1 X14.300 Y45.234
G1 X13.900 Y45.124
G1 X0.000 Y68.446
G1 X-13.900 Y45.124
G1 X-13.900 Y45.039
G1 X13.900 Y45.039
G1 X13.900 Y45.124
G1 X13.246 Y45.439
G1 X0.000 Y67.664
G1 X-13.246 Y45.439
G1 X13.246 Y45.439
G1 X12.542 Y45.839
G1 X0.000 Y66.883
G1 X-12.542 Y45.839
G1 X12.542 Y45.839
G1 X11.838 Y46.239
G1 X0.000 Y66.102
G1 X-11.838 Y46.239
G1 X11.838 Y46.239
G1 X11.134 Y46.639
G1 X0.000 Y65.321
G1 X-11.134 Y46.639
G1 X11.134 Y46.639
G1 X10.430 Y47.039
G1 X0.000 Y64.539
G1 X-10.430 Y47.039
G1 X10.430 Y47.039
G1 X9.726 Y47.439
G1 X0.000 Y63.758
G1 X-9.726 Y47.439
G1 X9.726 Y47.439
G1 X9.022 Y47.839
G1 X0.000 Y62.977
G1 X-9.022 Y47.839
G1 X9.022 Y47.839
G1 X8.318 Y48.239
G1 X0.000 Y62.195
G1 X-8.318 Y48.239
G1 X8.318 Y48.239
G1 X7.614 Y48.639
G1 X0.000 Y61.414
G1 X-7.614 Y48.639
G1 X7.614 Y48.639
G1 X6.910 Y49.039
G1 X0.000 Y60.633
G1 X-6.910 Y49.039
G1 X6.910 Y49.039
G1 X6.206 Y49.439
G1 X0.000 Y59.851
G1 X-6.206 Y49.439
G1 X6.206 Y49.439
G1 X5.502 Y49.839
G1 X0.000 Y59.070
G1 X-5.502 Y49.839
G1 X5.502 Y49.839
G1 X4.798 Y50.239
G1 X0.000 Y58.289
G1 X-4.798 Y50.239
G1 X4.798 Y50.239
G1 X4.094 Y50.639
G1 X0.000 Y57.508
G1 X-4.094 Y50.639
G1 X4.094 Y50.639
G1 X3.390 Y51.039
G1 X0.000 Y56.726
G1 X-3.390 Y51.039
G1 X3.390 Y51.039
G1 X2.686 Y51.439
G1 X0.000 Y55.945
G1 X-2.686 Y51.439
G1 X2.686 Y51.439
G1 X1.981 Y51.839
G1 X0.000 Y55.164
G1 X-1.981 Y51.839
G1 X1.981 Y51.839
G1 X1.277 Y52.239
G1 X0.000 Y54.382
G1 X-1.277 Y52.239
G1 X1.277 Y52.239
G1 X0.573 Y52.639
G1 X0.000 Y53.601
G1 X-0.573 Y52.639
G1 X0.573 Y52.639
G1 X14.700 Y45.344 Z2.700
G1 X14.700 Y45.344
G1 X0.000 Y70.008
G1 X-14.700 Y45.344
G1 X-14.700 Y44.540
G1 X14.700 Y44.540
G1 X14.700 Y45.344
G1 X14.300 Y45.234
G1 X0.000 Y69.227
G1 X-14.300 Y45.234
G1 X-14.300 Y44.940
G1 X14.300 Y44.940
G1 X14.300 Y45.234
G1 X13.771 Y45.340
G1 X0.000 Y68.446
G1 X-13.771 Y45.340
G1 X13.771 Y45.340
G1 X13.067 Y45.740
G1 X0.000 Y67.664
G1 X-13.067 Y45.740
G1 X13.067 Y45.740
G1 X12.363 Y46.140
G1 X0.000 Y66.883
G1 X-12.363 Y46.140
G1 X12.363 Y46.140
G1 X11.659 Y46.540
G1 X0.000 Y66.102
G1 X-11.659 Y46.540
G1 X11.659 Y46.540
G1 X10.955 Y46.940
G1 X0.000 Y65.321
G1 X-10.955 Y46.940
G1 X10.955 Y46.940
G1 X10.251 Y47.340
G1 X0.000 Y64.539
G1 X-10.251 Y47.340
G1 X10.251 Y47.340
G1 X9.547 Y47.740
G1 X0.000 Y63.758
G1 X-9.547 Y47.740
G1 X9.547 Y47.740
G1 X8.843 Y48.140
G1 X0.000 Y62.977
G1 X-8.843 Y48.140
G1 X8.843 Y48.140
G1 X8.139 Y48.540
G1 X0.000 Y62.195
G1 X-8.139 Y48.540
G1 X8.139 Y48.540
G1 X7.435 Y48.940
G1 X0.000 Y61.414
G1 X-7.435 Y48.940
G1 X7.435 Y48.940
G1 X6.730 Y49.340
G1 X0.000 Y60.633
G1 X-6.730 Y49.340
G1 X6.730 Y49.340
G1 X6.026 Y49.740
G1 X0.000 Y59.851
G1 X-6.026 Y49.740
G1 X6.026 Y49.740
G1 X5.322 Y50.140
G1 X0.000 Y59.070
G1 X-5.322 Y50.140
G1 X5.322 Y50.140
G1 X4.618 Y50.540
G1 X0.000 Y58.289
G1 X-4.618 Y50.540
G1 X4.618 Y50.540
G1 X3.914 Y50.940
G1 X0.000 Y57.508
G1 X-3.914 Y50.940
G1 X3.914 Y50.940
G1 X3.210 Y51.340
G1 X0.000 Y56.726
G1 X-3.210 Y51.340
G1 X3.210 Y51.340
G1 X2.506 Y51.740
G1 X0.000 Y55.945
G1 X-2.506 Y51.740
G1 X2.506 Y51.740
G1 X1.802 Y52.140
G1 X0.000 Y55.164
G1 X-1.802 Y52.140
G1 X1.802 Y52.140
G1 X1.098 Y52.540
G1 X0.000 Y54.382
G1 X-1.098 Y52.540
G1 X1.098 Y52.540
G1 X0.394 Y52.940
G1 X0.000 Y53.601
G1 X-0.394 Y52.940
G1 X0.394 Y52.940
G1 X14.700 Y45.344 Z3.100
G1 X14.700 Y45.344
G1 X0.000 Y70.008
G1 X-14.700 Y45.344
G1 X-14.700 Y44.772
G1 X14.700 Y44.772
G1 X14.700 Y45.344
G1 X14.300 Y45.234
G1 X0.000 Y69.227
G1 X-14.300 Y45.234
G1 X-14.300 Y45.172
G1 X14.300 Y45.172
G1 X14.300 Y45.234
G1 X13.633 Y45.572
G1 X0.000 Y68.446
G1 X-13.633 Y45.572
G1 X13.633 Y45.572
G1 X12.929 Y45.972
G1 X0.000 Y67.664
G1 X-12.929 Y45.972
G1 X12.929 Y45.972
G1 X12.225 Y46.372
G1 X0.000 Y66.883
G1 X-12.225 Y46.372
G1 X12.225 Y46.372
G1 X11.521 Y46.772
G1 X0.000 Y66.102
G1 X-11.521 Y46.772
G1 X11.521 Y46.772
G1 X10.817 Y47.172
G1 X0.000 Y65.321
G1 X-10.817 Y47.172
G1 X10.817 Y47.172
G1 X10.112 Y47.572
G1 X0.000 Y64.539
G1 X-10.112 Y47.572
G1 X10.112 Y47.572
G1 X9.408 Y47.972
G1 X0.000 Y63.758
G1 X-9.408 Y47.972
G1 X9.408 Y47.972
G1 X8.704 Y48.372
G1 X0.000 Y62.977
G1 X-8.704 Y48.372
G1 X8.704 Y48.372
G1 X8.000 Y48.772
G1 X0.000 Y62.195
G1 X-8.000 Y48.772
G1 X8.000 Y48.772
G1 X7.296 Y49.172
G1 X0.000 Y61.414
G1 X-7.296 Y49.172
G1 X7.296 Y49.172
G1 X6.592 Y49.572
G1 X0.000 Y60.633
G1 X-6.592 Y49.572
G1 X6.592 Y49.572
G1 X5.888 Y49.972
G1 X0.000 Y59.851
G1 X-5.888 Y49.972
G1 X5.888 Y49.972
G1 X5.184 Y50.372
G1 X0.000 Y59.070
G1 X-5.184 Y50.372
G1 X5.184 Y50.372
G1 X4.480 Y50.772
G1 X0.000 Y58.289
G1 X-4.480 Y50.772
G1 X4.480 Y50.772
G1 X3.776 Y51.172
G1 X0.000 Y57.508
G1 X-3.776 Y51.172
G1 X3.776 Y51.172
G1 X3.072 Y51.572
G1 X0.000 Y56.726
G1 X-3.072 Y51.572
G1 X3.072 Y51.572
G1 X2.368 Y51.972
G1 X0.000 Y55.945
G1 X-2.368 Y51.972
G1 X2.368 Y51.972
G1 X1.664 Y52.372
G1 X0.000 Y55.164
G1 X-1.664 Y52.372
G1 X1.664 Y52.372
G1 X0.960 Y52.772
G1 X0.000 Y54.382
G1 X-0.960 Y52.772
G1 X0.960 Y52.772
G1 X0.256 Y53.172
G1 X0.000 Y53.601
G1 X-0.256 Y53.172
G1 X0.256 Y53.172
G1 X14.700 Y45.344 Z3.500
G1 X14.700 Y45.344
G1 X0.000 Y70.008
G1 X-14.700 Y45.344
G1 X-14.700 Y44.946
G1 X14.700 Y44.946
G1 X14.700 Y45.344
G1 X14.233 Y45.346
G1 X0.000 Y69.227
G1 X-14.233 Y45.346
G1 X14.233 Y45.346
G1 X13.529 Y45.746
G1 X0.000 Y68.446
G1 X-13.529 Y45.746
G1 X13.529 Y45.746
G1 X12.825 Y46.146
G1 X0.000 Y67.664
G1 X-12.825 Y46.146
G1 X12.825 Y46.146
G1 X12.121 Y46.546
G1 X0.000 Y66.883
G1 X-12.121 Y46.546
G1 X12.121 Y46.546
G1 X11.417 Y46.946
G1 X0.000 Y66.102
G1 X-11.417 Y46.946
G1 X11.417 Y46.946
G1 X10.713 Y47.346
G1 X0.000 Y65.321
G1 X-10.713 Y47.346
G1 X10.713 Y47.346
G1 X10.009 Y47.746
G1 X0.000 Y64.539
G1 X-10.009 Y47.746
G1 X10.009 Y47.746
G1 X9.305 Y48.146
G1 X0.000 Y63.758
G1 X-9.305 Y48.146
G1 X9.305 Y48.146
G1 X8.601 Y48.546
G1 X0.000 Y62.977
G1 X-8.601 Y48.546
G1 X8.601 Y48.546
G1 X7.897 Y48.946
G1 X0.000 Y62.195
G1 X-7.897 Y48.946
G1 X7.897 Y48.946
G1 X7.193 Y49.346
G1 X0.000 Y61.414
G1 X-7.193 Y49.346
G1 X7.193 Y49.346
G1 X6.489 Y49.746
G1 X0.000 Y60.633
G1 X-6.489 Y49.746
G1 X6.489 Y49.746
G1 X5.784 Y50.146
G1 X0.000 Y59.851
G1 X-5.784 Y50.146
G1 X5.784 Y50.146
G1 X5.080 Y50.546
G1 X0.000 Y59.070
G1 X-5.080 Y50.546
G1 X5.080 Y50.546
G1 X4.376 Y50.946
G1 X0.000 Y58.289
G1 X-4.376 Y50.946
G1 X4.376 Y50.946
G1 X3.672 Y51.346
G1 X0.000 Y57.508
G1 X-3.672 Y51.346
G1 X3.672 Y51.346
G1 X2.968 Y51.746
G1 X0.000 Y56.726
G1 X-2.968 Y51.746
G1 X2.968 Y51.746
G1 X2.264 Y52.146
G1 X0.000 Y55.945
G1 X-2.264 Y52.146
G1 X2.264 Y52.146
G1 X1.560 Y52.546
G1 X0.000 Y55.164
G1 X-1.560 Y52.546
G1 X1.560 Y52.546
G1 X0.856 Y52.946
G1 X0.000 Y54.382
G1 X-0.856 Y52.946
G1 X0.856 Y52.946
G1 X0.152 Y53.346
G1 X0.000 Y53.601
G1 X-0.152 Y53.346
G1 X0.152 Y53.346
G1 X14.700 Y45.344 Z3.900
G1 X14.700 Y45.344
G1 X0.000 Y70.008
G1 X-14.700 Y45.344
G1 X-14.700 Y45.072
G1 X14.700 Y45.072
G1 X14.700 Y45.344
G1 X14.158 Y45.472
G1 X0.000 Y69.227
G1 X-14.158 Y45.472
G1 X14.158 Y45.472
G1 X13.454 Y45.872
G1 X0.000 Y68.446
G1 X-13.454 Y45.872
G1 X13.454 Y45.872
G1 X12.750 Y46.272
G1 X0.000 Y67.664
G1 X-12.750 Y46.272
G1 X12.750 Y46.272
G1 X12.046 Y46.672
G1 X0.000 Y66.883
G1 X-12.046 Y46.672
G1 X12.046 Y46.672
G1 X11.342 Y47.072
G1 X0.000 Y66.102
G1 X-11.342 Y47.072
G1 X11.342 Y47.072
G1 X10.638 Y47.472
G1 X0.000 Y65.321
G1 X-10.638 Y47.472
G1 X10.638 Y47.472
G1 X9.934 Y47.872
G1 X0.000 Y64.539
G1 X-9.934 Y47.872
G1 X9.934 Y47.872
G1 X9.230 Y48.272
G1 X0.000 Y63.758
G1 X-9.230 Y48.272
G1 X9.230 Y48.272
G1 X8.526 Y48.672
G1 X0.000 Y62.977
G1 X-8.526 Y48.672
G1 X8.526 Y48.672
G1 X7.822 Y49.072
G1 X0.000 Y62.195
G1 X-7.822 Y49.072
G1 X7.822 Y49.072
G1 X7.117 Y49.472
G1 X0.000 Y61.414
G1 X-7.117 Y49.472
G1 X7.117 Y49.472
G1 X6.413 Y49.872
G1 X0.000 Y60.633
G1 X-6.413 Y49.872
G1 X6.413 Y49.872
G1 X5.709 Y50.272
G1 X0.000 Y59.851
G1 X-5.709 Y50.272
G1 X5.709 Y50.272
G1 X5.005 Y50.672
G1 X0.000 Y59.070
G1 X-5.005 Y50.672
G1 X5.005 Y50.672
G1 X4.301 Y51.072
G1 X0.000 Y58.289
G1 X-4.301 Y51.072
G1 X4.301 Y51.072
G1 X3.597 Y51.472
G1 X0.000 Y57.508
G1 X-3.597 Y51.472
G1 X3.597 Y51.472
G1 X2.893 Y51.872
G1 X0.000 Y56.726
G1 X-2.893 Y51.872
G1 X2.893 Y51.872
G1 X2.189 Y52.272
G1 X0.000 Y55.945
G1 X-2.189 Y52.272
G1 X2.189 Y52.272
G1 X1.485 Y52.672
G1 X0.000 Y55.164
G1 X-1.485 Y52.672
G1 X1.485 Y52.672
G1 X0.781 Y53.072
G1 X0.000 Y54.382
G1 X-0.781 Y53.072
G1 X0.781 Y53.072
G1 X0.077 Y53.472
G1 X0.000 Y53.601
G1 X-0.077 Y53.472
G1 X0.077 Y53.472
G1 X14.700 Y45.344 Z4.300
G1 X14.700 Y45.344
G1 X0.000 Y70.008
G1 X-14.700 Y45.344
G1 X-14.700 Y45.154
G1 X14.700 Y45.154
G1 X14.700 Y45.344
G1 X14.109 Y45.554
G1 X0.000 Y69.227
G1 X-14.109 Y45.554
G1 X14.109 Y45.554
G1 X13.405 Y45.954
G1 X0.000 Y68.446
G1 X-13.405 Y45.954
G1 X13.405 Y45.954
G1 X12.701 Y46.354
G1 X0.000 Y67.664
G1 X-12.701 Y46.354
G1 X12.701 Y46.354
G1 X11.997 Y46.754
G1 X0.000 Y66.883
G1 X-11.997 Y46.754
G1 X11.997 Y46.754
G1 X11.293 Y47.154
G1 X0.000 Y66.102
G1 X-11.293 Y47.154
G1 X11.293 Y47.154
G1 X10.589 Y47.554
G1 X0.000 Y65.321
G1 X-10.589 Y47.554
G1 X10.589 Y47.554
G1 X9.885 Y47.954
G1 X0.000 Y64.539
G1 X-9.885 Y47.954
G1 X9.885 Y47.954
G1 X9.181 Y48.354
G1 X0.000 Y63.758
G1 X-9.181 Y48.354
G1 X9.181 Y48.354
G1 X8.477 Y48.754
G1 X-0.000 Y62.977
G1 X-8.477 Y48.754
G1 X8.477 Y48.754
G1 X7.773 Y49.154
G1 X-0.000 Y62.195
G1 X-7.773 Y49.154
G1 X7.773 Y49.154
G1 X7.069 Y49.554
G1 X-0.000 Y61.414
G1 X-7.069 Y49.554
G1 X7.069 Y49.554
G1 X6.365 Y49.954
G1 X-0.000 Y60.633
G1 X-6.365 Y49.954
G1 X6.365 Y49.954
G1 X5.660 Y50.354
G1 X-0.000 Y59.851
G1 X-5.660 Y50.354
G1 X5.660 Y50.354
G1 X4.956 Y50.754
G1 X-0.000 Y59.070
G1 X-4.956 Y50.754
G1 X4.956 Y50.754
G1 X4.252 Y51.154
G1 X-0.000 Y58.289
G1 X-4.252 Y51.154
G1 X4.252 Y51.154
G1 X3.548 Y51.554
G1 X-0.000 Y57.508
G1 X-3.548 Y51.554
G1 X3.548 Y51.554
G1 X2.844 Y51.954
G1 X-0.000 Y56.726
G1 X-2.844 Y51.954
G1 X2.844 Y51.954
G1 X2.140 Y52.354
G1 X-0.000 Y55.945
G1 X-2.140 Y52.354
G1 X2.140 Y52.354
G1 X1.436 Y52.754
G1 X-0.000 Y55.164
G1 X-1.436 Y52.754
G1 X1.436 Y52.754
G1 X0.732 Y53.154
G1 X-0.000 Y54.382
G1 X-0.732 Y53.154
G1 X0.732 Y53.154
G1 X0.028 Y53.554
G1 X-0.000 Y53.601
G1 X-0.028 Y53.554
G1 X0.028 Y53.554
G1 X14.700 Y45.344 Z4.700
G1 X14.700 Y45.344
G1 X0.000 Y70.008
G1 X-14.700 Y45.344
G1 X-14.700 Y45.194
G1 X14.700 Y45.194
G1 X14.700 Y45.344
G1 X14.085 Y45.594
G1 X0.000 Y69.227
G1 X-14.085 Y45.594
G1 X14.085 Y45.594
G1 X13.381 Y45.994
G1 X0.000 Y68.446
G1 X-13.381 Y45.994
G1 X13.381 Y45.994
G1 X12.677 Y46.394
G1 X0.000 Y67.664
G1 X-12.677 Y46.394
G1 X12.677 Y46.394
G1 X11.973 Y46.794
G1 X0.000 Y66.883
G1 X-11.973 Y46.794
G1 X11.973 Y46.794
G1 X11.269 Y47.194
G1 X0.000 Y66.102
G1 X-11.269 Y47.194
G1 X11.269 Y47.194
G1 X10.565 Y47.594
G1 X0.000 Y65.321
G1 X-10.565 Y47.594
G1 X10.565 Y47.594
G1 X9.861 Y47.994
G1 X0.000 Y64.539
G1 X-9.861 Y47.994
G1 X9.861 Y47.994
G1 X9.157 Y48.394
G1 X0.000 Y63.758
G1 X-9.157 Y48.394
G1 X9.157 Y48.394
G1 X8.453 Y48.794
G1 X0.000 Y62.977
G1 X-8.453 Y48.794
G1 X8.453 Y48.794
G1 X7.749 Y49.194
G1 X-0.000 Y62.195
G1 X-7.749 Y49.194
G1 X7.749 Y49.194
G1 X7.045 Y49.594
G1 X-0.000 Y61.414
G1 X-7.045 Y49.594
G1 X7.045 Y49.594
G1 X6.341 Y49.994
G1 X-0.000 Y60.633
G1 X-6.341 Y49.994
G1 X6.341 Y49.994
G1 X5.637 Y50.394
G1 X-0.000 Y59.851
G1 X-5.637 Y50.394
G1 X5.637 Y50.394
G1 X4.933 Y50.794
G1 X-0.000 Y59.070
G1 X-4.933 Y50.794
G1 X4.933 Y50.794
G1 X4.229 Y51.194
G1 X-0.000 Y58.289
G1 X-4.229 Y51.194
G1 X4.229 Y51.194
G1 X3.524 Y51.594
G1 X-0.000 Y57.508
G1 X-3.524 Y51.594
G1 X3.524 Y51.594
G1 X2.820 Y51.994
G1 X-0.000 Y56.726
G1 X-2.820 Y51.994
G1 X2.820 Y51.994
G1 X2.116 Y52.394
G1 X-0.000 Y55.945
G1 X-2.116 Y52.394
G1 X2.116 Y52.394
G1 X1.412 Y52.794
G1 X-0.000 Y55.164
G1 X-1.412 Y52.794
G1 X1.412 Y52.794
G1 X0.708 Y53.194
G1 X-0.000 Y54.382
G1 X-0.708 Y53.194
G1 X0.708 Y53.194
G1 X0.004 Y53.594
G1 X-0.000 Y53.601
G1 X-0.004 Y53.594
G1 X0.004 Y53.594
M9
G1 Z10.000
G1 X-14.899 Y-40.999
G1 Z1.100
M7
G4 P150
G1 X-14.701 Y-40.799 Z1.100
G1 X-14.701 Y-40.799
G1 X14.701 Y-40.799
G1 X14.797 Y-29.200
G1 X-14.797 Y-29.200
G1 X-14.701 Y-40.799
G1 X-14.304 Y-40.399
G1 X14.304 Y-40.399
G1 X14.394 Y-29.600
G1 X-14.394 Y-29.600
G1 X-14.304 Y-40.399
G1 X-13.907 Y-39.999
G1 X13.907 Y-39.999
G1 X13.991 Y-30.000
G1 X-13.991 Y-30.000
G1 X-13.907 Y-39.999
G1 X-13.511 Y-39.599
G1 X13.511 Y-39.599
G1 X13.587 Y-30.400
G1 X-13.587 Y-30.400
G1 X-13.511 Y-39.599
G1 X-13.114 Y-39.199
G1 X13.114 Y-39.199
G1 X13.184 Y-30.800
G1 X-13.184 Y-30.800
G1 X-13.114 Y-39.199
G1 X-12.717 Y-38.799
G1 X12.717 Y-38.799
G1 X12.781 Y-31.200
G1 X-12.781 Y-31.200
G1 X-12.717 Y-38.799
G1 X-12.321 Y-38.399
G1 X12.321 Y-38.399
G1 X12.377 Y-31.600
G1 X-12.377 Y-31.600
G1 X-12.321 Y-38.399
G1 X-11.924 Y-37.999
G1 X11.924 Y-37.999
G1 X11.974 Y-32.000
G1 X-11.974 Y-32.000
G1 X-11.924 Y-37.999
G1 X-11.527 Y-37.599
G1 X11.527 Y-37.599
G1 X11.571 Y-32.400
G1 X-11.571 Y-32.400
G1 X-11.527 Y-37.599
G1 X-11.131 Y-37.199
G1 X11.131 Y-37.199
G1 X11.167 Y-32.800
G1 X-11.167 Y-32.800
G1 X-11.131 Y-37.199
G1 X-10.734 Y-36.799
G1 X10.734 Y-36.799
G1 X10.764 Y-33.200
G1 X-10.764 Y-33.200
G1 X-10.734 Y-36.799
G1 X-10.337 Y-36.399
G1 X10.337 Y-36.399
G1 X10.361 Y-33.600
G1 X-10.361 Y-33.600
G1 X-10.337 Y-36.399
G1 X-9.940 Y-35.999
G1 X9.940 Y-35.999
G1 X9.957 Y-34.000
G1 X-9.957 Y-34.000
G1 X-9.940 Y-35.999
G1 X-9.544 Y-35.599
G1 X9.544 Y-35.599
G1 X9.554 Y-34.400
G1 X-9.554 Y-34.400
G1 X-9.544 Y-35.599
G1 X-9.147 Y-35.199
G1 X9.147 Y-35.199
G1 X9.150 Y-34.800
G1 X-9.150 Y-34.800
G1 X-9.147 Y-35.199
G1 X-14.719 Y-38.692 Z1.500
G1 X-14.719 Y-38.692
G1 X14.719 Y-38.692
G1 X14.780 Y-31.307
G1 X-14.780 Y-31.307
G1 X-14.719 Y-38.692
G1 X-14.322 Y-38.292
G1 X14.322 Y-38.292
G1 X14.377 Y-31.707
G1 X-14.377 Y-31.707
G1 X-14.322 Y-38.292
G1 X-13.925 Y-37.892
G1 X13.925 Y-37.892
G1 X13.974 Y-32.107
G1 X-13.974 Y-32.107
G1 X-13.925 Y-37.892
G1 X-13.529 Y-37.492
G1 X13.529 Y-37.492
G1 X13.570 Y-32.507
G1 X-13.570 Y-32.507
G1 X-13.529 Y-37.492
G1 X-13.132 Y-37.092
G1 X13.132 Y-37.092
G1 X13.167 Y-32.907
G1 X-13.167 Y-32.907
G1 X-13.132 Y-37.092
G1 X-12.735 Y-36.692
G1 X12.735 Y-36.692
G1 X12.764 Y-33.307
G1 X-12.764 Y-33.307
G1 X-12.735 Y-36.692
G1 X-12.339 Y-36.292
G1 X12.339 Y-36.292
G1 X12.360 Y-33.707
G1 X-12.360 Y-33.707
G1 X-12.339 Y-36.292
G1 X-11.942 Y-35.892
G1 X11.942 Y-35.892
G1 X11.957 Y-34.107
G1 X-11.957 Y-34.107
G1 X-11.942 Y-35.892
G1 X-11.545 Y-35.492
G1 X11.545 Y-35.492
G1 X11.553 Y-34.507
G1 X-11.553 Y-34.507
G1 X-11.545 Y-35.492
G1 X-11.149 Y-35.092
G1 X11.149 Y-35.092
G1 X11.150 Y-34.907
G1 X-11.150 Y-34.907
G1 X-11.149 Y-35.092
G1 X-14.724 Y-38.154 Z1.900
G1 X-14.724 Y-38.154
G1 X14.724 Y-38.154
G1 X14.775 Y-31.845
G1 X-14.775 Y-31.845
G1 X-14.724 Y-38.154
G1 X-14.327 Y-37.754
G1 X14.327 Y-37.754
G1 X14.372 Y-32.245
G1 X-14.372 Y-32.245
G1 X-14.327 Y-37.754
G1 X-13.930 Y-37.354
G1 X13.930 Y-37.354
G1 X13.969 Y-32.645
G1 X-13.969 Y-32.645
G1 X-13.930 Y-37.354
G1 X-13.533 Y-36.954
G1 X13.533 Y-36.954
G1 X13.565 Y-33.045
G1 X-13.565 Y-33.045
G1 X-13.533 Y-36.954
G1 X-13.137 Y-36.554
G1 X13.137 Y-36.554
G1 X13.162 Y-33.445
G1 X-13.162 Y-33.445
G1 X-13.137 Y-36.554
G1 X-12.740 Y-36.154
G1 X12.740 Y-36.154
G1 X12.759 Y-33.845
G1 X-12.759 Y-33.845
G1 X-12.740 Y-36.154
G1 X-12.343 Y-35.754
G1 X12.343 Y-35.754
G1 X12.356 Y-34.245
G1 X-12.356 Y-34.245
G1 X-12.343 Y-35.754
G1 X-11.946 Y-35.354
G1 X11.946 Y-35.354
G1 X11.952 Y-34.645
G1 X-11.952 Y-34.645
G1 X-11.946 Y-35.354
M9
G1 Z10.000
G1 X-14.925 Y-37.960
G1 Z2.300
M7
G4 P150
G1 X-14.727 Y-37.760 Z2.300
G1 X-14.727 Y-37.760
G1 X-0.927 Y-37.760
G1 X-0.972 Y-32.239
G1 X-14.772 Y-32.239
G1 X-14.727 Y-37.760
G1 X-14.330 Y-37.360
G1 X-1.330 Y-37.360
G1 X-1.369 Y-32.639
G1 X-14.369 Y-32.639
G1 X-14.330 Y-37.360
G1 X-13.933 Y-36.960
G1 X-1.733 Y-36.960
G1 X-1.766 Y-33.039
G1 X-13.966 Y-33.039
G1 X-13.933 Y-36.960
G1 X-13.537 Y-36.560
G1 X-2.137 Y-36.560
G1 X-2.162 Y-33.439
G1 X-13.562 Y-33.439
G1 X-13.537 Y-36.560
G1 X-13.140 Y-36.160
G1 X-2.540 Y-36.160
G1 X-2.559 Y-33.839
G1 X-13.159 Y-33.839
G1 X-13.140 Y-36.160
G1 X-12.743 Y-35.760
G1 X-2.943 Y-35.760
G1 X-2.956 Y-34.239
G1 X-12.756 Y-34.239
G1 X-12.743 Y-35.760
G1 X-12.346 Y-35.360
G1 X-3.347 Y-35.360
G1 X-3.353 Y-34.639
G1 X-12.352 Y-34.639
G1 X-12.346 Y-35.360
G1 X-14.729 Y-37.459 Z2.700
G1 X-14.729 Y-37.459
G1 X-0.929 Y-37.459
G1 X-0.970 Y-32.540
G1 X-14.770 Y-32.540
G1 X-14.729 Y-37.459
G1 X-14.332 Y-37.059
G1 X-1.332 Y-37.059
G1 X-1.367 Y-32.940
G1 X-14.367 Y-32.940
G1 X-14.332 Y-37.059
G1 X-13.935 Y-36.659
G1 X-1.735 Y-36.659
G1 X-1.764 Y-33.340
G1 X-13.964 Y-33.340
G1 X-13.935 Y-36.659
G1 X-13.539 Y-36.259
G1 X-2.139 Y-36.259
G1 X-2.160 Y-33.740
G1 X-13.560 Y-33.740
G1 X-13.539 Y-36.259
G1 X-13.142 Y-35.859
G1 X-2.542 Y-35.859
G1 X-2.557 Y-34.140
G1 X-13.157 Y-34.140
G1 X-13.142 Y-35.859
G1 X-12.746 Y-35.459
G1 X-2.946 Y-35.459
G1 X-2.953 Y-34.540
G1 X-12.753 Y-34.540
G1 X-12.746 Y-35.459
G1 X-12.349 Y-35.059
G1 X-3.349 Y-35.059
G1 X-3.350 Y-34.940
G1 X-12.350 Y-34.940
G1 X-12.349 Y-35.059
G1 X-14.731 Y-37.227 Z3.100
G1 X-14.731 Y-37.227
G1 X-0.931 Y-37.227
G1 X-0.968 Y-32.772
G1 X-14.768 Y-32.772
G1 X-14.731 Y-37.227
G1 X-14.334 Y-36.827
G1 X-1.334 Y-36.827
G1 X-1.365 Y-33.172
G1 X-14.365 Y-33.172
G1 X-14.334 Y-36.827
G1 X-13.937 Y-36.427
G1 X-1.737 Y-36.427
G1 X-1.762 Y-33.572
G1 X-13.962 Y-33.572
G1 X-13.937 Y-36.427
G1 X-13.541 Y-36.027
G1 X-2.141 Y-36.027
G1 X-2.158 Y-33.972
G1 X-13.558 Y-33.972
G1 X-13.541 Y-36.027
G1 X-13.144 Y-35.627
G1 X-2.544 Y-35.627
G1 X-2.555 Y-34.372
G1 X-13.155 Y-34.372
G1 X-13.144 Y-35.627
G1 X-12.748 Y-35.227
G1 X-2.948 Y-35.227
G1 X-2.951 Y-34.772
G1 X-12.751 Y-34.772
G1 X-12.748 Y-35.227
G1 X-14.733 Y-37.053 Z3.500
G1 X-14.733 Y-37.053
G1 X-0.933 Y-37.053
G1 X-0.966 Y-32.946
G1 X-14.766 Y-32.946
G1 X-14.733 Y-37.053
G1 X-14.336 Y-36.653
G1 X-1.336 Y-36.653
G1 X-1.363 Y-33.346
G1 X-14.363 Y-33.346
G1 X-14.336 Y-36.653
G1 X-13.939 Y-36.253
G1 X-1.739 Y-36.253
G1 X-1.760 Y-33.746
G1 X-13.960 Y-33.746
G1 X-13.939 Y-36.253
G1 X-13.542 Y-35.853
G1 X-2.143 Y-35.853
G1 X-2.157 Y-34.146
G1 X-13.556 Y-34.146
G1 X-13.542 Y-35.853
G1 X-13.146 Y-35.453
G1 X-2.546 Y-35.453
G1 X-2.553 Y-34.546
G1 X-13.153 Y-34.546
G1 X-13.146 Y-35.453
G1 X-12.749 Y-35.053
G1 X-2.949 Y-35.053
G1 X-2.950 Y-34.946
G1 X-12.750 Y-34.946
G1 X-12.749 Y-35.053
M9
G1 Z10.000
G1 X0.725 Y-37.960
G1 Z2.300
M7
G4 P150
G1 X0.927 Y-37.760 Z2.300
G1 X0.927 Y-37.760
G1 X14.727 Y-37.760
G1 X14.772 Y-32.239
G1 X0.972 Y-32.239
G1 X0.927 Y-37.760
G1 X1.330 Y-37.360
G1 X14.330 Y-37.360
G1 X14.369 Y-32.639
G1 X1.369 Y-32.639
G1 X1.330 Y-37.360
G1 X1.733 Y-36.960
G1 X13.933 Y-36.960
G1 X13.966 Y-33.039
G1 X1.766 Y-33.039
G1 X1.733 Y-36.960
G1 X2.137 Y-36.560
G1 X13.537 Y-36.560
G1 X13.562 Y-33.439
G1 X2.162 Y-33.439
G1 X2.137 Y-36.560
G1 X2.540 Y-36.160
G1 X13.140 Y-36.160
G1 X13.159 Y-33.839
G1 X2.559 Y-33.839
G1 X2.540 Y-36.160
G1 X2.943 Y-35.760
G1 X12.743 Y-35.760
G1 X12.756 Y-34.239
G1 X2.956 Y-34.239
G1 X2.943 Y-35.760
G1 X3.347 Y-35.360
G1 X12.346 Y-35.360
G1 X12.352 Y-34.639
G1 X3.353 Y-34.639
G1 X3.347 Y-35.360
G1 X0.929 Y-37.459 Z2.700
G1 X0.929 Y-37.459
G1 X14.729 Y-37.459
G1 X14.770 Y-32.540
G1 X0.970 Y-32.540
G1 X0.929 Y-37.459
G1 X1.332 Y-37.059
G1 X14.332 Y-37.059
G1 X14.367 Y-32.940
G1 X1.367 Y-32.940
G1 X1.332 Y-37.059
G1 X1.735 Y-36.659
G1 X13.935 Y-36.659
G1 X13.964 Y-33.340
G1 X1.764 Y-33.340
G1 X1.735 Y-36.659
G1 X2.139 Y-36.259
G1 X13.539 Y-36.259
G1 X13.560 Y-33.740
G1 X2.160 Y-33.740
G1 X2.139 Y-36.259
G1 X2.542 Y-35.859
G1 X13.142 Y-35.859
G1 X13.157 Y-34.140
G1 X2.557 Y-34.140
G1 X2.542 Y-35.859
G1 X2.946 Y-35.459
G1 X12.746 Y-35.459
G1 X12.753 Y-34.540
G1 X2.953 Y-34.540
G1 X2.946 Y-35.459
G1 X3.349 Y-35.059
G1 X12.349 Y-35.059
G1 X12.350 Y-34.940
G1 X3.350 Y-34.940
G1 X3.349 Y-35.059
G1 X0.931 Y-37.227 Z3.100
G1 X0.931 Y-37.227
G1 X14.731 Y-37.227
G1 X14.768 Y-32.772
G1 X0.968 Y-32.772
G1 X0.931 Y-37.227
G1 X1.334 Y-36.827
G1 X14.334 Y-36.827
G1 X14.365 Y-33.172
G1 X1.365 Y-33.172
G1 X1.334 Y-36.827
G1 X1.737 Y-36.427
G1 X13.937 Y-36.427
G1 X13.962 Y-33.572
G1 X1.762 Y-33.572
G1 X1.737 Y-36.427
G1 X2.141 Y-36.027
G1 X13.541 Y-36.027
G1 X13.558 Y-33.972
G1 X2.158 Y-33.972
G1 X2.141 Y-36.027
G1 X2.544 Y-35.627
G1 X13.144 Y-35.627
G1 X13.155 Y-34.372
G1 X2.555 Y-34.372
G1 X2.544 Y-35.627
G1 X2.948 Y-35.227
G1 X12.748 Y-35.227
G1 X12.751 Y-34.772
G1 X2.951 Y-34.772
G1 X2.948 Y-35.227
G1 X0.933 Y-37.053 Z3.500
G1 X0.933 Y-37.053
G1 X14.733 Y-37.053
G1 X14.766 Y-32.946
G1 X0.966 Y-32.946
G1 X0.933 Y-37.053
G1 X1.336 Y-36.653
G1 X14.336 Y-36.653
G1 X14.363 Y-33.346
G1 X1.363 Y-33.346
G1 X1.336 Y-36.653
G1 X1.739 Y-36.253
G1 X13.939 Y-36.253
G1 X13.960 Y-33.746
G1 X1.760 Y-33.746
G1 X1.739 Y-36.253
G1 X2.143 Y-35.853
G1 X13.542 Y-35.853
G1 X13.556 Y-34.146
G1 X2.157 Y-34.146
G1 X2.143 Y-35.853
G1 X2.546 Y-35.453
G1 X13.146 Y-35.453
G1 X13.153 Y-34.546
G1 X2.553 Y-34.546
G1 X2.546 Y-35.453
G1 X2.949 Y-35.053
G1 X12.749 Y-35.053
G1 X12.750 Y-34.946
G1 X2.950 Y-34.946
G1 X2.949 Y-35.053
M9
G1 Z10.000
G1 X-14.932 Y-37.127
G1 Z3.900
M7
G4 P150
G1 X-14.734 Y-36.927 Z3.900
G1 X-14.734 Y-36.927
G1 X14.734 Y-36.927
G1 X14.765 Y-33.072
G1 X-14.765 Y-33.072
G1 X-14.734 Y-36.927
G1 X-14.337 Y-36.527
G1 X14.337 Y-36.527
G1 X14.362 Y-33.472
G1 X-14.362 Y-33.472
G1 X-14.337 Y-36.527
G1 X-13.940 Y-36.127
G1 X13.940 Y-36.127
G1 X13.959 Y-33.872
G1 X-13.959 Y-33.872
G1 X-13.940 Y-36.127
G1 X-13.543 Y-35.727
G1 X13.543 Y-35.727
G1 X13.555 Y-34.272
G1 X-13.555 Y-34.272
G1 X-13.543 Y-35.727
G1 X-13.147 Y-35.327
G1 X13.147 Y-35.327
G1 X13.152 Y-34.672
G1 X-13.152 Y-34.672
G1 X-13.147 Y-35.327
G1 X-14.734 Y-36.845 Z4.300
G1 X-14.734 Y-36.845
G1 X14.734 Y-36.845
G1 X14.765 Y-33.154
G1 X-14.765 Y-33.154
G1 X-14.734 Y-36.845
G1 X-14.337 Y-36.445
G1 X14.337 Y-36.445
G1 X14.362 Y-33.554
G1 X-14.362 Y-33.554
G1 X-14.337 Y-36.445
G1 X-13.941 Y-36.045
G1 X13.941 Y-36.045
G1 X13.958 Y-33.954
G1 X-13.958 Y-33.954
G1 X-13.941 Y-36.045
G1 X-13.544 Y-35.645
G1 X13.544 Y-35.645
G1 X13.555 Y-34.354
G1 X-13.555 Y-34.354
G1 X-13.544 Y-35.645
G1 X-13.147 Y-35.245
G1 X13.147 Y-35.245
G1 X13.152 Y-34.754
G1 X-13.152 Y-34.754
G1 X-13.147 Y-35.245
G1 X-14.735 Y-36.805 Z4.700
G1 X-14.735 Y-36.805
G1 X14.735 Y-36.805
G1 X14.764 Y-33.194
G1 X-14.764 Y-33.194
G1 X-14.735 Y-36.805
G1 X-14.338 Y-36.405
G1 X14.338 Y-36.405
G1 X14.361 Y-33.594
G1 X-14.361 Y-33.594
G1 X-14.338 Y-36.405
G1 X-13.941 Y-36.005
G1 X13.941 Y-36.005
G1 X13.958 Y-33.994
G1 X-13.958 Y-33.994
G1 X-13.941 Y-36.005
G1 X-13.544 Y-35.605
G1 X13.544 Y-35.605
G1 X13.554 Y-34.394
G1 X-13.554 Y-34.394
G1 X-13.544 Y-35.605
G1 X-13.148 Y-35.205
G1 X13.148 Y-35.205
G1 X13.151 Y-34.794
G1 X-13.151 Y-34.794
G1 X-13.148 Y-35.205
M9
G1 Z10.000
G1 X14.899 Y40.999
G1 Z1.100
M7
G4 P150
G1 X14.701 Y40.799 Z1.100
G1 X14.701 Y40.799
G1 X-14.701 Y40.799
G1 X-14.797 Y29.200
G1 X14.797 Y29.200
G1 X14.701 Y40.799
G1 X14.304 Y40.399
G1 X-14.304 Y40.399
G1 X-14.394 Y29.600
G1 X14.394 Y29.600
G1 X14.304 Y40.399
G1 X13.907 Y39.999
G1 X-13.907 Y39.999
G1 X-13.991 Y30.000
G1 X13.991 Y30.000
G1 X13.907 Y39.999
G1 X13.511 Y39.599
G1 X-13.511 Y39.599
G1 X-13.587 Y30.400
G1 X13.587 Y30.400
G1 X13.511 Y39.599
G1 X13.114 Y39.199
G1 X-13.114 Y39.199
G1 X-13.184 Y30.800
G1 X13.184 Y30.800
G1 X13.114 Y39.199
G1 X12.717 Y38.799
G1 X-12.717 Y38.799
G1 X-12.781 Y31.200
G1 X12.781 Y31.200
G1 X12.717 Y38.799
G1 X12.321 Y38.399
G1 X-12.321 Y38.399
G1 X-12.377 Y31.600
G1 X12.377 Y31.600
G1 X12.321 Y38.399
G1 X11.924 Y37.999
G1 X-11.924 Y37.999
G1 X-11.974 Y32.000
G1 X11.974 Y32.000
G1 X11.924 Y37.999
G1 X11.527 Y37.599
G1 X-11.527 Y37.599
G1 X-11.571 Y32.400
G1 X11.571 Y32.400
G1 X11.527 Y37.599
G1 X11.131 Y37.199
G1 X-11.131 Y37.199
G1 X-11.167 Y32.800
G1 X11.167 Y32.800
G1 X11.131 Y37.199
G1 X10.734 Y36.799
G1 X-10.734 Y36.799
G1 X-10.764 Y33.200
G1 X10.764 Y33.200
G1 X10.734 Y36.799
G1 X10.337 Y36.399
G1 X-10.337 Y36.399
G1 X-10.361 Y33.600
G1 X10.361 Y33.600
G1 X10.337 Y36.399
G1 X9.940 Y35.999
G1 X-9.940 Y35.999
G1 X-9.957 Y34.000
G1 X9.957 Y34.000
G1 X9.940 Y35.999
G1 X9.544 Y35.599
G1 X-9.544 Y35.599
G1 X-9.554 Y34.400
G1 X9.554 Y34.400
G1 X9.544 Y35.599
G1 X9.147 Y35.199
G1 X-9.147 Y35.199
G1 X-9.150 Y34.800
G1 X9.150 Y34.800
G1 X9.147 Y35.199
G1 X14.719 Y38.692 Z1.500
G1 X14.719 Y38.692
G1 X-14.719 Y38.692
G1 X-14.780 Y31.307
G1 X14.780 Y31.307
G1 X14.719 Y38.692
G1 X14.322 Y38.292
G1 X-14.322 Y38.292
G1 X-14.377 Y31.707
G1 X14.377 Y31.707
G1 X14.322 Y38.292
G1 X13.925 Y37.892
G1 X-13.925 Y37.892
G1 X-13.974 Y32.107
G1 X13.974 Y32.107
G1 X13.925 Y37.892
G1 X13.529 Y37.492
G1 X-13.529 Y37.492
G1 X-13.570 Y32.507
G1 X13.570 Y32.507
G1 X13.529 Y37.492
G1 X13.132 Y37.092
G1 X-13.132 Y37.092
G1 X-13.167 Y32.907
G1 X13.167 Y32.907
G1 X13.132 Y37.092
G1 X12.735 Y36.692
G1 X-12.735 Y36.692
G1 X-12.764 Y33.307
G1 X12.764 Y33.307
G1 X12.735 Y36.692
G1 X12.339 Y36.292
G1 X-12.339 Y36.292
G1 X-12.360 Y33.707
G1 X12.360 Y33.707
G1 X12.339 Y36.292
G1 X11.942 Y35.892
G1 X-11.942 Y35.892
G1 X-11.957 Y34.107
G1 X11.957 Y34.107
G1 X11.942 Y35.892
G1 X11.545 Y35.492
G1 X-11.545 Y35.492
G1 X-11.553 Y34.507
G1 X11.553 Y34.507
G1 X11.545 Y35.492
G1 X11.149 Y35.092
G1 X-11.149 Y35.092
G1 X-11.150 Y34.907
G1 X11.150 Y34.907
G1 X11.149 Y35.092
G1 X14.724 Y38.154 Z1.900
G1 X14.724 Y38.154
G1 X-14.724 Y38.154
G1 X-14.775 Y31.845
G1 X14.775 Y31.845
G1 X14.724 Y38.154
G1 X14.327 Y37.754
G1 X-14.327 Y37.754
G1 X-14.372 Y32.245
G1 X14.372 Y32.245
G1 X14.327 Y37.754
G1 X13.930 Y37.354
G1 X-13.930 Y37.354
G1 X-13.969 Y32.645
G1 X13.969 Y32.645
G1 X13.930 Y37.354
G1 X13.533 Y36.954
G1 X-13.533 Y36.954
G1 X-13.565 Y33.045
G1 X13.565 Y33.045
G1 X13.533 Y36.954
G1 X13.137 Y36.554
G1 X-13.137 Y36.554
G1 X-13.162 Y33.445
G1 X13.162 Y33.445
G1 X13.137 Y36.554
G1 X12.740 Y36.154
G1 X-12.740 Y36.154
G1 X-12.759 Y33.845
G1 X12.759 Y33.845
G1 X12.740 Y36.154
G1 X12.343 Y35.754
G1 X-12.343 Y35.754
G1 X-12.356 Y34.245
G1 X12.356 Y34.245
G1 X12.343 Y35.754
G1 X11.946 Y35.354
G1 X-11.946 Y35.354
G1 X-11.952 Y34.645
G1 X11.952 Y34.645
G1 X11.946 Y35.354
G1 X14.727 Y37.760 Z2.300
G1 X14.727 Y37.760
G1 X-14.727 Y37.760
G1 X-14.772 Y32.239
G1 X14.772 Y32.239
G1 X14.727 Y37.760
G1 X14.330 Y37.360
G1 X-14.330 Y37.360
G1 X-14.369 Y32.639
G1 X14.369 Y32.639
G1 X14.330 Y37.360
G1 X13.933 Y36.960
G1 X-13.933 Y36.960
G1 X-13.966 Y33.039
G1 X13.966 Y33.039
G1 X13.933 Y36.960
G1 X13.537 Y36.560
G1 X-13.537 Y36.560
G1 X-13.562 Y33.439
G1 X13.562 Y33.439
G1 X13.537 Y36.560
G1 X13.140 Y36.160
G1 X-13.140 Y36.160
G1 X-13.159 Y33.839
G1 X13.159 Y33.839
G1 X13.140 Y36.160
G1 X12.743 Y35.760
G1 X-12.743 Y35.760
G1 X-12.756 Y34.239
G1 X12.756 Y34.239
G1 X12.743 Y35.760
G1 X12.346 Y35.360
G1 X-12.346 Y35.360
G1 X-12.352 Y34.639
G1 X12.352 Y34.639
G1 X12.346 Y35.360
G1 X14.729 Y37.459 Z2.700
G1 X14.729 Y37.459
G1 X-14.729 Y37.459
G1 X-14.770 Y32.540
G1 X14.770 Y32.540
G1 X14.729 Y37.459
G1 X14.332 Y37.059
G1 X-14.332 Y37.059
G1 X-14.367 Y32.940
G1 X14.367 Y32.940
G1 X14.332 Y37.059
G1 X13.935 Y36.659
G1 X-13.935 Y36.659
G1 X-13.964 Y33.340
G1 X13.964 Y33.340
G1 X13.935 Y36.659
G1 X13.539 Y36.259
G1 X-13.539 Y36.259
G1 X-13.560 Y33.740
G1 X13.560 Y33.740
G1 X13.539 Y36.259
G1 X13.142 Y35.859
G1 X-13.142 Y35.859
G1 X-13.157 Y34.140
G1 X13.157 Y34.140
G1 X13.142 Y35.859
G1 X12.746 Y35.459
G1 X-12.746 Y35.459
G1 X-12.753 Y34.540
G1 X12.753 Y34.540
G1 X12.746 Y35.459
G1 X12.349 Y35.059
G1 X-12.349 Y35.059
G1 X-12.350 Y34.940
G1 X12.350 Y34.940
G1 X12.349 Y35.059
G1 X14.731 Y37.227 Z3.100
G1 X14.731 Y37.227
G1 X-14.731 Y37.227
G1 X-14.768 Y32.772
G1 X14.768 Y32.772
G1 X14.731 Y37.227
G1 X14.334 Y36.827
G1 X-14.334 Y36.827
G1 X-14.365 Y33.172
G1 X14.365 Y33.172
G1 X14.334 Y36.827
G1 X13.937 Y36.427
G1 X-13.937 Y36.427
G1 X-13.962 Y33.572
G1 X13.962 Y33.572
G1 X13.937 Y36.427
G1 X13.541 Y36.027
G1 X-13.541 Y36.027
G1 X-13.558 Y33.972
G1 X13.558 Y33.972
G1 X13.541 Y36.027
G1 X13.144 Y35.627
G1 X-13.144 Y35.627
G1 X-13.155 Y34.372
G1 X13.155 Y34.372
G1 X13.144 Y35.627
G1 X12.748 Y35.227
G1 X-12.748 Y35.227
G1 X-12.751 Y34.772
G1 X12.751 Y34.772
G1 X12.748 Y35.227
G1 X14.733 Y37.053 Z3.500
G1 X14.733 Y37.053
G1 X-14.733 Y37.053
G1 X-14.766 Y32.946
G1 X14.766 Y32.946
G1 X14.733 Y37.053
G1 X14.336 Y36.653
G1 X-14.336 Y36.653
G1 X-14.363 Y33.346
G1 X14.363 Y33.346
G1 X14.336 Y36.653
G1 X13.939 Y36.253
G1 X-13.939 Y36.253
G1 X-13.960 Y33.746
G1 X13.960 Y33.746
G1 X13.939 Y36.253
G1 X13.542 Y35.853
G1 X-13.542 Y35.853
G1 X-13.556 Y34.146
G1 X13.556 Y34.146
G1 X13.542 Y35.853
G1 X13.146 Y35.453
G1 X-13.146 Y35.453
G1 X-13.153 Y34.546
G1 X13.153 Y34.546
G1 X13.146 Y35.453
G1 X12.749 Y35.053
G1 X-12.749 Y35.053
G1 X-12.750 Y34.946
G1 X12.750 Y34.946
G1 X12.749 Y35.053
G1 X14.734 Y36.927 Z3.900
G1 X14.734 Y36.927
G1 X-14.734 Y36.927
G1 X-14.765 Y33.072
G1 X14.765 Y33.072
G1 X14.734 Y36.927
G1 X14.337 Y36.527
G1 X-14.337 Y36.527
G1 X-14.362 Y33.472
G1 X14.362 Y33.472
G1 X14.337 Y36.527
G1 X13.940 Y36.127
G1 X-13.940 Y36.127
G1 X-13.959 Y33.872
G1 X13.959 Y33.872
G1 X13.940 Y36.127
G1 X13.543 Y35.727
G1 X-13.543 Y35.727
G1 X-13.555 Y34.272
G1 X13.555 Y34.272
G1 X13.543 Y35.727
G1 X13.147 Y35.327
G1 X-13.147 Y35.327
G1 X-13.152 Y34.672
G1 X13.152 Y34.672
G1 X13.147 Y35.327
G1 X14.734 Y36.845 Z4.300
G1 X14.734 Y36.845
G1 X-14.734 Y36.845
G1 X-14.765 Y33.154
G1 X14.765 Y33.154
G1 X14.734 Y36.845
G1 X14.337 Y36.445
G1 X-14.337 Y36.445
G1 X-14.362 Y33.554
G1 X14.362 Y33.554
G1 X14.337 Y36.445
G1 X13.941 Y36.045
G1 X-13.941 Y36.045
G1 X-13.958 Y33.954
G1 X13.958 Y33.954
G1 X13.941 Y36.045
G1 X13.544 Y35.645
G1 X-13.544 Y35.645
G1 X-13.555 Y34.354
G1 X13.555 Y34.354
G1 X13.544 Y35.645
G1 X13.147 Y35.245
G1 X-13.147 Y35.245
G1 X-13.152 Y34.754
G1 X13.152 Y34.754
G1 X13.147 Y35.245
G1 X14.735 Y36.805 Z4.700
G1 X14.735 Y36.805
G1 X-14.735 Y36.805
G1 X-14.764 Y33.194
G1 X14.764 Y33.194
G1 X14.735 Y36.805
G1 X14.338 Y36.405
G1 X-14.338 Y36.405
G1 X-14.361 Y33.594
G1 X14.361 Y33.594
G1 X14.338 Y36.405
G1 X13.941 Y36.005
G1 X-13.941 Y36.005
G1 X-13.958 Y33.994
G1 X13.958 Y33.994
G1 X13.941 Y36.005
G1 X13.544 Y35.605
G1 X-13.544 Y35.605
G1 X-13.554 Y34.394
G1 X13.554 Y34.394
G1 X13.544 Y35.605
G1 X13.148 Y35.205
G1 X-13.148 Y35.205
G1 X-13.151 Y34.794
G1 X13.151 Y34.794
G1 X13.148 Y35.205
M9
G1 Z10.000
G1 X14.925 Y37.960
G1 Z2.300
M7
G4 P150
G1 X14.727 Y37.760 Z2.300
G1 X14.727 Y37.760
G1 X0.927 Y37.760
G1 X0.972 Y32.239
G1 X14.772 Y32.239
G1 X14.727 Y37.760
G1 X14.330 Y37.360
G1 X1.330 Y37.360
G1 X1.369 Y32.639
G1 X14.369 Y32.639
G1 X14.330 Y37.360
G1 X13.933 Y36.960
G1 X1.733 Y36.960
G1 X1.766 Y33.039
G1 X13.966 Y33.039
G1 X13.933 Y36.960
G1 X13.537 Y36.560
G1 X2.137 Y36.560
G1 X2.162 Y33.439
G1 X13.562 Y33.439
G1 X13.537 Y36.560
G1 X13.140 Y36.160
G1 X2.540 Y36.160
G1 X2.559 Y33.839
G1 X13.159 Y33.839
G1 X13.140 Y36.160
G1 X12.743 Y35.760
G1 X2.943 Y35.760
G1 X2.956 Y34.239
G1 X12.756 Y34.239
G1 X12.743 Y35.760
G1 X12.346 Y35.360
G1 X3.347 Y35.360
G1 X3.353 Y34.639
G1 X12.352 Y34.639
G1 X12.346 Y35.360
G1 X14.729 Y37.459 Z2.700
G1 X14.729 Y37.459
G1 X0.929 Y37.459
G1 X0.970 Y32.540
G1 X14.770 Y32.540
G1 X14.729 Y37.459
G1 X14.332 Y37.059
G1 X1.332 Y37.059
G1 X1.367 Y32.940
G1 X14.367 Y32.940
G1 X14.332 Y37.059
G1 X13.935 Y36.659
G1 X1.735 Y36.659
G1 X1.764 Y33.340
G1 X13.964 Y33.340
G1 X13.935 Y36.659
G1 X13.539 Y36.259
G1 X2.139 Y36.259
G1 X2.160 Y33.740
G1 X13.560 Y33.740
G1 X13.539 Y36.259
G1 X13.142 Y35.859
G1 X2.542 Y35.859
G1 X2.557 Y34.140
G1 X13.157 Y34.140
G1 X13.142 Y35.859
G1 X12.746 Y35.459
G1 X2.946 Y35.459
G1 X2.953 Y34.540
G1 X12.753 Y34.540
G1 X12.746 Y35.459
G1 X12.349 Y35.059
G1 X3.349 Y35.059
G1 X3.350 Y34.940
G1 X12.350 Y34.940
G1 X12.349 Y35.059
G1 X14.731 Y37.227 Z3.100
G1 X14.731 Y37.227
G1 X0.931 Y37.227
G1 X0.968 Y32.772
G1 X14.768 Y32.772
G1 X14.731 Y37.227
G1 X14.334 Y36.827
G1 X1.334 Y36.827
G1 X1.365 Y33.172
G1 X14.365 Y33.172
G1 X14.334 Y36.827
G1 X13.937 Y36.427
G1 X1.737 Y36.427
G1 X1.762 Y33.572
G1 X13.962 Y33.572
G1 X13.937 Y36.427
G1 X13.541 Y36.027
G1 X2.141 Y36.027
G1 X2.158 Y33.972
G1 X13.558 Y33.972
G1 X13.541 Y36.027
G1 X13.144 Y35.627
G1 X2.544 Y35.627
G1 X2.555 Y34.372
G1 X13.155 Y34.372
G1 X13.144 Y35.627
G1 X12.748 Y35.227
G1 X2.948 Y35.227
G1 X2.951 Y34.772
G1 X12.751 Y34.772
G1 X12.748 Y35.227
G1 X14.733 Y37.053 Z3.500
G1 X14.733 Y37.053
G1 X0.933 Y37.053
G1 X0.966 Y32.946
G1 X14.766 Y32.946
G1 X14.733 Y37.053
G1 X14.336 Y36.653
G1 X1.336 Y36.653
G1 X1.363 Y33.346
G1 X14.363 Y33.346
G1 X14.336 Y36.653
G1 X13.939 Y36.253
G1 X1.739 Y36.253
G1 X1.760 Y33.746
G1 X13.960 Y33.746
G1 X13.939 Y36.253
G1 X13.542 Y35.853
G1 X2.143 Y35.853
G1 X2.157 Y34.146
G1 X13.556 Y34.146
G1 X13.542 Y35.853
G1 X13.146 Y35.453
G1 X2.546 Y35.453
G1 X2.553 Y34.546
G1 X13.153 Y34.546
G1 X13.146 Y35.453
G1 X12.749 Y35.053
G1 X2.949 Y35.053
G1 X2.950 Y34.946
G1 X12.750 Y34.946
G1 X12.749 Y35.053
M9
G1 Z10.000
G1 X-0.725 Y37.960
G1 Z2.300
M7
G4 P150
G1 X-0.927 Y37.760 Z2.300
G1 X-0.927 Y37.760
G1 X-14.727 Y37.760
G1 X-14.772 Y32.239
G1 X-0.972 Y32.239
G1 X-0.927 Y37.760
G1 X-1.330 Y37.360
G1 X-14.330 Y37.360
G1 X-14.369 Y32.639
G1 X-1.369 Y32.639
G1 X-1.330 Y37.360
G1 X-1.733 Y36.960
G1 X-13.933 Y36.960
G1 X-13.966 Y33.039
G1 X-1.766 Y33.039
G1 X-1.733 Y36.960
G1 X-2.137 Y36.560
G1 X-13.537 Y36.560
G1 X-13.562 Y33.439
G1 X-2.162 Y33.439
G1 X-2.137 Y36.560
G1 X-2.540 Y36.160
G1 X-13.140 Y36.160
G1 X-13.159 Y33.839
G1 X-2.559 Y33.839
G1 X-2.540 Y36.160
G1 X-2.943 Y35.760
G1 X-12.743 Y35.760
G1 X-12.756 Y34.239
G1 X-2.956 Y34.239
G1 X-2.943 Y35.760
G1 X-3.347 Y35.360
G1 X-12.346 Y35.360
G1 X-12.352 Y34.639
G1 X-3.353 Y34.639
G1 X-3.347 Y35.360
G1 X-0.929 Y37.459 Z2.700
G1 X-0.929 Y37.459
G1 X-14.729 Y37.459
G1 X-14.770 Y32.540
G1 X-0.970 Y32.540
G1 X-0.929 Y37.459
G1 X-1.332 Y37.059
G1 X-14.332 Y37.059
G1 X-14.367 Y32.940
G1 X-1.367 Y32.940
G1 X-1.332 Y37.059
G1 X-1.735 Y36.659
G1 X-13.935 Y36.659
G1 X-13.964 Y33.340
G1 X-1.764 Y33.340
G1 X-1.735 Y36.659
G1 X-2.139 Y36.259
G1 X-13.539 Y36.259
G1 X-13.560 Y33.740
G1 X-2.160 Y33.740
G1 X-2.139 Y36.259
G1 X-2.542 Y35.859
G1 X-13.142 Y35.859
G1 X-13.157 Y34.140
G1 X-2.557 Y34.140
G1 X-2.542 Y35.859
G1 X-2.946 Y35.459
G1 X-12.746 Y35.459
G1 X-12.753 Y34.540
G1 X-2.953 Y34.540
G1 X-2.946 Y35.459
G1 X-3.349 Y35.059
G1 X-12.349 Y35.059
G1 X-12.350 Y34.940
G1 X-3.350 Y34.940
G1 X-3.349 Y35.059
G1 X-0.931 Y37.227 Z3.100
G1 X-0.931 Y37.227
G1 X-14.731 Y37.227
G1 X-14.768 Y32.772
G1 X-0.968 Y32.772
G1 X-0.931 Y37.227
G1 X-1.334 Y36.827
G1 X-14.334 Y36.827
G1 X-14.365 Y33.172
G1 X-1.365 Y33.172
G1 X-1.334 Y36.827
G1 X-1.737 Y36.427
G1 X-13.937 Y36.427
G1 X-13.962 Y33.572
G1 X-1.762 Y33.572
G1 X-1.737 Y36.427
G1 X-2.141 Y36.027
G1 X-13.541 Y36.027
G1 X-13.558 Y33.972
G1 X-2.158 Y33.972
G1 X-2.141 Y36.027
G1 X-2.544 Y35.627
G1 X-13.144 Y35.627
G1 X-13.155 Y34.372
G1 X-2.555 Y34.372
G1 X-2.544 Y35.627
G1 X-2.948 Y35.227
G1 X-12.748 Y35.227
G1 X-12.751 Y34.772
G1 X-2.951 Y34.772
G1 X-2.948 Y35.227
G1 X-0.933 Y37.053 Z3.500
G1 X-0.933 Y37.053
G1 X-14.733 Y37.053
G1 X-14.766 Y32.946
G1 X-0.966 Y32.946
G1 X-0.933 Y37.053
G1 X-1.336 Y36.653
G1 X-14.336 Y36.653
G1 X-14.363 Y33.346
G1 X-1.363 Y33.346
G1 X-1.336 Y36.653
G1 X-1.739 Y36.253
G1 X-13.939 Y36.253
G1 X-13.960 Y33.746
G1 X-1.760 Y33.746
G1 X-1.739 Y36.253
G1 X-2.143 Y35.853
G1 X-13.542 Y35.853
G1 X-13.556 Y34.146
G1 X-2.157 Y34.146
G1 X-2.143 Y35.853
G1 X-2.546 Y35.453
G1 X-13.146 Y35.453
G1 X-13.153 Y34.546
G1 X-2.553 Y34.546
G1 X-2.546 Y35.453
G1 X-2.949 Y35.053
G1 X-12.749 Y35.053
G1 X-12.750 Y34.946
G1 X-2.950 Y34.946
G1 X-2.949 Y35.053
M9
G1 Z10.000
G1 X14.932 Y37.127
G1 Z3.900
M7
G4 P150
G1 X14.734 Y36.927 Z3.900
G1 X14.734 Y36.927
G1 X-14.734 Y36.927
G1 X-14.765 Y33.072
G1 X14.765 Y33.072
G1 X14.734 Y36.927
G1 X14.337 Y36.527
G1 X-14.337 Y36.527
G1 X-14.362 Y33.472
G1 X14.362 Y33.472
G1 X14.337 Y36.527
G1 X13.940 Y36.127
G1 X-13.940 Y36.127
G1 X-13.959 Y33.872
G1 X13.959 Y33.872
G1 X13.940 Y36.127
G1 X13.543 Y35.727
G1 X-13.543 Y35.727
G1 X-13.555 Y34.272
G1 X13.555 Y34.272
G1 X13.543 Y35.727
G1 X13.147 Y35.327
G1 X-13.147 Y35.327
G1 X-13.152 Y34.672
G1 X13.152 Y34.672
G1 X13.147 Y35.327
G1 X14.734 Y36.845 Z4.300
G1 X14.734 Y36.845
G1 X-14.734 Y36.845
G1 X-14.765 Y33.154
G1 X14.765 Y33.154
G1 X14.734 Y36.845
G1 X14.337 Y36.445
G1 X-14.337 Y36.445
G1 X-14.362 Y33.554
G1 X14.362 Y33.554
G1 X14.337 Y36.445
G1 X13.941 Y36.045
G1 X-13.941 Y36.045
G1 X-13.958 Y33.954
G1 X13.958 Y33.954
G1 X13.941 Y36.045
G1 X13.544 Y35.645
G1 X-13.544 Y35.645
G1 X-13.555 Y34.354
G1 X13.555 Y34.354
G1 X13.544 Y35.645
G1 X13.147 Y35.245
G1 X-13.147 Y35.245
G1 X-13.152 Y34.754
G1 X13.152 Y34.754
G1 X13.147 Y35.245
G1 X14.735 Y36.805 Z4.700
G1 X14.735 Y36.805
G1 X-14.735 Y36.805
G1 X-14.764 Y33.194
G1 X14.764 Y33.194
G1 X14.735 Y36.805
G1 X14.338 Y36.405
G1 X-14.338 Y36.405
G1 X-14.361 Y33.594
G1 X14.361 Y33.594
G1 X14.338 Y36.405
G1 X13.941 Y36.005
G1 X-13.941 Y36.005
G1 X-13.958 Y33.994
G1 X13.958 Y33.994
G1 X13.941 Y36.005
G1 X13.544 Y35.605
G1 X-13.544 Y35.605
G1 X-13.554 Y34.394
G1 X13.554 Y34.394
G1 X13.544 Y35.605
G1 X13.148 Y35.205
G1 X-13.148 Y35.205
G1 X-13.151 Y34.794
G1 X13.151 Y34.794
G1 X13.148 Y35.205