;layer_height = 0.4
;line_width = 0.4
;layer_count = 10
;mesh = bird_top
G21 ;start of the code
G1 Z15 F300
G28 X0 Y0 ;Home
G92 X0 Y0 ;Consider this as current
G0 X50 Y50 F3000 ;Go-to Offset
G92 X0 Y0 ;Reset

G0 F3600 X-19.000 Y-22.800 Z0.300 ;Go to start position
M7
G4 P150


M9
G1 Z10.000
G1 X-19.000 Y-22.800
G1 Z0.300
M7
G4 P150
G1 X-18.800 Y-22.747 Z0.300
G1 X-18.800 Y-22.747
G1 X-14.810 Y-29.747
G1 X-14.800 Y-35.600
G1 X14.800 Y-35.600
G1 X14.810 Y-29.747
G1 X18.800 Y-22.747
G1 X18.810 Y-9.810
G1 X31.782 Y-9.800
G1 X52.783 Y-6.100
G1 X58.600 Y-6.100
G1 X58.600 Y6.100
G1 X52.783 Y6.100
G1 X31.782 Y9.800
G1 X18.810 Y9.810
G1 X18.800 Y22.747
G1 X14.810 Y29.747
G1 X14.800 Y35.600
G1 X-14.800 Y35.600
G1 X-14.810 Y29.747
G1 X-18.800 Y22.747
G1 X-18.800 Y5.800
G1 X-31.761 Y5.800
G1 X-46.261 Y0.000
G1 X-31.761 Y-5.800
G1 X-18.800 Y-5.800
G1 X-18.800 Y-22.747
G1 X-18.400 Y-22.641
G1 X-14.410 Y-29.641
G1 X-14.401 Y-35.200
G1 X14.401 Y-35.200
G1 X14.410 Y-29.641
G1 X18.400 Y-22.641
G1 X18.410 Y-9.410
G1 X31.747 Y-9.400
G1 X52.748 Y-5.700
G1 X58.200 Y-5.700
G1 X58.200 Y5.700
G1 X52.748 Y5.700
G1 X31.747 Y9.400
G1 X18.410 Y9.410
G1 X18.400 Y22.641
G1 X14.410 Y29.641
G1 X14.401 Y35.200
G1 X-14.401 Y35.200
G1 X-14.410 Y29.641
G1 X-18.400 Y22.641
G1 X-18.400 Y5.400
G1 X-31.684 Y5.400
G1 X-45.184 Y-0.000
G1 X-31.684 Y-5.400
G1 X-18.400 Y-5.400
G1 X-18.400 Y-22.641
G1 X-18.000 Y-22.535
G1 X-14.010 Y-29.534
G1 X-14.002 Y-34.800
G1 X14.002 Y-34.800
G1 X14.010 Y-29.534
G1 X18.000 Y-22.535
G1 X18.011 Y-9.011
G1 X31.712 Y-9.000
G1 X52.713 Y-5.300
G1 X57.800 Y-5.300
G1 X57.800 Y5.300
G1 X52.713 Y5.300
G1 X31.712 Y9.000
G1 X18.011 Y9.011
G1 X18.000 Y22.535
G1 X14.010 Y29.534
G1 X14.002 Y34.800
G1 X-14.002 Y34.800
G1 X-14.010 Y29.534
G1 X-18.000 Y22.535
G1 X-18.000 Y5.000
G1 X-31.607 Y5.000
G1 X-44.107 Y0.000
G1 X-31.607 Y-5.000
G1 X-18.000 Y-5.000
G1 X-18.000 Y-22.535
G1 X-17.600 Y-22.429
G1 X-13.611 Y-29.428
G1 X-13.602 Y-34.400
G1 X13.602 Y-34.400
G1 X13.611 Y-29.428
G1 X17.600 Y-22.429
G1 X17.611 Y-8.611
G1 X31.677 Y-8.600
G1 X52.678 Y-4.900
G1 X57.400 Y-4.900
G1 X57.400 Y4.900
G1 X52.678 Y4.900
G1 X31.677 Y8.600
G1 X17.611 Y8.611
G1 X17.600 Y22.429
G1 X13.611 Y29.428
G1 X13.602 Y34.400
G1 X-13.602 Y34.400
G1 X-13.611 Y29.428
G1 X-17.600 Y22.429
G1 X-17.600 Y4.600
G1 X-31.530 Y4.600
G1 X-43.030 Y-0.000
G1 X-31.530 Y-4.600
G1 X-17.600 Y-4.600
G1 X-17.600 Y-22.429
G1 X-17.200 Y-22.323
G1 X-13.211 Y-29.322
G1 X-13.203 Y-34.000
G1 X13.203 Y-34.000
G1 X13.211 Y-29.322
G1 X17.200 Y-22.322
G1 X17.211 Y-8.211
G1 X31.642 Y-8.200
G1 X52.643 Y-4.500
G1 X57.000 Y-4.500
G1 X57.000 Y4.500
G1 X52.643 Y4.500
G1 X31.642 Y8.200
G1 X17.211 Y8.211
G1 X17.200 Y22.322
G1 X13.211 Y29.322
G1 X13.203 Y34.000
G1 X-13.203 Y34.000
G1 X-13.211 Y29.322
G1 X-17.200 Y22.323
G1 X-17.200 Y4.200
G1 X-31.453 Y4.200
G1 X-41.953 Y0.000
G1 X-31.453 Y-4.200
G1 X-17.200 Y-4.200
G1 X-17.200 Y-22.323
G1 X-16.800 Y-22.217
G1 X-12.811 Y-29.215
G1 X-12.804 Y-33.600
G1 X12.804 Y-33.600
G1 X12.811 Y-29.215
G1 X16.800 Y-22.216
G1 X16.812 Y-7.812
G1 X31.607 Y-7.800
G1 X52.608 Y-4.100
G1 X56.600 Y-4.100
G1 X56.600 Y4.100
G1 X52.608 Y4.100
G1 X31.607 Y7.800
G1 X16.812 Y7.812
G1 X16.800 Y22.216
G1 X12.811 Y29.215
G1 X12.804 Y33.600
G1 X-12.804 Y33.600
G1 X-12.811 Y29.215
G1 X-16.800 Y22.217
G1 X-16.800 Y3.800
G1 X-31.376 Y3.800
G1 X-40.876 Y-0.000
G1 X-31.376 Y-3.800
G1 X-16.800 Y-3.800
G1 X-16.800 Y-22.217
G1 X-16.400 Y-22.111
G1 X-12.411 Y-29.109
G1 X-12.404 Y-33.200
G1 X12.404 Y-33.200
G1 X12.411 Y-29.109
G1 X16.401 Y-22.110
G1 X16.412 Y-7.412
G1 X31.572 Y-7.400
G1 X52.573 Y-3.700
G1 X56.200 Y-3.700
G1 X56.200 Y3.700
G1 X52.573 Y3.700
G1 X31.572 Y7.400
G1 X16.412 Y7.412
G1 X16.401 Y22.110
G1 X12.411 Y29.109
G1 X12.404 Y33.200
G1 X-12.404 Y33.200
G1 X-12.411 Y29.109
G1 X-16.400 Y22.111
G1 X-16.400 Y3.400
G1 X-31.299 Y3.400
G1 X-39.799 Y0.000
G1 X-31.299 Y-3.400
G1 X-16.400 Y-3.400
G1 X-16.400 Y-22.111
G1 X-16.000 Y-22.005
G1 X-12.011 Y-29.003
G1 X-12.005 Y-32.800
G1 X12.005 Y-32.800
G1 X12.011 Y-29.003
G1 X16.001 Y-22.004
G1 X16.012 Y-7.012
G1 X31.537 Y-7.000
G1 X52.538 Y-3.300
G1 X55.800 Y-3.300
G1 X55.800 Y3.300
G1 X52.538 Y3.300
G1 X31.537 Y7.000
G1 X16.012 Y7.012
G1 X16.001 Y22.004
G1 X12.011 Y29.003
G1 X12.005 Y32.800
G1 X-12.005 Y32.800
G1 X-12.011 Y29.003
G1 X-16.000 Y22.005
G1 X-16.000 Y3.000
G1 X-31.222 Y3.000
G1 X-38.722 Y0.000
G1 X-31.222 Y-3.000
G1 X-16.000 Y-3.000
G1 X-16.000 Y-22.005
G1 X-15.600 Y-21.899
G1 X-11.612 Y-28.896
G1 X-11.606 Y-32.400
G1 X11.606 Y-32.400
G1 X11.612 Y-28.896
G1 X15.601 Y-21.898
G1 X15.613 Y-6.613
G1 X31.501 Y-6.600
G1 X52.503 Y-2.900
G1 X55.400 Y-2.900
G1 X55.400 Y2.900
G1 X52.503 Y2.900
G1 X31.501 Y6.600
G1 X15.613 Y6.613
G1 X15.601 Y21.898
G1 X11.612 Y28.896
G1 X11.606 Y32.400
G1 X-11.606 Y32.400
G1 X-11.612 Y28.896
G1 X-15.600 Y21.899
G1 X-15.600 Y2.600
G1 X-31.145 Y2.600
G1 X-37.645 Y-0.000
G1 X-31.145 Y-2.600
G1 X-15.600 Y-2.600
G1 X-15.600 Y-21.899
G1 X-15.200 Y-21.793
G1 X-11.212 Y-28.790
G1 X-11.206 Y-32.000
G1 X11.206 Y-32.000
G1 X11.212 Y-28.790
G1 X15.201 Y-21.792
G1 X15.213 Y-6.213
G1 X31.466 Y-6.200
G1 X52.468 Y-2.500
G1 X55.000 Y-2.500
G1 X55.000 Y2.500
G1 X52.468 Y2.500
G1 X31.466 Y6.200
G1 X15.213 Y6.213
G1 X15.201 Y21.792
G1 X11.212 Y28.790
G1 X11.206 Y32.000
G1 X-11.206 Y32.000
G1 X-11.212 Y28.790
G1 X-15.200 Y21.793
G1 X-15.200 Y2.200
G1 X-31.068 Y2.200
G1 X-36.568 Y0.000
G1 X-31.068 Y-2.200
G1 X-15.200 Y-2.200
G1 X-15.200 Y-21.793
G1 X-14.800 Y-21.687
G1 X-10.812 Y-28.684
G1 X-10.807 Y-31.600
G1 X10.807 Y-31.600
G1 X10.812 Y-28.684
G1 X14.801 Y-21.686
G1 X14.813 Y-5.813
G1 X31.431 Y-5.800
G1 X52.433 Y-2.100
G1 X54.600 Y-2.100
G1 X54.600 Y2.100
G1 X52.433 Y2.100
G1 X31.431 Y5.800
G1 X14.813 Y5.813
G1 X14.801 Y21.686
G1 X10.812 Y28.684
G1 X10.807 Y31.600
G1 X-10.807 Y31.600
G1 X-10.812 Y28.684
G1 X-14.800 Y21.687
G1 X-14.800 Y1.800
G1 X-30.991 Y1.800
G1 X-35.491 Y0.000
G1 X-30.991 Y-1.800
G1 X-14.800 Y-1.800
G1 X-14.800 Y-21.687
G1 X-14.400 Y-21.581
G1 X-10.412 Y-28.577
G1 X-10.408 Y-31.200
G1 X10.408 Y-31.200
G1 X10.412 Y-28.577
G1 X14.401 Y-21.579
G1 X14.414 Y-5.414
G1 X31.396 Y-5.400
G1 X52.398 Y-1.700
G1 X54.200 Y-1.700
G1 X54.200 Y1.700
G1 X52.398 Y1.700
G1 X31.396 Y5.400
G1 X14.414 Y5.414
G1 X14.401 Y21.579
G1 X10.412 Y28.577
G1 X10.408 Y31.200
G1 X-10.408 Y31.200
G1 X-10.412 Y28.577
G1 X-14.400 Y21.581
G1 X-14.400 Y1.400
G1 X-30.914 Y1.400
G1 X-34.414 Y-0.000
G1 X-30.914 Y-1.400
G1 X-14.400 Y-1.400
G1 X-14.400 Y-21.581
G1 X-14.000 Y-21.475
G1 X-10.012 Y-28.471
G1 X-10.008 Y-30.800
G1 X10.008 Y-30.800
G1 X10.012 Y-28.471
G1 X14.001 Y-21.473
G1 X14.014 Y-5.014
G1 X31.361 Y-5.000
G1 X52.363 Y-1.300
G1 X53.800 Y-1.300
G1 X53.800 Y1.300
G1 X52.363 Y1.300
G1 X31.361 Y5.000
G1 X14.014 Y5.014
G1 X14.001 Y21.473
G1 X10.012 Y28.471
G1 X10.008 Y30.800
G1 X-10.008 Y30.800
G1 X-10.012 Y28.471
G1 X-14.000 Y21.475
G1 X-14.000 Y1.000
G1 X-30.837 Y1.000
G1 X-33.337 Y0.000
G1 X-30.837 Y-1.000
G1 X-14.000 Y-1.000
G1 X-14.000 Y-21.475
G1 X-13.600 Y-21.369
G1 X-9.612 Y-28.365
G1 X-9.609 Y-30.400
G1 X9.609 Y-30.400
G1 X9.612 Y-28.365
G1 X13.601 Y-21.367
G1 X13.614 Y-4.614
G1 X31.326 Y-4.600
G1 X52.328 Y-0.900
G1 X53.400 Y-0.900
G1 X53.400 Y0.900
G1 X52.328 Y0.900
G1 X31.326 Y4.600
G1 X13.614 Y4.614
G1 X13.601 Y21.367
G1 X9.612 Y28.365
G1 X9.609 Y30.400
G1 X-9.609 Y30.400
G1 X-9.612 Y28.365
G1 X-13.600 Y21.369
G1 X-13.600 Y0.600
G1 X-30.760 Y0.600
G1 X-32.260 Y-0.000
G1 X-30.760 Y-0.600
G1 X-13.600 Y-0.600
G1 X-13.600 Y-21.369
G1 X-13.200 Y-21.263
G1 X-9.213 Y-28.259
G1 X-9.210 Y-30.000
G1 X9.210 Y-30.000
G1 X9.213 Y-28.259
G1 X13.201 Y-21.261
G1 X13.215 Y-4.215
G1 X31.291 Y-4.200
G1 X52.293 Y-0.500
G1 X53.000 Y-0.500
G1 X53.000 Y0.500
G1 X52.293 Y0.500
G1 X31.291 Y4.200
G1 X13.215 Y4.215
G1 X13.201 Y21.261
G1 X9.213 Y28.259
G1 X9.210 Y30.000
G1 X-9.210 Y30.000
G1 X-9.213 Y28.259
G1 X-13.200 Y21.263
G1 X-13.200 Y0.200
G1 X-30.683 Y0.200
G1 X-31.183 Y0.000
G1 X-30.683 Y-0.200
G1 X-13.200 Y-0.200
G1 X-13.200 Y-21.263
G1 X-12.800 Y-21.157
G1 X-8.813 Y-28.152
G1 X-8.810 Y-29.600
G1 X8.810 Y-29.600
G1 X8.813 Y-28.152
G1 X12.801 Y-21.155
G1 X12.815 Y-3.815
G1 X31.256 Y-3.800
G1 X52.258 Y-0.100
G1 X52.600 Y-0.100
G1 X52.600 Y0.100
G1 X52.258 Y0.100
G1 X31.256 Y3.800
G1 X12.815 Y3.815
G1 X12.801 Y21.155
G1 X8.813 Y28.152
G1 X8.810 Y29.600
G1 X-8.810 Y29.600
G1 X-8.813 Y28.152
G1 X-12.800 Y21.157
G1 X-12.800 Y-21.157
G1 X-12.400 Y-21.051
G1 X-8.413 Y-28.046
G1 X-8.411 Y-29.200
G1 X8.411 Y-29.200
G1 X8.413 Y-28.046
G1 X12.401 Y-21.049
G1 X12.415 Y-3.415
G1 X31.220 Y-3.400
G1 X50.520 Y0.000
G1 X31.220 Y3.400
G1 X12.415 Y3.415
G1 X12.401 Y21.049
G1 X8.413 Y28.046
G1 X8.411 Y29.200
G1 X-8.411 Y29.200
G1 X-8.413 Y28.046
G1 X-12.400 Y21.051
G1 X-12.400 Y-21.051
G1 X-12.000 Y-20.945
G1 X-8.013 Y-27.940
G1 X-8.012 Y-28.800
G1 X8.012 Y-28.800
G1 X8.013 Y-27.940
G1 X12.001 Y-20.943
G1 X12.015 Y-3.015
G1 X31.185 Y-3.000
G1 X48.215 Y-0.000
G1 X31.185 Y3.000
G1 X12.015 Y3.015
G1 X12.001 Y20.943
G1 X8.013 Y27.940
G1 X8.012 Y28.800
G1 X-8.012 Y28.800
G1 X-8.013 Y27.940
G1 X-12.000 Y20.945
G1 X-12.000 Y-20.945
G1 X-11.600 Y-20.839
G1 X-7.613 Y-27.833
G1 X-7.612 Y-28.400
G1 X7.612 Y-28.400
G1 X7.613 Y-27.833
G1 X11.602 Y-20.836
G1 X11.616 Y-2.616
G1 X31.150 Y-2.601
G1 X45.910 Y0.000
G1 X31.150 Y2.601
G1 X11.616 Y2.616
G1 X11.602 Y20.836
G1 X7.613 Y27.833
G1 X7.612 Y28.400
G1 X-7.612 Y28.400
G1 X-7.613 Y27.833
G1 X-11.600 Y20.839
G1 X-11.600 Y-20.839
G1 X-11.200 Y-20.733
G1 X-7.213 Y-27.727
G1 X-7.213 Y-28.000
G1 X7.213 Y-28.000
G1 X7.213 Y-27.727
G1 X11.202 Y-20.730
G1 X11.216 Y-2.216
G1 X31.115 Y-2.201
G1 X43.605 Y-0.000
G1 X31.115 Y2.201
G1 X11.216 Y2.216
G1 X11.202 Y20.730
G1 X7.213 Y27.727
G1 X7.213 Y28.000
G1 X-7.213 Y28.000
G1 X-7.213 Y27.727
G1 X-11.200 Y20.733
G1 X-11.200 Y-20.733
G1 X-10.800 Y-20.627
G1 X-6.825 Y-27.600
G1 X6.825 Y-27.600
G1 X10.802 Y-20.624
G1 X10.816 Y-1.816
G1 X31.080 Y-1.801
G1 X41.299 Y0.000
G1 X31.080 Y1.801
G1 X10.816 Y1.816
G1 X10.802 Y20.624
G1 X6.825 Y27.600
G1 X-6.825 Y27.600
G1 X-10.800 Y20.627
G1 X-10.800 Y-20.627
G1 X-10.400 Y-20.521
G1 X-6.593 Y-27.200
G1 X6.593 Y-27.200
G1 X10.402 Y-20.518
G1 X10.417 Y-1.417
G1 X31.045 Y-1.401
G1 X38.994 Y-0.000
G1 X31.045 Y1.401
G1 X10.417 Y1.417
G1 X10.402 Y20.518
G1 X6.593 Y27.200
G1 X-6.593 Y27.200
G1 X-10.400 Y20.521
G1 X-10.400 Y-20.521
G1 X-10.000 Y-20.415
G1 X-6.361 Y-26.800
G1 X6.361 Y-26.800
G1 X10.002 Y-20.412
G1 X10.017 Y-1.017
G1 X31.010 Y-1.001
G1 X36.689 Y0.000
G1 X31.010 Y1.001
G1 X10.017 Y1.017
G1 X10.002 Y20.412
G1 X6.361 Y26.800
G1 X-6.361 Y26.800
G1 X-10.000 Y20.415
G1 X-10.000 Y-20.415
G1 X-9.600 Y-20.309
G1 X-6.128 Y-26.400
G1 X6.128 Y-26.400
G1 X9.602 Y-20.306
G1 X9.617 Y-0.617
G1 X30.975 Y-0.601
G1 X34.384 Y-0.000
G1 X30.975 Y0.601
G1 X9.617 Y0.617
G1 X9.602 Y20.306
G1 X6.128 Y26.400
G1 X-6.128 Y26.400
G1 X-9.600 Y20.309
G1 X-9.600 Y-20.309
G1 X-9.200 Y-20.203
G1 X-5.896 Y-26.000
G1 X5.896 Y-26.000
G1 X9.202 Y-20.200
G1 X9.218 Y-0.218
G1 X30.939 Y-0.201
G1 X32.078 Y-0.000
G1 X30.939 Y0.201
G1 X9.218 Y0.218
G1 X9.202 Y20.200
G1 X5.896 Y26.000
G1 X-5.896 Y26.000
G1 X-9.200 Y20.203
G1 X-9.200 Y-20.203
G1 X-8.800 Y-20.097
G1 X-5.663 Y-25.600
G1 X5.663 Y-25.600
G1 X8.802 Y-20.093
G1 X8.818 Y0.000
G1 X8.802 Y20.093
G1 X5.663 Y25.600
G1 X-5.663 Y25.600
G1 X-8.800 Y20.097
G1 X-8.800 Y-20.097
G1 X-8.400 Y-19.991
G1 X-5.431 Y-25.200
G1 X5.431 Y-25.200
G1 X8.402 Y-19.987
G1 X8.418 Y0.000
G1 X8.402 Y19.987
G1 X5.431 Y25.200
G1 X-5.431 Y25.200
G1 X-8.400 Y19.991
G1 X-8.400 Y-19.991
G1 X-8.000 Y-19.885
G1 X-5.199 Y-24.800
G1 X5.199 Y-24.800
G1 X8.002 Y-19.881
G1 X8.018 Y0.000
G1 X8.002 Y19.881
G1 X5.199 Y24.800
G1 X-5.199 Y24.800
G1 X-8.000 Y19.885
G1 X-8.000 Y-19.885
G1 X-7.600 Y-19.779
G1 X-4.966 Y-24.400
G1 X4.966 Y-24.400
G1 X7.602 Y-19.775
G1 X7.618 Y0.000
G1 X7.602 Y19.775
G1 X4.966 Y24.400
G1 X-4.966 Y24.400
G1 X-7.600 Y19.779
G1 X-7.600 Y-19.779
G1 X-7.200 Y-19.673
G1 X-4.734 Y-24.000
G1 X4.734 Y-24.000
G1 X7.202 Y-19.669
G1 X7.218 Y0.000
G1 X7.202 Y19.669
G1 X4.734 Y24.000
G1 X-4.734 Y24.000
G1 X-7.200 Y19.673
G1 X-7.200 Y-19.673
G1 X-6.800 Y-19.567
G1 X-4.501 Y-23.600
G1 X4.501 Y-23.600
G1 X6.803 Y-19.563
G1 X6.818 Y0.000
G1 X6.803 Y19.563
G1 X4.501 Y23.600
G1 X-4.501 Y23.600
G1 X-6.800 Y19.567
G1 X-6.800 Y-19.567
G1 X-6.400 Y-19.461
G1 X-4.269 Y-23.200
G1 X4.269 Y-23.200
G1 X6.403 Y-19.457
G1 X6.418 Y0.000
G1 X6.403 Y19.457
G1 X4.269 Y23.200
G1 X-4.269 Y23.200
G1 X-6.400 Y19.461
G1 X-6.400 Y-19.461
G1 X-6.000 Y-19.355
G1 X-4.036 Y-22.800
G1 X4.036 Y-22.800
G1 X6.003 Y-19.350
G1 X6.018 Y0.000
G1 X6.003 Y19.350
G1 X4.036 Y22.800
G1 X-4.036 Y22.800
G1 X-6.000 Y19.355
G1 X-6.000 Y-19.355
G1 X-5.600 Y-19.249
G1 X-3.804 Y-22.400
G1 X3.804 Y-22.400
G1 X5.603 Y-19.244
G1 X5.618 Y0.000
G1 X5.603 Y19.244
G1 X3.804 Y22.400
G1 X-3.804 Y22.400
G1 X-5.600 Y19.249
G1 X-5.600 Y-19.249
G1 X-5.200 Y-19.143
G1 X-3.572 Y-22.000
G1 X3.572 Y-22.000
G1 X5.203 Y-19.138
G1 X5.218 Y0.000
G1 X5.203 Y19.138
G1 X3.572 Y22.000
G1 X-3.572 Y22.000
G1 X-5.200 Y19.143
G1 X-5.200 Y-19.143
G1 X-4.800 Y-19.037
G1 X-3.339 Y-21.600
G1 X3.339 Y-21.600
G1 X4.803 Y-19.032
G1 X4.818 Y0.000
G1 X4.803 Y19.032
G1 X3.339 Y21.600
G1 X-3.339 Y21.600
G1 X-4.800 Y19.037
G1 X-4.800 Y-19.037
G1 X-4.400 Y-18.931
G1 X-3.107 Y-21.200
G1 X3.107 Y-21.200
G1 X4.403 Y-18.926
G1 X4.418 Y0.000
G1 X4.403 Y18.926
G1 X3.107 Y21.200
G1 X-3.107 Y21.200
G1 X-4.400 Y18.931
G1 X-4.400 Y-18.931
G1 X-4.000 Y-18.825
G1 X-2.874 Y-20.800
G1 X2.874 Y-20.800
G1 X4.003 Y-18.820
G1 X4.018 Y0.000
G1 X4.003 Y18.820
G1 X2.874 Y20.800
G1 X-2.874 Y20.800
G1 X-4.000 Y18.825
G1 X-4.000 Y-18.825
G1 X-3.600 Y-18.719
G1 X-2.642 Y-20.400
G1 X2.642 Y-20.400
G1 X3.603 Y-18.714
G1 X3.618 Y0.000
G1 X3.603 Y18.714
G1 X2.642 Y20.400
G1 X-2.642 Y20.400
G1 X-3.600 Y18.719
G1 X-3.600 Y-18.719
G1 X-3.200 Y-18.613
G1 X-2.410 Y-20.000
G1 X2.410 Y-20.000
G1 X3.203 Y-18.607
G1 X3.218 Y0.000
G1 X3.203 Y18.607
G1 X2.410 Y20.000
G1 X-2.410 Y20.000
G1 X-3.200 Y18.613
G1 X-3.200 Y-18.613
G1 X-2.800 Y-18.507
G1 X-2.177 Y-19.600
G1 X2.177 Y-19.600
G1 X2.803 Y-18.501
G1 X2.818 Y0.000
G1 X2.803 Y18.501
G1 X2.177 Y19.600
G1 X-2.177 Y19.600
G1 X-2.800 Y18.507
G1 X-2.800 Y-18.507
G1 X-2.400 Y-18.401
G1 X-1.945 Y-19.200
G1 X1.945 Y-19.200
G1 X2.403 Y-18.395
G1 X2.418 Y-0.000
G1 X2.403 Y18.395
G1 X1.945 Y19.200
G1 X-1.945 Y19.200
G1 X-2.400 Y18.401
G1 X-2.400 Y-18.401
G1 X-2.000 Y-18.295
G1 X-1.712 Y-18.800
G1 X1.712 Y-18.800
G1 X2.004 Y-18.289
G1 X2.018 Y-0.000
G1 X2.004 Y18.289
G1 X1.712 Y18.800
G1 X-1.712 Y18.800
G1 X-2.000 Y18.295
G1 X-2.000 Y-18.295
G1 X-1.600 Y-18.189
G1 X-1.480 Y-18.400
G1 X1.480 Y-18.400
G1 X1.604 Y-18.183
G1 X1.618 Y-0.000
G1 X1.604 Y18.183
G1 X1.480 Y18.400
G1 X-1.480 Y18.400
G1 X-1.600 Y18.189
G1 X-1.600 Y-18.189
G1 X-1.200 Y-18.000
G1 X1.204 Y-18.000
G1 X1.218 Y-0.000
G1 X1.204 Y18.000
G1 X-1.200 Y18.000
G1 X-1.200 Y-18.000
G1 X-0.800 Y-17.600
G1 X0.804 Y-17.600
G1 X0.818 Y-0.000
G1 X0.804 Y17.600
G1 X-0.800 Y17.600
G1 X-0.800 Y-17.600
G1 X-0.400 Y-17.200
G1 X0.404 Y-17.200
G1 X0.418 Y-0.000
G1 X0.404 Y17.200
G1 X-0.400 Y17.200
G1 X-0.400 Y-17.200
G1 X-0.000 Y-16.800
G1 X0.005 Y-16.800
G1 X0.018 Y-0.000
G1 X0.005 Y16.800
G1 X-0.000 Y16.800
G1 X-0.000 Y-16.800
M9
G1 Z10.000
G1 X0.000 Y71.000
G1 Z0.300
M7
G4 P150
G1 X0.000 Y70.688 Z0.300
G1 X0.000 Y70.688
G1 X-14.800 Y52.928
G1 X-14.800 Y47.200
G1 X14.800 Y47.200
G1 X14.800 Y52.928
G1 X0.000 Y70.688
G1 X0.000 Y70.063
G1 X-14.400 Y52.783
G1 X-14.400 Y47.600
G1 X14.400 Y47.600
G1 X14.400 Y52.783
G1 X0.000 Y70.063
G1 X0.000 Y69.438
G1 X-14.000 Y52.638
G1 X-14.000 Y48.000
G1 X14.000 Y48.000
G1 X14.000 Y52.638
G1 X0.000 Y69.438
G1 X0.000 Y68.813
G1 X-13.600 Y52.493
G1 X-13.600 Y48.400
G1 X13.600 Y48.400
G1 X13.600 Y52.493
G1 X0.000 Y68.813
G1 X0.000 Y68.188
G1 X-13.200 Y52.348
G1 X-13.200 Y48.800
G1 X13.200 Y48.800
G1 X13.200 Y52.348
G1 X0.000 Y68.188
G1 X0.000 Y67.563
G1 X-12.800 Y52.203
G1 X-12.800 Y49.200
G1 X12.800 Y49.200
G1 X12.800 Y52.203
G1 X0.000 Y67.563
G1 X0.000 Y66.939
G1 X-12.400 Y52.059
G1 X-12.400 Y49.600
G1 X12.400 Y49.600
G1 X12.400 Y52.059
G1 X0.000 Y66.939
G1 X0.000 Y66.314
G1 X-12.000 Y51.914
G1 X-12.000 Y50.000
G1 X12.000 Y50.000
G1 X12.000 Y51.914
G1 X0.000 Y66.314
G1 X0.000 Y65.689
G1 X-11.600 Y51.769
G1 X-11.600 Y50.400
G1 X11.600 Y50.400
G1 X11.600 Y51.769
G1 X0.000 Y65.689
G1 X0.000 Y65.064
G1 X-11.200 Y51.624
G1 X-11.200 Y50.800
G1 X11.200 Y50.800
G1 X11.200 Y51.624
G1 X0.000 Y65.064
G1 X0.000 Y64.439
G1 X-10.800 Y51.479
G1 X-10.800 Y51.200
G1 X10.800 Y51.200
G1 X10.800 Y51.479
G1 X0.000 Y64.439
G1 X0.000 Y63.815
G1 X-10.179 Y51.600
G1 X10.179 Y51.600
G1 X0.000 Y63.815
G1 X-0.000 Y63.190
G1 X-9.325 Y52.000
G1 X9.325 Y52.000
G1 X0.000 Y63.190
G1 X-0.000 Y62.565
G1 X-8.471 Y52.400
G1 X8.471 Y52.400
G1 X0.000 Y62.565
G1 X-0.000 Y61.940
G1 X-7.617 Y52.800
G1 X7.617 Y52.800
G1 X-0.000 Y61.940
G1 X-0.000 Y61.315
G1 X-6.763 Y53.200
G1 X6.763 Y53.200
G1 X-0.000 Y61.315
G1 X-0.000 Y60.690
G1 X-5.909 Y53.600
G1 X5.909 Y53.600
G1 X-0.000 Y60.690
G1 X-0.000 Y60.066
G1 X-5.055 Y54.000
G1 X5.055 Y54.000
G1 X-0.000 Y60.066
G1 X-0.000 Y59.441
G1 X-4.201 Y54.400
G1 X4.201 Y54.400
G1 X-0.000 Y59.441
G1 X-0.000 Y58.816
G1 X-3.347 Y54.800
G1 X3.347 Y54.800
G1 X-0.000 Y58.816
G1 X-0.000 Y58.191
G1 X-2.493 Y55.200
G1 X2.493 Y55.200
G1 X-0.000 Y58.191
G1 X-0.000 Y57.566
G1 X-1.639 Y55.600
G1 X1.639 Y55.600
G1 X-0.000 Y57.566
G1 X-0.000 Y56.942
G1 X-0.785 Y56.000
G1 X0.785 Y56.000
G1 X-0.000 Y56.942
M9
G1 Z10.000
G1 X0.000 Y-71.000
G1 Z0.300
M7
G4 P150
G1 X0.000 Y-70.688 Z0.300
G1 X0.000 Y-70.688
G1 X14.800 Y-52.928
G1 X14.800 Y-47.200
G1 X-14.800 Y-47.200
G1 X-14.800 Y-52.928
G1 X0.000 Y-70.688
G1 X0.000 Y-70.063
G1 X14.400 Y-52.783
G1 X14.400 Y-47.600
G1 X-14.400 Y-47.600
G1 X-14.400 Y-52.783
G1 X0.000 Y-70.063
G1 X0.000 Y-69.438
G1 X14.000 Y-52.638
G1 X14.000 Y-48.000
G1 X-14.000 Y-48.000
G1 X-14.000 Y-52.638
G1 X0.000 Y-69.438
G1 X0.000 Y-68.813
G1 X13.600 Y-52.493
G1 X13.600 Y-48.400
G1 X-13.600 Y-48.400
G1 X-13.600 Y-52.493
G1 X0.000 Y-68.813
G1 X0.000 Y-68.188
G1 X13.200 Y-52.348
G1 X13.200 Y-48.800
G1 X-13.200 Y-48.800
G1 X-13.200 Y-52.348
G1 X0.000 Y-68.188
G1 X0.000 Y-67.563
G1 X12.800 Y-52.203
G1 X12.800 Y-49.200
G1 X-12.800 Y-49.200
G1 X-12.800 Y-52.203
G1 X0.000 Y-67.563
G1 X0.000 Y-66.939
G1 X12.400 Y-52.059
G1 X12.400 Y-49.600
G1 X-12.400 Y-49.600
G1 X-12.400 Y-52.059
G1 X0.000 Y-66.939
G1 X0.000 Y-66.314
G1 X12.000 Y-51.914
G1 X12.000 Y-50.000
G1 X-12.000 Y-50.000
G1 X-12.000 Y-51.914
G1 X0.000 Y-66.314
G1 X0.000 Y-65.689
G1 X11.600 Y-51.769
G1 X11.600 Y-50.400
G1 X-11.600 Y-50.400
G1 X-11.600 Y-51.769
G1 X0.000 Y-65.689
G1 X0.000 Y-65.064
G1 X11.200 Y-51.624
G1 X11.200 Y-50.800
G1 X-11.200 Y-50.800
G1 X-11.200 Y-51.624
G1 X0.000 Y-65.064
G1 X0.000 Y-64.439
G1 X10.800 Y-51.479
G1 X10.800 Y-51.200
G1 X-10.800 Y-51.200
G1 X-10.800 Y-51.479
G1 X0.000 Y-64.439
G1 X0.000 Y-63.815
G1 X10.179 Y-51.600
G1 X-10.179 Y-51.600
G1 X0.000 Y-63.815
G1 X0.000 Y-63.190
G1 X9.325 Y-52.000
G1 X-9.325 Y-52.000
G1 X0.000 Y-63.190
G1 X0.000 Y-62.565
G1 X8.471 Y-52.400
G1 X-8.471 Y-52.400
G1 X0.000 Y-62.565
G1 X0.000 Y-61.940
G1 X7.617 Y-52.800
G1 X-7.617 Y-52.800
G1 X0.000 Y-61.940
G1 X0.000 Y-61.315
G1 X6.763 Y-53.200
G1 X-6.763 Y-53.200
G1 X0.000 Y-61.315
G1 X0.000 Y-60.690
G1 X5.909 Y-53.600
G1 X-5.909 Y-53.600
G1 X0.000 Y-60.690
G1 X0.000 Y-60.066
G1 X5.055 Y-54.000
G1 X-5.055 Y-54.000
G1 X0.000 Y-60.066
G1 X0.000 Y-59.441
G1 X4.201 Y-54.400
G1 X-4.201 Y-54.400
G1 X0.000 Y-59.441
G1 X0.000 Y-58.816
G1 X3.347 Y-54.800
G1 X-3.347 Y-54.800
G1 X0.000 Y-58.816
G1 X0.000 Y-58.191
G1 X2.493 Y-55.200
G1 X-2.493 Y-55.200
G1 X0.000 Y-58.191
G1 X0.000 Y-57.566
G1 X1.639 Y-55.600
G1 X-1.639 Y-55.600
G1 X0.000 Y-57.566
G1 X0.000 Y-56.942
G1 X0.785 Y-56.000
G1 X-0.785 Y-56.000
G1 X0.000 Y-56.942
M9
G1 Z10.000
G1 X-15.000 Y-46.200
G1 Z0.300
M7
G4 P150
G1 X-14.800 Y-46.000 Z0.300
G1 X-14.800 Y-46.000
G1 X14.800 Y-46.000
G1 X14.800 Y-36.800
G1 X-14.800 Y-36.800
G1 X-14.800 Y-46.000
G1 X-14.400 Y-45.600
G1 X14.400 Y-45.600
G1 X14.400 Y-37.200
G1 X-14.400 Y-37.200
G1 X-14.400 Y-45.600
G1 X-14.000 Y-45.200
G1 X14.000 Y-45.200
G1 X14.000 Y-37.600
G1 X-14.000 Y-37.600
G1 X-14.000 Y-45.200
G1 X-13.600 Y-44.800
G1 X13.600 Y-44.800
G1 X13.600 Y-38.000
G1 X-13.600 Y-38.000
G1 X-13.600 Y-44.800
G1 X-13.200 Y-44.400
G1 X13.200 Y-44.400
G1 X13.200 Y-38.400
G1 X-13.200 Y-38.400
G1 X-13.200 Y-44.400
G1 X-12.800 Y-44.000
G1 X12.800 Y-44.000
G1 X12.800 Y-38.800
G1 X-12.800 Y-38.800
G1 X-12.800 Y-44.000
G1 X-12.400 Y-43.600
G1 X12.400 Y-43.600
G1 X12.400 Y-39.200
G1 X-12.400 Y-39.200
G1 X-12.400 Y-43.600
G1 X-12.000 Y-43.200
G1 X12.000 Y-43.200
G1 X12.000 Y-39.600
G1 X-12.000 Y-39.600
G1 X-12.000 Y-43.200
G1 X-11.600 Y-42.800
G1 X11.600 Y-42.800
G1 X11.600 Y-40.000
G1 X-11.600 Y-40.000
G1 X-11.600 Y-42.800
G1 X-11.200 Y-42.400
G1 X11.200 Y-42.400
G1 X11.200 Y-40.400
G1 X-11.200 Y-40.400
G1 X-11.200 Y-42.400
G1 X-10.800 Y-42.000
G1 X10.800 Y-42.000
G1 X10.800 Y-40.800
G1 X-10.800 Y-40.800
G1 X-10.800 Y-42.000
G1 X-10.400 Y-41.600
G1 X10.400 Y-41.600
G1 X10.400 Y-41.200
G1 X-10.400 Y-41.200
G1 X-10.400 Y-41.600
M9
G1 Z10.000
G1 X-15.000 Y36.600
G1 Z0.300
M7
G4 P150
G1 X-14.800 Y36.800 Z0.300
G1 X-14.800 Y36.800
G1 X14.800 Y36.800
G1 X14.800 Y46.000
G1 X-14.800 Y46.000
G1 X-14.800 Y36.800
G1 X-14.400 Y37.200
G1 X14.400 Y37.200
G1 X14.400 Y45.600
G1 X-14.400 Y45.600
G1 X-14.400 Y37.200
G1 X-14.000 Y37.600
G1 X14.000 Y37.600
G1 X14.000 Y45.200
G1 X-14.000 Y45.200
G1 X-14.000 Y37.600
G1 X-13.600 Y38.000
G1 X13.600 Y38.000
G1 X13.600 Y44.800
G1 X-13.600 Y44.800
G1 X-13.600 Y38.000
G1 X-13.200 Y38.400
G1 X13.200 Y38.400
G1 X13.200 Y44.400
G1 X-13.200 Y44.400
G1 X-13.200 Y38.400
G1 X-12.800 Y38.800
G1 X12.800 Y38.800
G1 X12.800 Y44.000
G1 X-12.800 Y44.000
G1 X-12.800 Y38.800
G1 X-12.400 Y39.200
G1 X12.400 Y39.200
G1 X12.400 Y43.600
G1 X-12.400 Y43.600
G1 X-12.400 Y39.200
G1 X-12.000 Y39.600
G1 X12.000 Y39.600
G1 X12.000 Y43.200
G1 X-12.000 Y43.200
G1 X-12.000 Y39.600
G1 X-11.600 Y40.000
G1 X11.600 Y40.000
G1 X11.600 Y42.800
G1 X-11.600 Y42.800
G1 X-11.600 Y40.000
G1 X-11.200 Y40.400
G1 X11.200 Y40.400
G1 X11.200 Y42.400
G1 X-11.200 Y42.400
G1 X-11.200 Y40.400
G1 X-10.800 Y40.800
G1 X10.800 Y40.800
G1 X10.800 Y42.000
G1 X-10.800 Y42.000
G1 X-10.800 Y40.800
G1 X-10.400 Y41.200
G1 X10.400 Y41.200
G1 X10.400 Y41.600
G1 X-10.400 Y41.600
G1 X-10.400 Y41.200
M9
G1 Z10.000
G1 X59.600 Y-6.300
G1 Z0.300
M7
G4 P150
G1 X59.800 Y-6.100 Z0.300
G1 X59.800 Y-6.100
G1 X65.560 Y-6.100
G1 X75.400 Y-1.967
G1 X75.400 Y1.967
G1 X65.560 Y6.100
G1 X59.800 Y6.100
G1 X59.800 Y-6.100
G1 X60.200 Y-5.700
G1 X65.479 Y-5.700
G1 X75.000 Y-1.701
G1 X75.000 Y1.701
G1 X65.479 Y5.700
G1 X60.200 Y5.700
G1 X60.200 Y-5.700
G1 X60.600 Y-5.300
G1 X65.399 Y-5.300
G1 X74.600 Y-1.435
G1 X74.600 Y1.435
G1 X65.399 Y5.300
G1 X60.600 Y5.300
G1 X60.600 Y-5.300
G1 X61.000 Y-4.900
G1 X65.318 Y-4.900
G1 X74.200 Y-1.170
G1 X74.200 Y1.170
G1 X65.318 Y4.900
G1 X61.000 Y4.900
G1 X61.000 Y-4.900
G1 X61.400 Y-4.500
G1 X65.237 Y-4.500
G1 X73.800 Y-0.904
G1 X73.800 Y0.904
G1 X65.237 Y4.500
G1 X61.400 Y4.500
G1 X61.400 Y-4.500
G1 X61.800 Y-4.100
G1 X65.157 Y-4.100
G1 X73.400 Y-0.638
G1 X73.400 Y0.638
G1 X65.157 Y4.100
G1 X61.800 Y4.100
G1 X61.800 Y-4.100
G1 X62.200 Y-3.700
G1 X65.076 Y-3.700
G1 X73.000 Y-0.372
G1 X73.000 Y0.372
G1 X65.076 Y3.700
G1 X62.200 Y3.700
G1 X62.200 Y-3.700
G1 X62.600 Y-3.300
G1 X64.996 Y-3.300
G1 X72.600 Y-0.106
G1 X72.600 Y0.106
G1 X64.996 Y3.300
G1 X62.600 Y3.300
G1 X62.600 Y-3.300
G1 X63.000 Y-2.900
G1 X64.915 Y-2.900
G1 X71.820 Y0.000
G1 X64.915 Y2.900
G1 X63.000 Y2.900
G1 X63.000 Y-2.900
G1 X63.400 Y-2.500
G1 X64.834 Y-2.500
G1 X70.787 Y0.000
G1 X64.834 Y2.500
G1 X63.400 Y2.500
G1 X63.400 Y-2.500
G1 X63.800 Y-2.100
G1 X64.754 Y-2.100
G1 X69.754 Y0.000
G1 X64.754 Y2.100
G1 X63.800 Y2.100
G1 X63.800 Y-2.100
G1 X64.200 Y-1.700
G1 X64.673 Y-1.700
G1 X68.721 Y0.000
G1 X64.673 Y1.700
G1 X64.200 Y1.700
G1 X64.200 Y-1.700
G1 X64.600 Y-1.297
G1 X67.688 Y0.000
G1 X64.600 Y1.297
G1 X64.600 Y-1.297
G1 X65.000 Y-0.695
G1 X66.655 Y-0.000
G1 X65.000 Y0.695
G1 X65.000 Y-0.695
G1 X65.400 Y-0.093
G1 X65.622 Y-0.000
G1 X65.400 Y0.093
G1 X65.400 Y-0.093
M9
G1 Z10.000
G1 X0.000 Y0.000
G1 Z0.700
M7
G4 P150
G1 X-0.000 Y-17.765 Z0.700
G1 X-0.000 Y-17.765
G1 X0.000 Y17.765
G1 X0.000 Y17.765
G1 X0.004 Y17.758
G1 X0.018 Y0.000
G1 X0.004 Y-17.758
G1 X0.000 Y-17.765
G1 X-0.000 Y-17.765
G1 X-0.400 Y-17.871
G1 X-0.400 Y17.871
G1 X0.000 Y18.573
G1 X0.404 Y17.864
G1 X0.418 Y0.000
G1 X0.404 Y-17.864
G1 X0.000 Y-18.573
G1 X-0.400 Y-17.871
G1 X-0.800 Y-17.977
G1 X-0.800 Y17.977
G1 X0.000 Y19.381
G1 X0.804 Y17.971
G1 X0.818 Y0.000
G1 X0.804 Y-17.971
G1 X0.000 Y-19.381
G1 X-0.800 Y-17.977
G1 X-1.200 Y-18.083
G1 X-1.200 Y18.083
G1 X0.000 Y20.188
G1 X1.204 Y18.077
G1 X1.218 Y0.000
G1 X1.204 Y-18.077
G1 X0.000 Y-20.188
G1 X-1.200 Y-18.083
G1 X-1.600 Y-18.189
G1 X-1.600 Y18.189
G1 X0.000 Y20.996
G1 X1.604 Y18.183
G1 X1.618 Y0.000
G1 X1.604 Y-18.183
G1 X0.000 Y-20.996
G1 X-1.600 Y-18.189
G1 X-2.000 Y-18.295
G1 X-2.000 Y18.295
G1 X0.000 Y21.804
G1 X2.004 Y18.289
G1 X2.018 Y0.000
G1 X2.004 Y-18.289
G1 X0.000 Y-21.804
G1 X-2.000 Y-18.295
G1 X-2.400 Y-18.401
G1 X-2.400 Y18.401
G1 X0.000 Y22.612
G1 X2.403 Y18.395
G1 X2.418 Y0.000
G1 X2.403 Y-18.395
G1 X0.000 Y-22.612
G1 X-2.400 Y-18.401
G1 X-2.800 Y-18.507
G1 X-2.800 Y18.507
G1 X0.000 Y23.419
G1 X2.803 Y18.501
G1 X2.818 Y0.000
G1 X2.803 Y-18.501
G1 X0.000 Y-23.419
G1 X-2.800 Y-18.507
G1 X-3.200 Y-18.613
G1 X-3.200 Y18.613
G1 X0.000 Y24.227
G1 X3.203 Y18.607
G1 X3.218 Y0.000
G1 X3.203 Y-18.607
G1 X-0.000 Y-24.227
G1 X-3.200 Y-18.613
G1 X-3.600 Y-18.719
G1 X-3.600 Y18.719
G1 X0.000 Y25.035
G1 X3.603 Y18.714
G1 X3.618 Y0.000
G1 X3.603 Y-18.714
G1 X-0.000 Y-25.035
G1 X-3.600 Y-18.719
G1 X-4.000 Y-18.825
G1 X-4.000 Y18.825
G1 X-0.012 Y25.822
G1 X-0.002 Y47.566
G1 X0.000 Y47.569
G1 X0.002 Y47.566
G1 X0.012 Y25.822
G1 X4.003 Y18.820
G1 X4.018 Y0.000
G1 X4.003 Y-18.820
G1 X0.012 Y-25.822
G1 X0.002 Y-47.566
G1 X-0.000 Y-47.569
G1 X-0.002 Y-47.566
G1 X-0.012 Y-25.822
G1 X-4.000 Y-18.825
G1 X-4.400 Y-18.931
G1 X-4.400 Y18.931
G1 X-0.412 Y25.928
G1 X-0.402 Y47.711
G1 X-0.000 Y48.194
G1 X0.402 Y47.711
G1 X0.412 Y25.928
G1 X4.403 Y18.926
G1 X4.418 Y0.000
G1 X4.403 Y-18.926
G1 X0.412 Y-25.928
G1 X0.402 Y-47.711
G1 X-0.000 Y-48.194
G1 X-0.402 Y-47.711
G1 X-0.412 Y-25.928
G1 X-4.400 Y-18.931
G1 X-4.800 Y-19.037
G1 X-4.800 Y19.037
G1 X-0.812 Y26.034
G1 X-0.802 Y47.856
G1 X0.000 Y48.819
G1 X0.802 Y47.856
G1 X0.812 Y26.034
G1 X4.803 Y19.032
G1 X4.818 Y0.000
G1 X4.803 Y-19.032
G1 X0.812 Y-26.034
G1 X0.802 Y-47.856
G1 X0.000 Y-48.819
G1 X-0.802 Y-47.856
G1 X-0.812 Y-26.034
G1 X-4.800 Y-19.037
G1 X-5.200 Y-19.143
G1 X-5.200 Y19.143
G1 X-1.212 Y26.140
G1 X-1.202 Y48.001
G1 X0.000 Y49.444
G1 X1.202 Y48.001
G1 X1.212 Y26.140
G1 X5.203 Y19.138
G1 X5.218 Y0.000
G1 X5.203 Y-19.138
G1 X1.212 Y-26.140
G1 X1.202 Y-48.001
G1 X0.000 Y-49.444
G1 X-1.202 Y-48.001
G1 X-1.212 Y-26.140
G1 X-5.200 Y-19.143
G1 X-5.600 Y-19.249
G1 X-5.600 Y19.249
G1 X-1.612 Y26.246
G1 X-1.602 Y48.146
G1 X-0.000 Y50.069
G1 X1.602 Y48.146
G1 X1.612 Y26.246
G1 X5.603 Y19.244
G1 X5.618 Y0.000
G1 X5.603 Y-19.244
G1 X1.612 Y-26.246
G1 X1.602 Y-48.146
G1 X-0.000 Y-50.069
G1 X-1.602 Y-48.146
G1 X-1.612 Y-26.246
G1 X-5.600 Y-19.249
G1 X-6.000 Y-19.355
G1 X-6.000 Y19.355
G1 X-2.011 Y26.353
G1 X-2.002 Y48.291
G1 X0.000 Y50.693
G1 X2.002 Y48.291
G1 X2.011 Y26.353
G1 X6.003 Y19.350
G1 X6.018 Y0.000
G1 X6.003 Y-19.350
G1 X2.011 Y-26.353
G1 X2.002 Y-48.291
G1 X0.000 Y-50.693
G1 X-2.002 Y-48.291
G1 X-2.011 Y-26.353
G1 X-6.000 Y-19.355
G1 X-6.400 Y-19.461
G1 X-6.400 Y19.461
G1 X-2.411 Y26.459
G1 X-2.402 Y48.436
G1 X0.000 Y51.318
G1 X2.402 Y48.436
G1 X2.411 Y26.459
G1 X6.403 Y19.457
G1 X6.418 Y0.000
G1 X6.403 Y-19.457
G1 X2.411 Y-26.459
G1 X2.402 Y-48.436
G1 X0.000 Y-51.318
G1 X-2.402 Y-48.436
G1 X-2.411 Y-26.459
G1 X-6.400 Y-19.461
G1 X-6.800 Y-19.567
G1 X-6.800 Y19.567
G1 X-2.811 Y26.565
G1 X-2.802 Y48.581
G1 X0.000 Y51.943
G1 X2.802 Y48.581
G1 X2.811 Y26.565
G1 X6.803 Y19.563
G1 X6.818 Y0.000
G1 X6.803 Y-19.563
G1 X2.811 Y-26.565
G1 X2.802 Y-48.581
G1 X0.000 Y-51.943
G1 X-2.802 Y-48.581
G1 X-2.811 Y-26.565
G1 X-6.800 Y-19.567
G1 X-7.200 Y-19.673
G1 X-7.200 Y19.673
G1 X-3.211 Y26.671
G1 X-3.202 Y48.726
G1 X0.000 Y52.568
G1 X3.202 Y48.726
G1 X3.211 Y26.671
G1 X7.202 Y19.669
G1 X7.218 Y0.000
G1 X7.202 Y-19.669
G1 X3.211 Y-26.671
G1 X3.202 Y-48.726
G1 X0.000 Y-52.568
G1 X-3.202 Y-48.726
G1 X-3.211 Y-26.671
G1 X-7.200 Y-19.673
G1 X-7.600 Y-19.779
G1 X-7.600 Y19.779
G1 X-3.611 Y26.777
G1 X-3.602 Y48.870
G1 X0.000 Y53.193
G1 X3.602 Y48.870
G1 X3.611 Y26.777
G1 X7.602 Y19.775
G1 X7.618 Y0.000
G1 X7.602 Y-19.775
G1 X3.611 Y-26.777
G1 X3.602 Y-48.870
G1 X0.000 Y-53.193
G1 X-3.602 Y-48.870
G1 X-3.611 Y-26.777
G1 X-7.600 Y-19.779
G1 X-8.000 Y-19.885
G1 X-8.000 Y19.885
G1 X-4.011 Y26.883
G1 X-4.002 Y49.015
G1 X0.000 Y53.817
G1 X4.002 Y49.015
G1 X4.011 Y26.883
G1 X8.002 Y19.881
G1 X8.018 Y0.000
G1 X8.002 Y-19.881
G1 X4.011 Y-26.883
G1 X4.002 Y-49.015
G1 X0.000 Y-53.817
G1 X-4.002 Y-49.015
G1 X-4.011 Y-26.883
G1 X-8.000 Y-19.885
G1 X-8.400 Y-19.991
G1 X-8.400 Y19.991
G1 X-4.411 Y26.989
G1 X-4.402 Y49.160
G1 X0.000 Y54.442
G1 X4.402 Y49.160
G1 X4.411 Y26.989
G1 X8.402 Y19.987
G1 X8.418 Y0.000
G1 X8.402 Y-19.987
G1 X4.411 Y-26.989
G1 X4.402 Y-49.160
G1 X0.000 Y-54.442
G1 X-4.402 Y-49.160
G1 X-4.411 Y-26.989
G1 X-8.400 Y-19.991
G1 X-8.800 Y-20.097
G1 X-8.800 Y20.097
G1 X-4.811 Y27.095
G1 X-4.802 Y49.305
G1 X0.000 Y55.067
G1 X4.802 Y49.305
G1 X4.811 Y27.095
G1 X8.802 Y20.093
G1 X8.818 Y0.000
G1 X8.802 Y-20.093
G1 X4.811 Y-27.095
G1 X4.802 Y-49.305
G1 X0.000 Y-55.067
G1 X-4.802 Y-49.305
G1 X-4.811 Y-27.095
G1 X-8.800 Y-20.097
G1 X-9.200 Y-20.203
G1 X-9.200 Y20.203
G1 X-5.211 Y27.201
G1 X-5.202 Y49.450
G1 X0.000 Y55.692
G1 X5.202 Y49.450
G1 X5.211 Y27.201
G1 X9.202 Y20.200
G1 X9.218 Y0.218
G1 X30.939 Y0.201
G1 X32.078 Y-0.000
G1 X30.939 Y-0.201
G1 X9.218 Y-0.218
G1 X9.202 Y-20.200
G1 X5.211 Y-27.201
G1 X5.202 Y-49.450
G1 X0.000 Y-55.692
G1 X-5.202 Y-49.450
G1 X-5.211 Y-27.201
G1 X-9.200 Y-20.203
G1 X-9.600 Y-20.309
G1 X-9.600 Y20.309
G1 X-5.611 Y27.307
G1 X-5.601 Y49.595
G1 X0.000 Y56.317
G1 X5.601 Y49.595
G1 X5.611 Y27.307
G1 X9.602 Y20.306
G1 X9.617 Y0.617
G1 X30.975 Y0.601
G1 X34.384 Y-0.000
G1 X30.975 Y-0.601
G1 X9.617 Y-0.617
G1 X9.602 Y-20.306
G1 X5.611 Y-27.307
G1 X5.601 Y-49.595
G1 X0.000 Y-56.317
G1 X-5.601 Y-49.595
G1 X-5.611 Y-27.307
G1 X-9.600 Y-20.309
G1 X-10.000 Y-20.415
G1 X-10.000 Y20.415
G1 X-6.011 Y27.413
G1 X-6.001 Y49.740
G1 X0.000 Y56.942
G1 X6.001 Y49.740
G1 X6.011 Y27.413
G1 X10.002 Y20.412
G1 X10.017 Y1.017
G1 X31.010 Y1.001
G1 X36.689 Y0.000
G1 X31.010 Y-1.001
G1 X10.017 Y-1.017
G1 X10.002 Y-20.412
G1 X6.011 Y-27.413
G1 X6.001 Y-49.740
G1 X0.000 Y-56.942
G1 X-6.001 Y-49.740
G1 X-6.011 Y-27.413
G1 X-10.000 Y-20.415
G1 X-10.400 Y-20.521
G1 X-10.400 Y20.521
G1 X-6.411 Y27.519
G1 X-6.401 Y49.885
G1 X0.000 Y57.566
G1 X6.401 Y49.885
G1 X6.411 Y27.519
G1 X10.402 Y20.518
G1 X10.417 Y1.417
G1 X31.045 Y1.401
G1 X38.994 Y-0.000
G1 X31.045 Y-1.401
G1 X10.417 Y-1.417
G1 X10.402 Y-20.518
G1 X6.411 Y-27.519
G1 X6.401 Y-49.885
G1 X0.000 Y-57.566
G1 X-6.401 Y-49.885
G1 X-6.411 Y-27.519
G1 X-10.400 Y-20.521
G1 X-10.800 Y-20.627
G1 X-10.800 Y20.627
G1 X-6.811 Y27.625
G1 X-6.801 Y50.030
G1 X0.000 Y58.191
G1 X6.801 Y50.030
G1 X6.811 Y27.625
G1 X10.802 Y20.624
G1 X10.816 Y1.816
G1 X31.080 Y1.801
G1 X41.299 Y0.000
G1 X31.080 Y-1.801
G1 X10.816 Y-1.816
G1 X10.802 Y-20.624
G1 X6.811 Y-27.625
G1 X6.801 Y-50.030
G1 X0.000 Y-58.191
G1 X-6.801 Y-50.030
G1 X-6.811 Y-27.625
G1 X-10.800 Y-20.627
G1 X-11.200 Y-20.733
G1 X-11.200 Y20.733
G1 X-7.211 Y27.732
G1 X-7.201 Y50.175
G1 X0.000 Y58.816
G1 X7.201 Y50.175
G1 X7.211 Y27.732
G1 X11.202 Y20.730
G1 X11.216 Y2.216
G1 X31.115 Y2.201
G1 X43.605 Y-0.000
G1 X31.115 Y-2.201
G1 X11.216 Y-2.216
G1 X11.202 Y-20.730
G1 X7.211 Y-27.732
G1 X7.201 Y-50.175
G1 X0.000 Y-58.816
G1 X-7.201 Y-50.175
G1 X-7.211 Y-27.732
G1 X-11.200 Y-20.733
G1 X-11.600 Y-20.839
G1 X-11.600 Y20.839
G1 X-7.611 Y27.838
G1 X-7.601 Y50.319
G1 X0.000 Y59.441
G1 X7.601 Y50.319
G1 X7.611 Y27.838
G1 X11.602 Y20.836
G1 X11.616 Y2.616
G1 X31.150 Y2.601
G1 X45.910 Y0.000
G1 X31.150 Y-2.601
G1 X11.616 Y-2.616
G1 X11.602 Y-20.836
G1 X7.611 Y-27.838
G1 X7.601 Y-50.319
G1 X0.000 Y-59.441
G1 X-7.601 Y-50.319
G1 X-7.611 Y-27.838
G1 X-11.600 Y-20.839
G1 X-12.000 Y-20.945
G1 X-12.000 Y20.945
G1 X-8.011 Y27.944
G1 X-8.001 Y50.464
G1 X0.000 Y60.066
G1 X8.001 Y50.464
G1 X8.011 Y27.944
G1 X12.001 Y20.943
G1 X12.015 Y3.015
G1 X31.185 Y3.000
G1 X48.215 Y-0.000
G1 X31.185 Y-3.000
G1 X12.015 Y-3.015
G1 X12.001 Y-20.943
G1 X8.011 Y-27.944
G1 X8.001 Y-50.464
G1 X0.000 Y-60.066
G1 X-8.001 Y-50.464
G1 X-8.011 Y-27.944
G1 X-12.000 Y-20.945
G1 X-12.400 Y-21.051
G1 X-12.400 Y21.051
G1 X-8.411 Y28.050
G1 X-8.401 Y50.609
G1 X0.000 Y60.690
G1 X8.401 Y50.609
G1 X8.411 Y28.050
G1 X12.401 Y21.049
G1 X12.415 Y3.415
G1 X31.220 Y3.400
G1 X50.520 Y0.000
G1 X31.220 Y-3.400
G1 X12.415 Y-3.415
G1 X12.401 Y-21.049
G1 X8.411 Y-28.050
G1 X8.401 Y-50.609
G1 X0.000 Y-60.690
G1 X-8.401 Y-50.609
G1 X-8.411 Y-28.050
G1 X-12.400 Y-21.051
G1 X-12.800 Y-21.157
G1 X-12.800 Y21.157
G1 X-8.811 Y28.156
G1 X-8.801 Y50.754
G1 X0.000 Y61.315
G1 X8.801 Y50.754
G1 X8.811 Y28.156
G1 X12.801 Y21.155
G1 X12.815 Y3.815
G1 X31.256 Y3.800
G1 X52.258 Y0.100
G1 X64.351 Y0.100
G1 X64.589 Y-0.000
G1 X64.351 Y-0.100
G1 X52.258 Y-0.100
G1 X31.256 Y-3.800
G1 X12.815 Y-3.815
G1 X12.801 Y-21.155
G1 X8.811 Y-28.156
G1 X8.801 Y-50.754
G1 X0.000 Y-61.315
G1 X-8.801 Y-50.754
G1 X-8.811 Y-28.156
G1 X-12.800 Y-21.157
G1 X-13.200 Y-21.263
G1 X-13.200 Y-0.200
G1 X-30.683 Y-0.200
G1 X-31.183 Y0.000
G1 X-30.683 Y0.200
G1 X-13.200 Y0.200
G1 X-13.200 Y21.263
G1 X-9.211 Y28.262
G1 X-9.201 Y50.899
G1 X0.000 Y61.940
G1 X9.201 Y50.899
G1 X9.211 Y28.262
G1 X13.201 Y21.261
G1 X13.215 Y4.215
G1 X31.291 Y4.200
G1 X52.293 Y0.500
G1 X64.431 Y0.500
G1 X65.622 Y0.000
G1 X64.431 Y-0.500
G1 X52.293 Y-0.500
G1 X31.291 Y-4.200
G1 X13.215 Y-4.215
G1 X13.201 Y-21.261
G1 X9.211 Y-28.262
G1 X9.201 Y-50.899
G1 X0.000 Y-61.940
G1 X-9.201 Y-50.899
G1 X-9.211 Y-28.262
G1 X-13.200 Y-21.263
G1 X-13.600 Y-21.369
G1 X-13.600 Y-0.600
G1 X-30.760 Y-0.600
G1 X-32.260 Y-0.000
G1 X-30.760 Y0.600
G1 X-13.600 Y0.600
G1 X-13.600 Y21.369
G1 X-9.611 Y28.368
G1 X-9.601 Y51.044
G1 X0.000 Y62.565
G1 X9.601 Y51.044
G1 X9.611 Y28.368
G1 X13.601 Y21.367
G1 X13.614 Y4.614
G1 X31.326 Y4.600
G1 X52.328 Y0.900
G1 X64.512 Y0.900
G1 X66.655 Y-0.000
G1 X64.512 Y-0.900
G1 X52.328 Y-0.900
G1 X31.326 Y-4.600
G1 X13.614 Y-4.614
G1 X13.601 Y-21.367
G1 X9.611 Y-28.368
G1 X9.601 Y-51.044
G1 X0.000 Y-62.565
G1 X-9.601 Y-51.044
G1 X-9.611 Y-28.368
G1 X-13.600 Y-21.369
G1 X-14.000 Y-21.475
G1 X-14.000 Y-1.000
G1 X-30.837 Y-1.000
G1 X-33.337 Y0.000
G1 X-30.837 Y1.000
G1 X-14.000 Y1.000
G1 X-14.000 Y21.475
G1 X-10.011 Y28.474
G1 X-10.001 Y51.189
G1 X0.000 Y63.190
G1 X10.001 Y51.189
G1 X10.011 Y28.474
G1 X14.001 Y21.473
G1 X14.014 Y5.014
G1 X31.361 Y5.000
G1 X52.363 Y1.300
G1 X64.593 Y1.300
G1 X67.688 Y0.000
G1 X64.593 Y-1.300
G1 X52.363 Y-1.300
G1 X31.361 Y-5.000
G1 X14.014 Y-5.014
G1 X14.001 Y-21.473
G1 X10.011 Y-28.474
G1 X10.001 Y-51.189
G1 X0.000 Y-63.190
G1 X-10.001 Y-51.189
G1 X-10.011 Y-28.474
G1 X-14.000 Y-21.475
G1 X-14.400 Y-21.581
G1 X-14.400 Y-1.400
G1 X-30.914 Y-1.400
G1 X-34.414 Y-0.000
G1 X-30.914 Y1.400
G1 X-14.400 Y1.400
G1 X-14.400 Y21.581
G1 X-10.411 Y28.580
G1 X-10.401 Y51.334
G1 X0.000 Y63.815
G1 X10.401 Y51.334
G1 X10.411 Y28.580
G1 X14.401 Y21.579
G1 X14.414 Y5.414
G1 X31.396 Y5.400
G1 X52.398 Y1.700
G1 X64.673 Y1.700
G1 X68.721 Y-0.000
G1 X64.673 Y-1.700
G1 X52.398 Y-1.700
G1 X31.396 Y-5.400
G1 X14.414 Y-5.414
G1 X14.401 Y-21.579
G1 X10.411 Y-28.580
G1 X10.401 Y-51.334
G1 X0.000 Y-63.815
G1 X-10.401 Y-51.334
G1 X-10.411 Y-28.580
G1 X-14.400 Y-21.581
G1 X-14.800 Y-21.687
G1 X-14.800 Y-1.800
G1 X-30.991 Y-1.800
G1 X-35.491 Y0.000
G1 X-30.991 Y1.800
G1 X-14.800 Y1.800
G1 X-14.800 Y21.687
G1 X-10.810 Y28.686
G1 X-10.801 Y51.479
G1 X0.000 Y64.439
G1 X10.801 Y51.479
G1 X10.810 Y28.686
G1 X14.801 Y21.686
G1 X14.813 Y5.813
G1 X31.431 Y5.800
G1 X52.433 Y2.100
G1 X64.754 Y2.100
G1 X69.754 Y0.000
G1 X64.754 Y-2.100
G1 X52.433 Y-2.100
G1 X31.431 Y-5.800
G1 X14.813 Y-5.813
G1 X14.801 Y-21.686
G1 X10.810 Y-28.686
G1 X10.801 Y-51.479
G1 X0.000 Y-64.439
G1 X-10.801 Y-51.479
G1 X-10.810 Y-28.686
G1 X-14.800 Y-21.687
G1 X-15.200 Y-21.793
G1 X-15.200 Y-2.200
G1 X-31.068 Y-2.200
G1 X-36.568 Y0.000
G1 X-31.068 Y2.200
G1 X-15.200 Y2.200
G1 X-15.200 Y21.793
G1 X-11.210 Y28.792
G1 X-11.201 Y51.623
G1 X0.000 Y65.064
G1 X11.201 Y51.623
G1 X11.210 Y28.792
G1 X15.201 Y21.792
G1 X15.213 Y6.213
G1 X31.466 Y6.200
G1 X52.468 Y2.500
G1 X64.834 Y2.500
G1 X70.787 Y0.000
G1 X64.834 Y-2.500
G1 X52.468 Y-2.500
G1 X31.466 Y-6.200
G1 X15.213 Y-6.213
G1 X15.201 Y-21.792
G1 X11.210 Y-28.792
G1 X11.201 Y-51.623
G1 X0.000 Y-65.064
G1 X-11.201 Y-51.623
G1 X-11.210 Y-28.792
G1 X-15.200 Y-21.793
G1 X-15.600 Y-21.899
G1 X-15.600 Y-2.600
G1 X-31.145 Y-2.600
G1 X-37.645 Y-0.000
G1 X-31.145 Y2.600
G1 X-15.600 Y2.600
G1 X-15.600 Y21.899
G1 X-11.610 Y28.898
G1 X-11.601 Y51.768
G1 X0.000 Y65.689
G1 X11.601 Y51.768
G1 X11.610 Y28.898
G1 X15.601 Y21.898
G1 X15.613 Y6.613
G1 X31.501 Y6.600
G1 X52.503 Y2.900
G1 X64.915 Y2.900
G1 X71.820 Y0.000
G1 X64.915 Y-2.900
G1 X52.503 Y-2.900
G1 X31.501 Y-6.600
G1 X15.613 Y-6.613
G1 X15.601 Y-21.898
G1 X11.610 Y-28.898
G1 X11.601 Y-51.768
G1 X0.000 Y-65.689
G1 X-11.601 Y-51.768
G1 X-11.610 Y-28.898
G1 X-15.600 Y-21.899
G1 X-16.000 Y-22.005
G1 X-16.000 Y-3.000
G1 X-31.222 Y-3.000
G1 X-38.722 Y0.000
G1 X-31.222 Y3.000
G1 X-16.000 Y3.000
G1 X-16.000 Y22.005
G1 X-12.010 Y29.004
G1 X-12.000 Y51.913
G1 X0.000 Y66.314
G1 X12.000 Y51.913
G1 X12.010 Y29.004
G1 X16.001 Y22.004
G1 X16.012 Y7.012
G1 X31.537 Y7.000
G1 X52.538 Y3.300
G1 X64.996 Y3.300
G1 X72.600 Y0.106
G1 X72.600 Y-0.106
G1 X64.996 Y-3.300
G1 X52.538 Y-3.300
G1 X31.537 Y-7.000
G1 X16.012 Y-7.012
G1 X16.001 Y-22.004
G1 X12.010 Y-29.004
G1 X12.000 Y-51.913
G1 X0.000 Y-66.314
G1 X-12.000 Y-51.913
G1 X-12.010 Y-29.004
G1 X-16.000 Y-22.005
G1 X-16.400 Y-22.111
G1 X-16.400 Y-3.400
G1 X-31.299 Y-3.400
G1 X-39.799 Y0.000
G1 X-31.299 Y3.400
G1 X-16.400 Y3.400
G1 X-16.400 Y22.111
G1 X-12.410 Y29.111
G1 X-12.400 Y52.058
G1 X0.000 Y66.939
G1 X12.400 Y52.058
G1 X12.410 Y29.111
G1 X16.401 Y22.110
G1 X16.412 Y7.412
G1 X31.572 Y7.400
G1 X52.573 Y3.700
G1 X65.076 Y3.700
G1 X73.000 Y0.372
G1 X73.000 Y-0.372
G1 X65.076 Y-3.700
G1 X52.573 Y-3.700
G1 X31.572 Y-7.400
G1 X16.412 Y-7.412
G1 X16.401 Y-22.110
G1 X12.410 Y-29.111
G1 X12.400 Y-52.058
G1 X0.000 Y-66.939
G1 X-12.400 Y-52.058
G1 X-12.410 Y-29.111
G1 X-16.400 Y-22.111
G1 X-16.800 Y-22.217
G1 X-16.800 Y-3.800
G1 X-31.376 Y-3.800
G1 X-40.876 Y-0.000
G1 X-31.376 Y3.800
G1 X-16.800 Y3.800
G1 X-16.800 Y22.217
G1 X-12.810 Y29.217
G1 X-12.800 Y52.203
G1 X0.000 Y67.563
G1 X12.800 Y52.203
G1 X12.810 Y29.217
G1 X16.800 Y22.216
G1 X16.812 Y7.812
G1 X31.607 Y7.800
G1 X52.608 Y4.100
G1 X65.157 Y4.100
G1 X73.400 Y0.638
G1 X73.400 Y-0.638
G1 X65.157 Y-4.100
G1 X52.608 Y-4.100
G1 X31.607 Y-7.800
G1 X16.812 Y-7.812
G1 X16.800 Y-22.216
G1 X12.810 Y-29.217
G1 X12.800 Y-52.203
G1 X0.000 Y-67.563
G1 X-12.800 Y-52.203
G1 X-12.810 Y-29.217
G1 X-16.800 Y-22.217
G1 X-17.200 Y-22.323
G1 X-17.200 Y-4.200
G1 X-31.453 Y-4.200
G1 X-41.953 Y0.000
G1 X-31.453 Y4.200
G1 X-17.200 Y4.200
G1 X-17.200 Y22.323
G1 X-13.210 Y29.323
G1 X-13.200 Y52.348
G1 X0.000 Y68.188
G1 X13.200 Y52.348
G1 X13.210 Y29.323
G1 X17.200 Y22.322
G1 X17.211 Y8.211
G1 X31.642 Y8.200
G1 X52.643 Y4.500
G1 X65.237 Y4.500
G1 X73.800 Y0.904
G1 X73.800 Y-0.904
G1 X65.237 Y-4.500
G1 X52.643 Y-4.500
G1 X31.642 Y-8.200
G1 X17.211 Y-8.211
G1 X17.200 Y-22.322
G1 X13.210 Y-29.323
G1 X13.200 Y-52.348
G1 X0.000 Y-68.188
G1 X-13.200 Y-52.348
G1 X-13.210 Y-29.323
G1 X-17.200 Y-22.323
G1 X-17.600 Y-22.429
G1 X-17.600 Y-4.600
G1 X-31.530 Y-4.600
G1 X-43.030 Y-0.000
G1 X-31.530 Y4.600
G1 X-17.600 Y4.600
G1 X-17.600 Y22.429
G1 X-13.610 Y29.429
G1 X-13.600 Y52.493
G1 X0.000 Y68.813
G1 X13.600 Y52.493
G1 X13.610 Y29.429
G1 X17.600 Y22.429
G1 X17.611 Y8.611
G1 X31.677 Y8.600
G1 X52.678 Y4.900
G1 X65.318 Y4.900
G1 X74.200 Y1.170
G1 X74.200 Y-1.170
G1 X65.318 Y-4.900
G1 X52.678 Y-4.900
G1 X31.677 Y-8.600
G1 X17.611 Y-8.611
G1 X17.600 Y-22.429
G1 X13.610 Y-29.429
G1 X13.600 Y-52.493
G1 X0.000 Y-68.813
G1 X-13.600 Y-52.493
G1 X-13.610 Y-29.429
G1 X-17.600 Y-22.429
G1 X-18.000 Y-22.535
G1 X-18.000 Y-5.000
G1 X-31.607 Y-5.000
G1 X-44.107 Y0.000
G1 X-31.607 Y5.000
G1 X-18.000 Y5.000
G1 X-18.000 Y22.535
G1 X-14.010 Y29.535
G1 X-14.000 Y52.638
G1 X0.000 Y69.438
G1 X14.000 Y52.638
G1 X14.010 Y29.535
G1 X18.000 Y22.535
G1 X18.011 Y9.011
G1 X31.712 Y9.000
G1 X52.713 Y5.300
G1 X65.399 Y5.300
G1 X74.600 Y1.435
G1 X74.600 Y-1.435
G1 X65.399 Y-5.300
G1 X52.713 Y-5.300
G1 X31.712 Y-9.000
G1 X18.011 Y-9.011
G1 X18.000 Y-22.535
G1 X14.010 Y-29.535
G1 X14.000 Y-52.638
G1 X0.000 Y-69.438
G1 X-14.000 Y-52.638
G1 X-14.010 Y-29.535
G1 X-18.000 Y-22.535
G1 X-18.400 Y-22.641
G1 X-18.400 Y-5.400
G1 X-31.684 Y-5.400
G1 X-45.184 Y-0.000
G1 X-31.684 Y5.400
G1 X-18.400 Y5.400
G1 X-18.400 Y22.641
G1 X-14.410 Y29.641
G1 X-14.400 Y52.783
G1 X0.000 Y70.063
G1 X14.400 Y52.783
G1 X14.410 Y29.641
G1 X18.400 Y22.641
G1 X18.410 Y9.410
G1 X31.747 Y9.400
G1 X52.748 Y5.700
G1 X65.479 Y5.700
G1 X75.000 Y1.701
G1 X75.000 Y-1.701
G1 X65.479 Y-5.700
G1 X52.748 Y-5.700
G1 X31.747 Y-9.400
G1 X18.410 Y-9.410
G1 X18.400 Y-22.641
G1 X14.410 Y-29.641
G1 X14.400 Y-52.783
G1 X0.000 Y-70.063
G1 X-14.400 Y-52.783
G1 X-14.410 Y-29.641
G1 X-18.400 Y-22.641
G1 X-18.800 Y-22.747
G1 X-18.800 Y-5.800
G1 X-31.761 Y-5.800
G1 X-46.261 Y0.000
G1 X-31.761 Y5.800
G1 X-18.800 Y5.800
G1 X-18.800 Y22.747
G1 X-14.810 Y29.747
G1 X-14.800 Y52.928
G1 X0.000 Y70.688
G1 X14.800 Y52.928
G1 X14.810 Y29.747
G1 X18.800 Y22.747
G1 X18.810 Y9.810
G1 X31.782 Y9.800
G1 X52.783 Y6.100
G1 X65.560 Y6.100
G1 X75.400 Y1.967
G1 X75.400 Y-1.967
G1 X65.560 Y-6.100
G1 X52.783 Y-6.100
G1 X31.782 Y-9.800
G1 X18.810 Y-9.810
G1 X18.800 Y-22.747
G1 X14.810 Y-29.747
G1 X14.800 Y-52.928
G1 X0.000 Y-70.688
G1 X-14.800 Y-52.928
G1 X-14.810 Y-29.747
G1 X-18.800 Y-22.747
G1 X-18.800 Y-22.747 Z0.700
M9
G1 Z10.000
G1 X0.000 Y-12.015
G1 Z1.100
M7
G4 P150
G1 X-0.000 Y-11.815 Z1.100
G1 X-0.000 Y-11.815
G1 X18.806 Y-11.804
G1 X18.810 Y-9.810
G1 X20.805 Y-9.806
G1 X20.805 Y9.806
G1 X18.810 Y9.810
G1 X18.806 Y11.805
G1 X-18.800 Y11.805
G1 X-18.800 Y5.800
G1 X-21.723 Y5.800
G1 X-21.723 Y-5.800
G1 X-18.800 Y-5.800
G1 X-18.800 Y-11.805
G1 X-0.000 Y-11.815
G1 X-0.000 Y-11.415
G1 X18.407 Y-11.404
G1 X18.411 Y-9.411
G1 X20.405 Y-9.407
G1 X20.405 Y9.407
G1 X18.411 Y9.411
G1 X18.407 Y11.405
G1 X-18.400 Y11.405
G1 X-18.400 Y5.400
G1 X-21.323 Y5.400
G1 X-21.323 Y-5.400
G1 X-18.400 Y-5.400
G1 X-18.400 Y-11.405
G1 X-0.000 Y-11.415
G1 X-0.000 Y-11.015
G1 X18.008 Y-11.005
G1 X18.012 Y-9.012
G1 X20.005 Y-9.008
G1 X20.005 Y9.008
G1 X18.012 Y9.012
G1 X18.008 Y11.005
G1 X-18.000 Y11.005
G1 X-18.000 Y5.000
G1 X-20.923 Y5.000
G1 X-20.923 Y-5.000
G1 X-18.000 Y-5.000
G1 X-18.000 Y-11.006
G1 X-0.000 Y-11.015
G1 X-0.000 Y-10.615
G1 X17.609 Y-10.605
G1 X17.613 Y-8.613
G1 X19.605 Y-8.609
G1 X19.605 Y8.609
G1 X17.613 Y8.613
G1 X17.609 Y10.605
G1 X-17.600 Y10.605
G1 X-17.600 Y4.600
G1 X-20.523 Y4.600
G1 X-20.523 Y-4.600
G1 X-17.600 Y-4.600
G1 X-17.600 Y-10.606
G1 X-0.000 Y-10.615
G1 X-0.000 Y-10.215
G1 X17.210 Y-10.205
G1 X17.214 Y-8.214
G1 X19.205 Y-8.210
G1 X19.205 Y8.210
G1 X17.214 Y8.214
G1 X17.210 Y10.205
G1 X-17.200 Y10.205
G1 X-17.200 Y4.200
G1 X-20.123 Y4.200
G1 X-20.123 Y-4.200
G1 X-17.200 Y-4.200
G1 X-17.200 Y-10.206
G1 X-0.000 Y-10.215
G1 X-0.000 Y-9.815
G1 X16.810 Y-9.805
G1 X16.814 Y-7.814
G1 X18.805 Y-7.810
G1 X18.805 Y7.810
G1 X16.814 Y7.814
G1 X16.810 Y9.805
G1 X-16.800 Y9.805
G1 X-16.800 Y3.800
G1 X-19.723 Y3.800
G1 X-19.723 Y-3.800
G1 X-16.800 Y-3.800
G1 X-16.800 Y-9.806
G1 X-0.000 Y-9.815
G1 X-0.000 Y-9.415
G1 X16.411 Y-9.406
G1 X16.415 Y-7.415
G1 X18.405 Y-7.411
G1 X18.405 Y7.411
G1 X16.415 Y7.415
G1 X16.411 Y9.405
G1 X-16.400 Y9.405
G1 X-16.400 Y3.400
G1 X-19.323 Y3.400
G1 X-19.323 Y-3.400
G1 X-16.400 Y-3.400
G1 X-16.400 Y-9.406
G1 X-0.000 Y-9.415
G1 X-0.000 Y-9.015
G1 X16.012 Y-9.006
G1 X16.016 Y-7.016
G1 X18.005 Y-7.012
G1 X18.005 Y7.012
G1 X16.016 Y7.016
G1 X16.012 Y9.005
G1 X-16.000 Y9.005
G1 X-16.000 Y3.000
G1 X-18.923 Y3.000
G1 X-18.923 Y-3.000
G1 X-16.000 Y-3.000
G1 X-16.000 Y-9.007
G1 X-0.000 Y-9.015
G1 X-0.000 Y-8.615
G1 X15.613 Y-8.606
G1 X15.617 Y-6.617
G1 X17.605 Y-6.613
G1 X17.605 Y6.613
G1 X15.617 Y6.617
G1 X15.613 Y8.605
G1 X-15.600 Y8.605
G1 X-15.600 Y2.600
G1 X-18.523 Y2.600
G1 X-18.523 Y-2.600
G1 X-15.600 Y-2.600
G1 X-15.600 Y-8.607
G1 X-0.000 Y-8.615
G1 X-0.000 Y-8.215
G1 X15.214 Y-8.206
G1 X15.218 Y-6.218
G1 X17.205 Y-6.214
G1 X17.205 Y6.214
G1 X15.218 Y6.218
G1 X15.214 Y8.205
G1 X-15.200 Y8.205
G1 X-15.200 Y2.200
G1 X-18.123 Y2.200
G1 X-18.123 Y-2.200
G1 X-15.200 Y-2.200
G1 X-15.200 Y-8.207
G1 X-0.000 Y-8.215
G1 X-0.000 Y-7.815
G1 X14.814 Y-7.806
G1 X14.818 Y-5.818
G1 X16.805 Y-5.814
G1 X16.805 Y5.814
G1 X14.818 Y5.818
G1 X14.814 Y7.805
G1 X-14.800 Y7.805
G1 X-14.800 Y1.800
G1 X-17.723 Y1.800
G1 X-17.723 Y-1.800
G1 X-14.800 Y-1.800
G1 X-14.800 Y-7.807
G1 X-0.000 Y-7.815
G1 X-0.000 Y-7.415
G1 X14.415 Y-7.407
G1 X14.419 Y-5.419
G1 X16.405 Y-5.415
G1 X16.405 Y5.415
G1 X14.419 Y5.419
G1 X14.415 Y7.405
G1 X-14.400 Y7.405
G1 X-14.400 Y1.400
G1 X-17.323 Y1.400
G1 X-17.323 Y-1.400
G1 X-14.400 Y-1.400
G1 X-14.400 Y-7.407
G1 X-0.000 Y-7.415
G1 X-0.000 Y-7.015
G1 X14.016 Y-7.007
G1 X14.020 Y-5.020
G1 X16.005 Y-5.016
G1 X16.005 Y5.016
G1 X14.020 Y5.020
G1 X14.016 Y7.005
G1 X-14.000 Y7.005
G1 X-14.000 Y1.000
G1 X-16.923 Y1.000
G1 X-16.923 Y-1.000
G1 X-14.000 Y-1.000
G1 X-14.000 Y-7.008
G1 X-0.000 Y-7.015
G1 X-0.000 Y-6.615
G1 X13.617 Y-6.607
G1 X13.621 Y-4.621
G1 X15.605 Y-4.617
G1 X15.605 Y4.617
G1 X13.621 Y4.621
G1 X13.617 Y6.605
G1 X-13.600 Y6.605
G1 X-13.600 Y0.600
G1 X-16.523 Y0.600
G1 X-16.523 Y-0.600
G1 X-13.600 Y-0.600
G1 X-13.600 Y-6.608
G1 X-0.000 Y-6.615
G1 X-0.000 Y-6.215
G1 X13.218 Y-6.207
G1 X13.222 Y-4.222
G1 X15.205 Y-4.218
G1 X15.205 Y4.218
G1 X13.222 Y4.222
G1 X13.218 Y6.205
G1 X-13.200 Y6.205
G1 X-13.200 Y0.200
G1 X-16.123 Y0.200
G1 X-16.123 Y-0.200
G1 X-13.200 Y-0.200
G1 X-13.200 Y-6.208
G1 X-0.000 Y-6.215
G1 X-0.000 Y-5.815
G1 X12.818 Y-5.808
G1 X12.822 Y-3.822
G1 X14.805 Y-3.818
G1 X14.805 Y3.818
G1 X12.822 Y3.822
G1 X12.818 Y5.805
G1 X-12.800 Y5.805
G1 X-12.800 Y0.200
G1 X-12.800 Y0.200
G1 X-12.800 Y-5.808
G1 X-0.000 Y-5.815
G1 X-0.000 Y-5.415
G1 X12.419 Y-5.408
G1 X12.423 Y-3.423
G1 X14.405 Y-3.419
G1 X14.405 Y3.419
G1 X12.423 Y3.423
G1 X12.419 Y5.405
G1 X-12.400 Y5.405
G1 X-12.400 Y0.626
G1 X-12.400 Y0.626
G1 X-12.400 Y-5.408
G1 X-0.000 Y-5.415
G1 X-0.000 Y-5.015
G1 X12.020 Y-5.008
G1 X12.024 Y-3.024
G1 X14.005 Y-3.020
G1 X14.005 Y3.020
G1 X12.024 Y3.024
G1 X12.020 Y5.005
G1 X-12.000 Y5.005
G1 X-12.000 Y1.052
G1 X-12.000 Y1.052
G1 X-12.000 Y-5.009
G1 X-0.000 Y-5.015
G1 X-0.000 Y-4.615
G1 X11.621 Y-4.608
G1 X11.625 Y-2.625
G1 X13.605 Y-2.621
G1 X13.605 Y2.621
G1 X11.625 Y2.625
G1 X11.621 Y4.605
G1 X-11.600 Y4.605
G1 X-11.600 Y1.505
G1 X-11.600 Y1.505
G1 X-11.600 Y-4.609
G1 X-0.000 Y-4.615
G1 X-0.000 Y-4.215
G1 X11.222 Y-4.209
G1 X11.226 Y-2.226
G1 X13.205 Y-2.222
G1 X13.205 Y2.222
G1 X11.226 Y2.226
G1 X11.222 Y4.205
G1 X-11.200 Y4.205
G1 X-11.200 Y1.958
G1 X-11.200 Y1.958
G1 X-11.200 Y-4.209
G1 X-0.000 Y-4.215
G1 X-0.000 Y-3.815
G1 X10.822 Y-3.809
G1 X10.826 Y-1.826
G1 X12.805 Y-1.822
G1 X12.805 Y1.822
G1 X10.826 Y1.826
G1 X10.822 Y3.805
G1 X-10.800 Y3.805
G1 X-10.800 Y2.411
G1 X-10.800 Y2.411
G1 X-10.800 Y-3.809
G1 X-0.000 Y-3.815
G1 X-0.000 Y-3.415
G1 X10.423 Y-3.409
G1 X10.427 Y-1.427
G1 X12.405 Y-1.423
G1 X12.405 Y1.423
G1 X10.427 Y1.427
G1 X10.423 Y3.405
G1 X-10.400 Y3.405
G1 X-10.400 Y2.923
G1 X-10.400 Y2.923
G1 X-10.400 Y-3.410
G1 X-0.000 Y-3.415
G1 X-0.000 Y-3.015
G1 X10.024 Y-3.009
G1 X10.028 Y-1.028
G1 X12.005 Y-1.024
G1 X12.005 Y1.024
G1 X10.028 Y1.028
G1 X10.024 Y3.005
G1 X-10.000 Y3.005
G1 X-10.000 Y-3.010
G1 X-0.000 Y-3.015
G1 X-0.000 Y-2.615
G1 X9.625 Y-2.609
G1 X9.629 Y-0.629
G1 X11.605 Y-0.625
G1 X11.605 Y0.625
G1 X9.629 Y0.629
G1 X9.625 Y2.605
G1 X-9.600 Y2.605
G1 X-9.600 Y-2.610
G1 X-0.000 Y-2.615
G1 X-0.000 Y-2.215
G1 X9.226 Y-2.210
G1 X9.230 Y-0.230
G1 X11.205 Y-0.226
G1 X11.205 Y0.226
G1 X9.230 Y0.230
G1 X9.226 Y2.205
G1 X-9.200 Y2.205
G1 X-9.200 Y-2.210
G1 X-0.000 Y-2.215
G1 X-0.000 Y-1.815
G1 X8.826 Y-1.810
G1 X8.830 Y-0.003
G1 X8.826 Y1.805
G1 X-8.800 Y1.805
G1 X-8.800 Y-1.810
G1 X-0.000 Y-1.815
G1 X-0.000 Y-1.415
G1 X8.427 Y-1.410
G1 X8.430 Y-0.003
G1 X8.427 Y1.405
G1 X-8.400 Y1.405
G1 X-8.400 Y-1.411
G1 X-0.000 Y-1.415
G1 X-0.000 Y-1.015
G1 X8.028 Y-1.010
G1 X8.030 Y-0.003
G1 X8.028 Y1.005
G1 X-8.000 Y1.005
G1 X-8.000 Y-1.011
G1 X-0.000 Y-1.015
G1 X-0.000 Y-0.615
G1 X7.629 Y-0.611
G1 X7.630 Y-0.003
G1 X7.629 Y0.605
G1 X-7.600 Y0.605
G1 X-7.600 Y-0.611
G1 X-0.000 Y-0.615
G1 X-0.000 Y-0.215
G1 X7.230 Y-0.211
G1 X7.230 Y-0.003
G1 X7.230 Y0.205
G1 X-7.200 Y0.205
G1 X-7.200 Y-0.211
G1 X-0.000 Y-0.215
G1 X0.000 Y-0.255 Z1.500
G1 X0.000 Y-0.255
G1 X-7.200 Y-0.251
G1 X-7.200 Y0.245
G1 X7.229 Y0.245
G1 X7.230 Y0.000
G1 X7.229 Y-0.251
G1 X0.000 Y-0.255
G1 X0.000 Y-0.655
G1 X-7.600 Y-0.651
G1 X-7.600 Y0.645
G1 X7.628 Y0.645
G1 X7.630 Y0.000
G1 X7.628 Y-0.651
G1 X0.000 Y-0.655
G1 X0.000 Y-1.055
G1 X-8.000 Y-1.051
G1 X-8.000 Y1.045
G1 X8.028 Y1.045
G1 X8.030 Y0.000
G1 X8.028 Y-1.051
G1 X0.000 Y-1.055
G1 X0.000 Y-1.455
G1 X-8.400 Y-1.451
G1 X-8.400 Y1.445
G1 X8.427 Y1.445
G1 X8.430 Y0.000
G1 X8.427 Y-1.451
G1 X0.000 Y-1.455
G1 X0.000 Y-1.855
G1 X-8.800 Y-1.850
G1 X-8.800 Y1.845
G1 X8.826 Y1.845
G1 X8.830 Y0.000
G1 X8.826 Y-1.850
G1 X0.000 Y-1.855
G1 X0.000 Y-2.255
G1 X-9.200 Y-2.250
G1 X-9.200 Y2.245
G1 X9.225 Y2.245
G1 X9.229 Y0.229
G1 X11.245 Y0.225
G1 X11.245 Y-0.225
G1 X9.229 Y-0.229
G1 X9.225 Y-2.250
G1 X0.000 Y-2.255
G1 X0.000 Y-2.655
G1 X-9.600 Y-2.650
G1 X-9.600 Y2.645
G1 X9.624 Y2.645
G1 X9.628 Y0.628
G1 X11.645 Y0.624
G1 X11.645 Y-0.624
G1 X9.628 Y-0.628
G1 X9.624 Y-2.650
G1 X0.000 Y-2.655
G1 X0.000 Y-3.055
G1 X-10.000 Y-3.050
G1 X-10.000 Y3.045
G1 X10.024 Y3.045
G1 X10.028 Y1.028
G1 X12.045 Y1.024
G1 X12.045 Y-1.024
G1 X10.028 Y-1.028
G1 X10.024 Y-3.050
G1 X0.000 Y-3.055
G1 X0.000 Y-3.455
G1 X-10.400 Y-3.450
G1 X-10.400 Y3.445
G1 X10.423 Y3.445
G1 X10.427 Y1.427
G1 X12.445 Y1.423
G1 X12.445 Y-1.423
G1 X10.427 Y-1.427
G1 X10.423 Y-3.450
G1 X0.000 Y-3.455
G1 X0.000 Y-3.855
G1 X-10.800 Y-3.849
G1 X-10.800 Y3.845
G1 X10.822 Y3.845
G1 X10.826 Y1.826
G1 X12.845 Y1.822
G1 X12.845 Y-1.822
G1 X10.826 Y-1.826
G1 X10.822 Y-3.849
G1 X0.000 Y-3.855
G1 X0.000 Y-4.255
G1 X-11.200 Y-4.249
G1 X-11.200 Y4.245
G1 X11.221 Y4.245
G1 X11.225 Y2.225
G1 X13.245 Y2.221
G1 X13.245 Y-2.221
G1 X11.225 Y-2.225
G1 X11.221 Y-4.249
G1 X0.000 Y-4.255
G1 X0.000 Y-4.655
G1 X-11.600 Y-4.649
G1 X-11.600 Y4.645
G1 X11.621 Y4.645
G1 X11.625 Y2.625
G1 X13.645 Y2.621
G1 X13.645 Y-2.621
G1 X11.625 Y-2.625
G1 X11.621 Y-4.649
G1 X0.000 Y-4.655
G1 X0.000 Y-5.055
G1 X-12.000 Y-5.049
G1 X-12.000 Y5.045
G1 X12.020 Y5.045
G1 X12.024 Y3.024
G1 X14.045 Y3.020
G1 X14.045 Y-3.020
G1 X12.024 Y-3.024
G1 X12.020 Y-5.049
G1 X0.000 Y-5.055
G1 X0.000 Y-5.455
G1 X-12.400 Y-5.448
G1 X-12.400 Y5.445
G1 X12.419 Y5.445
G1 X12.423 Y3.423
G1 X14.445 Y3.419
G1 X14.445 Y-3.419
G1 X12.423 Y-3.423
G1 X12.419 Y-5.448
G1 X0.000 Y-5.455
G1 X0.000 Y-5.855
G1 X-12.800 Y-5.848
G1 X-12.800 Y5.845
G1 X12.818 Y5.845
G1 X12.822 Y3.822
G1 X14.845 Y3.818
G1 X14.845 Y-3.818
G1 X12.822 Y-3.822
G1 X12.818 Y-5.848
G1 X0.000 Y-5.855
G1 X0.000 Y-6.255
G1 X-13.200 Y-6.248
G1 X-13.200 Y-0.200
G1 X-16.154 Y-0.200
G1 X-16.154 Y0.200
G1 X-13.200 Y0.200
G1 X-13.200 Y6.245
G1 X13.217 Y6.245
G1 X13.221 Y4.221
G1 X15.245 Y4.217
G1 X15.245 Y-4.217
G1 X13.221 Y-4.221
G1 X13.217 Y-6.248
G1 X0.000 Y-6.255
G1 X0.000 Y-6.655
G1 X-13.600 Y-6.648
G1 X-13.600 Y-0.600
G1 X-16.554 Y-0.600
G1 X-16.554 Y0.600
G1 X-13.600 Y0.600
G1 X-13.600 Y6.645
G1 X13.617 Y6.645
G1 X13.621 Y4.621
G1 X15.645 Y4.617
G1 X15.645 Y-4.617
G1 X13.621 Y-4.621
G1 X13.617 Y-6.648
G1 X0.000 Y-6.655
G1 X0.000 Y-7.055
G1 X-14.000 Y-7.048
G1 X-14.000 Y-1.000
G1 X-16.954 Y-1.000
G1 X-16.954 Y1.000
G1 X-14.000 Y1.000
G1 X-14.000 Y7.045
G1 X14.016 Y7.045
G1 X14.020 Y5.020
G1 X16.045 Y5.016
G1 X16.045 Y-5.016
G1 X14.020 Y-5.020
G1 X14.016 Y-7.048
G1 X0.000 Y-7.055
G1 X0.000 Y-7.455
G1 X-14.400 Y-7.447
G1 X-14.400 Y-1.400
G1 X-17.354 Y-1.400
G1 X-17.354 Y1.400
G1 X-14.400 Y1.400
G1 X-14.400 Y7.445
G1 X14.415 Y7.445
G1 X14.419 Y5.419
G1 X16.445 Y5.415
G1 X16.445 Y-5.415
G1 X14.419 Y-5.419
G1 X14.415 Y-7.447
G1 X0.000 Y-7.455
G1 X0.000 Y-7.855
G1 X-14.800 Y-7.847
G1 X-14.800 Y-1.800
G1 X-17.754 Y-1.800
G1 X-17.754 Y1.800
G1 X-14.800 Y1.800
G1 X-14.800 Y7.845
G1 X14.814 Y7.845
G1 X14.818 Y5.818
G1 X16.845 Y5.814
G1 X16.845 Y-5.814
G1 X14.818 Y-5.818
G1 X14.814 Y-7.847
G1 X0.000 Y-7.855
G1 X0.000 Y-8.255
G1 X-15.200 Y-8.247
G1 X-15.200 Y-2.200
G1 X-18.154 Y-2.200
G1 X-18.154 Y2.200
G1 X-15.200 Y2.200
G1 X-15.200 Y8.245
G1 X15.213 Y8.245
G1 X15.217 Y6.217
G1 X17.245 Y6.213
G1 X17.245 Y-6.213
G1 X15.217 Y-6.217
G1 X15.213 Y-8.247
G1 X0.000 Y-8.255
G1 X0.000 Y-8.655
G1 X-15.600 Y-8.647
G1 X-15.600 Y-2.600
G1 X-18.554 Y-2.600
G1 X-18.554 Y2.600
G1 X-15.600 Y2.600
G1 X-15.600 Y8.645
G1 X15.613 Y8.645
G1 X15.617 Y6.617
G1 X17.645 Y6.613
G1 X17.645 Y-6.613
G1 X15.617 Y-6.617
G1 X15.613 Y-8.647
G1 X0.000 Y-8.655
G1 X0.000 Y-9.055
G1 X-16.000 Y-9.047
G1 X-16.000 Y-3.000
G1 X-18.954 Y-3.000
G1 X-18.954 Y3.000
G1 X-16.000 Y3.000
G1 X-16.000 Y9.045
G1 X16.012 Y9.045
G1 X16.016 Y7.016
G1 X18.045 Y7.012
G1 X18.045 Y-7.012
G1 X16.016 Y-7.016
G1 X16.012 Y-9.047
G1 X0.000 Y-9.055
G1 X0.000 Y-9.455
G1 X-16.400 Y-9.446
G1 X-16.400 Y-3.400
G1 X-19.354 Y-3.400
G1 X-19.354 Y3.400
G1 X-16.400 Y3.400
G1 X-16.400 Y9.445
G1 X16.411 Y9.445
G1 X16.415 Y7.415
G1 X18.445 Y7.411
G1 X18.445 Y-7.411
G1 X16.415 Y-7.415
G1 X16.411 Y-9.446
G1 X0.000 Y-9.455
G1 X0.000 Y-9.855
G1 X-16.800 Y-9.846
G1 X-16.800 Y-3.800
G1 X-19.754 Y-3.800
G1 X-19.754 Y3.800
G1 X-16.800 Y3.800
G1 X-16.800 Y9.845
G1 X16.810 Y9.845
G1 X16.814 Y7.814
G1 X18.845 Y7.810
G1 X18.845 Y-7.810
G1 X16.814 Y-7.814
G1 X16.810 Y-9.846
G1 X0.000 Y-9.855
G1 X0.000 Y-10.255
G1 X-17.200 Y-10.246
G1 X-17.200 Y-4.200
G1 X-20.154 Y-4.200
G1 X-20.154 Y4.200
G1 X-17.200 Y4.200
G1 X-17.200 Y10.245
G1 X17.210 Y10.245
G1 X17.214 Y8.214
G1 X19.245 Y8.210
G1 X19.245 Y-8.210
G1 X17.214 Y-8.214
G1 X17.210 Y-10.246
G1 X0.000 Y-10.255
G1 X0.000 Y-10.655
G1 X-17.600 Y-10.646
G1 X-17.600 Y-4.600
G1 X-20.554 Y-4.600
G1 X-20.554 Y4.600
G1 X-17.600 Y4.600
G1 X-17.600 Y10.645
G1 X17.609 Y10.645
G1 X17.613 Y8.613
G1 X19.645 Y8.609
G1 X19.645 Y-8.609
G1 X17.613 Y-8.613
G1 X17.609 Y-10.646
G1 X0.000 Y-10.655
G1 X0.000 Y-11.055
G1 X-18.000 Y-11.046
G1 X-18.000 Y-5.000
G1 X-20.954 Y-5.000
G1 X-20.954 Y5.000
G1 X-18.000 Y5.000
G1 X-18.000 Y11.045
G1 X18.008 Y11.045
G1 X18.012 Y9.012
G1 X20.045 Y9.008
G1 X20.045 Y-9.008
G1 X18.012 Y-9.012
G1 X18.008 Y-11.046
G1 X0.000 Y-11.055
G1 X0.000 Y-11.455
G1 X-18.400 Y-11.445
G1 X-18.400 Y-5.400
G1 X-21.354 Y-5.400
G1 X-21.354 Y5.400
G1 X-18.400 Y5.400
G1 X-18.400 Y11.445
G1 X18.407 Y11.445
G1 X18.411 Y9.411
G1 X20.445 Y9.407
G1 X20.445 Y-9.407
G1 X18.411 Y-9.411
G1 X18.407 Y-11.445
G1 X0.000 Y-11.455
G1 X0.000 Y-11.855
G1 X-18.800 Y-11.845
G1 X-18.800 Y-5.800
G1 X-21.754 Y-5.800
G1 X-21.754 Y5.800
G1 X-18.800 Y5.800
G1 X-18.800 Y11.845
G1 X18.806 Y11.845
G1 X18.810 Y9.810
G1 X20.845 Y9.806
G1 X20.845 Y-9.806
G1 X18.810 Y-9.810
G1 X18.806 Y-11.845
G1 X0.000 Y-11.855
G1 X0.000 Y-11.855 Z1.500
G1 X0.000 Y-11.937 Z1.900
G1 X0.000 Y-11.937
G1 X18.806 Y-11.927
G1 X18.810 Y-9.810
G1 X20.927 Y-9.806
G1 X20.927 Y9.806
G1 X18.810 Y9.810
G1 X18.806 Y11.927
G1 X-18.800 Y11.927
G1 X-18.800 Y5.800
G1 X-21.817 Y5.800
G1 X-21.817 Y-5.800
G1 X-18.800 Y-5.800
G1 X-18.800 Y-11.927
G1 X0.000 Y-11.937
G1 X0.000 Y-11.537
G1 X18.407 Y-11.527
G1 X18.411 Y-9.411
G1 X20.527 Y-9.407
G1 X20.527 Y9.407
G1 X18.411 Y9.411
G1 X18.407 Y11.527
G1 X-18.400 Y11.527
G1 X-18.400 Y5.400
G1 X-21.417 Y5.400
G1 X-21.417 Y-5.400
G1 X-18.400 Y-5.400
G1 X-18.400 Y-11.527
G1 X0.000 Y-11.537
G1 X0.000 Y-11.137
G1 X18.008 Y-11.128
G1 X18.012 Y-9.012
G1 X20.127 Y-9.008
G1 X20.127 Y9.008
G1 X18.012 Y9.012
G1 X18.008 Y11.127
G1 X-18.000 Y11.127
G1 X-18.000 Y5.000
G1 X-21.017 Y5.000
G1 X-21.017 Y-5.000
G1 X-18.000 Y-5.000
G1 X-18.000 Y-11.128
G1 X0.000 Y-11.137
G1 X0.000 Y-10.737
G1 X17.609 Y-10.728
G1 X17.613 Y-8.613
G1 X19.727 Y-8.609
G1 X19.727 Y8.609
G1 X17.613 Y8.613
G1 X17.609 Y10.727
G1 X-17.600 Y10.727
G1 X-17.600 Y4.600
G1 X-20.617 Y4.600
G1 X-20.617 Y-4.600
G1 X-17.600 Y-4.600
G1 X-17.600 Y-10.728
G1 X0.000 Y-10.737
G1 X0.000 Y-10.337
G1 X17.209 Y-10.328
G1 X17.213 Y-8.213
G1 X19.327 Y-8.209
G1 X19.327 Y8.209
G1 X17.213 Y8.213
G1 X17.209 Y10.327
G1 X-17.200 Y10.327
G1 X-17.200 Y4.200
G1 X-20.217 Y4.200
G1 X-20.217 Y-4.200
G1 X-17.200 Y-4.200
G1 X-17.200 Y-10.328
G1 X0.000 Y-10.337
G1 X0.000 Y-9.937
G1 X16.810 Y-9.928
G1 X16.814 Y-7.814
G1 X18.927 Y-7.810
G1 X18.927 Y7.810
G1 X16.814 Y7.814
G1 X16.810 Y9.927
G1 X-16.800 Y9.927
G1 X-16.800 Y3.800
G1 X-19.817 Y3.800
G1 X-19.817 Y-3.800
G1 X-16.800 Y-3.800
G1 X-16.800 Y-9.928
G1 X0.000 Y-9.937
G1 X0.000 Y-9.537
G1 X16.411 Y-9.528
G1 X16.415 Y-7.415
G1 X18.527 Y-7.411
G1 X18.527 Y7.411
G1 X16.415 Y7.415
G1 X16.411 Y9.527
G1 X-16.400 Y9.527
G1 X-16.400 Y3.400
G1 X-19.417 Y3.400
G1 X-19.417 Y-3.400
G1 X-16.400 Y-3.400
G1 X-16.400 Y-9.528
G1 X0.000 Y-9.537
G1 X0.000 Y-9.137
G1 X16.012 Y-9.129
G1 X16.016 Y-7.016
G1 X18.127 Y-7.012
G1 X18.127 Y7.012
G1 X16.016 Y7.016
G1 X16.012 Y9.127
G1 X-16.000 Y9.127
G1 X-16.000 Y3.000
G1 X-19.017 Y3.000
G1 X-19.017 Y-3.000
G1 X-16.000 Y-3.000
G1 X-16.000 Y-9.129
G1 X0.000 Y-9.137
G1 X0.000 Y-8.737
G1 X15.612 Y-8.729
G1 X15.616 Y-6.616
G1 X17.727 Y-6.612
G1 X17.727 Y6.612
G1 X15.616 Y6.616
G1 X15.612 Y8.727
G1 X-15.600 Y8.727
G1 X-15.600 Y2.600
G1 X-18.617 Y2.600
G1 X-18.617 Y-2.600
G1 X-15.600 Y-2.600
G1 X-15.600 Y-8.729
G1 X0.000 Y-8.737
G1 X0.000 Y-8.337
G1 X15.213 Y-8.329
G1 X15.217 Y-6.217
G1 X17.327 Y-6.213
G1 X17.327 Y6.213
G1 X15.217 Y6.217
G1 X15.213 Y8.327
G1 X-15.200 Y8.327
G1 X-15.200 Y2.200
G1 X-18.217 Y2.200
G1 X-18.217 Y-2.200
G1 X-15.200 Y-2.200
G1 X-15.200 Y-8.329
G1 X0.000 Y-8.337
G1 X0.000 Y-7.937
G1 X14.814 Y-7.929
G1 X14.818 Y-5.818
G1 X16.927 Y-5.814
G1 X16.927 Y5.814
G1 X14.818 Y5.818
G1 X14.814 Y7.927
G1 X-14.800 Y7.927
G1 X-14.800 Y1.800
G1 X-17.817 Y1.800
G1 X-17.817 Y-1.800
G1 X-14.800 Y-1.800
G1 X-14.800 Y-7.929
G1 X0.000 Y-7.937
G1 X0.000 Y-7.537
G1 X14.415 Y-7.529
G1 X14.419 Y-5.419
G1 X16.527 Y-5.415
G1 X16.527 Y5.415
G1 X14.419 Y5.419
G1 X14.415 Y7.527
G1 X-14.400 Y7.527
G1 X-14.400 Y1.400
G1 X-17.417 Y1.400
G1 X-17.417 Y-1.400
G1 X-14.400 Y-1.400
G1 X-14.400 Y-7.529
G1 X0.000 Y-7.537
G1 X0.000 Y-7.137
G1 X14.015 Y-7.130
G1 X14.019 Y-5.019
G1 X16.127 Y-5.015
G1 X16.127 Y5.015
G1 X14.019 Y5.019
G1 X14.015 Y7.127
G1 X-14.000 Y7.127
G1 X-14.000 Y1.000
G1 X-17.017 Y1.000
G1 X-17.017 Y-1.000
G1 X-14.000 Y-1.000
G1 X-14.000 Y-7.130
G1 X0.000 Y-7.137
G1 X0.000 Y-6.737
G1 X13.616 Y-6.730
G1 X13.620 Y-4.620
G1 X15.727 Y-4.616
G1 X15.727 Y4.616
G1 X13.620 Y4.620
G1 X13.616 Y6.727
G1 X-13.600 Y6.727
G1 X-13.600 Y0.600
G1 X-16.617 Y0.600
G1 X-16.617 Y-0.600
G1 X-13.600 Y-0.600
G1 X-13.600 Y-6.730
G1 X0.000 Y-6.737
G1 X0.000 Y-6.337
G1 X13.217 Y-6.330
G1 X13.221 Y-4.221
G1 X15.327 Y-4.217
G1 X15.327 Y4.217
G1 X13.221 Y4.221
G1 X13.217 Y6.327
G1 X-13.200 Y6.327
G1 X-13.200 Y0.200
G1 X-16.217 Y0.200
G1 X-16.217 Y-0.200
G1 X-13.200 Y-0.200
G1 X-13.200 Y-6.330
G1 X0.000 Y-6.337
G1 X0.000 Y-5.937
G1 X12.818 Y-5.930
G1 X12.822 Y-3.822
G1 X14.927 Y-3.818
G1 X14.927 Y3.818
G1 X12.822 Y3.822
G1 X12.818 Y5.927
G1 X-12.800 Y5.927
G1 X-12.800 Y0.200
G1 X-12.800 Y0.200
G1 X-12.800 Y-5.930
G1 X0.000 Y-5.937
G1 X0.000 Y-5.537
G1 X12.418 Y-5.530
G1 X12.422 Y-3.422
G1 X14.527 Y-3.418
G1 X14.527 Y3.418
G1 X12.422 Y3.422
G1 X12.418 Y5.527
G1 X-12.400 Y5.527
G1 X-12.400 Y0.632
G1 X-12.400 Y0.632
G1 X-12.400 Y-5.530
G1 X0.000 Y-5.537
G1 X0.000 Y-5.137
G1 X12.019 Y-5.131
G1 X12.023 Y-3.023
G1 X14.127 Y-3.019
G1 X14.127 Y3.019
G1 X12.023 Y3.023
G1 X12.019 Y5.127
G1 X-12.000 Y5.127
G1 X-12.000 Y1.086
G1 X-12.000 Y1.086
G1 X-12.000 Y-5.131
G1 X0.000 Y-5.137
G1 X0.000 Y-4.737
G1 X11.620 Y-4.731
G1 X11.624 Y-2.624
G1 X13.727 Y-2.620
G1 X13.727 Y2.620
G1 X11.624 Y2.624
G1 X11.620 Y4.727
G1 X-11.600 Y4.727
G1 X-11.600 Y1.539
G1 X-11.600 Y1.539
G1 X-11.600 Y-4.731
G1 X0.000 Y-4.737
G1 X0.000 Y-4.337
G1 X11.221 Y-4.331
G1 X11.225 Y-2.225
G1 X13.327 Y-2.221
G1 X13.327 Y2.221
G1 X11.225 Y2.225
G1 X11.221 Y4.327
G1 X-11.200 Y4.327
G1 X-11.200 Y1.992
G1 X-11.200 Y1.992
G1 X-11.200 Y-4.331
G1 X0.000 Y-4.337
G1 X0.000 Y-3.937
G1 X10.821 Y-3.931
G1 X10.825 Y-1.825
G1 X12.927 Y-1.821
G1 X12.927 Y1.821
G1 X10.825 Y1.825
G1 X10.821 Y3.927
G1 X-10.800 Y3.927
G1 X-10.800 Y2.445
G1 X-10.800 Y2.445
G1 X-10.800 Y-3.931
G1 X0.000 Y-3.937
G1 X0.000 Y-3.537
G1 X10.422 Y-3.532
G1 X10.426 Y-1.426
G1 X12.527 Y-1.422
G1 X12.527 Y1.422
G1 X10.426 Y1.426
G1 X10.422 Y3.527
G1 X-10.400 Y3.527
G1 X-10.400 Y2.957
G1 X-10.400 Y2.957
G1 X-10.400 Y-3.532
G1 X0.000 Y-3.537
G1 X0.000 Y-3.137
G1 X10.023 Y-3.132
G1 X10.027 Y-1.027
G1 X12.127 Y-1.023
G1 X12.127 Y1.023
G1 X10.027 Y1.027
G1 X10.023 Y3.127
G1 X-10.000 Y3.127
G1 X-10.000 Y-3.132
G1 X0.000 Y-3.137
G1 X0.000 Y-2.737
G1 X9.624 Y-2.732
G1 X9.628 Y-0.628
G1 X11.727 Y-0.624
G1 X11.727 Y0.624
G1 X9.628 Y0.628
G1 X9.624 Y2.727
G1 X-9.600 Y2.727
G1 X-9.600 Y-2.732
G1 X0.000 Y-2.737
G1 X0.000 Y-2.337
G1 X9.224 Y-2.332
G1 X9.228 Y-0.228
G1 X11.327 Y-0.224
G1 X11.327 Y0.224
G1 X9.228 Y0.228
G1 X9.224 Y2.327
G1 X-9.200 Y2.327
G1 X-9.200 Y-2.332
G1 X0.000 Y-2.337
G1 X0.000 Y-1.937
G1 X8.825 Y-1.932
G1 X8.829 Y0.000
G1 X8.825 Y1.927
G1 X-8.800 Y1.927
G1 X-8.800 Y-1.932
G1 X0.000 Y-1.937
G1 X0.000 Y-1.537
G1 X8.426 Y-1.533
G1 X8.429 Y0.000
G1 X8.426 Y1.527
G1 X-8.400 Y1.527
G1 X-8.400 Y-1.533
G1 X0.000 Y-1.537
G1 X0.000 Y-1.137
G1 X8.027 Y-1.133
G1 X8.029 Y0.000
G1 X8.027 Y1.127
G1 X-8.000 Y1.127
G1 X-8.000 Y-1.133
G1 X0.000 Y-1.137
G1 X0.000 Y-0.737
G1 X7.628 Y-0.733
G1 X7.629 Y0.000
G1 X7.628 Y0.727
G1 X-7.600 Y0.727
G1 X-7.600 Y-0.733
G1 X0.000 Y-0.737
G1 X0.000 Y-0.337
G1 X7.228 Y-0.333
G1 X7.229 Y0.000
G1 X7.228 Y0.327
G1 X-7.200 Y0.327
G1 X-7.200 Y-0.333
G1 X0.000 Y-0.337
M9
G1 Z10.000
G1 X0.000 Y-20.793
G1 Z1.100
M7
G4 P150
G1 X0.000 Y-20.993 Z1.100
G1 X0.000 Y-20.993
G1 X-18.800 Y-20.994
G1 X-18.800 Y-22.747
G1 X-14.810 Y-29.747
G1 X-14.800 Y-35.100
G1 X14.800 Y-35.100
G1 X14.810 Y-29.747
G1 X18.800 Y-22.747
G1 X18.800 Y-20.994
G1 X0.000 Y-20.993
G1 X0.000 Y-21.393
G1 X-18.400 Y-21.394
G1 X-18.400 Y-22.641
G1 X-14.410 Y-29.641
G1 X-14.401 Y-34.700
G1 X14.401 Y-34.700
G1 X14.410 Y-29.641
G1 X18.400 Y-22.641
G1 X18.400 Y-21.394
G1 X0.000 Y-21.393
G1 X0.000 Y-21.793
G1 X-18.000 Y-21.794
G1 X-18.000 Y-22.535
G1 X-14.010 Y-29.534
G1 X-14.002 Y-34.300
G1 X14.002 Y-34.300
G1 X14.010 Y-29.534
G1 X18.000 Y-22.535
G1 X18.000 Y-21.794
G1 X0.000 Y-21.793
G1 X0.000 Y-22.193
G1 X-17.600 Y-22.194
G1 X-17.600 Y-22.429
G1 X-13.611 Y-29.428
G1 X-13.603 Y-33.900
G1 X13.603 Y-33.900
G1 X13.611 Y-29.428
G1 X17.600 Y-22.429
G1 X17.600 Y-22.194
G1 X0.000 Y-22.193
G1 X0.000 Y-22.593
G1 X-17.046 Y-22.594
G1 X-13.211 Y-29.322
G1 X-13.203 Y-33.500
G1 X13.203 Y-33.500
G1 X13.211 Y-29.322
G1 X17.046 Y-22.594
G1 X0.000 Y-22.593
G1 X0.000 Y-22.993
G1 X-16.357 Y-22.994
G1 X-12.811 Y-29.215
G1 X-12.804 Y-33.100
G1 X12.804 Y-33.100
G1 X12.811 Y-29.215
G1 X16.357 Y-22.994
G1 X0.000 Y-22.993
G1 X0.000 Y-23.393
G1 X-15.669 Y-23.394
G1 X-12.411 Y-29.109
G1 X-12.405 Y-32.700
G1 X12.405 Y-32.700
G1 X12.411 Y-29.109
G1 X15.669 Y-23.394
G1 X0.000 Y-23.393
G1 X0.000 Y-23.793
G1 X-14.980 Y-23.794
G1 X-12.011 Y-29.003
G1 X-12.005 Y-32.300
G1 X12.005 Y-32.300
G1 X12.011 Y-29.003
G1 X14.980 Y-23.794
G1 X0.000 Y-23.793
G1 X0.000 Y-24.193
G1 X-14.292 Y-24.194
G1 X-11.612 Y-28.896
G1 X-11.606 Y-31.900
G1 X11.606 Y-31.900
G1 X11.612 Y-28.896
G1 X14.292 Y-24.194
G1 X0.000 Y-24.193
G1 X0.000 Y-24.593
G1 X-13.604 Y-24.594
G1 X-11.212 Y-28.790
G1 X-11.207 Y-31.500
G1 X11.207 Y-31.500
G1 X11.212 Y-28.790
G1 X13.604 Y-24.594
G1 X0.000 Y-24.593
G1 X0.000 Y-24.993
G1 X-12.915 Y-24.994
G1 X-10.812 Y-28.684
G1 X-10.808 Y-31.100
G1 X10.808 Y-31.100
G1 X10.812 Y-28.684
G1 X12.915 Y-24.994
G1 X0.000 Y-24.993
G1 X0.000 Y-25.393
G1 X-12.227 Y-25.394
G1 X-10.412 Y-28.577
G1 X-10.408 Y-30.700
G1 X10.408 Y-30.700
G1 X10.412 Y-28.577
G1 X12.227 Y-25.394
G1 X0.000 Y-25.393
G1 X0.000 Y-25.793
G1 X-11.538 Y-25.794
G1 X-10.012 Y-28.471
G1 X-10.009 Y-30.300
G1 X10.009 Y-30.300
G1 X10.012 Y-28.471
G1 X11.538 Y-25.794
G1 X0.000 Y-25.793
G1 X0.000 Y-26.193
G1 X-10.850 Y-26.194
G1 X-9.613 Y-28.365
G1 X-9.610 Y-29.900
G1 X9.610 Y-29.900
G1 X9.613 Y-28.365
G1 X10.850 Y-26.194
G1 X0.000 Y-26.193
G1 X0.000 Y-26.593
G1 X-10.162 Y-26.594
G1 X-9.213 Y-28.258
G1 X-9.211 Y-29.500
G1 X9.211 Y-29.500
G1 X9.213 Y-28.258
G1 X10.162 Y-26.594
G1 X0.000 Y-26.593
G1 X0.000 Y-26.993
G1 X-9.473 Y-26.993
G1 X-8.813 Y-28.152
G1 X-8.811 Y-29.100
G1 X8.811 Y-29.100
G1 X8.813 Y-28.152
G1 X9.473 Y-26.993
G1 X0.000 Y-26.993
G1 X0.000 Y-27.393
G1 X-8.785 Y-27.393
G1 X-8.413 Y-28.046
G1 X-8.412 Y-28.700
G1 X8.412 Y-28.700
G1 X8.413 Y-28.046
G1 X8.785 Y-27.393
G1 X0.000 Y-27.393
G1 X0.000 Y-27.793
G1 X-8.096 Y-27.793
G1 X-8.013 Y-27.939
G1 X-8.013 Y-28.300
G1 X8.013 Y-28.300
G1 X8.013 Y-27.939
G1 X8.096 Y-27.793
G1 X0.000 Y-27.793
G1 X0.000 Y-27.353 Z1.500
G1 X0.000 Y-27.353
G1 X8.808 Y-27.353
G1 X8.440 Y-27.999
G1 X-8.440 Y-27.999
G1 X-8.808 Y-27.353
G1 X0.000 Y-27.353
G1 X0.000 Y-26.953
G1 X9.496 Y-26.953
G1 X8.813 Y-28.152
G1 X8.812 Y-28.399
G1 X-8.812 Y-28.399
G1 X-8.813 Y-28.152
G1 X-9.496 Y-26.953
G1 X0.000 Y-26.953
G1 X0.000 Y-26.553
G1 X10.184 Y-26.554
G1 X9.213 Y-28.259
G1 X9.212 Y-28.799
G1 X-9.212 Y-28.799
G1 X-9.213 Y-28.259
G1 X-10.184 Y-26.554
G1 X0.000 Y-26.553
G1 X0.000 Y-26.153
G1 X10.873 Y-26.154
G1 X9.612 Y-28.365
G1 X9.611 Y-29.199
G1 X-9.611 Y-29.199
G1 X-9.612 Y-28.365
G1 X-10.873 Y-26.154
G1 X0.000 Y-26.153
G1 X0.000 Y-25.753
G1 X11.561 Y-25.754
G1 X10.012 Y-28.471
G1 X10.010 Y-29.599
G1 X-10.010 Y-29.599
G1 X-10.012 Y-28.471
G1 X-11.561 Y-25.754
G1 X0.000 Y-25.753
G1 X0.000 Y-25.353
G1 X12.250 Y-25.354
G1 X10.412 Y-28.577
G1 X10.410 Y-29.999
G1 X-10.410 Y-29.999
G1 X-10.412 Y-28.577
G1 X-12.250 Y-25.354
G1 X0.000 Y-25.353
G1 X0.000 Y-24.953
G1 X12.938 Y-24.954
G1 X10.812 Y-28.684
G1 X10.809 Y-30.399
G1 X-10.809 Y-30.399
G1 X-10.812 Y-28.684
G1 X-12.938 Y-24.954
G1 X0.000 Y-24.953
G1 X0.000 Y-24.553
G1 X13.626 Y-24.554
G1 X11.212 Y-28.790
G1 X11.208 Y-30.799
G1 X-11.208 Y-30.799
G1 X-11.212 Y-28.790
G1 X-13.626 Y-24.554
G1 X0.000 Y-24.553
G1 X0.000 Y-24.153
G1 X14.315 Y-24.154
G1 X11.612 Y-28.896
G1 X11.608 Y-31.199
G1 X-11.608 Y-31.199
G1 X-11.612 Y-28.896
G1 X-14.315 Y-24.154
G1 X0.000 Y-24.153
G1 X0.000 Y-23.753
G1 X15.003 Y-23.754
G1 X12.011 Y-29.003
G1 X12.007 Y-31.599
G1 X-12.007 Y-31.599
G1 X-12.011 Y-29.003
G1 X-15.003 Y-23.754
G1 X0.000 Y-23.753
G1 X0.000 Y-23.353
G1 X15.692 Y-23.354
G1 X12.411 Y-29.109
G1 X12.406 Y-31.999
G1 X-12.406 Y-31.999
G1 X-12.411 Y-29.109
G1 X-15.692 Y-23.354
G1 X0.000 Y-23.353
G1 X0.000 Y-22.953
G1 X16.380 Y-22.954
G1 X12.811 Y-29.215
G1 X12.806 Y-32.399
G1 X-12.806 Y-32.399
G1 X-12.811 Y-29.215
G1 X-16.380 Y-22.954
G1 X0.000 Y-22.953
G1 X0.000 Y-22.553
G1 X17.068 Y-22.554
G1 X13.211 Y-29.322
G1 X13.205 Y-32.799
G1 X-13.205 Y-32.799
G1 X-13.211 Y-29.322
G1 X-17.068 Y-22.554
G1 X0.000 Y-22.553
G1 X0.000 Y-22.153
G1 X17.600 Y-22.154
G1 X17.600 Y-22.429
G1 X13.611 Y-29.428
G1 X13.604 Y-33.199
G1 X-13.604 Y-33.199
G1 X-13.611 Y-29.428
G1 X-17.600 Y-22.429
G1 X-17.600 Y-22.154
G1 X0.000 Y-22.153
G1 X0.000 Y-21.753
G1 X18.000 Y-21.754
G1 X18.000 Y-22.535
G1 X14.010 Y-29.534
G1 X14.004 Y-33.599
G1 X-14.004 Y-33.599
G1 X-14.010 Y-29.534
G1 X-18.000 Y-22.535
G1 X-18.000 Y-21.754
G1 X0.000 Y-21.753
G1 X0.000 Y-21.353
G1 X18.400 Y-21.354
G1 X18.400 Y-22.641
G1 X14.410 Y-29.641
G1 X14.403 Y-33.999
G1 X-14.403 Y-33.999
G1 X-14.410 Y-29.641
G1 X-18.400 Y-22.641
G1 X-18.400 Y-21.354
G1 X0.000 Y-21.353
G1 X0.000 Y-20.953
G1 X18.800 Y-20.954
G1 X18.800 Y-22.747
G1 X14.810 Y-29.747
G1 X14.802 Y-34.399
G1 X-14.802 Y-34.399
G1 X-14.810 Y-29.747
G1 X-18.800 Y-22.747
G1 X-18.800 Y-20.954
G1 X0.000 Y-20.953
G1 X0.000 Y-20.953 Z1.500
G1 X0.000 Y-20.871 Z1.900
G1 X0.000 Y-20.871
G1 X-18.800 Y-20.872
G1 X-18.800 Y-22.747
G1 X-14.810 Y-29.747
G1 X-14.804 Y-32.954
G1 X14.804 Y-32.954
G1 X14.810 Y-29.747
G1 X18.800 Y-22.747
G1 X18.800 Y-20.872
G1 X0.000 Y-20.871
G1 X0.000 Y-21.271
G1 X-18.400 Y-21.272
G1 X-18.400 Y-22.641
G1 X-14.410 Y-29.641
G1 X-14.405 Y-32.554
G1 X14.405 Y-32.554
G1 X14.410 Y-29.641
G1 X18.400 Y-22.641
G1 X18.400 Y-21.272
G1 X0.000 Y-21.271
G1 X0.000 Y-21.671
G1 X-18.000 Y-21.672
G1 X-18.000 Y-22.535
G1 X-14.010 Y-29.534
G1 X-14.006 Y-32.154
G1 X14.006 Y-32.154
G1 X14.010 Y-29.534
G1 X18.000 Y-22.535
G1 X18.000 Y-21.672
G1 X0.000 Y-21.671
G1 X0.000 Y-22.071
G1 X-17.600 Y-22.072
G1 X-17.600 Y-22.429
G1 X-13.611 Y-29.428
G1 X-13.607 Y-31.754
G1 X13.607 Y-31.754
G1 X13.611 Y-29.428
G1 X17.600 Y-22.429
G1 X17.600 Y-22.072
G1 X0.000 Y-22.071
G1 X0.000 Y-22.471
G1 X-17.115 Y-22.472
G1 X-13.211 Y-29.322
G1 X-13.207 Y-31.354
G1 X13.207 Y-31.354
G1 X13.211 Y-29.322
G1 X17.115 Y-22.472
G1 X0.000 Y-22.471
G1 X0.000 Y-22.871
G1 X-16.427 Y-22.872
G1 X-12.811 Y-29.215
G1 X-12.808 Y-30.954
G1 X12.808 Y-30.954
G1 X12.811 Y-29.215
G1 X16.427 Y-22.872
G1 X0.000 Y-22.871
G1 X0.000 Y-23.271
G1 X-15.738 Y-23.272
G1 X-12.411 Y-29.109
G1 X-12.409 Y-30.554
G1 X12.409 Y-30.554
G1 X12.411 Y-29.109
G1 X15.738 Y-23.272
G1 X0.000 Y-23.271
G1 X0.000 Y-23.671
G1 X-15.050 Y-23.672
G1 X-12.011 Y-29.003
G1 X-12.009 Y-30.154
G1 X12.009 Y-30.154
G1 X12.011 Y-29.003
G1 X15.050 Y-23.672
G1 X0.000 Y-23.671
G1 X0.000 Y-24.071
G1 X-14.362 Y-24.072
G1 X-11.612 Y-28.896
G1 X-11.610 Y-29.754
G1 X11.610 Y-29.754
G1 X11.612 Y-28.896
G1 X14.362 Y-24.072
G1 X0.000 Y-24.071
G1 X0.000 Y-24.471
G1 X-13.673 Y-24.472
G1 X-11.212 Y-28.790
G1 X-11.211 Y-29.354
G1 X11.211 Y-29.354
G1 X11.212 Y-28.790
G1 X13.673 Y-24.472
G1 X0.000 Y-24.471
G1 X0.000 Y-24.871
G1 X-12.985 Y-24.872
G1 X-10.812 Y-28.684
G1 X-10.812 Y-28.954
G1 X10.812 Y-28.954
G1 X10.812 Y-28.684
G1 X12.985 Y-24.872
G1 X0.000 Y-24.871
G1 X0.000 Y-25.271
G1 X-12.296 Y-25.272
G1 X-10.425 Y-28.554
G1 X10.425 Y-28.554
G1 X12.296 Y-25.272
G1 X0.000 Y-25.271
G1 X0.000 Y-25.671
G1 X-11.608 Y-25.672
G1 X-10.193 Y-28.154
G1 X10.193 Y-28.154
G1 X11.608 Y-25.672
G1 X-0.000 Y-25.671
G1 X0.000 Y-26.071
G1 X-10.920 Y-26.072
G1 X-9.961 Y-27.754
G1 X9.961 Y-27.754
G1 X10.920 Y-26.072
G1 X0.000 Y-26.071
G1 X0.000 Y-26.471
G1 X-10.231 Y-26.472
G1 X-9.728 Y-27.354
G1 X9.728 Y-27.354
G1 X10.231 Y-26.472
G1 X-0.000 Y-26.471
G1 X0.000 Y-26.871
G1 X-9.543 Y-26.872
G1 X-9.496 Y-26.954
G1 X9.496 Y-26.954
G1 X9.543 Y-26.872
G1 X0.000 Y-26.871
G1 X0.000 Y-26.345 Z2.300
G1 X0.000 Y-26.345
G1 X10.303 Y-26.346
G1 X9.953 Y-26.960
G1 X-9.953 Y-26.960
G1 X-10.303 Y-26.346
G1 X0.000 Y-26.345
G1 X0.000 Y-25.945
G1 X10.991 Y-25.946
G1 X10.185 Y-27.360
G1 X-10.185 Y-27.360
G1 X-10.991 Y-25.946
G1 X0.000 Y-25.945
G1 X0.000 Y-25.545
G1 X11.680 Y-25.546
G1 X10.418 Y-27.760
G1 X-10.418 Y-27.760
G1 X-11.680 Y-25.546
G1 X0.000 Y-25.545
G1 X0.000 Y-25.145
G1 X12.368 Y-25.146
G1 X10.650 Y-28.160
G1 X-10.650 Y-28.160
G1 X-12.368 Y-25.146
G1 X0.000 Y-25.145
G1 X0.000 Y-24.745
G1 X13.057 Y-24.746
G1 X10.882 Y-28.560
G1 X-10.882 Y-28.560
G1 X-13.057 Y-24.746
G1 X0.000 Y-24.745
G1 X0.000 Y-24.345
G1 X13.745 Y-24.346
G1 X11.212 Y-28.790
G1 X11.211 Y-28.960
G1 X-11.211 Y-28.960
G1 X-11.212 Y-28.790
G1 X-13.745 Y-24.346
G1 X0.000 Y-24.345
G1 X0.000 Y-23.945
G1 X14.433 Y-23.946
G1 X11.612 Y-28.896
G1 X11.611 Y-29.360
G1 X-11.611 Y-29.360
G1 X-11.612 Y-28.896
G1 X-14.433 Y-23.946
G1 X0.000 Y-23.945
G1 X0.000 Y-23.545
G1 X15.122 Y-23.546
G1 X12.011 Y-29.003
G1 X12.010 Y-29.760
G1 X-12.010 Y-29.760
G1 X-12.011 Y-29.003
G1 X-15.122 Y-23.546
G1 X0.000 Y-23.545
G1 X0.000 Y-23.145
G1 X15.810 Y-23.146
G1 X12.411 Y-29.109
G1 X12.409 Y-30.160
G1 X-12.409 Y-30.160
G1 X-12.411 Y-29.109
G1 X-15.810 Y-23.146
G1 X0.000 Y-23.145
G1 X0.000 Y-22.745
G1 X16.499 Y-22.746
G1 X12.811 Y-29.215
G1 X12.809 Y-30.560
G1 X-12.809 Y-30.560
G1 X-12.811 Y-29.215
G1 X-16.499 Y-22.746
G1 X0.000 Y-22.745
G1 X0.000 Y-22.345
G1 X17.187 Y-22.346
G1 X13.211 Y-29.322
G1 X13.208 Y-30.960
G1 X-13.208 Y-30.960
G1 X-13.211 Y-29.322
G1 X-17.187 Y-22.346
G1 X0.000 Y-22.345
G1 X0.000 Y-21.945
G1 X17.600 Y-21.946
G1 X17.600 Y-22.429
G1 X13.611 Y-29.428
G1 X13.607 Y-31.360
G1 X-13.607 Y-31.360
G1 X-13.611 Y-29.428
G1 X-17.600 Y-22.429
G1 X-17.600 Y-21.946
G1 X0.000 Y-21.945
G1 X0.000 Y-21.545
G1 X18.000 Y-21.546
G1 X18.000 Y-22.535
G1 X14.010 Y-29.534
G1 X14.007 Y-31.760
G1 X-14.007 Y-31.760
G1 X-14.010 Y-29.534
G1 X-18.000 Y-22.535
G1 X-18.000 Y-21.546
G1 X0.000 Y-21.545
G1 X0.000 Y-21.145
G1 X18.400 Y-21.146
G1 X18.400 Y-22.641
G1 X14.410 Y-29.641
G1 X14.406 Y-32.160
G1 X-14.406 Y-32.160
G1 X-14.410 Y-29.641
G1 X-18.400 Y-22.641
G1 X-18.400 Y-21.146
G1 X0.000 Y-21.145
G1 X0.000 Y-20.745
G1 X18.800 Y-20.746
G1 X18.800 Y-22.747
G1 X14.810 Y-29.747
G1 X14.805 Y-32.560
G1 X-14.805 Y-32.560
G1 X-14.810 Y-29.747
G1 X-18.800 Y-22.747
G1 X-18.800 Y-20.746
G1 X0.000 Y-20.745
G1 X0.000 Y-20.745 Z2.300
G1 X0.000 Y-20.571 Z2.700
G1 X0.000 Y-20.571
G1 X-18.800 Y-20.572
G1 X-18.800 Y-22.747
G1 X-14.810 Y-29.747
G1 X-14.805 Y-32.259
G1 X14.805 Y-32.259
G1 X14.810 Y-29.747
G1 X18.800 Y-22.747
G1 X18.800 Y-20.572
G1 X0.000 Y-20.571
G1 X0.000 Y-20.971
G1 X-18.400 Y-20.972
G1 X-18.400 Y-22.641
G1 X-14.410 Y-29.640
G1 X-14.406 Y-31.859
G1 X14.406 Y-31.859
G1 X14.410 Y-29.640
G1 X18.400 Y-22.641
G1 X18.400 Y-20.972
G1 X0.000 Y-20.971
G1 X0.000 Y-21.371
G1 X-18.000 Y-21.372
G1 X-18.000 Y-22.535
G1 X-14.010 Y-29.534
G1 X-14.007 Y-31.459
G1 X14.007 Y-31.459
G1 X14.010 Y-29.534
G1 X18.000 Y-22.535
G1 X18.000 Y-21.372
G1 X0.000 Y-21.371
G1 X0.000 Y-21.771
G1 X-17.600 Y-21.772
G1 X-17.600 Y-22.429
G1 X-13.611 Y-29.428
G1 X-13.608 Y-31.059
G1 X13.608 Y-31.059
G1 X13.611 Y-29.428
G1 X17.600 Y-22.429
G1 X17.600 Y-21.772
G1 X0.000 Y-21.771
G1 X0.000 Y-22.171
G1 X-17.200 Y-22.172
G1 X-17.200 Y-22.323
G1 X-13.211 Y-29.321
G1 X-13.208 Y-30.659
G1 X13.208 Y-30.659
G1 X13.211 Y-29.321
G1 X17.200 Y-22.323
G1 X17.200 Y-22.172
G1 X0.000 Y-22.171
G1 X0.000 Y-22.571
G1 X-16.598 Y-22.572
G1 X-12.811 Y-29.215
G1 X-12.809 Y-30.259
G1 X12.809 Y-30.259
G1 X12.811 Y-29.215
G1 X16.598 Y-22.572
G1 X0.000 Y-22.571
G1 X0.000 Y-22.971
G1 X-15.909 Y-22.972
G1 X-12.411 Y-29.109
G1 X-12.410 Y-29.859
G1 X12.410 Y-29.859
G1 X12.411 Y-29.109
G1 X15.909 Y-22.972
G1 X0.000 Y-22.971
G1 X0.000 Y-23.371
G1 X-15.221 Y-23.372
G1 X-12.011 Y-29.002
G1 X-12.011 Y-29.459
G1 X12.011 Y-29.459
G1 X12.011 Y-29.002
G1 X15.221 Y-23.372
G1 X0.000 Y-23.371
G1 X0.000 Y-23.771
G1 X-14.533 Y-23.772
G1 X-11.612 Y-28.896
G1 X-11.611 Y-29.059
G1 X11.611 Y-29.059
G1 X11.612 Y-28.896
G1 X14.533 Y-23.772
G1 X0.000 Y-23.771
G1 X0.000 Y-24.171
G1 X-13.844 Y-24.172
G1 X-11.286 Y-28.659
G1 X11.286 Y-28.659
G1 X13.844 Y-24.172
G1 X-0.000 Y-24.171
G1 X0.000 Y-24.571
G1 X-13.156 Y-24.572
G1 X-11.054 Y-28.259
G1 X11.054 Y-28.259
G1 X13.156 Y-24.572
G1 X0.000 Y-24.571
G1 X0.000 Y-24.971
G1 X-12.467 Y-24.972
G1 X-10.822 Y-27.859
G1 X10.822 Y-27.859
G1 X12.467 Y-24.972
G1 X-0.000 Y-24.971
G1 X0.000 Y-25.371
G1 X-11.779 Y-25.372
G1 X-10.589 Y-27.459
G1 X10.589 Y-27.459
G1 X11.779 Y-25.372
G1 X0.000 Y-25.371
G1 X0.000 Y-25.771
G1 X-11.091 Y-25.772
G1 X-10.357 Y-27.059
G1 X10.357 Y-27.059
G1 X11.091 Y-25.772
G1 X-0.000 Y-25.771
G1 X-0.000 Y-26.171
G1 X-10.402 Y-26.172
G1 X-10.124 Y-26.659
G1 X10.124 Y-26.659
G1 X10.402 Y-26.172
G1 X-0.000 Y-26.171
M9
G1 Z10.000
G1 X0.000 Y20.793
G1 Z1.100
M7
G4 P150
G1 X0.000 Y20.993 Z1.100
G1 X0.000 Y20.993
G1 X18.800 Y20.994
G1 X18.800 Y22.747
G1 X14.810 Y29.747
G1 X14.800 Y35.100
G1 X-14.800 Y35.100
G1 X-14.810 Y29.747
G1 X-18.800 Y22.747
G1 X-18.800 Y20.994
G1 X0.000 Y20.993
G1 X0.000 Y21.393
G1 X18.400 Y21.394
G1 X18.400 Y22.641
G1 X14.410 Y29.641
G1 X14.401 Y34.700
G1 X-14.401 Y34.700
G1 X-14.410 Y29.641
G1 X-18.400 Y22.641
G1 X-18.400 Y21.394
G1 X0.000 Y21.393
G1 X0.000 Y21.793
G1 X18.000 Y21.794
G1 X18.000 Y22.535
G1 X14.010 Y29.534
G1 X14.002 Y34.300
G1 X-14.002 Y34.300
G1 X-14.010 Y29.534
G1 X-18.000 Y22.535
G1 X-18.000 Y21.794
G1 X0.000 Y21.793
G1 X0.000 Y22.193
G1 X17.600 Y22.194
G1 X17.600 Y22.429
G1 X13.611 Y29.428
G1 X13.603 Y33.900
G1 X-13.603 Y33.900
G1 X-13.611 Y29.428
G1 X-17.600 Y22.429
G1 X-17.600 Y22.194
G1 X0.000 Y22.193
G1 X0.000 Y22.593
G1 X17.046 Y22.594
G1 X13.211 Y29.322
G1 X13.203 Y33.500
G1 X-13.203 Y33.500
G1 X-13.211 Y29.322
G1 X-17.046 Y22.594
G1 X0.000 Y22.593
G1 X0.000 Y22.993
G1 X16.357 Y22.994
G1 X12.811 Y29.215
G1 X12.804 Y33.100
G1 X-12.804 Y33.100
G1 X-12.811 Y29.215
G1 X-16.357 Y22.994
G1 X0.000 Y22.993
G1 X0.000 Y23.393
G1 X15.669 Y23.394
G1 X12.411 Y29.109
G1 X12.405 Y32.700
G1 X-12.405 Y32.700
G1 X-12.411 Y29.109
G1 X-15.669 Y23.394
G1 X0.000 Y23.393
G1 X0.000 Y23.793
G1 X14.980 Y23.794
G1 X12.011 Y29.003
G1 X12.005 Y32.300
G1 X-12.005 Y32.300
G1 X-12.011 Y29.003
G1 X-14.980 Y23.794
G1 X0.000 Y23.793
G1 X0.000 Y24.193
G1 X14.292 Y24.194
G1 X11.612 Y28.896
G1 X11.606 Y31.900
G1 X-11.606 Y31.900
G1 X-11.612 Y28.896
G1 X-14.292 Y24.194
G1 X0.000 Y24.193
G1 X0.000 Y24.593
G1 X13.604 Y24.594
G1 X11.212 Y28.790
G1 X11.207 Y31.500
G1 X-11.207 Y31.500
G1 X-11.212 Y28.790
G1 X-13.604 Y24.594
G1 X0.000 Y24.593
G1 X0.000 Y24.993
G1 X12.915 Y24.994
G1 X10.812 Y28.684
G1 X10.808 Y31.100
G1 X-10.808 Y31.100
G1 X-10.812 Y28.684
G1 X-12.915 Y24.994
G1 X0.000 Y24.993
G1 X0.000 Y25.393
G1 X12.227 Y25.394
G1 X10.412 Y28.577
G1 X10.408 Y30.700
G1 X-10.408 Y30.700
G1 X-10.412 Y28.577
G1 X-12.227 Y25.394
G1 X0.000 Y25.393
G1 X0.000 Y25.793
G1 X11.538 Y25.794
G1 X10.012 Y28.471
G1 X10.009 Y30.300
G1 X-10.009 Y30.300
G1 X-10.012 Y28.471
G1 X-11.538 Y25.794
G1 X0.000 Y25.793
G1 X0.000 Y26.193
G1 X10.850 Y26.194
G1 X9.613 Y28.365
G1 X9.610 Y29.900
G1 X-9.610 Y29.900
G1 X-9.613 Y28.365
G1 X-10.850 Y26.194
G1 X0.000 Y26.193
G1 X0.000 Y26.593
G1 X10.162 Y26.594
G1 X9.213 Y28.258
G1 X9.211 Y29.500
G1 X-9.211 Y29.500
G1 X-9.213 Y28.258
G1 X-10.162 Y26.594
G1 X0.000 Y26.593
G1 X0.000 Y26.993
G1 X9.473 Y26.993
G1 X8.813 Y28.152
G1 X8.811 Y29.100
G1 X-8.811 Y29.100
G1 X-8.813 Y28.152
G1 X-9.473 Y26.993
G1 X0.000 Y26.993
G1 X0.000 Y27.393
G1 X8.785 Y27.393
G1 X8.413 Y28.046
G1 X8.412 Y28.700
G1 X-8.412 Y28.700
G1 X-8.413 Y28.046
G1 X-8.785 Y27.393
G1 X0.000 Y27.393
G1 X0.000 Y27.793
G1 X8.096 Y27.793
G1 X8.013 Y27.939
G1 X8.013 Y28.300
G1 X-8.013 Y28.300
G1 X-8.013 Y27.939
G1 X-8.096 Y27.793
G1 X0.000 Y27.793
G1 X0.000 Y27.353 Z1.500
G1 X0.000 Y27.353
G1 X-8.808 Y27.353
G1 X-8.440 Y27.999
G1 X8.440 Y27.999
G1 X8.808 Y27.353
G1 X0.000 Y27.353
G1 X0.000 Y26.953
G1 X-9.496 Y26.953
G1 X-8.813 Y28.152
G1 X-8.812 Y28.399
G1 X8.812 Y28.399
G1 X8.813 Y28.152
G1 X9.496 Y26.953
G1 X0.000 Y26.953
G1 X0.000 Y26.553
G1 X-10.184 Y26.554
G1 X-9.213 Y28.259
G1 X-9.212 Y28.799
G1 X9.212 Y28.799
G1 X9.213 Y28.259
G1 X10.184 Y26.554
G1 X0.000 Y26.553
G1 X0.000 Y26.153
G1 X-10.873 Y26.154
G1 X-9.612 Y28.365
G1 X-9.611 Y29.199
G1 X9.611 Y29.199
G1 X9.612 Y28.365
G1 X10.873 Y26.154
G1 X0.000 Y26.153
G1 X0.000 Y25.753
G1 X-11.561 Y25.754
G1 X-10.012 Y28.471
G1 X-10.010 Y29.599
G1 X10.010 Y29.599
G1 X10.012 Y28.471
G1 X11.561 Y25.754
G1 X0.000 Y25.753
G1 X0.000 Y25.353
G1 X-12.250 Y25.354
G1 X-10.412 Y28.577
G1 X-10.410 Y29.999
G1 X10.410 Y29.999
G1 X10.412 Y28.577
G1 X12.250 Y25.354
G1 X0.000 Y25.353
G1 X0.000 Y24.953
G1 X-12.938 Y24.954
G1 X-10.812 Y28.684
G1 X-10.809 Y30.399
G1 X10.809 Y30.399
G1 X10.812 Y28.684
G1 X12.938 Y24.954
G1 X0.000 Y24.953
G1 X0.000 Y24.553
G1 X-13.626 Y24.554
G1 X-11.212 Y28.790
G1 X-11.208 Y30.799
G1 X11.208 Y30.799
G1 X11.212 Y28.790
G1 X13.626 Y24.554
G1 X0.000 Y24.553
G1 X0.000 Y24.153
G1 X-14.315 Y24.154
G1 X-11.612 Y28.896
G1 X-11.608 Y31.199
G1 X11.608 Y31.199
G1 X11.612 Y28.896
G1 X14.315 Y24.154
G1 X0.000 Y24.153
G1 X0.000 Y23.753
G1 X-15.003 Y23.754
G1 X-12.011 Y29.003
G1 X-12.007 Y31.599
G1 X12.007 Y31.599
G1 X12.011 Y29.003
G1 X15.003 Y23.754
G1 X0.000 Y23.753
G1 X0.000 Y23.353
G1 X-15.692 Y23.354
G1 X-12.411 Y29.109
G1 X-12.406 Y31.999
G1 X12.406 Y31.999
G1 X12.411 Y29.109
G1 X15.692 Y23.354
G1 X0.000 Y23.353
G1 X0.000 Y22.953
G1 X-16.380 Y22.954
G1 X-12.811 Y29.215
G1 X-12.806 Y32.399
G1 X12.806 Y32.399
G1 X12.811 Y29.215
G1 X16.380 Y22.954
G1 X0.000 Y22.953
G1 X0.000 Y22.553
G1 X-17.068 Y22.554
G1 X-13.211 Y29.322
G1 X-13.205 Y32.799
G1 X13.205 Y32.799
G1 X13.211 Y29.322
G1 X17.068 Y22.554
G1 X0.000 Y22.553
G1 X0.000 Y22.153
G1 X-17.600 Y22.154
G1 X-17.600 Y22.429
G1 X-13.611 Y29.428
G1 X-13.604 Y33.199
G1 X13.604 Y33.199
G1 X13.611 Y29.428
G1 X17.600 Y22.429
G1 X17.600 Y22.154
G1 X0.000 Y22.153
G1 X0.000 Y21.753
G1 X-18.000 Y21.754
G1 X-18.000 Y22.535
G1 X-14.010 Y29.534
G1 X-14.004 Y33.599
G1 X14.004 Y33.599
G1 X14.010 Y29.534
G1 X18.000 Y22.535
G1 X18.000 Y21.754
G1 X0.000 Y21.753
G1 X0.000 Y21.353
G1 X-18.400 Y21.354
G1 X-18.400 Y22.641
G1 X-14.410 Y29.641
G1 X-14.403 Y33.999
G1 X14.403 Y33.999
G1 X14.410 Y29.641
G1 X18.400 Y22.641
G1 X18.400 Y21.354
G1 X0.000 Y21.353
G1 X0.000 Y20.953
G1 X-18.800 Y20.954
G1 X-18.800 Y22.747
G1 X-14.810 Y29.747
G1 X-14.802 Y34.399
G1 X14.802 Y34.399
G1 X14.810 Y29.747
G1 X18.800 Y22.747
G1 X18.800 Y20.954
G1 X0.000 Y20.953
G1 X0.000 Y20.953 Z1.500
G1 X0.000 Y20.871 Z1.900
G1 X0.000 Y20.871
G1 X18.800 Y20.872
G1 X18.800 Y22.747
G1 X14.810 Y29.747
G1 X14.804 Y32.954
G1 X-14.804 Y32.954
G1 X-14.810 Y29.747
G1 X-18.800 Y22.747
G1 X-18.800 Y20.872
G1 X0.000 Y20.871
G1 X0.000 Y21.271
G1 X18.400 Y21.272
G1 X18.400 Y22.641
G1 X14.410 Y29.641
G1 X14.405 Y32.554
G1 X-14.405 Y32.554
G1 X-14.410 Y29.641
G1 X-18.400 Y22.641
G1 X-18.400 Y21.272
G1 X0.000 Y21.271
G1 X0.000 Y21.671
G1 X18.000 Y21.672
G1 X18.000 Y22.535
G1 X14.010 Y29.534
G1 X14.006 Y32.154
G1 X-14.006 Y32.154
G1 X-14.010 Y29.534
G1 X-18.000 Y22.535
G1 X-18.000 Y21.672
G1 X0.000 Y21.671
G1 X0.000 Y22.071
G1 X17.600 Y22.072
G1 X17.600 Y22.429
G1 X13.611 Y29.428
G1 X13.607 Y31.754
G1 X-13.607 Y31.754
G1 X-13.611 Y29.428
G1 X-17.600 Y22.429
G1 X-17.600 Y22.072
G1 X0.000 Y22.071
G1 X0.000 Y22.471
G1 X17.115 Y22.472
G1 X13.211 Y29.322
G1 X13.207 Y31.354
G1 X-13.207 Y31.354
G1 X-13.211 Y29.322
G1 X-17.115 Y22.472
G1 X0.000 Y22.471
G1 X0.000 Y22.871
G1 X16.427 Y22.872
G1 X12.811 Y29.215
G1 X12.808 Y30.954
G1 X-12.808 Y30.954
G1 X-12.811 Y29.215
G1 X-16.427 Y22.872
G1 X0.000 Y22.871
G1 X0.000 Y23.271
G1 X15.738 Y23.272
G1 X12.411 Y29.109
G1 X12.409 Y30.554
G1 X-12.409 Y30.554
G1 X-12.411 Y29.109
G1 X-15.738 Y23.272
G1 X0.000 Y23.271
G1 X0.000 Y23.671
G1 X15.050 Y23.672
G1 X12.011 Y29.003
G1 X12.009 Y30.154
G1 X-12.009 Y30.154
G1 X-12.011 Y29.003
G1 X-15.050 Y23.672
G1 X0.000 Y23.671
G1 X0.000 Y24.071
G1 X14.362 Y24.072
G1 X11.612 Y28.896
G1 X11.610 Y29.754
G1 X-11.610 Y29.754
G1 X-11.612 Y28.896
G1 X-14.362 Y24.072
G1 X0.000 Y24.071
G1 X0.000 Y24.471
G1 X13.673 Y24.472
G1 X11.212 Y28.790
G1 X11.211 Y29.354
G1 X-11.211 Y29.354
G1 X-11.212 Y28.790
G1 X-13.673 Y24.472
G1 X0.000 Y24.471
G1 X0.000 Y24.871
G1 X12.985 Y24.872
G1 X10.812 Y28.684
G1 X10.812 Y28.954
G1 X-10.812 Y28.954
G1 X-10.812 Y28.684
G1 X-12.985 Y24.872
G1 X0.000 Y24.871
G1 X0.000 Y25.271
G1 X12.296 Y25.272
G1 X10.425 Y28.554
G1 X-10.425 Y28.554
G1 X-12.296 Y25.272
G1 X-0.000 Y25.271
G1 X0.000 Y25.671
G1 X11.608 Y25.672
G1 X10.193 Y28.154
G1 X-10.193 Y28.154
G1 X-11.608 Y25.672
G1 X0.000 Y25.671
G1 X0.000 Y26.071
G1 X10.920 Y26.072
G1 X9.961 Y27.754
G1 X-9.961 Y27.754
G1 X-10.920 Y26.072
G1 X-0.000 Y26.071
G1 X0.000 Y26.471
G1 X10.231 Y26.472
G1 X9.728 Y27.354
G1 X-9.728 Y27.354
G1 X-10.231 Y26.472
G1 X0.000 Y26.471
G1 X0.000 Y26.871
G1 X9.543 Y26.872
G1 X9.496 Y26.954
G1 X-9.496 Y26.954
G1 X-9.543 Y26.872
G1 X-0.000 Y26.871
G1 X0.000 Y26.345 Z2.300
G1 X0.000 Y26.345
G1 X-10.303 Y26.346
G1 X-9.953 Y26.960
G1 X9.953 Y26.960
G1 X10.303 Y26.346
G1 X0.000 Y26.345
G1 X0.000 Y25.945
G1 X-10.991 Y25.946
G1 X-10.185 Y27.360
G1 X10.185 Y27.360
G1 X10.991 Y25.946
G1 X0.000 Y25.945
G1 X0.000 Y25.545
G1 X-11.680 Y25.546
G1 X-10.418 Y27.760
G1 X10.418 Y27.760
G1 X11.680 Y25.546
G1 X0.000 Y25.545
G1 X0.000 Y25.145
G1 X-12.368 Y25.146
G1 X-10.650 Y28.160
G1 X10.650 Y28.160
G1 X12.368 Y25.146
G1 X0.000 Y25.145
G1 X-0.000 Y24.745
G1 X-13.057 Y24.746
G1 X-10.882 Y28.560
G1 X10.882 Y28.560
G1 X13.057 Y24.746
G1 X0.000 Y24.745
G1 X0.000 Y24.345
G1 X-13.745 Y24.346
G1 X-11.212 Y28.790
G1 X-11.211 Y28.960
G1 X11.211 Y28.960
G1 X11.212 Y28.790
G1 X13.745 Y24.346
G1 X0.000 Y24.345
G1 X0.000 Y23.945
G1 X-14.433 Y23.946
G1 X-11.612 Y28.896
G1 X-11.611 Y29.360
G1 X11.611 Y29.360
G1 X11.612 Y28.896
G1 X14.433 Y23.946
G1 X0.000 Y23.945
G1 X0.000 Y23.545
G1 X-15.122 Y23.546
G1 X-12.011 Y29.003
G1 X-12.010 Y29.760
G1 X12.010 Y29.760
G1 X12.011 Y29.003
G1 X15.122 Y23.546
G1 X0.000 Y23.545
G1 X0.000 Y23.145
G1 X-15.810 Y23.146
G1 X-12.411 Y29.109
G1 X-12.409 Y30.160
G1 X12.409 Y30.160
G1 X12.411 Y29.109
G1 X15.810 Y23.146
G1 X0.000 Y23.145
G1 X0.000 Y22.745
G1 X-16.499 Y22.746
G1 X-12.811 Y29.215
G1 X-12.809 Y30.560
G1 X12.809 Y30.560
G1 X12.811 Y29.215
G1 X16.499 Y22.746
G1 X0.000 Y22.745
G1 X0.000 Y22.345
G1 X-17.187 Y22.346
G1 X-13.211 Y29.322
G1 X-13.208 Y30.960
G1 X13.208 Y30.960
G1 X13.211 Y29.322
G1 X17.187 Y22.346
G1 X0.000 Y22.345
G1 X0.000 Y21.945
G1 X-17.600 Y21.946
G1 X-17.600 Y22.429
G1 X-13.611 Y29.428
G1 X-13.607 Y31.360
G1 X13.607 Y31.360
G1 X13.611 Y29.428
G1 X17.600 Y22.429
G1 X17.600 Y21.946
G1 X0.000 Y21.945
G1 X0.000 Y21.545
G1 X-18.000 Y21.546
G1 X-18.000 Y22.535
G1 X-14.010 Y29.534
G1 X-14.007 Y31.760
G1 X14.007 Y31.760
G1 X14.010 Y29.534
G1 X18.000 Y22.535
G1 X18.000 Y21.546
G1 X0.000 Y21.545
G1 X0.000 Y21.145
G1 X-18.400 Y21.146
G1 X-18.400 Y22.641
G1 X-14.410 Y29.641
G1 X-14.406 Y32.160
G1 X14.406 Y32.160
G1 X14.410 Y29.641
G1 X18.400 Y22.641
G1 X18.400 Y21.146
G1 X0.000 Y21.145
G1 X0.000 Y20.745
G1 X-18.800 Y20.746
G1 X-18.800 Y22.747
G1 X-14.810 Y29.747
G1 X-14.805 Y32.560
G1 X14.805 Y32.560
G1 X14.810 Y29.747
G1 X18.800 Y22.747
G1 X18.800 Y20.746
G1 X0.000 Y20.745
G1 X0.000 Y20.745 Z2.300
G1 X0.000 Y20.571 Z2.700
G1 X0.000 Y20.571
G1 X18.800 Y20.572
G1 X18.800 Y22.747
G1 X14.810 Y29.747
G1 X14.805 Y32.259
G1 X-14.805 Y32.259
G1 X-14.810 Y29.747
G1 X-18.800 Y22.747
G1 X-18.800 Y20.572
G1 X0.000 Y20.571
G1 X0.000 Y20.971
G1 X18.400 Y20.972
G1 X18.400 Y22.641
G1 X14.410 Y29.640
G1 X14.406 Y31.859
G1 X-14.406 Y31.859
G1 X-14.410 Y29.640
G1 X-18.400 Y22.641
G1 X-18.400 Y20.972
G1 X0.000 Y20.971
G1 X0.000 Y21.371
G1 X18.000 Y21.372
G1 X18.000 Y22.535
G1 X14.010 Y29.534
G1 X14.007 Y31.459
G1 X-14.007 Y31.459
G1 X-14.010 Y29.534
G1 X-18.000 Y22.535
G1 X-18.000 Y21.372
G1 X0.000 Y21.371
G1 X0.000 Y21.771
G1 X17.600 Y21.772
G1 X17.600 Y22.429
G1 X13.611 Y29.428
G1 X13.608 Y31.059
G1 X-13.608 Y31.059
G1 X-13.611 Y29.428
G1 X-17.600 Y22.429
G1 X-17.600 Y21.772
G1 X0.000 Y21.771
G1 X0.000 Y22.171
G1 X17.200 Y22.172
G1 X17.200 Y22.323
G1 X13.211 Y29.321
G1 X13.208 Y30.659
G1 X-13.208 Y30.659
G1 X-13.211 Y29.321
G1 X-17.200 Y22.323
G1 X-17.200 Y22.172
G1 X0.000 Y22.171
G1 X0.000 Y22.571
G1 X16.598 Y22.572
G1 X12.811 Y29.215
G1 X12.809 Y30.259
G1 X-12.809 Y30.259
G1 X-12.811 Y29.215
G1 X-16.598 Y22.572
G1 X0.000 Y22.571
G1 X0.000 Y22.971
G1 X15.909 Y22.972
G1 X12.411 Y29.109
G1 X12.410 Y29.859
G1 X-12.410 Y29.859
G1 X-12.411 Y29.109
G1 X-15.909 Y22.972
G1 X0.000 Y22.971
G1 X0.000 Y23.371
G1 X15.221 Y23.372
G1 X12.011 Y29.002
G1 X12.011 Y29.459
G1 X-12.011 Y29.459
G1 X-12.011 Y29.002
G1 X-15.221 Y23.372
G1 X0.000 Y23.371
G1 X0.000 Y23.771
G1 X14.533 Y23.772
G1 X11.612 Y28.896
G1 X11.611 Y29.059
G1 X-11.611 Y29.059
G1 X-11.612 Y28.896
G1 X-14.533 Y23.772
G1 X0.000 Y23.771
G1 X0.000 Y24.171
G1 X13.844 Y24.172
G1 X11.286 Y28.659
G1 X-11.286 Y28.659
G1 X-13.844 Y24.172
G1 X0.000 Y24.171
G1 X0.000 Y24.571
G1 X13.156 Y24.572
G1 X11.054 Y28.259
G1 X-11.054 Y28.259
G1 X-13.156 Y24.572
G1 X-0.000 Y24.571
G1 X0.000 Y24.971
G1 X12.467 Y24.972
G1 X10.822 Y27.859
G1 X-10.822 Y27.859
G1 X-12.467 Y24.972
G1 X0.000 Y24.971
G1 X0.000 Y25.371
G1 X11.779 Y25.372
G1 X10.589 Y27.459
G1 X-10.589 Y27.459
G1 X-11.779 Y25.372
G1 X-0.000 Y25.371
G1 X0.000 Y25.771
G1 X11.091 Y25.772
G1 X10.357 Y27.059
G1 X-10.357 Y27.059
G1 X-11.091 Y25.772
G1 X0.000 Y25.771
G1 X0.000 Y26.171
G1 X10.402 Y26.172
G1 X10.124 Y26.659
G1 X-10.124 Y26.659
G1 X-10.402 Y26.172
G1 X0.000 Y26.171
M9
G1 Z10.000
G1 X0.000 Y-47.499
G1 Z1.100
M7
G4 P150
G1 X0.000 Y-47.699 Z1.100
G1 X0.000 Y-47.699
G1 X-14.800 Y-47.700
G1 X-14.800 Y-52.928
G1 X0.000 Y-70.688
G1 X14.800 Y-52.928
G1 X14.800 Y-47.700
G1 X0.000 Y-47.699
G1 X0.000 Y-48.099
G1 X-14.400 Y-48.100
G1 X-14.400 Y-52.783
G1 X0.000 Y-70.063
G1 X14.400 Y-52.783
G1 X14.400 Y-48.100
G1 X0.000 Y-48.099
G1 X0.000 Y-48.499
G1 X-14.000 Y-48.500
G1 X-14.000 Y-52.638
G1 X0.000 Y-69.438
G1 X14.000 Y-52.638
G1 X14.000 Y-48.500
G1 X0.000 Y-48.499
G1 X0.000 Y-48.899
G1 X-13.600 Y-48.900
G1 X-13.600 Y-52.493
G1 X0.000 Y-68.813
G1 X13.600 Y-52.493
G1 X13.600 Y-48.900
G1 X0.000 Y-48.899
G1 X0.000 Y-49.299
G1 X-13.200 Y-49.300
G1 X-13.200 Y-52.348
G1 X0.000 Y-68.188
G1 X13.200 Y-52.348
G1 X13.200 Y-49.300
G1 X0.000 Y-49.299
G1 X0.000 Y-49.699
G1 X-12.800 Y-49.700
G1 X-12.800 Y-52.203
G1 X0.000 Y-67.563
G1 X12.800 Y-52.203
G1 X12.800 Y-49.700
G1 X0.000 Y-49.699
G1 X0.000 Y-50.099
G1 X-12.400 Y-50.100
G1 X-12.400 Y-52.059
G1 X0.000 Y-66.939
G1 X12.400 Y-52.059
G1 X12.400 Y-50.100
G1 X0.000 Y-50.099
G1 X0.000 Y-50.499
G1 X-12.000 Y-50.500
G1 X-12.000 Y-51.914
G1 X0.000 Y-66.314
G1 X12.000 Y-51.914
G1 X12.000 Y-50.500
G1 X0.000 Y-50.499
G1 X0.000 Y-50.899
G1 X-11.600 Y-50.900
G1 X-11.600 Y-51.769
G1 X0.000 Y-65.689
G1 X11.600 Y-51.769
G1 X11.600 Y-50.900
G1 X0.000 Y-50.899
G1 X0.000 Y-51.299
G1 X-11.200 Y-51.300
G1 X-11.200 Y-51.624
G1 X0.000 Y-65.064
G1 X11.200 Y-51.624
G1 X11.200 Y-51.300
G1 X0.000 Y-51.299
G1 X0.000 Y-51.699
G1 X-10.616 Y-51.700
G1 X0.000 Y-64.439
G1 X10.616 Y-51.700
G1 X0.000 Y-51.699
G1 X0.000 Y-52.099
G1 X-9.762 Y-52.100
G1 X0.000 Y-63.815
G1 X9.762 Y-52.100
G1 X0.000 Y-52.099
G1 X0.000 Y-52.499
G1 X-8.908 Y-52.500
G1 X0.000 Y-63.190
G1 X8.908 Y-52.500
G1 X0.000 Y-52.499
G1 X0.000 Y-52.899
G1 X-8.054 Y-52.900
G1 X0.000 Y-62.565
G1 X8.054 Y-52.900
G1 X0.000 Y-52.899
G1 X0.000 Y-53.299
G1 X-7.201 Y-53.299
G1 X0.000 Y-61.940
G1 X7.201 Y-53.299
G1 X0.000 Y-53.299
G1 X0.000 Y-53.699
G1 X-6.347 Y-53.699
G1 X0.000 Y-61.315
G1 X6.347 Y-53.699
G1 X0.000 Y-53.699
G1 X0.000 Y-54.099
G1 X-5.493 Y-54.099
G1 X0.000 Y-60.690
G1 X5.493 Y-54.099
G1 X0.000 Y-54.099
G1 X0.000 Y-54.499
G1 X-4.639 Y-54.499
G1 X0.000 Y-60.066
G1 X4.639 Y-54.499
G1 X0.000 Y-54.499
G1 X0.000 Y-54.899
G1 X-3.785 Y-54.899
G1 X0.000 Y-59.441
G1 X3.785 Y-54.899
G1 X0.000 Y-54.899
G1 X0.000 Y-55.299
G1 X-2.931 Y-55.299
G1 X0.000 Y-58.816
G1 X2.931 Y-55.299
G1 X0.000 Y-55.299
G1 X0.000 Y-55.699
G1 X-2.077 Y-55.699
G1 X0.000 Y-58.191
G1 X2.077 Y-55.699
G1 X0.000 Y-55.699
G1 X0.000 Y-56.099
G1 X-1.223 Y-56.099
G1 X0.000 Y-57.566
G1 X1.223 Y-56.099
G1 X0.000 Y-56.099
G1 X0.000 Y-56.499
G1 X-0.369 Y-56.499
G1 X0.000 Y-56.942
G1 X0.369 Y-56.499
G1 X0.000 Y-56.499
G1 X0.000 Y-56.799 Z1.500
G1 X0.000 Y-56.799
G1 X0.639 Y-56.799
G1 X0.000 Y-57.566
G1 X-0.639 Y-56.799
G1 X0.000 Y-56.799
G1 X0.000 Y-56.399
G1 X1.493 Y-56.399
G1 X0.000 Y-58.191
G1 X-1.493 Y-56.399
G1 X0.000 Y-56.399
G1 X0.000 Y-55.999
G1 X2.347 Y-55.999
G1 X0.000 Y-58.816
G1 X-2.347 Y-55.999
G1 X0.000 Y-55.999
G1 X0.000 Y-55.599
G1 X3.201 Y-55.599
G1 X0.000 Y-59.441
G1 X-3.201 Y-55.599
G1 X0.000 Y-55.599
G1 X0.000 Y-55.199
G1 X4.055 Y-55.199
G1 X0.000 Y-60.066
G1 X-4.055 Y-55.199
G1 X0.000 Y-55.199
G1 X0.000 Y-54.799
G1 X4.909 Y-54.799
G1 X0.000 Y-60.690
G1 X-4.909 Y-54.799
G1 X0.000 Y-54.799
G1 X0.000 Y-54.399
G1 X5.763 Y-54.399
G1 X0.000 Y-61.315
G1 X-5.763 Y-54.399
G1 X0.000 Y-54.399
G1 X0.000 Y-53.999
G1 X6.617 Y-53.999
G1 X0.000 Y-61.940
G1 X-6.617 Y-53.999
G1 X0.000 Y-53.999
G1 X0.000 Y-53.599
G1 X7.471 Y-53.599
G1 X0.000 Y-62.565
G1 X-7.471 Y-53.599
G1 X0.000 Y-53.599
G1 X0.000 Y-53.199
G1 X8.325 Y-53.200
G1 X0.000 Y-63.190
G1 X-8.325 Y-53.200
G1 X0.000 Y-53.199
G1 X0.000 Y-52.799
G1 X9.179 Y-52.800
G1 X0.000 Y-63.815
G1 X-9.179 Y-52.800
G1 X0.000 Y-52.799
G1 X0.000 Y-52.399
G1 X10.033 Y-52.400
G1 X0.000 Y-64.439
G1 X-10.033 Y-52.400
G1 X0.000 Y-52.399
G1 X0.000 Y-51.999
G1 X10.887 Y-52.000
G1 X0.000 Y-65.064
G1 X-10.887 Y-52.000
G1 X0.000 Y-51.999
G1 X0.000 Y-51.599
G1 X11.600 Y-51.600
G1 X11.600 Y-51.769
G1 X0.000 Y-65.689
G1 X-11.600 Y-51.769
G1 X-11.600 Y-51.600
G1 X0.000 Y-51.599
G1 X0.000 Y-51.199
G1 X12.000 Y-51.200
G1 X12.000 Y-51.914
G1 X0.000 Y-66.314
G1 X-12.000 Y-51.914
G1 X-12.000 Y-51.200
G1 X0.000 Y-51.199
G1 X0.000 Y-50.799
G1 X12.400 Y-50.800
G1 X12.400 Y-52.059
G1 X0.000 Y-66.939
G1 X-12.400 Y-52.059
G1 X-12.400 Y-50.800
G1 X0.000 Y-50.799
G1 X0.000 Y-50.399
G1 X12.800 Y-50.400
G1 X12.800 Y-52.203
G1 X0.000 Y-67.563
G1 X-12.800 Y-52.203
G1 X-12.800 Y-50.400
G1 X0.000 Y-50.399
G1 X0.000 Y-49.999
G1 X13.200 Y-50.000
G1 X13.200 Y-52.348
G1 X0.000 Y-68.188
G1 X-13.200 Y-52.348
G1 X-13.200 Y-50.000
G1 X0.000 Y-49.999
G1 X0.000 Y-49.599
G1 X13.600 Y-49.600
G1 X13.600 Y-52.493
G1 X0.000 Y-68.813
G1 X-13.600 Y-52.493
G1 X-13.600 Y-49.600
G1 X0.000 Y-49.599
G1 X0.000 Y-49.199
G1 X14.000 Y-49.200
G1 X14.000 Y-52.638
G1 X0.000 Y-69.438
G1 X-14.000 Y-52.638
G1 X-14.000 Y-49.200
G1 X0.000 Y-49.199
G1 X0.000 Y-48.799
G1 X14.400 Y-48.800
G1 X14.400 Y-52.783
G1 X0.000 Y-70.063
G1 X-14.400 Y-52.783
G1 X-14.400 Y-48.800
G1 X0.000 Y-48.799
G1 X0.000 Y-48.399
G1 X14.800 Y-48.400
G1 X14.800 Y-52.928
G1 X0.000 Y-70.688
G1 X-14.800 Y-52.928
G1 X-14.800 Y-48.400
G1 X0.000 Y-48.399
G1 X0.000 Y-48.399 Z1.500
G1 X0.000 Y-49.844 Z1.900
G1 X0.000 Y-49.844
G1 X-14.800 Y-49.845
G1 X-14.800 Y-52.928
G1 X0.000 Y-70.688
G1 X14.800 Y-52.928
G1 X14.800 Y-49.845
G1 X0.000 Y-49.844
G1 X0.000 Y-50.244
G1 X-14.400 Y-50.245
G1 X-14.400 Y-52.783
G1 X0.000 Y-70.063
G1 X14.400 Y-52.783
G1 X14.400 Y-50.245
G1 X0.000 Y-50.244
G1 X0.000 Y-50.644
G1 X-14.000 Y-50.645
G1 X-14.000 Y-52.638
G1 X0.000 Y-69.438
G1 X14.000 Y-52.638
G1 X14.000 Y-50.645
G1 X0.000 Y-50.644
G1 X0.000 Y-51.044
G1 X-13.600 Y-51.045
G1 X-13.600 Y-52.493
G1 X0.000 Y-68.813
G1 X13.600 Y-52.493
G1 X13.600 Y-51.045
G1 X0.000 Y-51.044
G1 X0.000 Y-51.444
G1 X-13.200 Y-51.445
G1 X-13.200 Y-52.348
G1 X0.000 Y-68.188
G1 X13.200 Y-52.348
G1 X13.200 Y-51.445
G1 X0.000 Y-51.444
G1 X0.000 Y-51.844
G1 X-12.800 Y-51.845
G1 X-12.800 Y-52.203
G1 X0.000 Y-67.563
G1 X12.800 Y-52.203
G1 X12.800 Y-51.845
G1 X0.000 Y-51.844
G1 X0.000 Y-52.244
G1 X-12.245 Y-52.245
G1 X0.000 Y-66.939
G1 X12.245 Y-52.245
G1 X0.000 Y-52.244
G1 X0.000 Y-52.644
G1 X-11.391 Y-52.645
G1 X0.000 Y-66.314
G1 X11.391 Y-52.645
G1 X0.000 Y-52.644
G1 X0.000 Y-53.044
G1 X-10.537 Y-53.045
G1 X0.000 Y-65.689
G1 X10.537 Y-53.045
G1 X0.000 Y-53.044
G1 X0.000 Y-53.444
G1 X-9.683 Y-53.445
G1 X0.000 Y-65.064
G1 X9.683 Y-53.445
G1 X0.000 Y-53.444
G1 X0.000 Y-53.844
G1 X-8.829 Y-53.845
G1 X0.000 Y-64.439
G1 X8.829 Y-53.845
G1 X0.000 Y-53.844
G1 X0.000 Y-54.244
G1 X-7.975 Y-54.245
G1 X0.000 Y-63.815
G1 X7.975 Y-54.245
G1 X0.000 Y-54.244
G1 X0.000 Y-54.644
G1 X-7.121 Y-54.644
G1 X0.000 Y-63.190
G1 X7.121 Y-54.644
G1 X0.000 Y-54.644
G1 X0.000 Y-55.044
G1 X-6.267 Y-55.044
G1 X0.000 Y-62.565
G1 X6.267 Y-55.044
G1 X0.000 Y-55.044
G1 X0.000 Y-55.444
G1 X-5.413 Y-55.444
G1 X0.000 Y-61.940
G1 X5.413 Y-55.444
G1 X0.000 Y-55.444
G1 X0.000 Y-55.844
G1 X-4.559 Y-55.844
G1 X0.000 Y-61.315
G1 X4.559 Y-55.844
G1 X0.000 Y-55.844
G1 X0.000 Y-56.244
G1 X-3.705 Y-56.244
G1 X0.000 Y-60.690
G1 X3.705 Y-56.244
G1 X0.000 Y-56.244
G1 X0.000 Y-56.644
G1 X-2.851 Y-56.644
G1 X0.000 Y-60.066
G1 X2.851 Y-56.644
G1 X0.000 Y-56.644
G1 X0.000 Y-57.044
G1 X-1.997 Y-57.044
G1 X0.000 Y-59.441
G1 X1.997 Y-57.044
G1 X0.000 Y-57.044
G1 X0.000 Y-57.444
G1 X-1.143 Y-57.444
G1 X0.000 Y-58.816
G1 X1.143 Y-57.444
G1 X0.000 Y-57.444
G1 X0.000 Y-57.844
G1 X-0.289 Y-57.844
G1 X0.000 Y-58.191
G1 X0.289 Y-57.844
G1 X0.000 Y-57.844
G1 X0.000 Y-57.838 Z2.300
G1 X0.000 Y-57.838
G1 X0.815 Y-57.838
G1 X0.000 Y-58.816
G1 X-0.815 Y-57.838
G1 X0.000 Y-57.838
G1 X0.000 Y-57.438
G1 X1.669 Y-57.438
G1 X0.000 Y-59.441
G1 X-1.669 Y-57.438
G1 X0.000 Y-57.438
G1 X0.000 Y-57.038
G1 X2.523 Y-57.038
G1 X0.000 Y-60.066
G1 X-2.523 Y-57.038
G1 X0.000 Y-57.038
G1 X0.000 Y-56.638
G1 X3.377 Y-56.638
G1 X0.000 Y-60.690
G1 X-3.377 Y-56.638
G1 X0.000 Y-56.638
G1 X0.000 Y-56.238
G1 X4.231 Y-56.238
G1 X0.000 Y-61.315
G1 X-4.231 Y-56.238
G1 X0.000 Y-56.238
G1 X0.000 Y-55.838
G1 X5.085 Y-55.838
G1 X0.000 Y-61.940
G1 X-5.085 Y-55.838
G1 X0.000 Y-55.838
G1 X0.000 Y-55.438
G1 X5.939 Y-55.438
G1 X0.000 Y-62.565
G1 X-5.939 Y-55.438
G1 X0.000 Y-55.438
G1 X0.000 Y-55.038
G1 X6.793 Y-55.038
G1 X0.000 Y-63.190
G1 X-6.793 Y-55.038
G1 X0.000 Y-55.038
G1 X0.000 Y-54.638
G1 X7.647 Y-54.639
G1 X0.000 Y-63.815
G1 X-7.647 Y-54.639
G1 X0.000 Y-54.638
G1 X0.000 Y-54.238
G1 X8.501 Y-54.239
G1 X0.000 Y-64.439
G1 X-8.501 Y-54.239
G1 X0.000 Y-54.238
G1 X0.000 Y-53.838
G1 X9.355 Y-53.839
G1 X0.000 Y-65.064
G1 X-9.355 Y-53.839
G1 X0.000 Y-53.838
G1 X0.000 Y-53.438
G1 X10.209 Y-53.439
G1 X0.000 Y-65.689
G1 X-10.209 Y-53.439
G1 X0.000 Y-53.438
G1 X0.000 Y-53.038
G1 X11.063 Y-53.039
G1 X0.000 Y-66.314
G1 X-11.063 Y-53.039
G1 X0.000 Y-53.038
G1 X0.000 Y-52.638
G1 X11.917 Y-52.639
G1 X0.000 Y-66.939
G1 X-11.917 Y-52.639
G1 X0.000 Y-52.638
G1 X0.000 Y-52.238
G1 X12.771 Y-52.239
G1 X0.000 Y-67.563
G1 X-12.771 Y-52.239
G1 X0.000 Y-52.238
G1 X0.000 Y-51.838
G1 X13.200 Y-51.839
G1 X13.200 Y-52.348
G1 X0.000 Y-68.188
G1 X-13.200 Y-52.348
G1 X-13.200 Y-51.839
G1 X0.000 Y-51.838
G1 X0.000 Y-51.438
G1 X13.600 Y-51.439
G1 X13.600 Y-52.493
G1 X0.000 Y-68.813
G1 X-13.600 Y-52.493
G1 X-13.600 Y-51.439
G1 X0.000 Y-51.438
G1 X0.000 Y-51.038
G1 X14.000 Y-51.039
G1 X14.000 Y-52.638
G1 X0.000 Y-69.438
G1 X-14.000 Y-52.638
G1 X-14.000 Y-51.039
G1 X0.000 Y-51.038
G1 X0.000 Y-50.638
G1 X14.400 Y-50.639
G1 X14.400 Y-52.783
G1 X0.000 Y-70.063
G1 X-14.400 Y-52.783
G1 X-14.400 Y-50.639
G1 X0.000 Y-50.638
G1 X0.000 Y-50.238
G1 X14.800 Y-50.239
G1 X14.800 Y-52.928
G1 X0.000 Y-70.688
G1 X-14.800 Y-52.928
G1 X-14.800 Y-50.239
G1 X0.000 Y-50.238
G1 X0.000 Y-50.238 Z2.300
G1 X0.000 Y-50.539 Z2.700
G1 X0.000 Y-50.539
G1 X-14.800 Y-50.540
G1 X-14.800 Y-52.928
G1 X0.000 Y-70.688
G1 X14.800 Y-52.928
G1 X14.800 Y-50.540
G1 X0.000 Y-50.539
G1 X0.000 Y-50.939
G1 X-14.400 Y-50.940
G1 X-14.400 Y-52.783
G1 X0.000 Y-70.063
G1 X14.400 Y-52.783
G1 X14.400 Y-50.940
G1 X0.000 Y-50.939
G1 X0.000 Y-51.339
G1 X-14.000 Y-51.340
G1 X-14.000 Y-52.638
G1 X0.000 Y-69.438
G1 X14.000 Y-52.638
G1 X14.000 Y-51.340
G1 X0.000 Y-51.339
G1 X0.000 Y-51.739
G1 X-13.600 Y-51.740
G1 X-13.600 Y-52.493
G1 X0.000 Y-68.813
G1 X13.600 Y-52.493
G1 X13.600 Y-51.740
G1 X0.000 Y-51.739
G1 X0.000 Y-52.139
G1 X-13.200 Y-52.140
G1 X-13.200 Y-52.348
G1 X0.000 Y-68.188
G1 X13.200 Y-52.348
G1 X13.200 Y-52.140
G1 X0.000 Y-52.139
G1 X0.000 Y-52.539
G1 X-12.520 Y-52.540
G1 X0.000 Y-67.563
G1 X12.520 Y-52.540
G1 X0.000 Y-52.539
G1 X0.000 Y-52.939
G1 X-11.666 Y-52.940
G1 X0.000 Y-66.939
G1 X11.666 Y-52.940
G1 X0.000 Y-52.939
G1 X0.000 Y-53.339
G1 X-10.812 Y-53.340
G1 X0.000 Y-66.314
G1 X10.812 Y-53.340
G1 X0.000 Y-53.339
G1 X0.000 Y-53.739
G1 X-9.958 Y-53.740
G1 X0.000 Y-65.689
G1 X9.958 Y-53.740
G1 X0.000 Y-53.739
G1 X0.000 Y-54.139
G1 X-9.104 Y-54.140
G1 X0.000 Y-65.064
G1 X9.104 Y-54.140
G1 X0.000 Y-54.139
G1 X0.000 Y-54.539
G1 X-8.250 Y-54.540
G1 X0.000 Y-64.439
G1 X8.250 Y-54.540
G1 X0.000 Y-54.539
G1 X0.000 Y-54.939
G1 X-7.396 Y-54.939
G1 X0.000 Y-63.815
G1 X7.396 Y-54.939
G1 X0.000 Y-54.939
G1 X0.000 Y-55.339
G1 X-6.542 Y-55.339
G1 X0.000 Y-63.190
G1 X6.542 Y-55.339
G1 X0.000 Y-55.339
G1 X0.000 Y-55.739
G1 X-5.688 Y-55.739
G1 X0.000 Y-62.565
G1 X5.688 Y-55.739
G1 X0.000 Y-55.739
G1 X0.000 Y-56.139
G1 X-4.834 Y-56.139
G1 X0.000 Y-61.940
G1 X4.834 Y-56.139
G1 X0.000 Y-56.139
G1 X0.000 Y-56.539
G1 X-3.980 Y-56.539
G1 X0.000 Y-61.315
G1 X3.980 Y-56.539
G1 X0.000 Y-56.539
G1 X0.000 Y-56.939
G1 X-3.126 Y-56.939
G1 X0.000 Y-60.690
G1 X3.126 Y-56.939
G1 X0.000 Y-56.939
G1 X0.000 Y-57.339
G1 X-2.272 Y-57.339
G1 X0.000 Y-60.066
G1 X2.272 Y-57.339
G1 X0.000 Y-57.339
G1 X0.000 Y-57.739
G1 X-1.418 Y-57.739
G1 X0.000 Y-59.441
G1 X1.418 Y-57.739
G1 X0.000 Y-57.739
G1 X0.000 Y-58.139
G1 X-0.564 Y-58.139
G1 X0.000 Y-58.816
G1 X0.564 Y-58.139
G1 X0.000 Y-58.139
M9
G1 Z10.000
G1 X0.000 Y47.499
G1 Z1.100
M7
G4 P150
G1 X0.000 Y47.699 Z1.100
G1 X0.000 Y47.699
G1 X14.800 Y47.700
G1 X14.800 Y52.928
G1 X0.000 Y70.688
G1 X-14.800 Y52.928
G1 X-14.800 Y47.700
G1 X0.000 Y47.699
G1 X0.000 Y48.099
G1 X14.400 Y48.100
G1 X14.400 Y52.783
G1 X0.000 Y70.063
G1 X-14.400 Y52.783
G1 X-14.400 Y48.100
G1 X0.000 Y48.099
G1 X0.000 Y48.499
G1 X14.000 Y48.500
G1 X14.000 Y52.638
G1 X0.000 Y69.438
G1 X-14.000 Y52.638
G1 X-14.000 Y48.500
G1 X0.000 Y48.499
G1 X0.000 Y48.899
G1 X13.600 Y48.900
G1 X13.600 Y52.493
G1 X0.000 Y68.813
G1 X-13.600 Y52.493
G1 X-13.600 Y48.900
G1 X0.000 Y48.899
G1 X0.000 Y49.299
G1 X13.200 Y49.300
G1 X13.200 Y52.348
G1 X0.000 Y68.188
G1 X-13.200 Y52.348
G1 X-13.200 Y49.300
G1 X0.000 Y49.299
G1 X0.000 Y49.699
G1 X12.800 Y49.700
G1 X12.800 Y52.203
G1 X0.000 Y67.563
G1 X-12.800 Y52.203
G1 X-12.800 Y49.700
G1 X0.000 Y49.699
G1 X0.000 Y50.099
G1 X12.400 Y50.100
G1 X12.400 Y52.059
G1 X0.000 Y66.939
G1 X-12.400 Y52.059
G1 X-12.400 Y50.100
G1 X0.000 Y50.099
G1 X0.000 Y50.499
G1 X12.000 Y50.500
G1 X12.000 Y51.914
G1 X0.000 Y66.314
G1 X-12.000 Y51.914
G1 X-12.000 Y50.500
G1 X0.000 Y50.499
G1 X0.000 Y50.899
G1 X11.600 Y50.900
G1 X11.600 Y51.769
G1 X0.000 Y65.689
G1 X-11.600 Y51.769
G1 X-11.600 Y50.900
G1 X0.000 Y50.899
G1 X0.000 Y51.299
G1 X11.200 Y51.300
G1 X11.200 Y51.624
G1 X0.000 Y65.064
G1 X-11.200 Y51.624
G1 X-11.200 Y51.300
G1 X0.000 Y51.299
G1 X0.000 Y51.699
G1 X10.616 Y51.700
G1 X0.000 Y64.439
G1 X-10.616 Y51.700
G1 X0.000 Y51.699
G1 X0.000 Y52.099
G1 X9.762 Y52.100
G1 X0.000 Y63.815
G1 X-9.762 Y52.100
G1 X0.000 Y52.099
G1 X0.000 Y52.499
G1 X8.908 Y52.500
G1 X0.000 Y63.190
G1 X-8.908 Y52.500
G1 X0.000 Y52.499
G1 X0.000 Y52.899
G1 X8.054 Y52.900
G1 X0.000 Y62.565
G1 X-8.054 Y52.900
G1 X0.000 Y52.899
G1 X0.000 Y53.299
G1 X7.201 Y53.299
G1 X0.000 Y61.940
G1 X-7.201 Y53.299
G1 X0.000 Y53.299
G1 X0.000 Y53.699
G1 X6.347 Y53.699
G1 X0.000 Y61.315
G1 X-6.347 Y53.699
G1 X0.000 Y53.699
G1 X0.000 Y54.099
G1 X5.493 Y54.099
G1 X0.000 Y60.690
G1 X-5.493 Y54.099
G1 X0.000 Y54.099
G1 X0.000 Y54.499
G1 X4.639 Y54.499
G1 X0.000 Y60.066
G1 X-4.639 Y54.499
G1 X0.000 Y54.499
G1 X0.000 Y54.899
G1 X3.785 Y54.899
G1 X0.000 Y59.441
G1 X-3.785 Y54.899
G1 X0.000 Y54.899
G1 X0.000 Y55.299
G1 X2.931 Y55.299
G1 X0.000 Y58.816
G1 X-2.931 Y55.299
G1 X0.000 Y55.299
G1 X0.000 Y55.699
G1 X2.077 Y55.699
G1 X0.000 Y58.191
G1 X-2.077 Y55.699
G1 X0.000 Y55.699
G1 X0.000 Y56.099
G1 X1.223 Y56.099
G1 X0.000 Y57.566
G1 X-1.223 Y56.099
G1 X0.000 Y56.099
G1 X0.000 Y56.499
G1 X0.369 Y56.499
G1 X0.000 Y56.942
G1 X-0.369 Y56.499
G1 X0.000 Y56.499
G1 X0.000 Y56.799 Z1.500
G1 X0.000 Y56.799
G1 X-0.639 Y56.799
G1 X0.000 Y57.566
G1 X0.639 Y56.799
G1 X0.000 Y56.799
G1 X0.000 Y56.399
G1 X-1.493 Y56.399
G1 X0.000 Y58.191
G1 X1.493 Y56.399
G1 X0.000 Y56.399
G1 X0.000 Y55.999
G1 X-2.347 Y55.999
G1 X0.000 Y58.816
G1 X2.347 Y55.999
G1 X0.000 Y55.999
G1 X0.000 Y55.599
G1 X-3.201 Y55.599
G1 X0.000 Y59.441
G1 X3.201 Y55.599
G1 X0.000 Y55.599
G1 X0.000 Y55.199
G1 X-4.055 Y55.199
G1 X0.000 Y60.066
G1 X4.055 Y55.199
G1 X0.000 Y55.199
G1 X0.000 Y54.799
G1 X-4.909 Y54.799
G1 X0.000 Y60.690
G1 X4.909 Y54.799
G1 X0.000 Y54.799
G1 X0.000 Y54.399
G1 X-5.763 Y54.399
G1 X0.000 Y61.315
G1 X5.763 Y54.399
G1 X0.000 Y54.399
G1 X0.000 Y53.999
G1 X-6.617 Y53.999
G1 X0.000 Y61.940
G1 X6.617 Y53.999
G1 X0.000 Y53.999
G1 X0.000 Y53.599
G1 X-7.471 Y53.599
G1 X0.000 Y62.565
G1 X7.471 Y53.599
G1 X0.000 Y53.599
G1 X0.000 Y53.199
G1 X-8.325 Y53.200
G1 X0.000 Y63.190
G1 X8.325 Y53.200
G1 X0.000 Y53.199
G1 X0.000 Y52.799
G1 X-9.179 Y52.800
G1 X0.000 Y63.815
G1 X9.179 Y52.800
G1 X0.000 Y52.799
G1 X0.000 Y52.399
G1 X-10.033 Y52.400
G1 X0.000 Y64.439
G1 X10.033 Y52.400
G1 X0.000 Y52.399
G1 X0.000 Y51.999
G1 X-10.887 Y52.000
G1 X0.000 Y65.064
G1 X10.887 Y52.000
G1 X0.000 Y51.999
G1 X0.000 Y51.599
G1 X-11.600 Y51.600
G1 X-11.600 Y51.769
G1 X0.000 Y65.689
G1 X11.600 Y51.769
G1 X11.600 Y51.600
G1 X0.000 Y51.599
G1 X0.000 Y51.199
G1 X-12.000 Y51.200
G1 X-12.000 Y51.914
G1 X0.000 Y66.314
G1 X12.000 Y51.914
G1 X12.000 Y51.200
G1 X0.000 Y51.199
G1 X0.000 Y50.799
G1 X-12.400 Y50.800
G1 X-12.400 Y52.059
G1 X0.000 Y66.939
G1 X12.400 Y52.059
G1 X12.400 Y50.800
G1 X0.000 Y50.799
G1 X0.000 Y50.399
G1 X-12.800 Y50.400
G1 X-12.800 Y52.203
G1 X0.000 Y67.563
G1 X12.800 Y52.203
G1 X12.800 Y50.400
G1 X0.000 Y50.399
G1 X0.000 Y49.999
G1 X-13.200 Y50.000
G1 X-13.200 Y52.348
G1 X0.000 Y68.188
G1 X13.200 Y52.348
G1 X13.200 Y50.000
G1 X0.000 Y49.999
G1 X0.000 Y49.599
G1 X-13.600 Y49.600
G1 X-13.600 Y52.493
G1 X0.000 Y68.813
G1 X13.600 Y52.493
G1 X13.600 Y49.600
G1 X0.000 Y49.599
G1 X0.000 Y49.199
G1 X-14.000 Y49.200
G1 X-14.000 Y52.638
G1 X0.000 Y69.438
G1 X14.000 Y52.638
G1 X14.000 Y49.200
G1 X0.000 Y49.199
G1 X0.000 Y48.799
G1 X-14.400 Y48.800
G1 X-14.400 Y52.783
G1 X0.000 Y70.063
G1 X14.400 Y52.783
G1 X14.400 Y48.800
G1 X0.000 Y48.799
G1 X0.000 Y48.399
G1 X-14.800 Y48.400
G1 X-14.800 Y52.928
G1 X0.000 Y70.688
G1 X14.800 Y52.928
G1 X14.800 Y48.400
G1 X0.000 Y48.399
G1 X0.000 Y48.399 Z1.500
G1 X0.000 Y49.844 Z1.900
G1 X0.000 Y49.844
G1 X14.800 Y49.845
G1 X14.800 Y52.928
G1 X0.000 Y70.688
G1 X-14.800 Y52.928
G1 X-14.800 Y49.845
G1 X0.000 Y49.844
G1 X0.000 Y50.244
G1 X14.400 Y50.245
G1 X14.400 Y52.783
G1 X0.000 Y70.063
G1 X-14.400 Y52.783
G1 X-14.400 Y50.245
G1 X0.000 Y50.244
G1 X0.000 Y50.644
G1 X14.000 Y50.645
G1 X14.000 Y52.638
G1 X0.000 Y69.438
G1 X-14.000 Y52.638
G1 X-14.000 Y50.645
G1 X0.000 Y50.644
G1 X0.000 Y51.044
G1 X13.600 Y51.045
G1 X13.600 Y52.493
G1 X0.000 Y68.813
G1 X-13.600 Y52.493
G1 X-13.600 Y51.045
G1 X0.000 Y51.044
G1 X0.000 Y51.444
G1 X13.200 Y51.445
G1 X13.200 Y52.348
G1 X0.000 Y68.188
G1 X-13.200 Y52.348
G1 X-13.200 Y51.445
G1 X0.000 Y51.444
G1 X0.000 Y51.844
G1 X12.800 Y51.845
G1 X12.800 Y52.203
G1 X0.000 Y67.563
G1 X-12.800 Y52.203
G1 X-12.800 Y51.845
G1 X0.000 Y51.844
G1 X0.000 Y52.244
G1 X12.245 Y52.245
G1 X0.000 Y66.939
G1 X-12.245 Y52.245
G1 X0.000 Y52.244
G1 X0.000 Y52.644
G1 X11.391 Y52.645
G1 X0.000 Y66.314
G1 X-11.391 Y52.645
G1 X0.000 Y52.644
G1 X0.000 Y53.044
G1 X10.537 Y53.045
G1 X0.000 Y65.689
G1 X-10.537 Y53.045
G1 X0.000 Y53.044
G1 X0.000 Y53.444
G1 X9.683 Y53.445
G1 X0.000 Y65.064
G1 X-9.683 Y53.445
G1 X0.000 Y53.444
G1 X0.000 Y53.844
G1 X8.829 Y53.845
G1 X0.000 Y64.439
G1 X-8.829 Y53.845
G1 X0.000 Y53.844
G1 X0.000 Y54.244
G1 X7.975 Y54.245
G1 X0.000 Y63.815
G1 X-7.975 Y54.245
G1 X0.000 Y54.244
G1 X0.000 Y54.644
G1 X7.121 Y54.644
G1 X0.000 Y63.190
G1 X-7.121 Y54.644
G1 X0.000 Y54.644
G1 X0.000 Y55.044
G1 X6.267 Y55.044
G1 X0.000 Y62.565
G1 X-6.267 Y55.044
G1 X0.000 Y55.044
G1 X0.000 Y55.444
G1 X5.413 Y55.444
G1 X0.000 Y61.940
G1 X-5.413 Y55.444
G1 X0.000 Y55.444
G1 X0.000 Y55.844
G1 X4.559 Y55.844
G1 X0.000 Y61.315
G1 X-4.559 Y55.844
G1 X0.000 Y55.844
G1 X0.000 Y56.244
G1 X3.705 Y56.244
G1 X0.000 Y60.690
G1 X-3.705 Y56.244
G1 X0.000 Y56.244
G1 X0.000 Y56.644
G1 X2.851 Y56.644
G1 X0.000 Y60.066
G1 X-2.851 Y56.644
G1 X0.000 Y56.644
G1 X0.000 Y57.044
G1 X1.997 Y57.044
G1 X0.000 Y59.441
G1 X-1.997 Y57.044
G1 X0.000 Y57.044
G1 X0.000 Y57.444
G1 X1.143 Y57.444
G1 X0.000 Y58.816
G1 X-1.143 Y57.444
G1 X0.000 Y57.444
G1 X0.000 Y57.844
G1 X0.289 Y57.844
G1 X0.000 Y58.191
G1 X-0.289 Y57.844
G1 X0.000 Y57.844
G1 X0.000 Y57.838 Z2.300
G1 X0.000 Y57.838
G1 X-0.815 Y57.838
G1 X0.000 Y58.816
G1 X0.815 Y57.838
G1 X0.000 Y57.838
G1 X0.000 Y57.438
G1 X-1.669 Y57.438
G1 X0.000 Y59.441
G1 X1.669 Y57.438
G1 X0.000 Y57.438
G1 X0.000 Y57.038
G1 X-2.523 Y57.038
G1 X0.000 Y60.066
G1 X2.523 Y57.038
G1 X0.000 Y57.038
G1 X0.000 Y56.638
G1 X-3.377 Y56.638
G1 X0.000 Y60.690
G1 X3.377 Y56.638
G1 X0.000 Y56.638
G1 X0.000 Y56.238
G1 X-4.231 Y56.238
G1 X0.000 Y61.315
G1 X4.231 Y56.238
G1 X0.000 Y56.238
G1 X0.000 Y55.838
G1 X-5.085 Y55.838
G1 X0.000 Y61.940
G1 X5.085 Y55.838
G1 X0.000 Y55.838
G1 X0.000 Y55.438
G1 X-5.939 Y55.438
G1 X0.000 Y62.565
G1 X5.939 Y55.438
G1 X0.000 Y55.438
G1 X0.000 Y55.038
G1 X-6.793 Y55.038
G1 X0.000 Y63.190
G1 X6.793 Y55.038
G1 X0.000 Y55.038
G1 X0.000 Y54.638
G1 X-7.647 Y54.639
G1 X0.000 Y63.815
G1 X7.647 Y54.639
G1 X0.000 Y54.638
G1 X0.000 Y54.238
G1 X-8.501 Y54.239
G1 X0.000 Y64.439
G1 X8.501 Y54.239
G1 X0.000 Y54.238
G1 X0.000 Y53.838
G1 X-9.355 Y53.839
G1 X0.000 Y65.064
G1 X9.355 Y53.839
G1 X0.000 Y53.838
G1 X0.000 Y53.438
G1 X-10.209 Y53.439
G1 X0.000 Y65.689
G1 X10.209 Y53.439
G1 X0.000 Y53.438
G1 X0.000 Y53.038
G1 X-11.063 Y53.039
G1 X0.000 Y66.314
G1 X11.063 Y53.039
G1 X0.000 Y53.038
G1 X0.000 Y52.638
G1 X-11.917 Y52.639
G1 X0.000 Y66.939
G1 X11.917 Y52.639
G1 X0.000 Y52.638
G1 X0.000 Y52.238
G1 X-12.771 Y52.239
G1 X0.000 Y67.563
G1 X12.771 Y52.239
G1 X0.000 Y52.238
G1 X0.000 Y51.838
G1 X-13.200 Y51.839
G1 X-13.200 Y52.348
G1 X0.000 Y68.188
G1 X13.200 Y52.348
G1 X13.200 Y51.839
G1 X0.000 Y51.838
G1 X0.000 Y51.438
G1 X-13.600 Y51.439
G1 X-13.600 Y52.493
G1 X0.000 Y68.813
G1 X13.600 Y52.493
G1 X13.600 Y51.439
G1 X0.000 Y51.438
G1 X0.000 Y51.038
G1 X-14.000 Y51.039
G1 X-14.000 Y52.638
G1 X0.000 Y69.438
G1 X14.000 Y52.638
G1 X14.000 Y51.039
G1 X0.000 Y51.038
G1 X0.000 Y50.638
G1 X-14.400 Y50.639
G1 X-14.400 Y52.783
G1 X0.000 Y70.063
G1 X14.400 Y52.783
G1 X14.400 Y50.639
G1 X0.000 Y50.638
G1 X0.000 Y50.238
G1 X-14.800 Y50.239
G1 X-14.800 Y52.928
G1 X0.000 Y70.688
G1 X14.800 Y52.928
G1 X14.800 Y50.239
G1 X0.000 Y50.238
G1 X0.000 Y50.238 Z2.300
G1 X0.000 Y50.539 Z2.700
G1 X0.000 Y50.539
G1 X14.800 Y50.540
G1 X14.800 Y52.928
G1 X0.000 Y70.688
G1 X-14.800 Y52.928
G1 X-14.800 Y50.540
G1 X0.000 Y50.539
G1 X0.000 Y50.939
G1 X14.400 Y50.940
G1 X14.400 Y52.783
G1 X0.000 Y70.063
G1 X-14.400 Y52.783
G1 X-14.400 Y50.940
G1 X0.000 Y50.939
G1 X0.000 Y51.339
G1 X14.000 Y51.340
G1 X14.000 Y52.638
G1 X0.000 Y69.438
G1 X-14.000 Y52.638
G1 X-14.000 Y51.340
G1 X0.000 Y51.339
G1 X0.000 Y51.739
G1 X13.600 Y51.740
G1 X13.600 Y52.493
G1 X0.000 Y68.813
G1 X-13.600 Y52.493
G1 X-13.600 Y51.740
G1 X0.000 Y51.739
G1 X0.000 Y52.139
G1 X13.200 Y52.140
G1 X13.200 Y52.348
G1 X0.000 Y68.188
G1 X-13.200 Y52.348
G1 X-13.200 Y52.140
G1 X0.000 Y52.139
G1 X0.000 Y52.539
G1 X12.520 Y52.540
G1 X0.000 Y67.563
G1 X-12.520 Y52.540
G1 X0.000 Y52.539
G1 X0.000 Y52.939
G1 X11.666 Y52.940
G1 X0.000 Y66.939
G1 X-11.666 Y52.940
G1 X0.000 Y52.939
G1 X0.000 Y53.339
G1 X10.812 Y53.340
G1 X0.000 Y66.314
G1 X-10.812 Y53.340
G1 X0.000 Y53.339
G1 X0.000 Y53.739
G1 X9.958 Y53.740
G1 X0.000 Y65.689
G1 X-9.958 Y53.740
G1 X0.000 Y53.739
G1 X0.000 Y54.139
G1 X9.104 Y54.140
G1 X0.000 Y65.064
G1 X-9.104 Y54.140
G1 X0.000 Y54.139
G1 X0.000 Y54.539
G1 X8.250 Y54.540
G1 X0.000 Y64.439
G1 X-8.250 Y54.540
G1 X0.000 Y54.539
G1 X0.000 Y54.939
G1 X7.396 Y54.939
G1 X0.000 Y63.815
G1 X-7.396 Y54.939
G1 X0.000 Y54.939
G1 X0.000 Y55.339
G1 X6.542 Y55.339
G1 X0.000 Y63.190
G1 X-6.542 Y55.339
G1 X0.000 Y55.339
G1 X0.000 Y55.739
G1 X5.688 Y55.739
G1 X0.000 Y62.565
G1 X-5.688 Y55.739
G1 X0.000 Y55.739
G1 X0.000 Y56.139
G1 X4.834 Y56.139
G1 X0.000 Y61.940
G1 X-4.834 Y56.139
G1 X0.000 Y56.139
G1 X0.000 Y56.539
G1 X3.980 Y56.539
G1 X0.000 Y61.315
G1 X-3.980 Y56.539
G1 X0.000 Y56.539
G1 X0.000 Y56.939
G1 X3.126 Y56.939
G1 X0.000 Y60.690
G1 X-3.126 Y56.939
G1 X0.000 Y56.939
G1 X0.000 Y57.339
G1 X2.272 Y57.339
G1 X0.000 Y60.066
G1 X-2.272 Y57.339
G1 X0.000 Y57.339
G1 X0.000 Y57.739
G1 X1.418 Y57.739
G1 X0.000 Y59.441
G1 X-1.418 Y57.739
G1 X0.000 Y57.739
G1 X0.000 Y58.139
G1 X0.564 Y58.139
G1 X0.000 Y58.816
G1 X-0.564 Y58.139
G1 X0.000 Y58.139
M9
G1 Z10.000
G1 X29.793 Y0.000
G1 Z1.100
M7
G4 P150
G1 X29.993 Y0.000 Z1.100
G1 X29.993 Y0.000
G1 X29.994 Y-9.800
G1 X31.781 Y-9.799
G1 X52.782 Y-6.100
G1 X58.100 Y-6.100
G1 X58.100 Y6.100
G1 X52.782 Y6.100
G1 X31.781 Y9.799
G1 X29.994 Y9.800
G1 X29.993 Y0.000
G1 X30.393 Y0.000
G1 X30.394 Y-9.400
G1 X31.746 Y-9.399
G1 X52.747 Y-5.700
G1 X57.700 Y-5.700
G1 X57.700 Y5.700
G1 X52.747 Y5.700
G1 X31.746 Y9.399
G1 X30.394 Y9.400
G1 X30.393 Y0.000
G1 X30.793 Y0.000
G1 X30.794 Y-9.000
G1 X31.711 Y-8.999
G1 X52.712 Y-5.300
G1 X57.300 Y-5.300
G1 X57.300 Y5.300
G1 X52.712 Y5.300
G1 X31.711 Y8.999
G1 X30.794 Y9.000
G1 X30.793 Y0.000
G1 X31.193 Y0.000
G1 X31.194 Y-8.599
G1 X31.676 Y-8.599
G1 X52.677 Y-4.900
G1 X56.900 Y-4.900
G1 X56.900 Y4.900
G1 X52.677 Y4.900
G1 X31.676 Y8.599
G1 X31.194 Y8.599
G1 X31.193 Y0.000
G1 X31.593 Y0.000
G1 X31.594 Y-8.199
G1 X31.641 Y-8.199
G1 X52.642 Y-4.500
G1 X56.500 Y-4.500
G1 X56.500 Y4.500
G1 X52.642 Y4.500
G1 X31.641 Y8.199
G1 X31.594 Y8.199
G1 X31.593 Y0.000
G1 X31.993 Y0.000
G1 X31.994 Y-7.731
G1 X52.607 Y-4.100
G1 X56.100 Y-4.100
G1 X56.100 Y4.100
G1 X52.607 Y4.100
G1 X31.994 Y7.731
G1 X31.993 Y0.000
G1 X32.393 Y0.000
G1 X32.394 Y-7.254
G1 X52.572 Y-3.700
G1 X55.700 Y-3.700
G1 X55.700 Y3.700
G1 X52.572 Y3.700
G1 X32.394 Y7.254
G1 X32.393 Y0.000
G1 X32.793 Y0.000
G1 X32.794 Y-6.778
G1 X52.537 Y-3.300
G1 X55.300 Y-3.300
G1 X55.300 Y3.300
G1 X52.537 Y3.300
G1 X32.794 Y6.778
G1 X32.793 Y0.000
G1 X33.193 Y0.000
G1 X33.194 Y-6.301
G1 X52.502 Y-2.900
G1 X54.900 Y-2.900
G1 X54.900 Y2.900
G1 X52.502 Y2.900
G1 X33.194 Y6.301
G1 X33.193 Y0.000
G1 X33.593 Y0.000
G1 X33.594 Y-5.824
G1 X52.467 Y-2.500
G1 X54.500 Y-2.500
G1 X54.500 Y2.500
G1 X52.467 Y2.500
G1 X33.594 Y5.824
G1 X33.593 Y0.000
G1 X33.993 Y0.000
G1 X33.994 Y-5.348
G1 X52.432 Y-2.100
G1 X54.100 Y-2.100
G1 X54.100 Y2.100
G1 X52.432 Y2.100
G1 X33.994 Y5.348
G1 X33.993 Y0.000
G1 X34.393 Y0.000
G1 X34.393 Y-4.871
G1 X52.397 Y-1.700
G1 X53.700 Y-1.700
G1 X53.700 Y1.700
G1 X52.397 Y1.700
G1 X34.393 Y4.871
G1 X34.393 Y0.000
G1 X34.793 Y0.000
G1 X34.793 Y-4.395
G1 X52.362 Y-1.300
G1 X53.300 Y-1.300
G1 X53.300 Y1.300
G1 X52.362 Y1.300
G1 X34.793 Y4.395
G1 X34.793 Y0.000
G1 X35.193 Y0.000
G1 X35.193 Y-3.918
G1 X52.327 Y-0.900
G1 X52.900 Y-0.900
G1 X52.900 Y0.900
G1 X52.327 Y0.900
G1 X35.193 Y3.918
G1 X35.193 Y0.000
G1 X35.593 Y0.000
G1 X35.593 Y-3.441
G1 X52.292 Y-0.500
G1 X52.500 Y-0.500
G1 X52.500 Y0.500
G1 X52.292 Y0.500
G1 X35.593 Y3.441
G1 X35.593 Y0.000
G1 X35.993 Y0.000
G1 X35.993 Y-2.965
G1 X52.100 Y-0.128
G1 X52.100 Y0.128
G1 X35.993 Y2.965
G1 X35.993 Y0.000
G1 X36.393 Y0.000
G1 X36.393 Y-2.488
G1 X50.519 Y0.000
G1 X36.393 Y2.488
G1 X36.393 Y0.000
G1 X36.793 Y0.000
G1 X36.793 Y-2.012
G1 X48.213 Y0.000
G1 X36.793 Y2.012
G1 X36.793 Y0.000
G1 X37.193 Y0.000
G1 X37.193 Y-1.535
G1 X45.907 Y0.000
G1 X37.193 Y1.535
G1 X37.193 Y0.000
G1 X37.593 Y0.000
G1 X37.593 Y-1.058
G1 X43.601 Y0.000
G1 X37.593 Y1.058
G1 X37.593 Y0.000
G1 X37.993 Y0.000
G1 X37.993 Y-0.582
G1 X41.296 Y0.000
G1 X37.993 Y0.582
G1 X37.993 Y0.000
G1 X38.393 Y0.000
G1 X38.393 Y-0.105
G1 X38.990 Y0.000
G1 X38.393 Y0.105
G1 X38.393 Y0.000
G1 X38.353 Y0.000 Z1.500
G1 X38.353 Y0.000
G1 X38.353 Y0.112
G1 X38.990 Y0.000
G1 X38.353 Y-0.112
G1 X38.353 Y0.000
G1 X37.953 Y0.000
G1 X37.953 Y0.589
G1 X41.296 Y0.000
G1 X37.953 Y-0.589
G1 X37.953 Y0.000
G1 X37.553 Y0.000
G1 X37.553 Y1.065
G1 X43.601 Y0.000
G1 X37.553 Y-1.065
G1 X37.553 Y0.000
G1 X37.153 Y0.000
G1 X37.153 Y1.542
G1 X45.907 Y0.000
G1 X37.153 Y-1.542
G1 X37.153 Y0.000
G1 X36.753 Y0.000
G1 X36.753 Y2.019
G1 X48.213 Y0.000
G1 X36.753 Y-2.019
G1 X36.753 Y0.000
G1 X36.353 Y0.000
G1 X36.353 Y2.495
G1 X50.519 Y0.000
G1 X36.353 Y-2.495
G1 X36.353 Y0.000
G1 X35.953 Y0.000
G1 X35.953 Y2.972
G1 X51.399 Y0.251
G1 X51.399 Y-0.251
G1 X35.953 Y-2.972
G1 X35.953 Y0.000
G1 X35.553 Y0.000
G1 X35.553 Y3.448
G1 X51.799 Y0.587
G1 X51.799 Y-0.587
G1 X35.553 Y-3.448
G1 X35.553 Y0.000
G1 X35.153 Y-0.000
G1 X35.153 Y3.925
G1 X52.199 Y0.923
G1 X52.199 Y-0.923
G1 X35.153 Y-3.925
G1 X35.153 Y0.000
G1 X34.753 Y0.000
G1 X34.753 Y4.402
G1 X52.362 Y1.300
G1 X52.599 Y1.300
G1 X52.599 Y-1.300
G1 X52.362 Y-1.300
G1 X34.753 Y-4.402
G1 X34.753 Y0.000
G1 X34.353 Y0.000
G1 X34.353 Y4.878
G1 X52.397 Y1.700
G1 X52.999 Y1.700
G1 X52.999 Y-1.700
G1 X52.397 Y-1.700
G1 X34.353 Y-4.878
G1 X34.353 Y0.000
G1 X33.953 Y0.000
G1 X33.954 Y5.355
G1 X52.432 Y2.100
G1 X53.399 Y2.100
G1 X53.399 Y-2.100
G1 X52.432 Y-2.100
G1 X33.954 Y-5.355
G1 X33.953 Y0.000
G1 X33.553 Y0.000
G1 X33.554 Y5.831
G1 X52.467 Y2.500
G1 X53.799 Y2.500
G1 X53.799 Y-2.500
G1 X52.467 Y-2.500
G1 X33.554 Y-5.831
G1 X33.553 Y0.000
G1 X33.153 Y0.000
G1 X33.154 Y6.308
G1 X52.502 Y2.900
G1 X54.199 Y2.900
G1 X54.199 Y-2.900
G1 X52.502 Y-2.900
G1 X33.154 Y-6.308
G1 X33.153 Y0.000
G1 X32.753 Y0.000
G1 X32.754 Y6.785
G1 X52.537 Y3.300
G1 X54.599 Y3.300
G1 X54.599 Y-3.300
G1 X52.537 Y-3.300
G1 X32.754 Y-6.785
G1 X32.753 Y0.000
G1 X32.353 Y0.000
G1 X32.354 Y7.261
G1 X52.572 Y3.700
G1 X54.999 Y3.700
G1 X54.999 Y-3.700
G1 X52.572 Y-3.700
G1 X32.354 Y-7.261
G1 X32.353 Y0.000
G1 X31.953 Y0.000
G1 X31.954 Y7.738
G1 X52.607 Y4.100
G1 X55.399 Y4.100
G1 X55.399 Y-4.100
G1 X52.607 Y-4.100
G1 X31.954 Y-7.738
G1 X31.953 Y0.000
G1 X31.553 Y0.000
G1 X31.554 Y8.199
G1 X31.641 Y8.199
G1 X52.642 Y4.500
G1 X55.799 Y4.500
G1 X55.799 Y-4.500
G1 X52.642 Y-4.500
G1 X31.641 Y-8.199
G1 X31.554 Y-8.199
G1 X31.553 Y0.000
G1 X31.153 Y0.000
G1 X31.154 Y8.599
G1 X31.676 Y8.599
G1 X52.677 Y4.900
G1 X56.199 Y4.900
G1 X56.199 Y-4.900
G1 X52.677 Y-4.900
G1 X31.676 Y-8.599
G1 X31.154 Y-8.599
G1 X31.153 Y0.000
G1 X30.753 Y0.000
G1 X30.754 Y9.000
G1 X31.711 Y8.999
G1 X52.712 Y5.300
G1 X56.599 Y5.300
G1 X56.599 Y-5.300
G1 X52.712 Y-5.300
G1 X31.711 Y-8.999
G1 X30.754 Y-9.000
G1 X30.753 Y0.000
G1 X30.353 Y0.000
G1 X30.354 Y9.400
G1 X31.746 Y9.399
G1 X52.747 Y5.700
G1 X56.999 Y5.700
G1 X56.999 Y-5.700
G1 X52.747 Y-5.700
G1 X31.746 Y-9.399
G1 X30.354 Y-9.400
G1 X30.353 Y0.000
G1 X29.953 Y0.000
G1 X29.954 Y9.800
G1 X31.781 Y9.799
G1 X52.782 Y6.100
G1 X57.399 Y6.100
G1 X57.399 Y-6.100
G1 X52.782 Y-6.100
G1 X31.781 Y-9.799
G1 X29.954 Y-9.800
G1 X29.953 Y0.000
G1 X29.953 Y0.000 Z1.500
G1 X29.871 Y0.000 Z1.900
G1 X29.871 Y0.000
G1 X29.872 Y-9.800
G1 X31.781 Y-9.799
G1 X52.782 Y-6.100
G1 X55.954 Y-6.100
G1 X55.954 Y6.100
G1 X52.782 Y6.100
G1 X31.781 Y9.799
G1 X29.872 Y9.800
G1 X29.871 Y0.000
G1 X30.271 Y0.000
G1 X30.272 Y-9.400
G1 X31.746 Y-9.399
G1 X52.747 Y-5.700
G1 X55.554 Y-5.700
G1 X55.554 Y5.700
G1 X52.747 Y5.700
G1 X31.746 Y9.399
G1 X30.272 Y9.400
G1 X30.271 Y0.000
G1 X30.671 Y0.000
G1 X30.672 Y-9.000
G1 X31.711 Y-8.999
G1 X52.712 Y-5.300
G1 X55.154 Y-5.300
G1 X55.154 Y5.300
G1 X52.712 Y5.300
G1 X31.711 Y8.999
G1 X30.672 Y9.000
G1 X30.671 Y0.000
G1 X31.071 Y0.000
G1 X31.072 Y-8.599
G1 X31.676 Y-8.599
G1 X52.677 Y-4.900
G1 X54.754 Y-4.900
G1 X54.754 Y4.900
G1 X52.677 Y4.900
G1 X31.676 Y8.599
G1 X31.072 Y8.599
G1 X31.071 Y0.000
G1 X31.471 Y0.000
G1 X31.472 Y-8.199
G1 X31.641 Y-8.199
G1 X52.642 Y-4.500
G1 X54.354 Y-4.500
G1 X54.354 Y4.500
G1 X52.642 Y4.500
G1 X31.641 Y8.199
G1 X31.472 Y8.199
G1 X31.471 Y0.000
G1 X31.871 Y0.000
G1 X31.872 Y-7.752
G1 X52.607 Y-4.100
G1 X53.954 Y-4.100
G1 X53.954 Y4.100
G1 X52.607 Y4.100
G1 X31.872 Y7.752
G1 X31.871 Y0.000
G1 X32.271 Y0.000
G1 X32.272 Y-7.276
G1 X52.572 Y-3.700
G1 X53.554 Y-3.700
G1 X53.554 Y3.700
G1 X52.572 Y3.700
G1 X32.272 Y7.276
G1 X32.271 Y0.000
G1 X32.671 Y0.000
G1 X32.672 Y-6.799
G1 X52.537 Y-3.300
G1 X53.154 Y-3.300
G1 X53.154 Y3.300
G1 X52.537 Y3.300
G1 X32.672 Y6.799
G1 X32.671 Y0.000
G1 X33.071 Y0.000
G1 X33.072 Y-6.322
G1 X52.502 Y-2.900
G1 X52.754 Y-2.900
G1 X52.754 Y2.900
G1 X52.502 Y2.900
G1 X33.072 Y6.322
G1 X33.071 Y0.000
G1 X33.471 Y0.000
G1 X33.472 Y-5.846
G1 X52.354 Y-2.520
G1 X52.354 Y2.520
G1 X33.472 Y5.846
G1 X33.471 Y0.000
G1 X33.871 Y0.000
G1 X33.872 Y-5.369
G1 X51.954 Y-2.184
G1 X51.954 Y2.184
G1 X33.872 Y5.369
G1 X33.871 Y0.000
G1 X34.271 Y0.000
G1 X34.271 Y-4.893
G1 X51.554 Y-1.848
G1 X51.554 Y1.848
G1 X34.271 Y4.893
G1 X34.271 Y0.000
G1 X34.671 Y0.000
G1 X34.671 Y-4.416
G1 X51.154 Y-1.513
G1 X51.154 Y1.513
G1 X34.671 Y4.416
G1 X34.671 Y0.000
G1 X35.071 Y0.000
G1 X35.071 Y-3.939
G1 X50.754 Y-1.177
G1 X50.754 Y1.177
G1 X35.071 Y3.939
G1 X35.071 Y0.000
G1 X35.471 Y0.000
G1 X35.471 Y-3.463
G1 X50.354 Y-0.841
G1 X50.354 Y0.841
G1 X35.471 Y3.463
G1 X35.471 Y0.000
G1 X35.871 Y0.000
G1 X35.871 Y-2.986
G1 X49.954 Y-0.506
G1 X49.954 Y0.506
G1 X35.871 Y2.986
G1 X35.871 Y0.000
G1 X36.271 Y0.000
G1 X36.271 Y-2.510
G1 X49.554 Y-0.170
G1 X49.554 Y0.170
G1 X36.271 Y2.510
G1 X36.271 Y0.000
G1 X36.671 Y0.000
G1 X36.671 Y-2.033
G1 X48.213 Y0.000
G1 X36.671 Y2.033
G1 X36.671 Y0.000
G1 X37.071 Y0.000
G1 X37.071 Y-1.556
G1 X45.907 Y0.000
G1 X37.071 Y1.556
G1 X37.071 Y0.000
G1 X37.471 Y0.000
G1 X37.471 Y-1.080
G1 X43.601 Y0.000
G1 X37.471 Y1.080
G1 X37.471 Y0.000
G1 X37.871 Y0.000
G1 X37.871 Y-0.603
G1 X41.296 Y0.000
G1 X37.871 Y0.603
G1 X37.871 Y0.000
G1 X38.271 Y0.000
G1 X38.271 Y-0.127
G1 X38.990 Y0.000
G1 X38.271 Y0.127
G1 X38.271 Y0.000
M9
G1 Z10.000
G1 X29.546 Y-1.000
G1 Z2.300
M7
G4 P150
G1 X29.746 Y-1.200 Z2.300
G1 X29.746 Y-1.200
G1 X29.746 Y-9.800
G1 X31.781 Y-9.799
G1 X52.782 Y-6.100
G1 X55.560 Y-6.100
G1 X55.560 Y-1.200
G1 X29.746 Y-1.200
G1 X30.146 Y-1.600
G1 X30.146 Y-9.400
G1 X31.746 Y-9.399
G1 X52.747 Y-5.700
G1 X55.160 Y-5.700
G1 X55.160 Y-1.600
G1 X30.146 Y-1.600
G1 X30.546 Y-2.000
G1 X30.546 Y-9.000
G1 X31.711 Y-8.999
G1 X52.712 Y-5.300
G1 X54.760 Y-5.300
G1 X54.760 Y-2.000
G1 X30.546 Y-2.000
G1 X30.946 Y-2.400
G1 X30.946 Y-8.599
G1 X31.676 Y-8.599
G1 X52.677 Y-4.900
G1 X54.360 Y-4.900
G1 X54.360 Y-2.400
G1 X30.946 Y-2.400
G1 X31.346 Y-2.800
G1 X31.346 Y-8.199
G1 X31.641 Y-8.199
G1 X52.642 Y-4.500
G1 X53.960 Y-4.500
G1 X53.960 Y-2.800
G1 X31.346 Y-2.800
G1 X31.746 Y-3.200
G1 X31.746 Y-7.774
G1 X52.607 Y-4.100
G1 X53.560 Y-4.100
G1 X53.560 Y-3.200
G1 X31.746 Y-3.200
G1 X32.146 Y-3.600
G1 X32.146 Y-7.298
G1 X52.572 Y-3.700
G1 X53.160 Y-3.700
G1 X53.160 Y-3.600
G1 X32.146 Y-3.600
G1 X32.546 Y-4.000
G1 X32.546 Y-6.821
G1 X48.563 Y-4.000
G1 X32.546 Y-4.000
G1 X32.946 Y-4.400
G1 X32.946 Y-6.345
G1 X43.986 Y-4.400
G1 X32.946 Y-4.400
G1 X33.346 Y-4.800
G1 X33.346 Y-5.868
G1 X39.409 Y-4.800
G1 X33.346 Y-4.800
G1 X33.746 Y-5.200
G1 X33.746 Y-5.391
G1 X34.833 Y-5.200
G1 X33.746 Y-5.200
G1 X31.972 Y-3.600 Z2.700
G1 X31.972 Y-3.600
G1 X52.859 Y-3.600
G1 X52.859 Y-3.700
G1 X52.572 Y-3.700
G1 X31.972 Y-7.329
G1 X31.972 Y-3.600
G1 X31.572 Y-3.200
G1 X53.259 Y-3.200
G1 X53.259 Y-4.100
G1 X52.607 Y-4.100
G1 X31.606 Y-7.799
G1 X31.572 Y-7.799
G1 X31.572 Y-3.200
G1 X31.172 Y-2.800
G1 X53.659 Y-2.800
G1 X53.659 Y-4.500
G1 X52.642 Y-4.500
G1 X31.641 Y-8.199
G1 X31.172 Y-8.199
G1 X31.172 Y-2.800
G1 X30.772 Y-2.400
G1 X54.059 Y-2.400
G1 X54.059 Y-4.900
G1 X52.677 Y-4.900
G1 X31.676 Y-8.599
G1 X30.772 Y-8.599
G1 X30.772 Y-2.400
G1 X30.372 Y-2.000
G1 X54.459 Y-2.000
G1 X54.459 Y-5.300
G1 X52.712 Y-5.300
G1 X31.711 Y-8.999
G1 X30.372 Y-9.000
G1 X30.372 Y-2.000
G1 X29.972 Y-1.600
G1 X54.859 Y-1.600
G1 X54.859 Y-5.700
G1 X52.747 Y-5.700
G1 X31.746 Y-9.399
G1 X29.972 Y-9.400
G1 X29.972 Y-1.600
G1 X29.572 Y-1.200
G1 X55.259 Y-1.200
G1 X55.259 Y-6.100
G1 X52.782 Y-6.100
G1 X31.781 Y-9.799
G1 X29.572 Y-9.800
G1 X29.572 Y-1.200
G1 X29.572 Y-1.200 Z2.700
M9
G1 Z10.000
G1 X55.760 Y1.000
G1 Z2.300
M7
G4 P150
G1 X55.560 Y1.200 Z2.300
G1 X55.560 Y1.200
G1 X55.560 Y6.100
G1 X52.782 Y6.100
G1 X31.781 Y9.799
G1 X29.746 Y9.800
G1 X29.746 Y1.200
G1 X55.560 Y1.200
G1 X55.160 Y1.600
G1 X55.160 Y5.700
G1 X52.747 Y5.700
G1 X31.746 Y9.399
G1 X30.146 Y9.400
G1 X30.146 Y1.600
G1 X55.160 Y1.600
G1 X54.760 Y2.000
G1 X54.760 Y5.300
G1 X52.712 Y5.300
G1 X31.711 Y8.999
G1 X30.546 Y9.000
G1 X30.546 Y2.000
G1 X54.760 Y2.000
G1 X54.360 Y2.400
G1 X54.360 Y4.900
G1 X52.677 Y4.900
G1 X31.676 Y8.599
G1 X30.946 Y8.599
G1 X30.946 Y2.400
G1 X54.360 Y2.400
G1 X53.960 Y2.800
G1 X53.960 Y4.500
G1 X52.642 Y4.500
G1 X31.641 Y8.199
G1 X31.346 Y8.199
G1 X31.346 Y2.800
G1 X53.960 Y2.800
G1 X53.560 Y3.200
G1 X53.560 Y4.100
G1 X52.607 Y4.100
G1 X31.746 Y7.774
G1 X31.746 Y3.200
G1 X53.560 Y3.200
G1 X53.160 Y3.600
G1 X53.160 Y3.700
G1 X52.572 Y3.700
G1 X32.146 Y7.298
G1 X32.146 Y3.600
G1 X53.160 Y3.600
G1 X48.563 Y4.000
G1 X32.546 Y6.821
G1 X32.546 Y4.000
G1 X48.563 Y4.000
G1 X43.986 Y4.400
G1 X32.946 Y6.345
G1 X32.946 Y4.400
G1 X43.986 Y4.400
G1 X39.409 Y4.800
G1 X33.346 Y5.868
G1 X33.346 Y4.800
G1 X39.409 Y4.800
G1 X34.833 Y5.200
G1 X33.746 Y5.391
G1 X33.746 Y5.200
G1 X34.833 Y5.200
G1 X34.833 Y5.200 Z2.700
G1 X34.833 Y5.200
G1 X33.572 Y5.200
G1 X33.572 Y5.422
G1 X34.833 Y5.200
G1 X39.409 Y4.800
G1 X33.172 Y4.800
G1 X33.172 Y5.899
G1 X39.409 Y4.800
G1 X43.986 Y4.400
G1 X32.772 Y4.400
G1 X32.772 Y6.375
G1 X43.986 Y4.400
G1 X48.563 Y4.000
G1 X32.372 Y4.000
G1 X32.372 Y6.852
G1 X48.563 Y4.000
G1 X52.859 Y3.600
G1 X31.972 Y3.600
G1 X31.972 Y7.329
G1 X52.572 Y3.700
G1 X52.859 Y3.700
G1 X52.859 Y3.600
G1 X53.259 Y3.200
G1 X31.572 Y3.200
G1 X31.572 Y7.799
G1 X31.606 Y7.799
G1 X52.607 Y4.100
G1 X53.259 Y4.100
G1 X53.259 Y3.200
G1 X53.659 Y2.800
G1 X31.172 Y2.800
G1 X31.172 Y8.199
G1 X31.641 Y8.199
G1 X52.642 Y4.500
G1 X53.659 Y4.500
G1 X53.659 Y2.800
G1 X54.059 Y2.400
G1 X30.772 Y2.400
G1 X30.772 Y8.599
G1 X31.676 Y8.599
G1 X52.677 Y4.900
G1 X54.059 Y4.900
G1 X54.059 Y2.400
G1 X54.459 Y2.000
G1 X30.372 Y2.000
G1 X30.372 Y9.000
G1 X31.711 Y8.999
G1 X52.712 Y5.300
G1 X54.459 Y5.300
G1 X54.459 Y2.000
G1 X54.859 Y1.600
G1 X29.972 Y1.600
G1 X29.972 Y9.400
G1 X31.746 Y9.399
G1 X52.747 Y5.700
G1 X54.859 Y5.700
G1 X54.859 Y1.600
G1 X55.259 Y1.200
G1 X29.572 Y1.200
G1 X29.572 Y9.800
G1 X31.781 Y9.799
G1 X52.782 Y6.100
G1 X55.259 Y6.100
G1 X55.259 Y1.200
G1 X55.259 Y1.200 Z2.700
M9
G1 Z10.000
G1 X60.099 Y0.000
G1 Z1.100
M7
G4 P150
G1 X60.299 Y0.000 Z1.100
G1 X60.299 Y0.000
G1 X60.300 Y-6.100
G1 X65.560 Y-6.100
G1 X75.400 Y-1.967
G1 X75.400 Y1.967
G1 X65.560 Y6.100
G1 X60.300 Y6.100
G1 X60.299 Y0.000
G1 X60.699 Y0.000
G1 X60.700 Y-5.700
G1 X65.479 Y-5.700
G1 X75.000 Y-1.701
G1 X75.000 Y1.701
G1 X65.479 Y5.700
G1 X60.700 Y5.700
G1 X60.699 Y0.000
G1 X61.099 Y0.000
G1 X61.100 Y-5.300
G1 X65.399 Y-5.300
G1 X74.600 Y-1.435
G1 X74.600 Y1.435
G1 X65.399 Y5.300
G1 X61.100 Y5.300
G1 X61.099 Y0.000
G1 X61.499 Y0.000
G1 X61.500 Y-4.900
G1 X65.318 Y-4.900
G1 X74.200 Y-1.170
G1 X74.200 Y1.170
G1 X65.318 Y4.900
G1 X61.500 Y4.900
G1 X61.499 Y0.000
G1 X61.899 Y0.000
G1 X61.900 Y-4.500
G1 X65.237 Y-4.500
G1 X73.800 Y-0.904
G1 X73.800 Y0.904
G1 X65.237 Y4.500
G1 X61.900 Y4.500
G1 X61.899 Y0.000
G1 X62.299 Y0.000
G1 X62.300 Y-4.100
G1 X65.157 Y-4.100
G1 X73.400 Y-0.638
G1 X73.400 Y0.638
G1 X65.157 Y4.100
G1 X62.300 Y4.100
G1 X62.299 Y0.000
G1 X62.699 Y0.000
G1 X62.700 Y-3.700
G1 X65.076 Y-3.700
G1 X73.000 Y-0.372
G1 X73.000 Y0.372
G1 X65.076 Y3.700
G1 X62.700 Y3.700
G1 X62.699 Y0.000
G1 X63.099 Y0.000
G1 X63.100 Y-3.300
G1 X64.996 Y-3.300
G1 X72.600 Y-0.106
G1 X72.600 Y0.106
G1 X64.996 Y3.300
G1 X63.100 Y3.300
G1 X63.099 Y-0.000
G1 X63.499 Y0.000
G1 X63.499 Y-2.900
G1 X64.915 Y-2.900
G1 X71.820 Y0.000
G1 X64.915 Y2.900
G1 X63.499 Y2.900
G1 X63.499 Y0.000
G1 X63.899 Y0.000
G1 X63.899 Y-2.500
G1 X64.834 Y-2.500
G1 X70.787 Y0.000
G1 X64.834 Y2.500
G1 X63.899 Y2.500
G1 X63.899 Y0.000
G1 X64.299 Y0.000
G1 X64.299 Y-2.100
G1 X64.754 Y-2.100
G1 X69.754 Y0.000
G1 X64.754 Y2.100
G1 X64.299 Y2.100
G1 X64.299 Y0.000
G1 X64.699 Y0.000
G1 X64.699 Y-1.689
G1 X68.721 Y0.000
G1 X64.699 Y1.689
G1 X64.699 Y0.000
G1 X65.099 Y0.000
G1 X65.099 Y-1.087
G1 X67.688 Y0.000
G1 X65.099 Y1.087
G1 X65.099 Y0.000
G1 X65.499 Y0.000
G1 X65.499 Y-0.485
G1 X66.655 Y0.000
G1 X65.499 Y0.485
G1 X65.499 Y0.000
G1 X66.199 Y0.000 Z1.500
G1 X66.199 Y0.000
G1 X66.199 Y0.191
G1 X66.655 Y0.000
G1 X66.199 Y-0.191
G1 X66.199 Y0.000
G1 X65.799 Y0.000
G1 X65.799 Y0.793
G1 X67.688 Y0.000
G1 X65.799 Y-0.793
G1 X65.799 Y0.000
G1 X65.399 Y0.000
G1 X65.399 Y1.395
G1 X68.721 Y0.000
G1 X65.399 Y-1.395
G1 X65.399 Y0.000
G1 X64.999 Y0.000
G1 X64.999 Y1.997
G1 X69.754 Y0.000
G1 X64.999 Y-1.997
G1 X64.999 Y0.000
G1 X64.599 Y0.000
G1 X64.599 Y2.500
G1 X64.834 Y2.500
G1 X70.787 Y0.000
G1 X64.834 Y-2.500
G1 X64.599 Y-2.500
G1 X64.599 Y0.000
G1 X64.199 Y0.000
G1 X64.199 Y2.900
G1 X64.915 Y2.900
G1 X71.820 Y0.000
G1 X64.915 Y-2.900
G1 X64.199 Y-2.900
G1 X64.199 Y0.000
G1 X63.799 Y-0.000
G1 X63.800 Y3.300
G1 X64.996 Y3.300
G1 X72.600 Y0.106
G1 X72.600 Y-0.106
G1 X64.996 Y-3.300
G1 X63.800 Y-3.300
G1 X63.799 Y0.000
G1 X63.399 Y0.000
G1 X63.400 Y3.700
G1 X65.076 Y3.700
G1 X73.000 Y0.372
G1 X73.000 Y-0.372
G1 X65.076 Y-3.700
G1 X63.400 Y-3.700
G1 X63.399 Y0.000
G1 X62.999 Y0.000
G1 X63.000 Y4.100
G1 X65.157 Y4.100
G1 X73.400 Y0.638
G1 X73.400 Y-0.638
G1 X65.157 Y-4.100
G1 X63.000 Y-4.100
G1 X62.999 Y0.000
G1 X62.599 Y0.000
G1 X62.600 Y4.500
G1 X65.237 Y4.500
G1 X73.800 Y0.904
G1 X73.800 Y-0.904
G1 X65.237 Y-4.500
G1 X62.600 Y-4.500
G1 X62.599 Y0.000
G1 X62.199 Y0.000
G1 X62.200 Y4.900
G1 X65.318 Y4.900
G1 X74.200 Y1.170
G1 X74.200 Y-1.170
G1 X65.318 Y-4.900
G1 X62.200 Y-4.900
G1 X62.199 Y0.000
G1 X61.799 Y0.000
G1 X61.800 Y5.300
G1 X65.399 Y5.300
G1 X74.600 Y1.435
G1 X74.600 Y-1.435
G1 X65.399 Y-5.300
G1 X61.800 Y-5.300
G1 X61.799 Y0.000
G1 X61.399 Y0.000
G1 X61.400 Y5.700
G1 X65.479 Y5.700
G1 X75.000 Y1.701
G1 X75.000 Y-1.701
G1 X65.479 Y-5.700
G1 X61.400 Y-5.700
G1 X61.399 Y0.000
G1 X60.999 Y0.000
G1 X61.000 Y6.100
G1 X65.560 Y6.100
G1 X75.400 Y1.967
G1 X75.400 Y-1.967
G1 X65.560 Y-6.100
G1 X61.000 Y-6.100
G1 X60.999 Y0.000
G1 X60.999 Y0.000 Z1.500
G1 X62.444 Y0.000 Z1.900
G1 X62.444 Y0.000
G1 X62.445 Y-6.100
G1 X65.560 Y-6.100
G1 X75.400 Y-1.967
G1 X75.400 Y1.967
G1 X65.560 Y6.100
G1 X62.445 Y6.100
G1 X62.444 Y0.000
G1 X62.844 Y0.000
G1 X62.845 Y-5.700
G1 X65.479 Y-5.700
G1 X75.000 Y-1.701
G1 X75.000 Y1.701
G1 X65.479 Y5.700
G1 X62.845 Y5.700
G1 X62.844 Y0.000
G1 X63.244 Y0.000
G1 X63.245 Y-5.300
G1 X65.399 Y-5.300
G1 X74.600 Y-1.435
G1 X74.600 Y1.435
G1 X65.399 Y5.300
G1 X63.245 Y5.300
G1 X63.244 Y0.000
G1 X63.644 Y0.000
G1 X63.645 Y-4.900
G1 X65.318 Y-4.900
G1 X74.200 Y-1.170
G1 X74.200 Y1.170
G1 X65.318 Y4.900
G1 X63.645 Y4.900
G1 X63.644 Y0.000
G1 X64.044 Y0.000
G1 X64.045 Y-4.500
G1 X65.237 Y-4.500
G1 X73.800 Y-0.904
G1 X73.800 Y0.904
G1 X65.237 Y4.500
G1 X64.045 Y4.500
G1 X64.044 Y0.000
G1 X64.444 Y0.000
G1 X64.445 Y-4.100
G1 X65.157 Y-4.100
G1 X73.400 Y-0.638
G1 X73.400 Y0.638
G1 X65.157 Y4.100
G1 X64.445 Y4.100
G1 X64.444 Y0.000
G1 X64.844 Y0.000
G1 X64.845 Y-3.700
G1 X65.076 Y-3.700
G1 X73.000 Y-0.372
G1 X73.000 Y0.372
G1 X65.076 Y3.700
G1 X64.845 Y3.700
G1 X64.844 Y0.000
G1 X65.244 Y0.000
G1 X65.245 Y-3.195
G1 X72.600 Y-0.106
G1 X72.600 Y0.106
G1 X65.245 Y3.195
G1 X65.244 Y0.000
G1 X65.644 Y0.000
G1 X65.644 Y-2.594
G1 X71.820 Y0.000
G1 X65.644 Y2.594
G1 X65.644 Y0.000
G1 X66.044 Y0.000
G1 X66.044 Y-1.992
G1 X70.787 Y0.000
G1 X66.044 Y1.992
G1 X66.044 Y0.000
G1 X66.444 Y0.000
G1 X66.444 Y-1.390
G1 X69.754 Y0.000
G1 X66.444 Y1.390
G1 X66.444 Y0.000
G1 X66.844 Y0.000
G1 X66.844 Y-0.788
G1 X68.721 Y0.000
G1 X66.844 Y0.788
G1 X66.844 Y0.000
G1 X67.244 Y0.000
G1 X67.244 Y-0.186
G1 X67.688 Y0.000
G1 X67.244 Y0.186
G1 X67.244 Y0.000
G1 X67.638 Y0.000 Z2.300
G1 X67.638 Y0.000
G1 X67.638 Y0.021
G1 X67.688 Y0.000
G1 X67.638 Y-0.021
G1 X67.638 Y0.000
G1 X67.238 Y0.000
G1 X67.238 Y0.623
G1 X68.721 Y0.000
G1 X67.238 Y-0.623
G1 X67.238 Y0.000
G1 X66.838 Y0.000
G1 X66.838 Y1.225
G1 X69.754 Y0.000
G1 X66.838 Y-1.225
G1 X66.838 Y0.000
G1 X66.438 Y0.000
G1 X66.438 Y1.826
G1 X70.787 Y0.000
G1 X66.438 Y-1.826
G1 X66.438 Y0.000
G1 X66.038 Y0.000
G1 X66.038 Y2.428
G1 X71.820 Y0.000
G1 X66.038 Y-2.428
G1 X66.038 Y0.000
G1 X65.638 Y0.000
G1 X65.638 Y3.030
G1 X72.600 Y0.106
G1 X72.600 Y-0.106
G1 X65.638 Y-3.030
G1 X65.638 Y0.000
G1 X65.238 Y0.000
G1 X65.239 Y3.632
G1 X73.000 Y0.372
G1 X73.000 Y-0.372
G1 X65.239 Y-3.632
G1 X65.238 Y0.000
G1 X64.838 Y0.000
G1 X64.839 Y4.100
G1 X65.157 Y4.100
G1 X73.400 Y0.638
G1 X73.400 Y-0.638
G1 X65.157 Y-4.100
G1 X64.839 Y-4.100
G1 X64.838 Y0.000
G1 X64.438 Y0.000
G1 X64.439 Y4.500
G1 X65.237 Y4.500
G1 X73.800 Y0.904
G1 X73.800 Y-0.904
G1 X65.237 Y-4.500
G1 X64.439 Y-4.500
G1 X64.438 Y0.000
G1 X64.038 Y0.000
G1 X64.039 Y4.900
G1 X65.318 Y4.900
G1 X74.200 Y1.170
G1 X74.200 Y-1.170
G1 X65.318 Y-4.900
G1 X64.039 Y-4.900
G1 X64.038 Y0.000
G1 X63.638 Y0.000
G1 X63.639 Y5.300
G1 X65.399 Y5.300
G1 X74.600 Y1.435
G1 X74.600 Y-1.435
G1 X65.399 Y-5.300
G1 X63.639 Y-5.300
G1 X63.638 Y0.000
G1 X63.238 Y0.000
G1 X63.239 Y5.700
G1 X65.479 Y5.700
G1 X75.000 Y1.701
G1 X75.000 Y-1.701
G1 X65.479 Y-5.700
G1 X63.239 Y-5.700
G1 X63.238 Y0.000
G1 X62.838 Y0.000
G1 X62.839 Y6.100
G1 X65.560 Y6.100
G1 X75.400 Y1.967
G1 X75.400 Y-1.967
G1 X65.560 Y-6.100
G1 X62.839 Y-6.100
G1 X62.838 Y0.000
G1 X62.838 Y0.000 Z2.300
G1 X63.139 Y0.000 Z2.700
G1 X63.139 Y0.000
G1 X63.140 Y-6.100
G1 X65.560 Y-6.100
G1 X75.400 Y-1.967
G1 X75.400 Y1.967
G1 X65.560 Y6.100
G1 X63.140 Y6.100
G1 X63.139 Y0.000
G1 X63.539 Y0.000
G1 X63.540 Y-5.700
G1 X65.479 Y-5.700
G1 X75.000 Y-1.701
G1 X75.000 Y1.701
G1 X65.479 Y5.700
G1 X63.540 Y5.700
G1 X63.539 Y0.000
G1 X63.939 Y0.000
G1 X63.940 Y-5.300
G1 X65.399 Y-5.300
G1 X74.600 Y-1.435
G1 X74.600 Y1.435
G1 X65.399 Y5.300
G1 X63.940 Y5.300
G1 X63.939 Y0.000
G1 X64.339 Y0.000
G1 X64.340 Y-4.900
G1 X65.318 Y-4.900
G1 X74.200 Y-1.170
G1 X74.200 Y1.170
G1 X65.318 Y4.900
G1 X64.340 Y4.900
G1 X64.339 Y0.000
G1 X64.739 Y0.000
G1 X64.740 Y-4.500
G1 X65.237 Y-4.500
G1 X73.800 Y-0.904
G1 X73.800 Y0.904
G1 X65.237 Y4.500
G1 X64.740 Y4.500
G1 X64.739 Y0.000
G1 X65.139 Y0.000
G1 X65.140 Y-4.100
G1 X65.157 Y-4.100
G1 X73.400 Y-0.638
G1 X73.400 Y0.638
G1 X65.157 Y4.100
G1 X65.140 Y4.100
G1 X65.139 Y0.000
G1 X65.539 Y0.000
G1 X65.540 Y-3.505
G1 X73.000 Y-0.372
G1 X73.000 Y0.372
G1 X65.540 Y3.505
G1 X65.539 Y0.000
G1 X65.939 Y0.000
G1 X65.939 Y-2.904
G1 X72.600 Y-0.106
G1 X72.600 Y0.106
G1 X65.939 Y2.904
G1 X65.939 Y0.000
G1 X66.339 Y0.000
G1 X66.339 Y-2.302
G1 X71.820 Y0.000
G1 X66.339 Y2.302
G1 X66.339 Y0.000
G1 X66.739 Y0.000
G1 X66.739 Y-1.700
G1 X70.787 Y0.000
G1 X66.739 Y1.700
G1 X66.739 Y0.000
G1 X67.139 Y0.000
G1 X67.139 Y-1.098
G1 X69.754 Y0.000
G1 X67.139 Y1.098
G1 X67.139 Y0.000
G1 X67.539 Y0.000
G1 X67.539 Y-0.496
G1 X68.721 Y0.000
G1 X67.539 Y0.496
G1 X67.539 Y0.000
M9
G1 Z10.000
G1 X14.999 Y-45.699
G1 Z1.100
M7
G4 P150
G1 X14.799 Y-45.499 Z1.100
G1 X14.799 Y-45.499
G1 X14.799 Y-37.299
G1 X-14.799 Y-37.299
G1 X-14.799 Y-45.499
G1 X14.799 Y-45.499
G1 X14.399 Y-45.099
G1 X14.399 Y-37.699
G1 X-14.399 Y-37.699
G1 X-14.399 Y-45.099
G1 X14.399 Y-45.099
G1 X13.999 Y-44.699
G1 X13.999 Y-38.099
G1 X-13.999 Y-38.099
G1 X-13.999 Y-44.699
G1 X13.999 Y-44.699
G1 X13.599 Y-44.299
G1 X13.599 Y-38.499
G1 X-13.599 Y-38.499
G1 X-13.599 Y-44.299
G1 X13.599 Y-44.299
G1 X13.199 Y-43.899
G1 X13.199 Y-38.899
G1 X-13.199 Y-38.899
G1 X-13.199 Y-43.899
G1 X13.199 Y-43.899
G1 X12.799 Y-43.499
G1 X12.799 Y-39.299
G1 X-12.799 Y-39.299
G1 X-12.799 Y-43.499
G1 X12.799 Y-43.499
G1 X12.399 Y-43.099
G1 X12.399 Y-39.699
G1 X-12.399 Y-39.699
G1 X-12.399 Y-43.099
G1 X12.399 Y-43.099
G1 X11.999 Y-42.699
G1 X11.999 Y-40.099
G1 X-11.999 Y-40.099
G1 X-11.999 Y-42.699
G1 X11.999 Y-42.699
G1 X11.599 Y-42.299
G1 X11.599 Y-40.499
G1 X-11.599 Y-40.499
G1 X-11.599 Y-42.299
G1 X11.599 Y-42.299
G1 X11.199 Y-41.899
G1 X11.199 Y-40.899
G1 X-11.199 Y-40.899
G1 X-11.199 Y-41.899
G1 X11.199 Y-41.899
G1 X10.799 Y-41.499
G1 X10.799 Y-41.299
G1 X-10.799 Y-41.299
G1 X-10.799 Y-41.499
G1 X10.799 Y-41.499
G1 X11.599 Y-41.599 Z1.500
G1 X11.599 Y-41.599
G1 X-11.599 Y-41.599
G1 X-11.599 Y-41.200
G1 X11.599 Y-41.200
G1 X11.599 Y-41.599
G1 X11.999 Y-41.999
G1 X-11.999 Y-41.999
G1 X-11.999 Y-40.800
G1 X11.999 Y-40.800
G1 X11.999 Y-41.999
G1 X12.399 Y-42.399
G1 X-12.399 Y-42.399
G1 X-12.399 Y-40.400
G1 X12.399 Y-40.400
G1 X12.399 Y-42.399
G1 X12.799 Y-42.799
G1 X-12.799 Y-42.799
G1 X-12.799 Y-40.000
G1 X12.799 Y-40.000
G1 X12.799 Y-42.799
G1 X13.199 Y-43.199
G1 X-13.199 Y-43.199
G1 X-13.199 Y-39.600
G1 X13.199 Y-39.600
G1 X13.199 Y-43.199
G1 X13.599 Y-43.599
G1 X-13.599 Y-43.599
G1 X-13.599 Y-39.200
G1 X13.599 Y-39.200
G1 X13.599 Y-43.599
G1 X13.999 Y-43.999
G1 X-13.999 Y-43.999
G1 X-13.999 Y-38.800
G1 X13.999 Y-38.800
G1 X13.999 Y-43.999
G1 X14.399 Y-44.399
G1 X-14.399 Y-44.399
G1 X-14.399 Y-38.400
G1 X14.399 Y-38.400
G1 X14.399 Y-44.399
G1 X14.799 Y-44.799
G1 X-14.799 Y-44.799
G1 X-14.799 Y-38.000
G1 X14.799 Y-38.000
G1 X14.799 Y-44.799
G1 X14.799 Y-44.799 Z1.500
G1 X14.799 Y-43.354 Z1.900
G1 X14.799 Y-43.354
G1 X14.799 Y-39.445
G1 X-14.799 Y-39.445
G1 X-14.799 Y-43.354
G1 X14.799 Y-43.354
G1 X14.399 Y-42.954
G1 X14.399 Y-39.845
G1 X-14.399 Y-39.845
G1 X-14.399 Y-42.954
G1 X14.399 Y-42.954
G1 X13.999 Y-42.554
G1 X13.999 Y-40.245
G1 X-13.999 Y-40.245
G1 X-13.999 Y-42.554
G1 X13.999 Y-42.554
G1 X13.599 Y-42.154
G1 X13.599 Y-40.645
G1 X-13.599 Y-40.645
G1 X-13.599 Y-42.154
G1 X13.599 Y-42.154
G1 X13.199 Y-41.754
G1 X13.199 Y-41.045
G1 X-13.199 Y-41.045
G1 X-13.199 Y-41.754
G1 X13.199 Y-41.754
M9
G1 Z10.000
G1 X-0.800 Y-43.160
G1 Z2.300
M7
G4 P150
G1 X-1.000 Y-42.960 Z2.300
G1 X-1.000 Y-42.960
G1 X-1.000 Y-39.839
G1 X-14.799 Y-39.839
G1 X-14.799 Y-42.960
G1 X-1.000 Y-42.960
G1 X-1.400 Y-42.560
G1 X-1.400 Y-40.239
G1 X-14.399 Y-40.239
G1 X-14.399 Y-42.560
G1 X-1.400 Y-42.560
G1 X-1.800 Y-42.160
G1 X-1.800 Y-40.639
G1 X-13.999 Y-40.639
G1 X-13.999 Y-42.160
G1 X-1.800 Y-42.160
G1 X-2.200 Y-41.760
G1 X-2.200 Y-41.039
G1 X-13.599 Y-41.039
G1 X-13.599 Y-41.760
G1 X-2.200 Y-41.760
G1 X-2.200 Y-41.459 Z2.700
G1 X-2.200 Y-41.459
G1 X-13.599 Y-41.459
G1 X-13.599 Y-41.340
G1 X-2.200 Y-41.340
G1 X-2.200 Y-41.459
G1 X-1.800 Y-41.859
G1 X-13.999 Y-41.859
G1 X-13.999 Y-40.940
G1 X-1.800 Y-40.940
G1 X-1.800 Y-41.859
G1 X-1.400 Y-42.259
G1 X-14.399 Y-42.259
G1 X-14.399 Y-40.540
G1 X-1.400 Y-40.540
G1 X-1.400 Y-42.259
G1 X-1.000 Y-42.659
G1 X-14.799 Y-42.659
G1 X-14.799 Y-40.140
G1 X-1.000 Y-40.140
G1 X-1.000 Y-42.659
G1 X-1.000 Y-42.659 Z2.700
G1 X-1.000 Y-42.427 Z3.100
G1 X-1.000 Y-42.427
G1 X-1.000 Y-40.372
G1 X-14.799 Y-40.372
G1 X-14.799 Y-42.427
G1 X-1.000 Y-42.427
G1 X-1.400 Y-42.027
G1 X-1.400 Y-40.772
G1 X-14.399 Y-40.772
G1 X-14.399 Y-42.027
G1 X-1.400 Y-42.027
G1 X-1.800 Y-41.627
G1 X-1.800 Y-41.172
G1 X-13.999 Y-41.172
G1 X-13.999 Y-41.627
G1 X-1.800 Y-41.627
G1 X-1.800 Y-41.453 Z3.500
G1 X-1.800 Y-41.453
G1 X-13.999 Y-41.453
G1 X-13.999 Y-41.346
G1 X-1.800 Y-41.346
G1 X-1.800 Y-41.453
G1 X-1.400 Y-41.853
G1 X-14.399 Y-41.853
G1 X-14.399 Y-40.946
G1 X-1.400 Y-40.946
G1 X-1.400 Y-41.853
G1 X-1.000 Y-42.253
G1 X-14.799 Y-42.253
G1 X-14.799 Y-40.546
G1 X-1.000 Y-40.546
G1 X-1.000 Y-42.253
G1 X-1.000 Y-42.253 Z3.500
M9
G1 Z10.000
G1 X14.999 Y-43.160
G1 Z2.300
M7
G4 P150
G1 X14.799 Y-42.960 Z2.300
G1 X14.799 Y-42.960
G1 X14.799 Y-39.839
G1 X1.000 Y-39.839
G1 X1.000 Y-42.960
G1 X14.799 Y-42.960
G1 X14.399 Y-42.560
G1 X14.399 Y-40.239
G1 X1.400 Y-40.239
G1 X1.400 Y-42.560
G1 X14.399 Y-42.560
G1 X13.999 Y-42.160
G1 X13.999 Y-40.639
G1 X1.800 Y-40.639
G1 X1.800 Y-42.160
G1 X13.999 Y-42.160
G1 X13.599 Y-41.760
G1 X13.599 Y-41.039
G1 X2.200 Y-41.039
G1 X2.200 Y-41.760
G1 X13.599 Y-41.760
G1 X13.599 Y-41.459 Z2.700
G1 X13.599 Y-41.459
G1 X2.200 Y-41.459
G1 X2.200 Y-41.340
G1 X13.599 Y-41.340
G1 X13.599 Y-41.459
G1 X13.999 Y-41.859
G1 X1.800 Y-41.859
G1 X1.800 Y-40.940
G1 X13.999 Y-40.940
G1 X13.999 Y-41.859
G1 X14.399 Y-42.259
G1 X1.400 Y-42.259
G1 X1.400 Y-40.540
G1 X14.399 Y-40.540
G1 X14.399 Y-42.259
G1 X14.799 Y-42.659
G1 X1.000 Y-42.659
G1 X1.000 Y-40.140
G1 X14.799 Y-40.140
G1 X14.799 Y-42.659
G1 X14.799 Y-42.659 Z2.700
G1 X14.799 Y-42.427 Z3.100
G1 X14.799 Y-42.427
G1 X14.799 Y-40.372
G1 X1.000 Y-40.372
G1 X1.000 Y-42.427
G1 X14.799 Y-42.427
G1 X14.399 Y-42.027
G1 X14.399 Y-40.772
G1 X1.400 Y-40.772
G1 X1.400 Y-42.027
G1 X14.399 Y-42.027
G1 X13.999 Y-41.627
G1 X13.999 Y-41.172
G1 X1.800 Y-41.172
G1 X1.800 Y-41.627
G1 X13.999 Y-41.627
G1 X13.999 Y-41.453 Z3.500
G1 X13.999 Y-41.453
G1 X1.800 Y-41.453
G1 X1.800 Y-41.346
G1 X13.999 Y-41.346
G1 X13.999 Y-41.453
G1 X14.399 Y-41.853
G1 X1.400 Y-41.853
G1 X1.400 Y-40.946
G1 X14.399 Y-40.946
G1 X14.399 Y-41.853
G1 X14.799 Y-42.253
G1 X1.000 Y-42.253
G1 X1.000 Y-40.546
G1 X14.799 Y-40.546
G1 X14.799 Y-42.253
G1 X14.799 Y-42.253 Z3.500
M9
G1 Z10.000
G1 X-14.999 Y45.699
G1 Z1.100
M7
G4 P150
G1 X-14.799 Y45.499 Z1.100
G1 X-14.799 Y45.499
G1 X-14.799 Y37.299
G1 X14.799 Y37.299
G1 X14.799 Y45.499
G1 X-14.799 Y45.499
G1 X-14.399 Y45.099
G1 X-14.399 Y37.699
G1 X14.399 Y37.699
G1 X14.399 Y45.099
G1 X-14.399 Y45.099
G1 X-13.999 Y44.699
G1 X-13.999 Y38.099
G1 X13.999 Y38.099
G1 X13.999 Y44.699
G1 X-13.999 Y44.699
G1 X-13.599 Y44.299
G1 X-13.599 Y38.499
G1 X13.599 Y38.499
G1 X13.599 Y44.299
G1 X-13.599 Y44.299
G1 X-13.199 Y43.899
G1 X-13.199 Y38.899
G1 X13.199 Y38.899
G1 X13.199 Y43.899
G1 X-13.199 Y43.899
G1 X-12.799 Y43.499
G1 X-12.799 Y39.299
G1 X12.799 Y39.299
G1 X12.799 Y43.499
G1 X-12.799 Y43.499
G1 X-12.399 Y43.099
G1 X-12.399 Y39.699
G1 X12.399 Y39.699
G1 X12.399 Y43.099
G1 X-12.399 Y43.099
G1 X-11.999 Y42.699
G1 X-11.999 Y40.099
G1 X11.999 Y40.099
G1 X11.999 Y42.699
G1 X-11.999 Y42.699
G1 X-11.599 Y42.299
G1 X-11.599 Y40.499
G1 X11.599 Y40.499
G1 X11.599 Y42.299
G1 X-11.599 Y42.299
G1 X-11.199 Y41.899
G1 X-11.199 Y40.899
G1 X11.199 Y40.899
G1 X11.199 Y41.899
G1 X-11.199 Y41.899
G1 X-10.799 Y41.499
G1 X-10.799 Y41.299
G1 X10.799 Y41.299
G1 X10.799 Y41.499
G1 X-10.799 Y41.499
G1 X-11.599 Y41.599 Z1.500
G1 X-11.599 Y41.599
G1 X11.599 Y41.599
G1 X11.599 Y41.200
G1 X-11.599 Y41.200
G1 X-11.599 Y41.599
G1 X-11.999 Y41.999
G1 X11.999 Y41.999
G1 X11.999 Y40.800
G1 X-11.999 Y40.800
G1 X-11.999 Y41.999
G1 X-12.399 Y42.399
G1 X12.399 Y42.399
G1 X12.399 Y40.400
G1 X-12.399 Y40.400
G1 X-12.399 Y42.399
G1 X-12.799 Y42.799
G1 X12.799 Y42.799
G1 X12.799 Y40.000
G1 X-12.799 Y40.000
G1 X-12.799 Y42.799
G1 X-13.199 Y43.199
G1 X13.199 Y43.199
G1 X13.199 Y39.600
G1 X-13.199 Y39.600
G1 X-13.199 Y43.199
G1 X-13.599 Y43.599
G1 X13.599 Y43.599
G1 X13.599 Y39.200
G1 X-13.599 Y39.200
G1 X-13.599 Y43.599
G1 X-13.999 Y43.999
G1 X13.999 Y43.999
G1 X13.999 Y38.800
G1 X-13.999 Y38.800
G1 X-13.999 Y43.999
G1 X-14.399 Y44.399
G1 X14.399 Y44.399
G1 X14.399 Y38.400
G1 X-14.399 Y38.400
G1 X-14.399 Y44.399
G1 X-14.799 Y44.799
G1 X14.799 Y44.799
G1 X14.799 Y38.000
G1 X-14.799 Y38.000
G1 X-14.799 Y44.799
G1 X-14.799 Y44.799 Z1.500
G1 X-14.799 Y43.354 Z1.900
G1 X-14.799 Y43.354
G1 X-14.799 Y39.445
G1 X14.799 Y39.445
G1 X14.799 Y43.354
G1 X-14.799 Y43.354
G1 X-14.399 Y42.954
G1 X-14.399 Y39.845
G1 X14.399 Y39.845
G1 X14.399 Y42.954
G1 X-14.399 Y42.954
G1 X-13.999 Y42.554
G1 X-13.999 Y40.245
G1 X13.999 Y40.245
G1 X13.999 Y42.554
G1 X-13.999 Y42.554
G1 X-13.599 Y42.154
G1 X-13.599 Y40.645
G1 X13.599 Y40.645
G1 X13.599 Y42.154
G1 X-13.599 Y42.154
G1 X-13.199 Y41.754
G1 X-13.199 Y41.045
G1 X13.199 Y41.045
G1 X13.199 Y41.754
G1 X-13.199 Y41.754
M9
G1 Z10.000
G1 X0.800 Y43.160
G1 Z2.300
M7
G4 P150
G1 X1.000 Y42.960 Z2.300
G1 X1.000 Y42.960
G1 X1.000 Y39.839
G1 X14.799 Y39.839
G1 X14.799 Y42.960
G1 X1.000 Y42.960
G1 X1.400 Y42.560
G1 X1.400 Y40.239
G1 X14.399 Y40.239
G1 X14.399 Y42.560
G1 X1.400 Y42.560
G1 X1.800 Y42.160
G1 X1.800 Y40.639
G1 X13.999 Y40.639
G1 X13.999 Y42.160
G1 X1.800 Y42.160
G1 X2.200 Y41.760
G1 X2.200 Y41.039
G1 X13.599 Y41.039
G1 X13.599 Y41.760
G1 X2.200 Y41.760
G1 X2.200 Y41.459 Z2.700
G1 X2.200 Y41.459
G1 X13.599 Y41.459
G1 X13.599 Y41.340
G1 X2.200 Y41.340
G1 X2.200 Y41.459
G1 X1.800 Y41.859
G1 X13.999 Y41.859
G1 X13.999 Y40.940
G1 X1.800 Y40.940
G1 X1.800 Y41.859
G1 X1.400 Y42.259
G1 X14.399 Y42.259
G1 X14.399 Y40.540
G1 X1.400 Y40.540
G1 X1.400 Y42.259
G1 X1.000 Y42.659
G1 X14.799 Y42.659
G1 X14.799 Y40.140
G1 X1.000 Y40.140
G1 X1.000 Y42.659
G1 X1.000 Y42.659 Z2.700
G1 X1.000 Y42.427 Z3.100
G1 X1.000 Y42.427
G1 X1.000 Y40.372
G1 X14.799 Y40.372
G1 X14.799 Y42.427
G1 X1.000 Y42.427
G1 X1.400 Y42.027
G1 X1.400 Y40.772
G1 X14.399 Y40.772
G1 X14.399 Y42.027
G1 X1.400 Y42.027
G1 X1.800 Y41.627
G1 X1.800 Y41.172
G1 X13.999 Y41.172
G1 X13.999 Y41.627
G1 X1.800 Y41.627
G1 X1.800 Y41.453 Z3.500
G1 X1.800 Y41.453
G1 X13.999 Y41.453
G1 X13.999 Y41.346
G1 X1.800 Y41.346
G1 X1.800 Y41.453
G1 X1.400 Y41.853
G1 X14.399 Y41.853
G1 X14.399 Y40.946
G1 X1.400 Y40.946
G1 X1.400 Y41.853
G1 X1.000 Y42.253
G1 X14.799 Y42.253
G1 X14.799 Y40.546
G1 X1.000 Y40.546
G1 X1.000 Y42.253
G1 X1.000 Y42.253 Z3.500
M9
G1 Z10.000
G1 X-14.999 Y43.160
G1 Z2.300
M7
G4 P150
G1 X-14.799 Y42.960 Z2.300
G1 X-14.799 Y42.960
G1 X-14.799 Y39.839
G1 X-1.000 Y39.839
G1 X-1.000 Y42.960
G1 X-14.799 Y42.960
G1 X-14.399 Y42.560
G1 X-14.399 Y40.239
G1 X-1.400 Y40.239
G1 X-1.400 Y42.560
G1 X-14.399 Y42.560
G1 X-13.999 Y42.160
G1 X-13.999 Y40.639
G1 X-1.800 Y40.639
G1 X-1.800 Y42.160
G1 X-13.999 Y42.160
G1 X-13.599 Y41.760
G1 X-13.599 Y41.039
G1 X-2.200 Y41.039
G1 X-2.200 Y41.760
G1 X-13.599 Y41.760
G1 X-13.599 Y41.459 Z2.700
G1 X-13.599 Y41.459
G1 X-2.200 Y41.459
G1 X-2.200 Y41.340
G1 X-13.599 Y41.340
G1 X-13.599 Y41.459
G1 X-13.999 Y41.859
G1 X-1.800 Y41.859
G1 X-1.800 Y40.940
G1 X-13.999 Y40.940
G1 X-13.999 Y41.859
G1 X-14.399 Y42.259
G1 X-1.400 Y42.259
G1 X-1.400 Y40.540
G1 X-14.399 Y40.540
G1 X-14.399 Y42.259
G1 X-14.799 Y42.659
G1 X-1.000 Y42.659
G1 X-1.000 Y40.140
G1 X-14.799 Y40.140
G1 X-14.799 Y42.659
G1 X-14.799 Y42.659 Z2.700
G1 X-14.799 Y42.427 Z3.100
G1 X-14.799 Y42.427
G1 X-14.799 Y40.372
G1 X-1.000 Y40.372
G1 X-1.000 Y42.427
G1 X-14.799 Y42.427
G1 X-14.399 Y42.027
G1 X-14.399 Y40.772
G1 X-1.400 Y40.772
G1 X-1.400 Y42.027
G1 X-14.399 Y42.027
G1 X-13.999 Y41.627
G1 X-13.999 Y41.172
G1 X-1.800 Y41.172
G1 X-1.800 Y41.627
G1 X-13.999 Y41.627
G1 X-13.999 Y41.453 Z3.500
G1 X-13.999 Y41.453
G1 X-1.800 Y41.453
G1 X-1.800 Y41.346
G1 X-13.999 Y41.346
G1 X-13.999 Y41.453
G1 X-14.399 Y41.853
G1 X-1.400 Y41.853
G1 X-1.400 Y40.946
G1 X-14.399 Y40.946
G1 X-14.399 Y41.853
G1 X-14.799 Y42.253
G1 X-1.000 Y42.253
G1 X-1.000 Y40.546
G1 X-14.799 Y40.546
G1 X-14.799 Y42.253
G1 X-14.799 Y42.253 Z3.500
M9
G1 Z10.000
G1 X-28.595 Y0.000
G1 Z1.100
M7
G4 P150
G1 X-28.795 Y0.000 Z1.100
G1 X-28.795 Y0.000
G1 X-28.796 Y5.800
G1 X-31.760 Y5.800
G1 X-46.261 Y0.000
G1 X-31.760 Y-5.800
G1 X-28.796 Y-5.800
G1 X-28.795 Y0.000
G1 X-29.195 Y0.000
G1 X-29.196 Y5.400
G1 X-31.683 Y5.400
G1 X-45.184 Y0.000
G1 X-31.683 Y-5.400
G1 X-29.196 Y-5.400
G1 X-29.195 Y0.000
G1 X-29.595 Y0.000
G1 X-29.596 Y5.000
G1 X-31.606 Y5.000
G1 X-44.107 Y0.000
G1 X-31.606 Y-5.000
G1 X-29.596 Y-5.000
G1 X-29.595 Y0.000
G1 X-29.995 Y0.000
G1 X-29.996 Y4.600
G1 X-31.529 Y4.600
G1 X-43.030 Y0.000
G1 X-31.529 Y-4.600
G1 X-29.996 Y-4.600
G1 X-29.995 Y0.000
G1 X-30.395 Y0.000
G1 X-30.396 Y4.200
G1 X-31.452 Y4.200
G1 X-41.953 Y0.000
G1 X-31.452 Y-4.200
G1 X-30.396 Y-4.200
G1 X-30.395 Y0.000
G1 X-30.795 Y0.000
G1 X-30.796 Y3.800
G1 X-31.375 Y3.800
G1 X-40.876 Y0.000
G1 X-31.375 Y-3.800
G1 X-30.796 Y-3.800
G1 X-30.795 Y0.000
G1 X-31.195 Y0.000
G1 X-31.196 Y3.400
G1 X-31.298 Y3.400
G1 X-39.799 Y0.000
G1 X-31.298 Y-3.400
G1 X-31.196 Y-3.400
G1 X-31.195 Y0.000
G1 X-31.595 Y0.000
G1 X-31.595 Y2.850
G1 X-38.722 Y0.000
G1 X-31.595 Y-2.850
G1 X-31.595 Y0.000
G1 X-31.995 Y0.000
G1 X-31.995 Y2.260
G1 X-37.645 Y0.000
G1 X-31.995 Y-2.260
G1 X-31.995 Y0.000
G1 X-32.395 Y0.000
G1 X-32.395 Y1.669
G1 X-36.568 Y0.000
G1 X-32.395 Y-1.669
G1 X-32.395 Y0.000
G1 X-32.795 Y0.000
G1 X-32.795 Y1.078
G1 X-35.491 Y0.000
G1 X-32.795 Y-1.078
G1 X-32.795 Y0.000
G1 X-33.195 Y0.000
G1 X-33.195 Y0.487
G1 X-34.413 Y0.000
G1 X-33.195 Y-0.487
G1 X-33.195 Y0.000
G1 X-33.167 Y0.000 Z1.500
G1 X-33.167 Y0.000
G1 X-33.167 Y-0.498
G1 X-34.413 Y0.000
G1 X-33.167 Y0.498
G1 X-33.167 Y0.000
G1 X-32.767 Y0.000
G1 X-32.767 Y-1.089
G1 X-35.491 Y0.000
G1 X-32.767 Y1.089
G1 X-32.767 Y0.000
G1 X-32.367 Y0.000
G1 X-32.367 Y-1.680
G1 X-36.568 Y0.000
G1 X-32.367 Y1.680
G1 X-32.367 Y0.000
G1 X-31.967 Y0.000
G1 X-31.967 Y-2.271
G1 X-37.645 Y0.000
G1 X-31.967 Y2.271
G1 X-31.967 Y0.000
G1 X-31.567 Y0.000
G1 X-31.567 Y-2.862
G1 X-38.722 Y0.000
G1 X-31.567 Y2.862
G1 X-31.567 Y0.000
G1 X-31.167 Y0.000
G1 X-31.168 Y-3.400
G1 X-31.298 Y-3.400
G1 X-39.799 Y0.000
G1 X-31.298 Y3.400
G1 X-31.168 Y3.400
G1 X-31.167 Y0.000
G1 X-30.767 Y0.000
G1 X-30.768 Y-3.800
G1 X-31.375 Y-3.800
G1 X-40.876 Y0.000
G1 X-31.375 Y3.800
G1 X-30.768 Y3.800
G1 X-30.767 Y0.000
G1 X-30.367 Y0.000
G1 X-30.368 Y-4.200
G1 X-31.452 Y-4.200
G1 X-41.953 Y0.000
G1 X-31.452 Y4.200
G1 X-30.368 Y4.200
G1 X-30.367 Y0.000
G1 X-29.967 Y0.000
G1 X-29.968 Y-4.600
G1 X-31.529 Y-4.600
G1 X-43.030 Y0.000
G1 X-31.529 Y4.600
G1 X-29.968 Y4.600
G1 X-29.967 Y0.000
G1 X-29.567 Y0.000
G1 X-29.568 Y-5.000
G1 X-31.606 Y-5.000
G1 X-44.107 Y0.000
G1 X-31.606 Y5.000
G1 X-29.568 Y5.000
G1 X-29.567 Y0.000
G1 X-29.167 Y0.000
G1 X-29.168 Y-5.400
G1 X-31.683 Y-5.400
G1 X-45.184 Y0.000
G1 X-31.683 Y5.400
G1 X-29.168 Y5.400
G1 X-29.167 Y0.000
G1 X-28.767 Y0.000
G1 X-28.768 Y-5.800
G1 X-31.760 Y-5.800
G1 X-46.261 Y0.000
G1 X-31.760 Y5.800
G1 X-28.768 Y5.800
G1 X-28.767 Y0.000
G1 X-28.767 Y0.000 Z1.500
G1 X-28.710 Y0.000 Z1.900
G1 X-28.710 Y0.000
G1 X-28.711 Y5.800
G1 X-31.760 Y5.800
G1 X-46.261 Y0.000
G1 X-31.760 Y-5.800
G1 X-28.711 Y-5.800
G1 X-28.710 Y0.000
G1 X-29.110 Y0.000
G1 X-29.111 Y5.400
G1 X-31.683 Y5.400
G1 X-45.184 Y0.000
G1 X-31.683 Y-5.400
G1 X-29.111 Y-5.400
G1 X-29.110 Y0.000
G1 X-29.510 Y0.000
G1 X-29.511 Y5.000
G1 X-31.606 Y5.000
G1 X-44.107 Y0.000
G1 X-31.606 Y-5.000
G1 X-29.511 Y-5.000
G1 X-29.510 Y0.000
G1 X-29.910 Y0.000
G1 X-29.911 Y4.600
G1 X-31.529 Y4.600
G1 X-43.030 Y0.000
G1 X-31.529 Y-4.600
G1 X-29.911 Y-4.600
G1 X-29.910 Y0.000
G1 X-30.310 Y0.000
G1 X-30.311 Y4.200
G1 X-31.452 Y4.200
G1 X-41.953 Y0.000
G1 X-31.452 Y-4.200
G1 X-30.311 Y-4.200
G1 X-30.310 Y0.000
G1 X-30.710 Y0.000
G1 X-30.711 Y3.800
G1 X-31.375 Y3.800
G1 X-40.876 Y0.000
G1 X-31.375 Y-3.800
G1 X-30.711 Y-3.800
G1 X-30.710 Y0.000
G1 X-31.110 Y0.000
G1 X-31.111 Y3.400
G1 X-31.298 Y3.400
G1 X-39.799 Y0.000
G1 X-31.298 Y-3.400
G1 X-31.111 Y-3.400
G1 X-31.110 Y0.000
G1 X-31.510 Y0.000
G1 X-31.510 Y2.884
G1 X-38.722 Y0.000
G1 X-31.510 Y-2.884
G1 X-31.510 Y0.000
G1 X-31.910 Y0.000
G1 X-31.910 Y2.294
G1 X-37.645 Y0.000
G1 X-31.910 Y-2.294
G1 X-31.910 Y0.000
G1 X-32.310 Y0.000
G1 X-32.310 Y1.703
G1 X-36.568 Y0.000
G1 X-32.310 Y-1.703
G1 X-32.310 Y0.000
G1 X-32.710 Y0.000
G1 X-32.710 Y1.112
G1 X-35.491 Y0.000
G1 X-32.710 Y-1.112
G1 X-32.710 Y0.000
G1 X-33.110 Y0.000
G1 X-33.110 Y0.521
G1 X-34.413 Y0.000
G1 X-33.110 Y-0.521
G1 X-33.110 Y0.000
G1 X-33.021 Y0.000 Z2.300
G1 X-33.021 Y0.000
G1 X-33.021 Y-0.557
G1 X-34.413 Y0.000
G1 X-33.021 Y0.557
G1 X-33.021 Y0.000
G1 X-32.621 Y0.000
G1 X-32.621 Y-1.148
G1 X-35.491 Y0.000
G1 X-32.621 Y1.148
G1 X-32.621 Y0.000
G1 X-32.221 Y0.000
G1 X-32.221 Y-1.738
G1 X-36.568 Y0.000
G1 X-32.221 Y1.738
G1 X-32.221 Y0.000
G1 X-31.821 Y0.000
G1 X-31.821 Y-2.329
G1 X-37.645 Y0.000
G1 X-31.821 Y2.329
G1 X-31.821 Y0.000
G1 X-31.421 Y0.000
G1 X-31.421 Y-2.920
G1 X-38.722 Y0.000
G1 X-31.421 Y2.920
G1 X-31.421 Y0.000
G1 X-31.021 Y0.000
G1 X-31.022 Y-3.400
G1 X-31.298 Y-3.400
G1 X-39.799 Y0.000
G1 X-31.298 Y3.400
G1 X-31.022 Y3.400
G1 X-31.021 Y0.000
G1 X-30.621 Y0.000
G1 X-30.622 Y-3.800
G1 X-31.375 Y-3.800
G1 X-40.876 Y0.000
G1 X-31.375 Y3.800
G1 X-30.622 Y3.800
G1 X-30.621 Y0.000
G1 X-30.221 Y0.000
G1 X-30.222 Y-4.200
G1 X-31.452 Y-4.200
G1 X-41.953 Y0.000
G1 X-31.452 Y4.200
G1 X-30.222 Y4.200
G1 X-30.221 Y0.000
G1 X-29.821 Y0.000
G1 X-29.822 Y-4.600
G1 X-31.529 Y-4.600
G1 X-43.030 Y0.000
G1 X-31.529 Y4.600
G1 X-29.822 Y4.600
G1 X-29.821 Y0.000
G1 X-29.421 Y0.000
G1 X-29.422 Y-5.000
G1 X-31.606 Y-5.000
G1 X-44.107 Y0.000
G1 X-31.606 Y5.000
G1 X-29.422 Y5.000
G1 X-29.421 Y0.000
G1 X-29.021 Y0.000
G1 X-29.022 Y-5.400
G1 X-31.683 Y-5.400
G1 X-45.184 Y0.000
G1 X-31.683 Y5.400
G1 X-29.022 Y5.400
G1 X-29.021 Y0.000
G1 X-28.621 Y0.000
G1 X-28.622 Y-5.800
G1 X-31.760 Y-5.800
G1 X-46.261 Y0.000
G1 X-31.760 Y5.800
G1 X-28.622 Y5.800
G1 X-28.621 Y0.000
G1 X-28.621 Y0.000 Z2.300
G1 X-28.499 Y0.000 Z2.700
G1 X-28.499 Y0.000
G1 X-28.500 Y5.800
G1 X-31.760 Y5.800
G1 X-46.261 Y0.000
G1 X-31.760 Y-5.800
G1 X-28.500 Y-5.800
G1 X-28.499 Y0.000
G1 X-28.899 Y0.000
G1 X-28.900 Y5.400
G1 X-31.683 Y5.400
G1 X-45.184 Y0.000
G1 X-31.683 Y-5.400
G1 X-28.900 Y-5.400
G1 X-28.899 Y0.000
G1 X-29.299 Y0.000
G1 X-29.300 Y5.000
G1 X-31.606 Y5.000
G1 X-44.107 Y0.000
G1 X-31.606 Y-5.000
G1 X-29.300 Y-5.000
G1 X-29.299 Y0.000
G1 X-29.699 Y0.000
G1 X-29.700 Y4.600
G1 X-31.529 Y4.600
G1 X-43.030 Y0.000
G1 X-31.529 Y-4.600
G1 X-29.700 Y-4.600
G1 X-29.699 Y0.000
G1 X-30.099 Y0.000
G1 X-30.100 Y4.200
G1 X-31.452 Y4.200
G1 X-41.953 Y0.000
G1 X-31.452 Y-4.200
G1 X-30.100 Y-4.200
G1 X-30.099 Y0.000
G1 X-30.499 Y0.000
G1 X-30.500 Y3.800
G1 X-31.375 Y3.800
G1 X-40.876 Y0.000
G1 X-31.375 Y-3.800
G1 X-30.500 Y-3.800
G1 X-30.499 Y0.000
G1 X-30.899 Y0.000
G1 X-30.900 Y3.400
G1 X-31.298 Y3.400
G1 X-39.799 Y0.000
G1 X-31.298 Y-3.400
G1 X-30.900 Y-3.400
G1 X-30.899 Y0.000
G1 X-31.299 Y0.000
G1 X-31.299 Y2.969
G1 X-38.722 Y0.000
G1 X-31.299 Y-2.969
G1 X-31.299 Y0.000
G1 X-31.699 Y0.000
G1 X-31.699 Y2.378
G1 X-37.645 Y0.000
G1 X-31.699 Y-2.378
G1 X-31.699 Y0.000
G1 X-32.099 Y0.000
G1 X-32.099 Y1.787
G1 X-36.568 Y0.000
G1 X-32.099 Y-1.787
G1 X-32.099 Y0.000
G1 X-32.499 Y0.000
G1 X-32.499 Y1.196
G1 X-35.491 Y0.000
G1 X-32.499 Y-1.196
G1 X-32.499 Y0.000
G1 X-32.899 Y0.000
G1 X-32.899 Y0.606
G1 X-34.413 Y0.000
G1 X-32.899 Y-0.606
G1 X-32.899 Y0.000
G1 X-33.299 Y0.000
G1 X-33.299 Y0.015
G1 X-33.336 Y0.000
G1 X-33.299 Y-0.015
G1 X-33.299 Y0.000

;Finish
M9
G1 Z10.000
G28 X-100 Y-100;Home