;layer_height = 0.4
;line_width = 0.4
;layer_count = 10
;mesh = base_cross
G21 ;start of the code
G1 Z15 F300
G28 X0 Y0 ;Home
G92 X0 Y0 ;Consider this as current
G0 X50 Y50 F3000 ;Go-to Offset
G92 X0 Y0 ;Reset

G0 F3600 X-47.700 Y0.000 Z0.300 ;Go to start position
M7
G4 P150


G1 X-47.700 Y0.000 Z0.300
G1 X-47.700 Y-7.800
G1 X-27.100 Y-7.800
G1 X-27.100 Y7.800
G1 X-47.700 Y7.800
G1 X-47.700 Y0.000
G1 X-47.300 Y0.000
G1 X-47.300 Y-7.400
G1 X-27.500 Y-7.400
G1 X-27.500 Y7.400
G1 X-47.300 Y7.400
G1 X-47.300 Y0.000
G1 X-46.900 Y0.000
G1 X-46.900 Y-7.000
G1 X-27.900 Y-7.000
G1 X-27.900 Y7.000
G1 X-46.900 Y7.000
G1 X-46.900 Y0.000
G1 X-46.500 Y0.000
G1 X-46.500 Y-6.600
G1 X-28.300 Y-6.600
G1 X-28.300 Y6.600
G1 X-46.500 Y6.600
G1 X-46.500 Y0.000
G1 X-46.100 Y0.000
G1 X-46.100 Y-6.200
G1 X-28.700 Y-6.200
G1 X-28.700 Y6.200
G1 X-46.100 Y6.200
G1 X-46.100 Y0.000
G1 X-45.700 Y0.000
G1 X-45.700 Y-5.800
G1 X-29.100 Y-5.800
G1 X-29.100 Y5.800
G1 X-45.700 Y5.800
G1 X-45.700 Y0.000
G1 X-45.300 Y0.000
G1 X-45.300 Y-5.400
G1 X-29.500 Y-5.400
G1 X-29.500 Y5.400
G1 X-45.300 Y5.400
G1 X-45.300 Y0.000
G1 X-44.900 Y0.000
G1 X-44.900 Y-5.000
G1 X-29.900 Y-5.000
G1 X-29.900 Y5.000
G1 X-44.900 Y5.000
G1 X-44.900 Y0.000
G1 X-44.500 Y0.000
G1 X-44.500 Y-4.600
G1 X-30.300 Y-4.600
G1 X-30.300 Y4.600
G1 X-44.500 Y4.600
G1 X-44.500 Y0.000
G1 X-44.100 Y0.000
G1 X-44.100 Y-4.200
G1 X-30.700 Y-4.200
G1 X-30.700 Y4.200
G1 X-44.100 Y4.200
G1 X-44.100 Y0.000
G1 X-43.700 Y0.000
G1 X-43.700 Y-3.800
G1 X-31.100 Y-3.800
G1 X-31.100 Y3.800
G1 X-43.700 Y3.800
G1 X-43.700 Y0.000
G1 X-43.300 Y0.000
G1 X-43.300 Y-3.400
G1 X-31.500 Y-3.400
G1 X-31.500 Y3.400
G1 X-43.300 Y3.400
G1 X-43.300 Y0.000
G1 X-42.900 Y0.000
G1 X-42.900 Y-3.000
G1 X-31.900 Y-3.000
G1 X-31.900 Y3.000
G1 X-42.900 Y3.000
G1 X-42.900 Y0.000
G1 X-42.500 Y0.000
G1 X-42.500 Y-2.600
G1 X-32.300 Y-2.600
G1 X-32.300 Y2.600
G1 X-42.500 Y2.600
G1 X-42.500 Y0.000
G1 X-42.100 Y0.000
G1 X-42.100 Y-2.200
G1 X-32.700 Y-2.200
G1 X-32.700 Y2.200
G1 X-42.100 Y2.200
G1 X-42.100 Y0.000
G1 X-41.700 Y0.000
G1 X-41.700 Y-1.800
G1 X-33.100 Y-1.800
G1 X-33.100 Y1.800
G1 X-41.700 Y1.800
G1 X-41.700 Y0.000
G1 X-41.300 Y0.000
G1 X-41.300 Y-1.400
G1 X-33.500 Y-1.400
G1 X-33.500 Y1.400
G1 X-41.300 Y1.400
G1 X-41.300 Y0.000
G1 X-40.900 Y0.000
G1 X-40.900 Y-1.000
G1 X-33.900 Y-1.000
G1 X-33.900 Y1.000
G1 X-40.900 Y1.000
G1 X-40.900 Y0.000
G1 X-40.500 Y0.000
G1 X-40.500 Y-0.600
G1 X-34.300 Y-0.600
G1 X-34.300 Y0.600
G1 X-40.500 Y0.600
G1 X-40.500 Y0.000
G1 X-40.100 Y0.000
G1 X-40.100 Y-0.200
G1 X-34.700 Y-0.200
G1 X-34.700 Y0.200
G1 X-40.100 Y0.200
G1 X-40.100 Y0.000
G1 X-39.700 Y0.000
G1 X-39.700 Y0.000 Z0.700
G1 X-39.700 Y0.000
G1 X-40.100 Y0.000
G1 X-40.100 Y0.200
G1 X-34.700 Y0.200
G1 X-34.700 Y-0.200
G1 X-40.100 Y-0.200
G1 X-40.100 Y0.000
G1 X-40.500 Y0.000
G1 X-40.500 Y0.600
G1 X-34.300 Y0.600
G1 X-34.300 Y-0.600
G1 X-40.500 Y-0.600
G1 X-40.500 Y0.000
G1 X-40.900 Y0.000
G1 X-40.900 Y1.000
G1 X-33.900 Y1.000
G1 X-33.900 Y-1.000
G1 X-40.900 Y-1.000
G1 X-40.900 Y0.000
G1 X-41.300 Y0.000
G1 X-41.300 Y1.400
G1 X-33.500 Y1.400
G1 X-33.500 Y-1.400
G1 X-41.300 Y-1.400
G1 X-41.300 Y0.000
G1 X-41.700 Y0.000
G1 X-41.700 Y1.800
G1 X-33.100 Y1.800
G1 X-33.100 Y-1.800
G1 X-41.700 Y-1.800
G1 X-41.700 Y0.000
G1 X-42.100 Y0.000
G1 X-42.100 Y2.200
G1 X-32.700 Y2.200
G1 X-32.700 Y-2.200
G1 X-42.100 Y-2.200
G1 X-42.100 Y0.000
G1 X-42.500 Y0.000
G1 X-42.500 Y2.600
G1 X-32.300 Y2.600
G1 X-32.300 Y-2.600
G1 X-42.500 Y-2.600
G1 X-42.500 Y0.000
G1 X-42.900 Y0.000
G1 X-42.900 Y3.000
G1 X-31.900 Y3.000
G1 X-31.900 Y-3.000
G1 X-42.900 Y-3.000
G1 X-42.900 Y0.000
G1 X-43.300 Y0.000
G1 X-43.300 Y3.400
G1 X-31.500 Y3.400
G1 X-31.500 Y-3.400
G1 X-43.300 Y-3.400
G1 X-43.300 Y0.000
G1 X-43.700 Y0.000
G1 X-43.700 Y3.800
G1 X-31.100 Y3.800
G1 X-31.100 Y-3.800
G1 X-43.700 Y-3.800
G1 X-43.700 Y0.000
G1 X-44.100 Y0.000
G1 X-44.100 Y4.200
G1 X-30.700 Y4.200
G1 X-30.700 Y-4.200
G1 X-44.100 Y-4.200
G1 X-44.100 Y0.000
G1 X-44.500 Y0.000
G1 X-44.500 Y4.600
G1 X-30.300 Y4.600
G1 X-30.300 Y-4.600
G1 X-44.500 Y-4.600
G1 X-44.500 Y0.000
G1 X-44.900 Y0.000
G1 X-44.900 Y5.000
G1 X-29.900 Y5.000
G1 X-29.900 Y-5.000
G1 X-44.900 Y-5.000
G1 X-44.900 Y0.000
G1 X-45.300 Y0.000
G1 X-45.300 Y5.400
G1 X-29.500 Y5.400
G1 X-29.500 Y-5.400
G1 X-45.300 Y-5.400
G1 X-45.300 Y0.000
G1 X-45.700 Y0.000
G1 X-45.700 Y5.800
G1 X-29.100 Y5.800
G1 X-29.100 Y-5.800
G1 X-45.700 Y-5.800
G1 X-45.700 Y0.000
G1 X-46.100 Y0.000
G1 X-46.100 Y6.200
G1 X-28.700 Y6.200
G1 X-28.700 Y-6.200
G1 X-46.100 Y-6.200
G1 X-46.100 Y0.000
G1 X-46.500 Y0.000
G1 X-46.500 Y6.600
G1 X-28.300 Y6.600
G1 X-28.300 Y-6.600
G1 X-46.500 Y-6.600
G1 X-46.500 Y0.000
G1 X-46.900 Y0.000
G1 X-46.900 Y7.000
G1 X-27.900 Y7.000
G1 X-27.900 Y-7.000
G1 X-46.900 Y-7.000
G1 X-46.900 Y0.000
G1 X-47.300 Y0.000
G1 X-47.300 Y7.400
G1 X-27.500 Y7.400
G1 X-27.500 Y-7.400
G1 X-47.300 Y-7.400
G1 X-47.300 Y0.000
G1 X-47.700 Y0.000
G1 X-47.700 Y7.800
G1 X-27.100 Y7.800
G1 X-27.100 Y-7.800
G1 X-47.700 Y-7.800
G1 X-47.700 Y0.000 Z0.700
M9
G1 Z10.000
G1 X-26.100 Y0.000
G1 Z0.300
M7
G4 P150
G1 X-26.100 Y0.000 Z0.300
G1 X-26.100 Y-7.800
G1 X-0.500 Y-7.800
G1 X-0.500 Y7.800
G1 X-5.500 Y7.800
G1 X-5.500 Y12.800
G1 X-21.100 Y12.800
G1 X-21.100 Y7.800
G1 X-26.100 Y7.800
G1 X-26.100 Y0.000
G1 X-25.700 Y0.000
G1 X-25.700 Y-7.400
G1 X-0.900 Y-7.400
G1 X-0.900 Y7.400
G1 X-5.900 Y7.400
G1 X-5.900 Y12.400
G1 X-20.700 Y12.400
G1 X-20.700 Y7.400
G1 X-25.700 Y7.400
G1 X-25.700 Y0.000
G1 X-25.300 Y0.000
G1 X-25.300 Y-7.000
G1 X-1.300 Y-7.000
G1 X-1.300 Y7.000
G1 X-6.300 Y7.000
G1 X-6.300 Y12.000
G1 X-20.300 Y12.000
G1 X-20.300 Y7.000
G1 X-25.300 Y7.000
G1 X-25.300 Y0.000
G1 X-24.900 Y0.000
G1 X-24.900 Y-6.600
G1 X-1.700 Y-6.600
G1 X-1.700 Y6.600
G1 X-6.700 Y6.600
G1 X-6.700 Y11.600
G1 X-19.900 Y11.600
G1 X-19.900 Y6.600
G1 X-24.900 Y6.600
G1 X-24.900 Y0.000
G1 X-24.500 Y0.000
G1 X-24.500 Y-6.200
G1 X-2.100 Y-6.200
G1 X-2.100 Y6.200
G1 X-7.100 Y6.200
G1 X-7.100 Y11.200
G1 X-19.500 Y11.200
G1 X-19.500 Y6.200
G1 X-24.500 Y6.200
G1 X-24.500 Y0.000
G1 X-24.100 Y0.000
G1 X-24.100 Y-5.800
G1 X-2.500 Y-5.800
G1 X-2.500 Y5.800
G1 X-7.500 Y5.800
G1 X-7.500 Y10.800
G1 X-19.100 Y10.800
G1 X-19.100 Y5.800
G1 X-24.100 Y5.800
G1 X-24.100 Y0.000
G1 X-23.700 Y0.000
G1 X-23.700 Y-5.400
G1 X-2.900 Y-5.400
G1 X-2.900 Y5.400
G1 X-7.900 Y5.400
G1 X-7.900 Y10.400
G1 X-18.700 Y10.400
G1 X-18.700 Y5.400
G1 X-23.700 Y5.400
G1 X-23.700 Y0.000
G1 X-23.300 Y0.000
G1 X-23.300 Y-5.000
G1 X-3.300 Y-5.000
G1 X-3.300 Y5.000
G1 X-8.300 Y5.000
G1 X-8.300 Y10.000
G1 X-18.300 Y10.000
G1 X-18.300 Y5.000
G1 X-23.300 Y5.000
G1 X-23.300 Y0.000
G1 X-22.900 Y0.000
G1 X-22.900 Y-4.600
G1 X-3.700 Y-4.600
G1 X-3.700 Y4.600
G1 X-8.700 Y4.600
G1 X-8.700 Y9.600
G1 X-17.900 Y9.600
G1 X-17.900 Y4.600
G1 X-22.900 Y4.600
G1 X-22.900 Y0.000
G1 X-22.500 Y0.000
G1 X-22.500 Y-4.200
G1 X-4.100 Y-4.200
G1 X-4.100 Y4.200
G1 X-9.100 Y4.200
G1 X-9.100 Y9.200
G1 X-17.500 Y9.200
G1 X-17.500 Y4.200
G1 X-22.500 Y4.200
G1 X-22.500 Y0.000
G1 X-22.100 Y0.000
G1 X-22.100 Y-3.800
G1 X-4.500 Y-3.800
G1 X-4.500 Y3.800
G1 X-9.500 Y3.800
G1 X-9.500 Y8.800
G1 X-17.100 Y8.800
G1 X-17.100 Y3.800
G1 X-22.100 Y3.800
G1 X-22.100 Y0.000
G1 X-21.700 Y0.000
G1 X-21.700 Y-3.400
G1 X-4.900 Y-3.400
G1 X-4.900 Y3.400
G1 X-9.900 Y3.400
G1 X-9.900 Y8.400
G1 X-16.700 Y8.400
G1 X-16.700 Y3.400
G1 X-21.700 Y3.400
G1 X-21.700 Y0.000
G1 X-21.300 Y0.000
G1 X-21.300 Y-3.000
G1 X-5.300 Y-3.000
G1 X-5.300 Y3.000
G1 X-10.300 Y3.000
G1 X-10.300 Y8.000
G1 X-16.300 Y8.000
G1 X-16.300 Y3.000
G1 X-21.300 Y3.000
G1 X-21.300 Y-0.000
G1 X-20.900 Y0.000
G1 X-20.900 Y-2.600
G1 X-5.700 Y-2.600
G1 X-5.700 Y2.600
G1 X-10.700 Y2.600
G1 X-10.700 Y7.600
G1 X-15.900 Y7.600
G1 X-15.900 Y2.600
G1 X-20.900 Y2.600
G1 X-20.900 Y0.000
G1 X-20.500 Y0.000
G1 X-20.500 Y-2.200
G1 X-6.100 Y-2.200
G1 X-6.100 Y2.200
G1 X-11.100 Y2.200
G1 X-11.100 Y7.200
G1 X-15.500 Y7.200
G1 X-15.500 Y2.200
G1 X-20.500 Y2.200
G1 X-20.500 Y0.000
G1 X-20.100 Y0.000
G1 X-20.100 Y-1.800
G1 X-6.500 Y-1.800
G1 X-6.500 Y1.800
G1 X-11.500 Y1.800
G1 X-11.500 Y6.800
G1 X-15.100 Y6.800
G1 X-15.100 Y1.800
G1 X-20.100 Y1.800
G1 X-20.100 Y0.000
G1 X-19.700 Y0.000
G1 X-19.700 Y-1.400
G1 X-6.900 Y-1.400
G1 X-6.900 Y1.400
G1 X-11.900 Y1.400
G1 X-11.900 Y6.400
G1 X-14.700 Y6.400
G1 X-14.700 Y1.400
G1 X-19.700 Y1.400
G1 X-19.700 Y-0.000
G1 X-19.300 Y0.000
G1 X-19.300 Y-1.000
G1 X-7.300 Y-1.000
G1 X-7.300 Y1.000
G1 X-12.300 Y1.000
G1 X-12.300 Y6.000
G1 X-14.300 Y6.000
G1 X-14.300 Y1.000
G1 X-19.300 Y1.000
G1 X-19.300 Y0.000
G1 X-18.900 Y0.000
G1 X-18.900 Y-0.600
G1 X-7.700 Y-0.600
G1 X-7.700 Y0.600
G1 X-12.700 Y0.600
G1 X-12.700 Y5.600
G1 X-13.900 Y5.600
G1 X-13.900 Y0.600
G1 X-18.900 Y0.600
G1 X-18.900 Y0.000
G1 X-18.500 Y0.000
G1 X-18.500 Y-0.200
G1 X-8.100 Y-0.200
G1 X-8.100 Y0.200
G1 X-13.100 Y0.200
G1 X-13.100 Y5.200
G1 X-13.500 Y5.200
G1 X-13.500 Y0.200
G1 X-18.500 Y0.200
G1 X-18.500 Y0.000
G1 X-18.100 Y0.000
G1 X-18.100 Y0.000 Z0.700
G1 X-18.100 Y0.000
G1 X-18.500 Y0.000
G1 X-18.500 Y0.200
G1 X-13.500 Y0.200
G1 X-13.500 Y5.200
G1 X-13.100 Y5.200
G1 X-13.100 Y0.200
G1 X-8.100 Y0.200
G1 X-8.100 Y-0.200
G1 X-18.500 Y-0.200
G1 X-18.500 Y0.000
G1 X-18.900 Y0.000
G1 X-18.900 Y0.600
G1 X-13.900 Y0.600
G1 X-13.900 Y5.600
G1 X-12.700 Y5.600
G1 X-12.700 Y0.600
G1 X-7.700 Y0.600
G1 X-7.700 Y-0.600
G1 X-18.900 Y-0.600
G1 X-18.900 Y0.000
G1 X-19.300 Y0.000
G1 X-19.300 Y1.000
G1 X-14.300 Y1.000
G1 X-14.300 Y6.000
G1 X-12.300 Y6.000
G1 X-12.300 Y1.000
G1 X-7.300 Y1.000
G1 X-7.300 Y-1.000
G1 X-19.300 Y-1.000
G1 X-19.300 Y0.000
G1 X-19.700 Y-0.000
G1 X-19.700 Y1.400
G1 X-14.700 Y1.400
G1 X-14.700 Y6.400
G1 X-11.900 Y6.400
G1 X-11.900 Y1.400
G1 X-6.900 Y1.400
G1 X-6.900 Y-1.400
G1 X-19.700 Y-1.400
G1 X-19.700 Y0.000
G1 X-20.100 Y0.000
G1 X-20.100 Y1.800
G1 X-15.100 Y1.800
G1 X-15.100 Y6.800
G1 X-11.500 Y6.800
G1 X-11.500 Y1.800
G1 X-6.500 Y1.800
G1 X-6.500 Y-1.800
G1 X-20.100 Y-1.800
G1 X-20.100 Y0.000
G1 X-20.500 Y0.000
G1 X-20.500 Y2.200
G1 X-15.500 Y2.200
G1 X-15.500 Y7.200
G1 X-11.100 Y7.200
G1 X-11.100 Y2.200
G1 X-6.100 Y2.200
G1 X-6.100 Y-2.200
G1 X-20.500 Y-2.200
G1 X-20.500 Y0.000
G1 X-20.900 Y0.000
G1 X-20.900 Y2.600
G1 X-15.900 Y2.600
G1 X-15.900 Y7.600
G1 X-10.700 Y7.600
G1 X-10.700 Y2.600
G1 X-5.700 Y2.600
G1 X-5.700 Y-2.600
G1 X-20.900 Y-2.600
G1 X-20.900 Y0.000
G1 X-21.300 Y-0.000
G1 X-21.300 Y3.000
G1 X-16.300 Y3.000
G1 X-16.300 Y8.000
G1 X-10.300 Y8.000
G1 X-10.300 Y3.000
G1 X-5.300 Y3.000
G1 X-5.300 Y-3.000
G1 X-21.300 Y-3.000
G1 X-21.300 Y0.000
G1 X-21.700 Y0.000
G1 X-21.700 Y3.400
G1 X-16.700 Y3.400
G1 X-16.700 Y8.400
G1 X-9.900 Y8.400
G1 X-9.900 Y3.400
G1 X-4.900 Y3.400
G1 X-4.900 Y-3.400
G1 X-21.700 Y-3.400
G1 X-21.700 Y0.000
G1 X-22.100 Y0.000
G1 X-22.100 Y3.800
G1 X-17.100 Y3.800
G1 X-17.100 Y8.800
G1 X-9.500 Y8.800
G1 X-9.500 Y3.800
G1 X-4.500 Y3.800
G1 X-4.500 Y-3.800
G1 X-22.100 Y-3.800
G1 X-22.100 Y0.000
G1 X-22.500 Y0.000
G1 X-22.500 Y4.200
G1 X-17.500 Y4.200
G1 X-17.500 Y9.200
G1 X-9.100 Y9.200
G1 X-9.100 Y4.200
G1 X-4.100 Y4.200
G1 X-4.100 Y-4.200
G1 X-22.500 Y-4.200
G1 X-22.500 Y0.000
G1 X-22.900 Y0.000
G1 X-22.900 Y4.600
G1 X-17.900 Y4.600
G1 X-17.900 Y9.600
G1 X-8.700 Y9.600
G1 X-8.700 Y4.600
G1 X-3.700 Y4.600
G1 X-3.700 Y-4.600
G1 X-22.900 Y-4.600
G1 X-22.900 Y0.000
G1 X-23.300 Y0.000
G1 X-23.300 Y5.000
G1 X-18.300 Y5.000
G1 X-18.300 Y10.000
G1 X-8.300 Y10.000
G1 X-8.300 Y5.000
G1 X-3.300 Y5.000
G1 X-3.300 Y-5.000
G1 X-23.300 Y-5.000
G1 X-23.300 Y0.000
G1 X-23.700 Y0.000
G1 X-23.700 Y5.400
G1 X-18.700 Y5.400
G1 X-18.700 Y10.400
G1 X-7.900 Y10.400
G1 X-7.900 Y5.400
G1 X-2.900 Y5.400
G1 X-2.900 Y-5.400
G1 X-23.700 Y-5.400
G1 X-23.700 Y0.000
G1 X-24.100 Y0.000
G1 X-24.100 Y5.800
G1 X-19.100 Y5.800
G1 X-19.100 Y10.800
G1 X-7.500 Y10.800
G1 X-7.500 Y5.800
G1 X-2.500 Y5.800
G1 X-2.500 Y-5.800
G1 X-24.100 Y-5.800
G1 X-24.100 Y0.000
G1 X-24.500 Y0.000
G1 X-24.500 Y6.200
G1 X-19.500 Y6.200
G1 X-19.500 Y11.200
G1 X-7.100 Y11.200
G1 X-7.100 Y6.200
G1 X-2.100 Y6.200
G1 X-2.100 Y-6.200
G1 X-24.500 Y-6.200
G1 X-24.500 Y0.000
G1 X-24.900 Y0.000
G1 X-24.900 Y6.600
G1 X-19.900 Y6.600
G1 X-19.900 Y11.600
G1 X-6.700 Y11.600
G1 X-6.700 Y6.600
G1 X-1.700 Y6.600
G1 X-1.700 Y-6.600
G1 X-24.900 Y-6.600
G1 X-24.900 Y0.000
G1 X-25.300 Y0.000
G1 X-25.300 Y7.000
G1 X-20.300 Y7.000
G1 X-20.300 Y12.000
G1 X-6.300 Y12.000
G1 X-6.300 Y7.000
G1 X-1.300 Y7.000
G1 X-1.300 Y-7.000
G1 X-25.300 Y-7.000
G1 X-25.300 Y0.000
G1 X-25.700 Y0.000
G1 X-25.700 Y7.400
G1 X-20.700 Y7.400
G1 X-20.700 Y12.400
G1 X-5.900 Y12.400
G1 X-5.900 Y7.400
G1 X-0.900 Y7.400
G1 X-0.900 Y-7.400
G1 X-25.700 Y-7.400
G1 X-25.700 Y0.000
G1 X-26.100 Y0.000
G1 X-26.100 Y7.800
G1 X-21.100 Y7.800
G1 X-21.100 Y12.800
G1 X-5.500 Y12.800
G1 X-5.500 Y7.800
G1 X-0.500 Y7.800
G1 X-0.500 Y-7.800
G1 X-26.100 Y-7.800
G1 X-26.100 Y0.000 Z0.700
M9
G1 Z10.000
G1 X26.100 Y0.000
G1 Z0.300
M7
G4 P150
G1 X26.100 Y0.000 Z0.300
G1 X26.100 Y7.800
G1 X0.500 Y7.800
G1 X0.500 Y-7.800
G1 X5.500 Y-7.800
G1 X5.500 Y-12.800
G1 X21.100 Y-12.800
G1 X21.100 Y-7.800
G1 X26.100 Y-7.800
G1 X26.100 Y0.000
G1 X25.700 Y0.000
G1 X25.700 Y7.400
G1 X0.900 Y7.400
G1 X0.900 Y-7.400
G1 X5.900 Y-7.400
G1 X5.900 Y-12.400
G1 X20.700 Y-12.400
G1 X20.700 Y-7.400
G1 X25.700 Y-7.400
G1 X25.700 Y0.000
G1 X25.300 Y0.000
G1 X25.300 Y7.000
G1 X1.300 Y7.000
G1 X1.300 Y-7.000
G1 X6.300 Y-7.000
G1 X6.300 Y-12.000
G1 X20.300 Y-12.000
G1 X20.300 Y-7.000
G1 X25.300 Y-7.000
G1 X25.300 Y0.000
G1 X24.900 Y0.000
G1 X24.900 Y6.600
G1 X1.700 Y6.600
G1 X1.700 Y-6.600
G1 X6.700 Y-6.600
G1 X6.700 Y-11.600
G1 X19.900 Y-11.600
G1 X19.900 Y-6.600
G1 X24.900 Y-6.600
G1 X24.900 Y0.000
G1 X24.500 Y0.000
G1 X24.500 Y6.200
G1 X2.100 Y6.200
G1 X2.100 Y-6.200
G1 X7.100 Y-6.200
G1 X7.100 Y-11.200
G1 X19.500 Y-11.200
G1 X19.500 Y-6.200
G1 X24.500 Y-6.200
G1 X24.500 Y0.000
G1 X24.100 Y0.000
G1 X24.100 Y5.800
G1 X2.500 Y5.800
G1 X2.500 Y-5.800
G1 X7.500 Y-5.800
G1 X7.500 Y-10.800
G1 X19.100 Y-10.800
G1 X19.100 Y-5.800
G1 X24.100 Y-5.800
G1 X24.100 Y0.000
G1 X23.700 Y0.000
G1 X23.700 Y5.400
G1 X2.900 Y5.400
G1 X2.900 Y-5.400
G1 X7.900 Y-5.400
G1 X7.900 Y-10.400
G1 X18.700 Y-10.400
G1 X18.700 Y-5.400
G1 X23.700 Y-5.400
G1 X23.700 Y0.000
G1 X23.300 Y0.000
G1 X23.300 Y5.000
G1 X3.300 Y5.000
G1 X3.300 Y-5.000
G1 X8.300 Y-5.000
G1 X8.300 Y-10.000
G1 X18.300 Y-10.000
G1 X18.300 Y-5.000
G1 X23.300 Y-5.000
G1 X23.300 Y0.000
G1 X22.900 Y0.000
G1 X22.900 Y4.600
G1 X3.700 Y4.600
G1 X3.700 Y-4.600
G1 X8.700 Y-4.600
G1 X8.700 Y-9.600
G1 X17.900 Y-9.600
G1 X17.900 Y-4.600
G1 X22.900 Y-4.600
G1 X22.900 Y0.000
G1 X22.500 Y0.000
G1 X22.500 Y4.200
G1 X4.100 Y4.200
G1 X4.100 Y-4.200
G1 X9.100 Y-4.200
G1 X9.100 Y-9.200
G1 X17.500 Y-9.200
G1 X17.500 Y-4.200
G1 X22.500 Y-4.200
G1 X22.500 Y0.000
G1 X22.100 Y0.000
G1 X22.100 Y3.800
G1 X4.500 Y3.800
G1 X4.500 Y-3.800
G1 X9.500 Y-3.800
G1 X9.500 Y-8.800
G1 X17.100 Y-8.800
G1 X17.100 Y-3.800
G1 X22.100 Y-3.800
G1 X22.100 Y-0.000
G1 X21.700 Y0.000
G1 X21.700 Y3.400
G1 X4.900 Y3.400
G1 X4.900 Y-3.400
G1 X9.900 Y-3.400
G1 X9.900 Y-8.400
G1 X16.700 Y-8.400
G1 X16.700 Y-3.400
G1 X21.700 Y-3.400
G1 X21.700 Y0.000
G1 X21.300 Y0.000
G1 X21.300 Y3.000
G1 X5.300 Y3.000
G1 X5.300 Y-3.000
G1 X10.300 Y-3.000
G1 X10.300 Y-8.000
G1 X16.300 Y-8.000
G1 X16.300 Y-3.000
G1 X21.300 Y-3.000
G1 X21.300 Y0.000
G1 X20.900 Y0.000
G1 X20.900 Y2.600
G1 X5.700 Y2.600
G1 X5.700 Y-2.600
G1 X10.700 Y-2.600
G1 X10.700 Y-7.600
G1 X15.900 Y-7.600
G1 X15.900 Y-2.600
G1 X20.900 Y-2.600
G1 X20.900 Y0.000
G1 X20.500 Y0.000
G1 X20.500 Y2.200
G1 X6.100 Y2.200
G1 X6.100 Y-2.200
G1 X11.100 Y-2.200
G1 X11.100 Y-7.200
G1 X15.500 Y-7.200
G1 X15.500 Y-2.200
G1 X20.500 Y-2.200
G1 X20.500 Y-0.000
G1 X20.100 Y0.000
G1 X20.100 Y1.800
G1 X6.500 Y1.800
G1 X6.500 Y-1.800
G1 X11.500 Y-1.800
G1 X11.500 Y-6.800
G1 X15.100 Y-6.800
G1 X15.100 Y-1.800
G1 X20.100 Y-1.800
G1 X20.100 Y0.000
G1 X19.700 Y0.000
G1 X19.700 Y1.400
G1 X6.900 Y1.400
G1 X6.900 Y-1.400
G1 X11.900 Y-1.400
G1 X11.900 Y-6.400
G1 X14.700 Y-6.400
G1 X14.700 Y-1.400
G1 X19.700 Y-1.400
G1 X19.700 Y0.000
G1 X19.300 Y0.000
G1 X19.300 Y1.000
G1 X7.300 Y1.000
G1 X7.300 Y-1.000
G1 X12.300 Y-1.000
G1 X12.300 Y-6.000
G1 X14.300 Y-6.000
G1 X14.300 Y-1.000
G1 X19.300 Y-1.000
G1 X19.300 Y0.000
G1 X18.900 Y0.000
G1 X18.900 Y0.600
G1 X7.700 Y0.600
G1 X7.700 Y-0.600
G1 X12.700 Y-0.600
G1 X12.700 Y-5.600
G1 X13.900 Y-5.600
G1 X13.900 Y-0.600
G1 X18.900 Y-0.600
G1 X18.900 Y-0.000
G1 X18.500 Y0.000
G1 X18.500 Y0.200
G1 X8.100 Y0.200
G1 X8.100 Y-0.200
G1 X13.100 Y-0.200
G1 X13.100 Y-5.200
G1 X13.500 Y-5.200
G1 X13.500 Y-0.200
G1 X18.500 Y-0.200
G1 X18.500 Y-0.000
G1 X18.100 Y0.000
G1 X18.100 Y0.000 Z0.700
G1 X18.100 Y0.000
G1 X18.500 Y-0.000
G1 X18.500 Y-0.200
G1 X13.500 Y-0.200
G1 X13.500 Y-5.200
G1 X13.100 Y-5.200
G1 X13.100 Y-0.200
G1 X8.100 Y-0.200
G1 X8.100 Y0.200
G1 X18.500 Y0.200
G1 X18.500 Y0.000
G1 X18.900 Y-0.000
G1 X18.900 Y-0.600
G1 X13.900 Y-0.600
G1 X13.900 Y-5.600
G1 X12.700 Y-5.600
G1 X12.700 Y-0.600
G1 X7.700 Y-0.600
G1 X7.700 Y0.600
G1 X18.900 Y0.600
G1 X18.900 Y0.000
G1 X19.300 Y0.000
G1 X19.300 Y-1.000
G1 X14.300 Y-1.000
G1 X14.300 Y-6.000
G1 X12.300 Y-6.000
G1 X12.300 Y-1.000
G1 X7.300 Y-1.000
G1 X7.300 Y1.000
G1 X19.300 Y1.000
G1 X19.300 Y0.000
G1 X19.700 Y0.000
G1 X19.700 Y-1.400
G1 X14.700 Y-1.400
G1 X14.700 Y-6.400
G1 X11.900 Y-6.400
G1 X11.900 Y-1.400
G1 X6.900 Y-1.400
G1 X6.900 Y1.400
G1 X19.700 Y1.400
G1 X19.700 Y0.000
G1 X20.100 Y0.000
G1 X20.100 Y-1.800
G1 X15.100 Y-1.800
G1 X15.100 Y-6.800
G1 X11.500 Y-6.800
G1 X11.500 Y-1.800
G1 X6.500 Y-1.800
G1 X6.500 Y1.800
G1 X20.100 Y1.800
G1 X20.100 Y0.000
G1 X20.500 Y-0.000
G1 X20.500 Y-2.200
G1 X15.500 Y-2.200
G1 X15.500 Y-7.200
G1 X11.100 Y-7.200
G1 X11.100 Y-2.200
G1 X6.100 Y-2.200
G1 X6.100 Y2.200
G1 X20.500 Y2.200
G1 X20.500 Y0.000
G1 X20.900 Y0.000
G1 X20.900 Y-2.600
G1 X15.900 Y-2.600
G1 X15.900 Y-7.600
G1 X10.700 Y-7.600
G1 X10.700 Y-2.600
G1 X5.700 Y-2.600
G1 X5.700 Y2.600
G1 X20.900 Y2.600
G1 X20.900 Y0.000
G1 X21.300 Y0.000
G1 X21.300 Y-3.000
G1 X16.300 Y-3.000
G1 X16.300 Y-8.000
G1 X10.300 Y-8.000
G1 X10.300 Y-3.000
G1 X5.300 Y-3.000
G1 X5.300 Y3.000
G1 X21.300 Y3.000
G1 X21.300 Y0.000
G1 X21.700 Y0.000
G1 X21.700 Y-3.400
G1 X16.700 Y-3.400
G1 X16.700 Y-8.400
G1 X9.900 Y-8.400
G1 X9.900 Y-3.400
G1 X4.900 Y-3.400
G1 X4.900 Y3.400
G1 X21.700 Y3.400
G1 X21.700 Y0.000
G1 X22.100 Y-0.000
G1 X22.100 Y-3.800
G1 X17.100 Y-3.800
G1 X17.100 Y-8.800
G1 X9.500 Y-8.800
G1 X9.500 Y-3.800
G1 X4.500 Y-3.800
G1 X4.500 Y3.800
G1 X22.100 Y3.800
G1 X22.100 Y0.000
G1 X22.500 Y0.000
G1 X22.500 Y-4.200
G1 X17.500 Y-4.200
G1 X17.500 Y-9.200
G1 X9.100 Y-9.200
G1 X9.100 Y-4.200
G1 X4.100 Y-4.200
G1 X4.100 Y4.200
G1 X22.500 Y4.200
G1 X22.500 Y0.000
G1 X22.900 Y0.000
G1 X22.900 Y-4.600
G1 X17.900 Y-4.600
G1 X17.900 Y-9.600
G1 X8.700 Y-9.600
G1 X8.700 Y-4.600
G1 X3.700 Y-4.600
G1 X3.700 Y4.600
G1 X22.900 Y4.600
G1 X22.900 Y0.000
G1 X23.300 Y0.000
G1 X23.300 Y-5.000
G1 X18.300 Y-5.000
G1 X18.300 Y-10.000
G1 X8.300 Y-10.000
G1 X8.300 Y-5.000
G1 X3.300 Y-5.000
G1 X3.300 Y5.000
G1 X23.300 Y5.000
G1 X23.300 Y0.000
G1 X23.700 Y0.000
G1 X23.700 Y-5.400
G1 X18.700 Y-5.400
G1 X18.700 Y-10.400
G1 X7.900 Y-10.400
G1 X7.900 Y-5.400
G1 X2.900 Y-5.400
G1 X2.900 Y5.400
G1 X23.700 Y5.400
G1 X23.700 Y0.000
G1 X24.100 Y0.000
G1 X24.100 Y-5.800
G1 X19.100 Y-5.800
G1 X19.100 Y-10.800
G1 X7.500 Y-10.800
G1 X7.500 Y-5.800
G1 X2.500 Y-5.800
G1 X2.500 Y5.800
G1 X24.100 Y5.800
G1 X24.100 Y0.000
G1 X24.500 Y0.000
G1 X24.500 Y-6.200
G1 X19.500 Y-6.200
G1 X19.500 Y-11.200
G1 X7.100 Y-11.200
G1 X7.100 Y-6.200
G1 X2.100 Y-6.200
G1 X2.100 Y6.200
G1 X24.500 Y6.200
G1 X24.500 Y0.000
G1 X24.900 Y0.000
G1 X24.900 Y-6.600
G1 X19.900 Y-6.600
G1 X19.900 Y-11.600
G1 X6.700 Y-11.600
G1 X6.700 Y-6.600
G1 X1.700 Y-6.600
G1 X1.700 Y6.600
G1 X24.900 Y6.600
G1 X24.900 Y0.000
G1 X25.300 Y0.000
G1 X25.300 Y-7.000
G1 X20.300 Y-7.000
G1 X20.300 Y-12.000
G1 X6.300 Y-12.000
G1 X6.300 Y-7.000
G1 X1.300 Y-7.000
G1 X1.300 Y7.000
G1 X25.300 Y7.000
G1 X25.300 Y0.000
G1 X25.700 Y0.000
G1 X25.700 Y-7.400
G1 X20.700 Y-7.400
G1 X20.700 Y-12.400
G1 X5.900 Y-12.400
G1 X5.900 Y-7.400
G1 X0.900 Y-7.400
G1 X0.900 Y7.400
G1 X25.700 Y7.400
G1 X25.700 Y0.000
G1 X26.100 Y0.000
G1 X26.100 Y-7.800
G1 X21.100 Y-7.800
G1 X21.100 Y-12.800
G1 X5.500 Y-12.800
G1 X5.500 Y-7.800
G1 X0.500 Y-7.800
G1 X0.500 Y7.800
G1 X26.100 Y7.800
G1 X26.100 Y0.000 Z0.700
M9
G1 Z10.000
G1 X47.700 Y0.000
G1 Z0.300
M7
G4 P150
G1 X47.700 Y0.000 Z0.300
G1 X47.700 Y7.800
G1 X27.100 Y7.800
G1 X27.100 Y-7.800
G1 X47.700 Y-7.800
G1 X47.700 Y0.000
G1 X47.300 Y0.000
G1 X47.300 Y7.400
G1 X27.500 Y7.400
G1 X27.500 Y-7.400
G1 X47.300 Y-7.400
G1 X47.300 Y0.000
G1 X46.900 Y0.000
G1 X46.900 Y7.000
G1 X27.900 Y7.000
G1 X27.900 Y-7.000
G1 X46.900 Y-7.000
G1 X46.900 Y0.000
G1 X46.500 Y0.000
G1 X46.500 Y6.600
G1 X28.300 Y6.600
G1 X28.300 Y-6.600
G1 X46.500 Y-6.600
G1 X46.500 Y0.000
G1 X46.100 Y0.000
G1 X46.100 Y6.200
G1 X28.700 Y6.200
G1 X28.700 Y-6.200
G1 X46.100 Y-6.200
G1 X46.100 Y0.000
G1 X45.700 Y0.000
G1 X45.700 Y5.800
G1 X29.100 Y5.800
G1 X29.100 Y-5.800
G1 X45.700 Y-5.800
G1 X45.700 Y0.000
G1 X45.300 Y0.000
G1 X45.300 Y5.400
G1 X29.500 Y5.400
G1 X29.500 Y-5.400
G1 X45.300 Y-5.400
G1 X45.300 Y0.000
G1 X44.900 Y0.000
G1 X44.900 Y5.000
G1 X29.900 Y5.000
G1 X29.900 Y-5.000
G1 X44.900 Y-5.000
G1 X44.900 Y0.000
G1 X44.500 Y0.000
G1 X44.500 Y4.600
G1 X30.300 Y4.600
G1 X30.300 Y-4.600
G1 X44.500 Y-4.600
G1 X44.500 Y0.000
G1 X44.100 Y0.000
G1 X44.100 Y4.200
G1 X30.700 Y4.200
G1 X30.700 Y-4.200
G1 X44.100 Y-4.200
G1 X44.100 Y0.000
G1 X43.700 Y0.000
G1 X43.700 Y3.800
G1 X31.100 Y3.800
G1 X31.100 Y-3.800
G1 X43.700 Y-3.800
G1 X43.700 Y0.000
G1 X43.300 Y0.000
G1 X43.300 Y3.400
G1 X31.500 Y3.400
G1 X31.500 Y-3.400
G1 X43.300 Y-3.400
G1 X43.300 Y0.000
G1 X42.900 Y0.000
G1 X42.900 Y3.000
G1 X31.900 Y3.000
G1 X31.900 Y-3.000
G1 X42.900 Y-3.000
G1 X42.900 Y0.000
G1 X42.500 Y0.000
G1 X42.500 Y2.600
G1 X32.300 Y2.600
G1 X32.300 Y-2.600
G1 X42.500 Y-2.600
G1 X42.500 Y0.000
G1 X42.100 Y0.000
G1 X42.100 Y2.200
G1 X32.700 Y2.200
G1 X32.700 Y-2.200
G1 X42.100 Y-2.200
G1 X42.100 Y0.000
G1 X41.700 Y0.000
G1 X41.700 Y1.800
G1 X33.100 Y1.800
G1 X33.100 Y-1.800
G1 X41.700 Y-1.800
G1 X41.700 Y0.000
G1 X41.300 Y0.000
G1 X41.300 Y1.400
G1 X33.500 Y1.400
G1 X33.500 Y-1.400
G1 X41.300 Y-1.400
G1 X41.300 Y0.000
G1 X40.900 Y0.000
G1 X40.900 Y1.000
G1 X33.900 Y1.000
G1 X33.900 Y-1.000
G1 X40.900 Y-1.000
G1 X40.900 Y0.000
G1 X40.500 Y0.000
G1 X40.500 Y0.600
G1 X34.300 Y0.600
G1 X34.300 Y-0.600
G1 X40.500 Y-0.600
G1 X40.500 Y0.000
G1 X40.100 Y0.000
G1 X40.100 Y0.200
G1 X34.700 Y0.200
G1 X34.700 Y-0.200
G1 X40.100 Y-0.200
G1 X40.100 Y0.000
G1 X39.700 Y0.000
G1 X39.700 Y0.000 Z0.700
G1 X39.700 Y0.000
G1 X40.100 Y0.000
G1 X40.100 Y-0.200
G1 X34.700 Y-0.200
G1 X34.700 Y0.200
G1 X40.100 Y0.200
G1 X40.100 Y0.000
G1 X40.500 Y0.000
G1 X40.500 Y-0.600
G1 X34.300 Y-0.600
G1 X34.300 Y0.600
G1 X40.500 Y0.600
G1 X40.500 Y0.000
G1 X40.900 Y0.000
G1 X40.900 Y-1.000
G1 X33.900 Y-1.000
G1 X33.900 Y1.000
G1 X40.900 Y1.000
G1 X40.900 Y0.000
G1 X41.300 Y0.000
G1 X41.300 Y-1.400
G1 X33.500 Y-1.400
G1 X33.500 Y1.400
G1 X41.300 Y1.400
G1 X41.300 Y0.000
G1 X41.700 Y0.000
G1 X41.700 Y-1.800
G1 X33.100 Y-1.800
G1 X33.100 Y1.800
G1 X41.700 Y1.800
G1 X41.700 Y0.000
G1 X42.100 Y0.000
G1 X42.100 Y-2.200
G1 X32.700 Y-2.200
G1 X32.700 Y2.200
G1 X42.100 Y2.200
G1 X42.100 Y0.000
G1 X42.500 Y0.000
G1 X42.500 Y-2.600
G1 X32.300 Y-2.600
G1 X32.300 Y2.600
G1 X42.500 Y2.600
G1 X42.500 Y0.000
G1 X42.900 Y0.000
G1 X42.900 Y-3.000
G1 X31.900 Y-3.000
G1 X31.900 Y3.000
G1 X42.900 Y3.000
G1 X42.900 Y0.000
G1 X43.300 Y0.000
G1 X43.300 Y-3.400
G1 X31.500 Y-3.400
G1 X31.500 Y3.400
G1 X43.300 Y3.400
G1 X43.300 Y0.000
G1 X43.700 Y0.000
G1 X43.700 Y-3.800
G1 X31.100 Y-3.800
G1 X31.100 Y3.800
G1 X43.700 Y3.800
G1 X43.700 Y0.000
G1 X44.100 Y0.000
G1 X44.100 Y-4.200
G1 X30.700 Y-4.200
G1 X30.700 Y4.200
G1 X44.100 Y4.200
G1 X44.100 Y0.000
G1 X44.500 Y0.000
G1 X44.500 Y-4.600
G1 X30.300 Y-4.600
G1 X30.300 Y4.600
G1 X44.500 Y4.600
G1 X44.500 Y0.000
G1 X44.900 Y0.000
G1 X44.900 Y-5.000
G1 X29.900 Y-5.000
G1 X29.900 Y5.000
G1 X44.900 Y5.000
G1 X44.900 Y0.000
G1 X45.300 Y0.000
G1 X45.300 Y-5.400
G1 X29.500 Y-5.400
G1 X29.500 Y5.400
G1 X45.300 Y5.400
G1 X45.300 Y0.000
G1 X45.700 Y0.000
G1 X45.700 Y-5.800
G1 X29.100 Y-5.800
G1 X29.100 Y5.800
G1 X45.700 Y5.800
G1 X45.700 Y0.000
G1 X46.100 Y0.000
G1 X46.100 Y-6.200
G1 X28.700 Y-6.200
G1 X28.700 Y6.200
G1 X46.100 Y6.200
G1 X46.100 Y0.000
G1 X46.500 Y0.000
G1 X46.500 Y-6.600
G1 X28.300 Y-6.600
G1 X28.300 Y6.600
G1 X46.500 Y6.600
G1 X46.500 Y0.000
G1 X46.900 Y0.000
G1 X46.900 Y-7.000
G1 X27.900 Y-7.000
G1 X27.900 Y7.000
G1 X46.900 Y7.000
G1 X46.900 Y0.000
G1 X47.300 Y0.000
G1 X47.300 Y-7.400
G1 X27.500 Y-7.400
G1 X27.500 Y7.400
G1 X47.300 Y7.400
G1 X47.300 Y0.000
G1 X47.700 Y0.000
G1 X47.700 Y-7.800
G1 X27.100 Y-7.800
G1 X27.100 Y7.800
G1 X47.700 Y7.800
G1 X47.700 Y0.000 Z0.700
M9
G1 Z10.000
G1 X-13.300 Y13.800
G1 Z0.300
M7
G4 P150
G1 X-13.300 Y13.800 Z0.300
G1 X-5.500 Y13.800
G1 X-5.500 Y34.400
G1 X-21.100 Y34.400
G1 X-21.100 Y13.800
G1 X-13.300 Y13.800
G1 X-13.300 Y14.200
G1 X-5.900 Y14.200
G1 X-5.900 Y34.000
G1 X-20.700 Y34.000
G1 X-20.700 Y14.200
G1 X-13.300 Y14.200
G1 X-13.300 Y14.600
G1 X-6.300 Y14.600
G1 X-6.300 Y33.600
G1 X-20.300 Y33.600
G1 X-20.300 Y14.600
G1 X-13.300 Y14.600
G1 X-13.300 Y15.000
G1 X-6.700 Y15.000
G1 X-6.700 Y33.200
G1 X-19.900 Y33.200
G1 X-19.900 Y15.000
G1 X-13.300 Y15.000
G1 X-13.300 Y15.400
G1 X-7.100 Y15.400
G1 X-7.100 Y32.800
G1 X-19.500 Y32.800
G1 X-19.500 Y15.400
G1 X-13.300 Y15.400
G1 X-13.300 Y15.800
G1 X-7.500 Y15.800
G1 X-7.500 Y32.400
G1 X-19.100 Y32.400
G1 X-19.100 Y15.800
G1 X-13.300 Y15.800
G1 X-13.300 Y16.200
G1 X-7.900 Y16.200
G1 X-7.900 Y32.000
G1 X-18.700 Y32.000
G1 X-18.700 Y16.200
G1 X-13.300 Y16.200
G1 X-13.300 Y16.600
G1 X-8.300 Y16.600
G1 X-8.300 Y31.600
G1 X-18.300 Y31.600
G1 X-18.300 Y16.600
G1 X-13.300 Y16.600
G1 X-13.300 Y17.000
G1 X-8.700 Y17.000
G1 X-8.700 Y31.200
G1 X-17.900 Y31.200
G1 X-17.900 Y17.000
G1 X-13.300 Y17.000
G1 X-13.300 Y17.400
G1 X-9.100 Y17.400
G1 X-9.100 Y30.800
G1 X-17.500 Y30.800
G1 X-17.500 Y17.400
G1 X-13.300 Y17.400
G1 X-13.300 Y17.800
G1 X-9.500 Y17.800
G1 X-9.500 Y30.400
G1 X-17.100 Y30.400
G1 X-17.100 Y17.800
G1 X-13.300 Y17.800
G1 X-13.300 Y18.200
G1 X-9.900 Y18.200
G1 X-9.900 Y30.000
G1 X-16.700 Y30.000
G1 X-16.700 Y18.200
G1 X-13.300 Y18.200
G1 X-13.300 Y18.600
G1 X-10.300 Y18.600
G1 X-10.300 Y29.600
G1 X-16.300 Y29.600
G1 X-16.300 Y18.600
G1 X-13.300 Y18.600
G1 X-13.300 Y19.000
G1 X-10.700 Y19.000
G1 X-10.700 Y29.200
G1 X-15.900 Y29.200
G1 X-15.900 Y19.000
G1 X-13.300 Y19.000
G1 X-13.300 Y19.400
G1 X-11.100 Y19.400
G1 X-11.100 Y28.800
G1 X-15.500 Y28.800
G1 X-15.500 Y19.400
G1 X-13.300 Y19.400
G1 X-13.300 Y19.800
G1 X-11.500 Y19.800
G1 X-11.500 Y28.400
G1 X-15.100 Y28.400
G1 X-15.100 Y19.800
G1 X-13.300 Y19.800
G1 X-13.300 Y20.200
G1 X-11.900 Y20.200
G1 X-11.900 Y28.000
G1 X-14.700 Y28.000
G1 X-14.700 Y20.200
G1 X-13.300 Y20.200
G1 X-13.300 Y20.600
G1 X-12.300 Y20.600
G1 X-12.300 Y27.600
G1 X-14.300 Y27.600
G1 X-14.300 Y20.600
G1 X-13.300 Y20.600
G1 X-13.300 Y21.000
G1 X-12.700 Y21.000
G1 X-12.700 Y27.200
G1 X-13.900 Y27.200
G1 X-13.900 Y21.000
G1 X-13.300 Y21.000
G1 X-13.300 Y21.400
G1 X-13.100 Y21.400
G1 X-13.100 Y26.800
G1 X-13.500 Y26.800
G1 X-13.500 Y21.400
G1 X-13.300 Y21.400
G1 X-13.300 Y21.800
G1 X-13.300 Y21.800 Z0.700
G1 X-13.300 Y21.800
G1 X-13.300 Y21.400
G1 X-13.500 Y21.400
G1 X-13.500 Y26.800
G1 X-13.100 Y26.800
G1 X-13.100 Y21.400
G1 X-13.300 Y21.400
G1 X-13.300 Y21.000
G1 X-13.900 Y21.000
G1 X-13.900 Y27.200
G1 X-12.700 Y27.200
G1 X-12.700 Y21.000
G1 X-13.300 Y21.000
G1 X-13.300 Y20.600
G1 X-14.300 Y20.600
G1 X-14.300 Y27.600
G1 X-12.300 Y27.600
G1 X-12.300 Y20.600
G1 X-13.300 Y20.600
G1 X-13.300 Y20.200
G1 X-14.700 Y20.200
G1 X-14.700 Y28.000
G1 X-11.900 Y28.000
G1 X-11.900 Y20.200
G1 X-13.300 Y20.200
G1 X-13.300 Y19.800
G1 X-15.100 Y19.800
G1 X-15.100 Y28.400
G1 X-11.500 Y28.400
G1 X-11.500 Y19.800
G1 X-13.300 Y19.800
G1 X-13.300 Y19.400
G1 X-15.500 Y19.400
G1 X-15.500 Y28.800
G1 X-11.100 Y28.800
G1 X-11.100 Y19.400
G1 X-13.300 Y19.400
G1 X-13.300 Y19.000
G1 X-15.900 Y19.000
G1 X-15.900 Y29.200
G1 X-10.700 Y29.200
G1 X-10.700 Y19.000
G1 X-13.300 Y19.000
G1 X-13.300 Y18.600
G1 X-16.300 Y18.600
G1 X-16.300 Y29.600
G1 X-10.300 Y29.600
G1 X-10.300 Y18.600
G1 X-13.300 Y18.600
G1 X-13.300 Y18.200
G1 X-16.700 Y18.200
G1 X-16.700 Y30.000
G1 X-9.900 Y30.000
G1 X-9.900 Y18.200
G1 X-13.300 Y18.200
G1 X-13.300 Y17.800
G1 X-17.100 Y17.800
G1 X-17.100 Y30.400
G1 X-9.500 Y30.400
G1 X-9.500 Y17.800
G1 X-13.300 Y17.800
G1 X-13.300 Y17.400
G1 X-17.500 Y17.400
G1 X-17.500 Y30.800
G1 X-9.100 Y30.800
G1 X-9.100 Y17.400
G1 X-13.300 Y17.400
G1 X-13.300 Y17.000
G1 X-17.900 Y17.000
G1 X-17.900 Y31.200
G1 X-8.700 Y31.200
G1 X-8.700 Y17.000
G1 X-13.300 Y17.000
G1 X-13.300 Y16.600
G1 X-18.300 Y16.600
G1 X-18.300 Y31.600
G1 X-8.300 Y31.600
G1 X-8.300 Y16.600
G1 X-13.300 Y16.600
G1 X-13.300 Y16.200
G1 X-18.700 Y16.200
G1 X-18.700 Y32.000
G1 X-7.900 Y32.000
G1 X-7.900 Y16.200
G1 X-13.300 Y16.200
G1 X-13.300 Y15.800
G1 X-19.100 Y15.800
G1 X-19.100 Y32.400
G1 X-7.500 Y32.400
G1 X-7.500 Y15.800
G1 X-13.300 Y15.800
G1 X-13.300 Y15.400
G1 X-19.500 Y15.400
G1 X-19.500 Y32.800
G1 X-7.100 Y32.800
G1 X-7.100 Y15.400
G1 X-13.300 Y15.400
G1 X-13.300 Y15.000
G1 X-19.900 Y15.000
G1 X-19.900 Y33.200
G1 X-6.700 Y33.200
G1 X-6.700 Y15.000
G1 X-13.300 Y15.000
G1 X-13.300 Y14.600
G1 X-20.300 Y14.600
G1 X-20.300 Y33.600
G1 X-6.300 Y33.600
G1 X-6.300 Y14.600
G1 X-13.300 Y14.600
G1 X-13.300 Y14.200
G1 X-20.700 Y14.200
G1 X-20.700 Y34.000
G1 X-5.900 Y34.000
G1 X-5.900 Y14.200
G1 X-13.300 Y14.200
G1 X-13.300 Y13.800
G1 X-21.100 Y13.800
G1 X-21.100 Y34.400
G1 X-5.500 Y34.400
G1 X-5.500 Y13.800
G1 X-13.300 Y13.800 Z0.700
M9
G1 Z10.000
G1 X13.300 Y-13.800
G1 Z0.300
M7
G4 P150
G1 X13.300 Y-13.800 Z0.300
G1 X5.500 Y-13.800
G1 X5.500 Y-34.400
G1 X21.100 Y-34.400
G1 X21.100 Y-13.800
G1 X13.300 Y-13.800
G1 X13.300 Y-14.200
G1 X5.900 Y-14.200
G1 X5.900 Y-34.000
G1 X20.700 Y-34.000
G1 X20.700 Y-14.200
G1 X13.300 Y-14.200
G1 X13.300 Y-14.600
G1 X6.300 Y-14.600
G1 X6.300 Y-33.600
G1 X20.300 Y-33.600
G1 X20.300 Y-14.600
G1 X13.300 Y-14.600
G1 X13.300 Y-15.000
G1 X6.700 Y-15.000
G1 X6.700 Y-33.200
G1 X19.900 Y-33.200
G1 X19.900 Y-15.000
G1 X13.300 Y-15.000
G1 X13.300 Y-15.400
G1 X7.100 Y-15.400
G1 X7.100 Y-32.800
G1 X19.500 Y-32.800
G1 X19.500 Y-15.400
G1 X13.300 Y-15.400
G1 X13.300 Y-15.800
G1 X7.500 Y-15.800
G1 X7.500 Y-32.400
G1 X19.100 Y-32.400
G1 X19.100 Y-15.800
G1 X13.300 Y-15.800
G1 X13.300 Y-16.200
G1 X7.900 Y-16.200
G1 X7.900 Y-32.000
G1 X18.700 Y-32.000
G1 X18.700 Y-16.200
G1 X13.300 Y-16.200
G1 X13.300 Y-16.600
G1 X8.300 Y-16.600
G1 X8.300 Y-31.600
G1 X18.300 Y-31.600
G1 X18.300 Y-16.600
G1 X13.300 Y-16.600
G1 X13.300 Y-17.000
G1 X8.700 Y-17.000
G1 X8.700 Y-31.200
G1 X17.900 Y-31.200
G1 X17.900 Y-17.000
G1 X13.300 Y-17.000
G1 X13.300 Y-17.400
G1 X9.100 Y-17.400
G1 X9.100 Y-30.800
G1 X17.500 Y-30.800
G1 X17.500 Y-17.400
G1 X13.300 Y-17.400
G1 X13.300 Y-17.800
G1 X9.500 Y-17.800
G1 X9.500 Y-30.400
G1 X17.100 Y-30.400
G1 X17.100 Y-17.800
G1 X13.300 Y-17.800
G1 X13.300 Y-18.200
G1 X9.900 Y-18.200
G1 X9.900 Y-30.000
G1 X16.700 Y-30.000
G1 X16.700 Y-18.200
G1 X13.300 Y-18.200
G1 X13.300 Y-18.600
G1 X10.300 Y-18.600
G1 X10.300 Y-29.600
G1 X16.300 Y-29.600
G1 X16.300 Y-18.600
G1 X13.300 Y-18.600
G1 X13.300 Y-19.000
G1 X10.700 Y-19.000
G1 X10.700 Y-29.200
G1 X15.900 Y-29.200
G1 X15.900 Y-19.000
G1 X13.300 Y-19.000
G1 X13.300 Y-19.400
G1 X11.100 Y-19.400
G1 X11.100 Y-28.800
G1 X15.500 Y-28.800
G1 X15.500 Y-19.400
G1 X13.300 Y-19.400
G1 X13.300 Y-19.800
G1 X11.500 Y-19.800
G1 X11.500 Y-28.400
G1 X15.100 Y-28.400
G1 X15.100 Y-19.800
G1 X13.300 Y-19.800
G1 X13.300 Y-20.200
G1 X11.900 Y-20.200
G1 X11.900 Y-28.000
G1 X14.700 Y-28.000
G1 X14.700 Y-20.200
G1 X13.300 Y-20.200
G1 X13.300 Y-20.600
G1 X12.300 Y-20.600
G1 X12.300 Y-27.600
G1 X14.300 Y-27.600
G1 X14.300 Y-20.600
G1 X13.300 Y-20.600
G1 X13.300 Y-21.000
G1 X12.700 Y-21.000
G1 X12.700 Y-27.200
G1 X13.900 Y-27.200
G1 X13.900 Y-21.000
G1 X13.300 Y-21.000
G1 X13.300 Y-21.400
G1 X13.100 Y-21.400
G1 X13.100 Y-26.800
G1 X13.500 Y-26.800
G1 X13.500 Y-21.400
G1 X13.300 Y-21.400
G1 X13.300 Y-21.800
G1 X13.300 Y-21.800 Z0.700
G1 X13.300 Y-21.800
G1 X13.300 Y-21.400
G1 X13.500 Y-21.400
G1 X13.500 Y-26.800
G1 X13.100 Y-26.800
G1 X13.100 Y-21.400
G1 X13.300 Y-21.400
G1 X13.300 Y-21.000
G1 X13.900 Y-21.000
G1 X13.900 Y-27.200
G1 X12.700 Y-27.200
G1 X12.700 Y-21.000
G1 X13.300 Y-21.000
G1 X13.300 Y-20.600
G1 X14.300 Y-20.600
G1 X14.300 Y-27.600
G1 X12.300 Y-27.600
G1 X12.300 Y-20.600
G1 X13.300 Y-20.600
G1 X13.300 Y-20.200
G1 X14.700 Y-20.200
G1 X14.700 Y-28.000
G1 X11.900 Y-28.000
G1 X11.900 Y-20.200
G1 X13.300 Y-20.200
G1 X13.300 Y-19.800
G1 X15.100 Y-19.800
G1 X15.100 Y-28.400
G1 X11.500 Y-28.400
G1 X11.500 Y-19.800
G1 X13.300 Y-19.800
G1 X13.300 Y-19.400
G1 X15.500 Y-19.400
G1 X15.500 Y-28.800
G1 X11.100 Y-28.800
G1 X11.100 Y-19.400
G1 X13.300 Y-19.400
G1 X13.300 Y-19.000
G1 X15.900 Y-19.000
G1 X15.900 Y-29.200
G1 X10.700 Y-29.200
G1 X10.700 Y-19.000
G1 X13.300 Y-19.000
G1 X13.300 Y-18.600
G1 X16.300 Y-18.600
G1 X16.300 Y-29.600
G1 X10.300 Y-29.600
G1 X10.300 Y-18.600
G1 X13.300 Y-18.600
G1 X13.300 Y-18.200
G1 X16.700 Y-18.200
G1 X16.700 Y-30.000
G1 X9.900 Y-30.000
G1 X9.900 Y-18.200
G1 X13.300 Y-18.200
G1 X13.300 Y-17.800
G1 X17.100 Y-17.800
G1 X17.100 Y-30.400
G1 X9.500 Y-30.400
G1 X9.500 Y-17.800
G1 X13.300 Y-17.800
G1 X13.300 Y-17.400
G1 X17.500 Y-17.400
G1 X17.500 Y-30.800
G1 X9.100 Y-30.800
G1 X9.100 Y-17.400
G1 X13.300 Y-17.400
G1 X13.300 Y-17.000
G1 X17.900 Y-17.000
G1 X17.900 Y-31.200
G1 X8.700 Y-31.200
G1 X8.700 Y-17.000
G1 X13.300 Y-17.000
G1 X13.300 Y-16.600
G1 X18.300 Y-16.600
G1 X18.300 Y-31.600
G1 X8.300 Y-31.600
G1 X8.300 Y-16.600
G1 X13.300 Y-16.600
G1 X13.300 Y-16.200
G1 X18.700 Y-16.200
G1 X18.700 Y-32.000
G1 X7.900 Y-32.000
G1 X7.900 Y-16.200
G1 X13.300 Y-16.200
G1 X13.300 Y-15.800
G1 X19.100 Y-15.800
G1 X19.100 Y-32.400
G1 X7.500 Y-32.400
G1 X7.500 Y-15.800
G1 X13.300 Y-15.800
G1 X13.300 Y-15.400
G1 X19.500 Y-15.400
G1 X19.500 Y-32.800
G1 X7.100 Y-32.800
G1 X7.100 Y-15.400
G1 X13.300 Y-15.400
G1 X13.300 Y-15.000
G1 X19.900 Y-15.000
G1 X19.900 Y-33.200
G1 X6.700 Y-33.200
G1 X6.700 Y-15.000
G1 X13.300 Y-15.000
G1 X13.300 Y-14.600
G1 X20.300 Y-14.600
G1 X20.300 Y-33.600
G1 X6.300 Y-33.600
G1 X6.300 Y-14.600
G1 X13.300 Y-14.600
G1 X13.300 Y-14.200
G1 X20.700 Y-14.200
G1 X20.700 Y-34.000
G1 X5.900 Y-34.000
G1 X5.900 Y-14.200
G1 X13.300 Y-14.200
G1 X13.300 Y-13.800
G1 X21.100 Y-13.800
G1 X21.100 Y-34.400
G1 X5.500 Y-34.400
G1 X5.500 Y-13.800
G1 X13.300 Y-13.800 Z0.700
M9
G1 Z10.000
G1 X-47.700 Y0.000
G1 Z1.100
M7
G4 P150
G1 X-47.700 Y0.000 Z1.100
G1 X-47.700 Y-7.800
G1 X5.500 Y-7.800
G1 X5.500 Y-34.400
G1 X21.100 Y-34.400
G1 X21.100 Y-7.800
G1 X47.700 Y-7.800
G1 X47.700 Y7.800
G1 X-5.500 Y7.800
G1 X-5.500 Y34.400
G1 X-21.100 Y34.400
G1 X-21.100 Y7.800
G1 X-47.700 Y7.800
G1 X-47.700 Y0.000
G1 X-47.300 Y0.000
G1 X-47.300 Y-7.400
G1 X5.900 Y-7.400
G1 X5.900 Y-34.000
G1 X20.700 Y-34.000
G1 X20.700 Y-7.400
G1 X47.300 Y-7.400
G1 X47.300 Y7.400
G1 X-5.900 Y7.400
G1 X-5.900 Y34.000
G1 X-20.700 Y34.000
G1 X-20.700 Y7.400
G1 X-47.300 Y7.400
G1 X-47.300 Y-0.000
G1 X-46.900 Y0.000
G1 X-46.900 Y-7.000
G1 X6.300 Y-7.000
G1 X6.300 Y-33.600
G1 X20.300 Y-33.600
G1 X20.300 Y-7.000
G1 X46.900 Y-7.000
G1 X46.900 Y7.000
G1 X-6.300 Y7.000
G1 X-6.300 Y33.600
G1 X-20.300 Y33.600
G1 X-20.300 Y7.000
G1 X-46.900 Y7.000
G1 X-46.900 Y0.000
G1 X-46.500 Y0.000
G1 X-46.500 Y-6.600
G1 X6.700 Y-6.600
G1 X6.700 Y-33.200
G1 X19.900 Y-33.200
G1 X19.900 Y-6.600
G1 X46.500 Y-6.600
G1 X46.500 Y6.600
G1 X-6.700 Y6.600
G1 X-6.700 Y33.200
G1 X-19.900 Y33.200
G1 X-19.900 Y6.600
G1 X-46.500 Y6.600
G1 X-46.500 Y-0.000
G1 X-46.100 Y0.000
G1 X-46.100 Y-6.200
G1 X7.100 Y-6.200
G1 X7.100 Y-32.800
G1 X19.500 Y-32.800
G1 X19.500 Y-6.200
G1 X46.100 Y-6.200
G1 X46.100 Y6.200
G1 X-7.100 Y6.200
G1 X-7.100 Y32.800
G1 X-19.500 Y32.800
G1 X-19.500 Y6.200
G1 X-46.100 Y6.200
G1 X-46.100 Y0.000
G1 X-45.700 Y0.000
G1 X-45.700 Y-5.800
G1 X7.500 Y-5.800
G1 X7.500 Y-32.400
G1 X19.100 Y-32.400
G1 X19.100 Y-5.800
G1 X45.700 Y-5.800
G1 X45.700 Y5.800
G1 X-7.500 Y5.800
G1 X-7.500 Y32.400
G1 X-19.100 Y32.400
G1 X-19.100 Y5.800
G1 X-45.700 Y5.800
G1 X-45.700 Y-0.000
G1 X-45.300 Y0.000
G1 X-45.300 Y-5.400
G1 X7.900 Y-5.400
G1 X7.900 Y-32.000
G1 X18.700 Y-32.000
G1 X18.700 Y-5.400
G1 X45.300 Y-5.400
G1 X45.300 Y5.400
G1 X-7.900 Y5.400
G1 X-7.900 Y32.000
G1 X-18.700 Y32.000
G1 X-18.700 Y5.400
G1 X-45.300 Y5.400
G1 X-45.300 Y0.000
G1 X-44.900 Y0.000
G1 X-44.900 Y-5.000
G1 X8.300 Y-5.000
G1 X8.300 Y-31.600
G1 X18.300 Y-31.600
G1 X18.300 Y-5.000
G1 X44.900 Y-5.000
G1 X44.900 Y5.000
G1 X-8.300 Y5.000
G1 X-8.300 Y31.600
G1 X-18.300 Y31.600
G1 X-18.300 Y5.000
G1 X-44.900 Y5.000
G1 X-44.900 Y-0.000
G1 X-44.500 Y0.000
G1 X-44.500 Y-4.600
G1 X8.700 Y-4.600
G1 X8.700 Y-31.200
G1 X17.900 Y-31.200
G1 X17.900 Y-4.600
G1 X44.500 Y-4.600
G1 X44.500 Y4.600
G1 X-8.700 Y4.600
G1 X-8.700 Y31.200
G1 X-17.900 Y31.200
G1 X-17.900 Y4.600
G1 X-44.500 Y4.600
G1 X-44.500 Y0.000
G1 X-44.100 Y0.000
G1 X-44.100 Y-4.200
G1 X9.100 Y-4.200
G1 X9.100 Y-30.800
G1 X17.500 Y-30.800
G1 X17.500 Y-4.200
G1 X44.100 Y-4.200
G1 X44.100 Y4.200
G1 X-9.100 Y4.200
G1 X-9.100 Y30.800
G1 X-17.500 Y30.800
G1 X-17.500 Y4.200
G1 X-44.100 Y4.200
G1 X-44.100 Y-0.000
G1 X-43.700 Y0.000
G1 X-43.700 Y-3.800
G1 X9.500 Y-3.800
G1 X9.500 Y-30.400
G1 X17.100 Y-30.400
G1 X17.100 Y-3.800
G1 X43.700 Y-3.800
G1 X43.700 Y3.800
G1 X-9.500 Y3.800
G1 X-9.500 Y30.400
G1 X-17.100 Y30.400
G1 X-17.100 Y3.800
G1 X-43.700 Y3.800
G1 X-43.700 Y0.000
G1 X-43.300 Y0.000
G1 X-43.300 Y-3.400
G1 X9.900 Y-3.400
G1 X9.900 Y-30.000
G1 X16.700 Y-30.000
G1 X16.700 Y-3.400
G1 X43.300 Y-3.400
G1 X43.300 Y3.400
G1 X-9.900 Y3.400
G1 X-9.900 Y30.000
G1 X-16.700 Y30.000
G1 X-16.700 Y3.400
G1 X-43.300 Y3.400
G1 X-43.300 Y-0.000
G1 X-42.900 Y0.000
G1 X-42.900 Y-3.000
G1 X10.300 Y-3.000
G1 X10.300 Y-29.600
G1 X16.300 Y-29.600
G1 X16.300 Y-3.000
G1 X42.900 Y-3.000
G1 X42.900 Y3.000
G1 X-10.300 Y3.000
G1 X-10.300 Y29.600
G1 X-16.300 Y29.600
G1 X-16.300 Y3.000
G1 X-42.900 Y3.000
G1 X-42.900 Y-0.000
G1 X-42.500 Y0.000
G1 X-42.500 Y-2.600
G1 X10.700 Y-2.600
G1 X10.700 Y-29.200
G1 X15.900 Y-29.200
G1 X15.900 Y-2.600
G1 X42.500 Y-2.600
G1 X42.500 Y2.600
G1 X-10.700 Y2.600
G1 X-10.700 Y29.200
G1 X-15.900 Y29.200
G1 X-15.900 Y2.600
G1 X-42.500 Y2.600
G1 X-42.500 Y0.000
G1 X-42.100 Y0.000
G1 X-42.100 Y-2.200
G1 X11.100 Y-2.200
G1 X11.100 Y-28.800
G1 X15.500 Y-28.800
G1 X15.500 Y-2.200
G1 X42.100 Y-2.200
G1 X42.100 Y2.200
G1 X-11.100 Y2.200
G1 X-11.100 Y28.800
G1 X-15.500 Y28.800
G1 X-15.500 Y2.200
G1 X-42.100 Y2.200
G1 X-42.100 Y0.000
G1 X-41.700 Y0.000
G1 X-41.700 Y-1.800
G1 X11.500 Y-1.800
G1 X11.500 Y-28.400
G1 X15.100 Y-28.400
G1 X15.100 Y-1.800
G1 X41.700 Y-1.800
G1 X41.700 Y1.800
G1 X-11.500 Y1.800
G1 X-11.500 Y28.400
G1 X-15.100 Y28.400
G1 X-15.100 Y1.800
G1 X-41.700 Y1.800
G1 X-41.700 Y0.000
G1 X-41.300 Y0.000
G1 X-41.300 Y-1.400
G1 X11.900 Y-1.400
G1 X11.900 Y-28.000
G1 X14.700 Y-28.000
G1 X14.700 Y-1.400
G1 X41.300 Y-1.400
G1 X41.300 Y1.400
G1 X-11.900 Y1.400
G1 X-11.900 Y28.000
G1 X-14.700 Y28.000
G1 X-14.700 Y1.400
G1 X-41.300 Y1.400
G1 X-41.300 Y-0.000
G1 X-40.900 Y0.000
G1 X-40.900 Y-1.000
G1 X12.300 Y-1.000
G1 X12.300 Y-27.600
G1 X14.300 Y-27.600
G1 X14.300 Y-1.000
G1 X40.900 Y-1.000
G1 X40.900 Y1.000
G1 X-12.300 Y1.000
G1 X-12.300 Y27.600
G1 X-14.300 Y27.600
G1 X-14.300 Y1.000
G1 X-40.900 Y1.000
G1 X-40.900 Y-0.000
G1 X-40.500 Y0.000
G1 X-40.500 Y-0.600
G1 X12.700 Y-0.600
G1 X12.700 Y-27.200
G1 X13.900 Y-27.200
G1 X13.900 Y-0.600
G1 X40.500 Y-0.600
G1 X40.500 Y0.600
G1 X-12.700 Y0.600
G1 X-12.700 Y27.200
G1 X-13.900 Y27.200
G1 X-13.900 Y0.600
G1 X-40.500 Y0.600
G1 X-40.500 Y0.000
G1 X-40.100 Y0.000
G1 X-40.100 Y-0.200
G1 X13.100 Y-0.200
G1 X13.100 Y-26.800
G1 X13.500 Y-26.800
G1 X13.500 Y-0.200
G1 X40.100 Y-0.200
G1 X40.100 Y0.200
G1 X-13.100 Y0.200
G1 X-13.100 Y26.800
G1 X-13.500 Y26.800
G1 X-13.500 Y0.200
G1 X-40.100 Y0.200
G1 X-40.100 Y0.000
G1 X-39.700 Y0.000
M9
G1 Z10.000
G1 X-47.700 Y0.000
G1 Z1.500
M7
G4 P150
G1 X-47.700 Y0.000 Z1.500
G1 X-47.700 Y-7.800
G1 X-28.349 Y-7.800
G1 X-28.349 Y7.800
G1 X-47.700 Y7.800
G1 X-47.700 Y0.000
G1 X-47.300 Y0.000
G1 X-47.300 Y-7.400
G1 X-28.749 Y-7.400
G1 X-28.749 Y7.400
G1 X-47.300 Y7.400
G1 X-47.300 Y0.000
G1 X-46.900 Y0.000
G1 X-46.900 Y-7.000
G1 X-29.149 Y-7.000
G1 X-29.149 Y7.000
G1 X-46.900 Y7.000
G1 X-46.900 Y0.000
G1 X-46.500 Y0.000
G1 X-46.500 Y-6.600
G1 X-29.549 Y-6.600
G1 X-29.549 Y6.600
G1 X-46.500 Y6.600
G1 X-46.500 Y0.000
G1 X-46.100 Y0.000
G1 X-46.100 Y-6.200
G1 X-29.949 Y-6.200
G1 X-29.949 Y6.200
G1 X-46.100 Y6.200
G1 X-46.100 Y0.000
G1 X-45.700 Y0.000
G1 X-45.700 Y-5.800
G1 X-30.349 Y-5.800
G1 X-30.349 Y5.800
G1 X-45.700 Y5.800
G1 X-45.700 Y0.000
G1 X-45.300 Y0.000
G1 X-45.300 Y-5.400
G1 X-30.749 Y-5.400
G1 X-30.749 Y5.400
G1 X-45.300 Y5.400
G1 X-45.300 Y0.000
G1 X-44.900 Y0.000
G1 X-44.900 Y-5.000
G1 X-31.149 Y-5.000
G1 X-31.149 Y5.000
G1 X-44.900 Y5.000
G1 X-44.900 Y0.000
G1 X-44.500 Y0.000
G1 X-44.500 Y-4.600
G1 X-31.549 Y-4.600
G1 X-31.549 Y4.600
G1 X-44.500 Y4.600
G1 X-44.500 Y0.000
G1 X-44.100 Y0.000
G1 X-44.100 Y-4.200
G1 X-31.949 Y-4.200
G1 X-31.949 Y4.200
G1 X-44.100 Y4.200
G1 X-44.100 Y0.000
G1 X-43.700 Y0.000
G1 X-43.700 Y-3.800
G1 X-32.349 Y-3.800
G1 X-32.349 Y3.800
G1 X-43.700 Y3.800
G1 X-43.700 Y0.000
G1 X-43.300 Y0.000
G1 X-43.300 Y-3.400
G1 X-32.749 Y-3.400
G1 X-32.749 Y3.400
G1 X-43.300 Y3.400
G1 X-43.300 Y0.000
G1 X-42.900 Y0.000
G1 X-42.900 Y-3.000
G1 X-33.149 Y-3.000
G1 X-33.149 Y3.000
G1 X-42.900 Y3.000
G1 X-42.900 Y0.000
G1 X-42.500 Y0.000
G1 X-42.500 Y-2.600
G1 X-33.549 Y-2.600
G1 X-33.549 Y2.600
G1 X-42.500 Y2.600
G1 X-42.500 Y0.000
G1 X-42.100 Y0.000
G1 X-42.100 Y-2.200
G1 X-33.949 Y-2.200
G1 X-33.949 Y2.200
G1 X-42.100 Y2.200
G1 X-42.100 Y0.000
G1 X-41.700 Y0.000
G1 X-41.700 Y-1.800
G1 X-34.349 Y-1.800
G1 X-34.349 Y1.800
G1 X-41.700 Y1.800
G1 X-41.700 Y0.000
G1 X-41.300 Y0.000
G1 X-41.300 Y-1.400
G1 X-34.749 Y-1.400
G1 X-34.749 Y1.400
G1 X-41.300 Y1.400
G1 X-41.300 Y0.000
G1 X-40.900 Y0.000
G1 X-40.900 Y-1.000
G1 X-35.149 Y-1.000
G1 X-35.149 Y1.000
G1 X-40.900 Y1.000
G1 X-40.900 Y0.000
G1 X-40.500 Y0.000
G1 X-40.500 Y-0.600
G1 X-35.549 Y-0.600
G1 X-35.549 Y0.600
G1 X-40.500 Y0.600
G1 X-40.500 Y0.000
G1 X-40.100 Y0.000
G1 X-40.100 Y-0.200
G1 X-35.949 Y-0.200
G1 X-35.949 Y0.200
G1 X-40.100 Y0.200
G1 X-40.100 Y0.000
G1 X-39.700 Y0.000
G1 X-39.700 Y0.000 Z1.900
G1 X-39.700 Y0.000
G1 X-40.100 Y0.000
G1 X-40.100 Y0.200
G1 X-36.807 Y0.200
G1 X-36.807 Y-0.200
G1 X-40.100 Y-0.200
G1 X-40.100 Y0.000
G1 X-40.500 Y0.000
G1 X-40.500 Y0.600
G1 X-36.407 Y0.600
G1 X-36.407 Y-0.600
G1 X-40.500 Y-0.600
G1 X-40.500 Y0.000
G1 X-40.900 Y0.000
G1 X-40.900 Y1.000
G1 X-36.007 Y1.000
G1 X-36.007 Y-1.000
G1 X-40.900 Y-1.000
G1 X-40.900 Y0.000
G1 X-41.300 Y0.000
G1 X-41.300 Y1.400
G1 X-35.607 Y1.400
G1 X-35.607 Y-1.400
G1 X-41.300 Y-1.400
G1 X-41.300 Y0.000
G1 X-41.700 Y0.000
G1 X-41.700 Y1.800
G1 X-35.207 Y1.800
G1 X-35.207 Y-1.800
G1 X-41.700 Y-1.800
G1 X-41.700 Y0.000
G1 X-42.100 Y0.000
G1 X-42.100 Y2.200
G1 X-34.807 Y2.200
G1 X-34.807 Y-2.200
G1 X-42.100 Y-2.200
G1 X-42.100 Y0.000
G1 X-42.500 Y0.000
G1 X-42.500 Y2.600
G1 X-34.407 Y2.600
G1 X-34.407 Y-2.600
G1 X-42.500 Y-2.600
G1 X-42.500 Y0.000
G1 X-42.900 Y0.000
G1 X-42.900 Y3.000
G1 X-34.007 Y3.000
G1 X-34.007 Y-3.000
G1 X-42.900 Y-3.000
G1 X-42.900 Y0.000
G1 X-43.300 Y0.000
G1 X-43.300 Y3.400
G1 X-33.607 Y3.400
G1 X-33.607 Y-3.400
G1 X-43.300 Y-3.400
G1 X-43.300 Y0.000
G1 X-43.700 Y0.000
G1 X-43.700 Y3.800
G1 X-33.207 Y3.800
G1 X-33.207 Y-3.800
G1 X-43.700 Y-3.800
G1 X-43.700 Y0.000
G1 X-44.100 Y0.000
G1 X-44.100 Y4.200
G1 X-32.807 Y4.200
G1 X-32.807 Y-4.200
G1 X-44.100 Y-4.200
G1 X-44.100 Y0.000
G1 X-44.500 Y0.000
G1 X-44.500 Y4.600
G1 X-32.407 Y4.600
G1 X-32.407 Y-4.600
G1 X-44.500 Y-4.600
G1 X-44.500 Y0.000
G1 X-44.900 Y0.000
G1 X-44.900 Y5.000
G1 X-32.007 Y5.000
G1 X-32.007 Y-5.000
G1 X-44.900 Y-5.000
G1 X-44.900 Y0.000
G1 X-45.300 Y0.000
G1 X-45.300 Y5.400
G1 X-31.607 Y5.400
G1 X-31.607 Y-5.400
G1 X-45.300 Y-5.400
G1 X-45.300 Y0.000
G1 X-45.700 Y0.000
G1 X-45.700 Y5.800
G1 X-31.207 Y5.800
G1 X-31.207 Y-5.800
G1 X-45.700 Y-5.800
G1 X-45.700 Y0.000
G1 X-46.100 Y0.000
G1 X-46.100 Y6.200
G1 X-30.807 Y6.200
G1 X-30.807 Y-6.200
G1 X-46.100 Y-6.200
G1 X-46.100 Y0.000
G1 X-46.500 Y0.000
G1 X-46.500 Y6.600
G1 X-30.407 Y6.600
G1 X-30.407 Y-6.600
G1 X-46.500 Y-6.600
G1 X-46.500 Y0.000
G1 X-46.900 Y0.000
G1 X-46.900 Y7.000
G1 X-30.007 Y7.000
G1 X-30.007 Y-7.000
G1 X-46.900 Y-7.000
G1 X-46.900 Y0.000
G1 X-47.300 Y0.000
G1 X-47.300 Y7.400
G1 X-29.607 Y7.400
G1 X-29.607 Y-7.400
G1 X-47.300 Y-7.400
G1 X-47.300 Y0.000
G1 X-47.700 Y0.000
G1 X-47.700 Y7.800
G1 X-29.207 Y7.800
G1 X-29.207 Y-7.800
G1 X-47.700 Y-7.800
G1 X-47.700 Y0.000 Z1.900
G1 X-47.700 Y0.000 Z2.300
G1 X-47.700 Y-7.800
G1 X-29.746 Y-7.800
G1 X-29.746 Y7.800
G1 X-47.700 Y7.800
G1 X-47.700 Y0.000
G1 X-47.300 Y0.000
G1 X-47.300 Y-7.400
G1 X-30.146 Y-7.400
G1 X-30.146 Y7.400
G1 X-47.300 Y7.400
G1 X-47.300 Y0.000
G1 X-46.900 Y0.000
G1 X-46.900 Y-7.000
G1 X-30.546 Y-7.000
G1 X-30.546 Y7.000
G1 X-46.900 Y7.000
G1 X-46.900 Y0.000
G1 X-46.500 Y0.000
G1 X-46.500 Y-6.600
G1 X-30.946 Y-6.600
G1 X-30.946 Y6.600
G1 X-46.500 Y6.600
G1 X-46.500 Y0.000
G1 X-46.100 Y0.000
G1 X-46.100 Y-6.200
G1 X-31.346 Y-6.200
G1 X-31.346 Y6.200
G1 X-46.100 Y6.200
G1 X-46.100 Y0.000
G1 X-45.700 Y0.000
G1 X-45.700 Y-5.800
G1 X-31.746 Y-5.800
G1 X-31.746 Y5.800
G1 X-45.700 Y5.800
G1 X-45.700 Y0.000
G1 X-45.300 Y0.000
G1 X-45.300 Y-5.400
G1 X-32.146 Y-5.400
G1 X-32.146 Y5.400
G1 X-45.300 Y5.400
G1 X-45.300 Y0.000
G1 X-44.900 Y0.000
G1 X-44.900 Y-5.000
G1 X-32.546 Y-5.000
G1 X-32.546 Y5.000
G1 X-44.900 Y5.000
G1 X-44.900 Y0.000
G1 X-44.500 Y0.000
G1 X-44.500 Y-4.600
G1 X-32.946 Y-4.600
G1 X-32.946 Y4.600
G1 X-44.500 Y4.600
G1 X-44.500 Y0.000
G1 X-44.100 Y0.000
G1 X-44.100 Y-4.200
G1 X-33.346 Y-4.200
G1 X-33.346 Y4.200
G1 X-44.100 Y4.200
G1 X-44.100 Y0.000
G1 X-43.700 Y0.000
G1 X-43.700 Y-3.800
G1 X-33.746 Y-3.800
G1 X-33.746 Y3.800
G1 X-43.700 Y3.800
G1 X-43.700 Y0.000
G1 X-43.300 Y0.000
G1 X-43.300 Y-3.400
G1 X-34.146 Y-3.400
G1 X-34.146 Y3.400
G1 X-43.300 Y3.400
G1 X-43.300 Y0.000
G1 X-42.900 Y0.000
G1 X-42.900 Y-3.000
G1 X-34.546 Y-3.000
G1 X-34.546 Y3.000
G1 X-42.900 Y3.000
G1 X-42.900 Y0.000
G1 X-42.500 Y0.000
G1 X-42.500 Y-2.600
G1 X-34.946 Y-2.600
G1 X-34.946 Y2.600
G1 X-42.500 Y2.600
G1 X-42.500 Y0.000
G1 X-42.100 Y0.000
G1 X-42.100 Y-2.200
G1 X-35.346 Y-2.200
G1 X-35.346 Y2.200
G1 X-42.100 Y2.200
G1 X-42.100 Y0.000
G1 X-41.700 Y0.000
G1 X-41.700 Y-1.800
G1 X-35.746 Y-1.800
G1 X-35.746 Y1.800
G1 X-41.700 Y1.800
G1 X-41.700 Y0.000
G1 X-41.300 Y0.000
G1 X-41.300 Y-1.400
G1 X-36.146 Y-1.400
G1 X-36.146 Y1.400
G1 X-41.300 Y1.400
G1 X-41.300 Y0.000
G1 X-40.900 Y0.000
G1 X-40.900 Y-1.000
G1 X-36.546 Y-1.000
G1 X-36.546 Y1.000
G1 X-40.900 Y1.000
G1 X-40.900 Y0.000
G1 X-40.500 Y0.000
G1 X-40.500 Y-0.600
G1 X-36.946 Y-0.600
G1 X-36.946 Y0.600
G1 X-40.500 Y0.600
G1 X-40.500 Y0.000
G1 X-40.100 Y0.000
G1 X-40.100 Y-0.200
G1 X-37.346 Y-0.200
G1 X-37.346 Y0.200
G1 X-40.100 Y0.200
G1 X-40.100 Y0.000
G1 X-39.700 Y0.000
G1 X-39.700 Y0.000 Z2.700
G1 X-39.700 Y0.000
G1 X-40.100 Y0.000
G1 X-40.100 Y0.200
G1 X-37.740 Y0.200
G1 X-37.740 Y-0.200
G1 X-40.100 Y-0.200
G1 X-40.100 Y0.000
G1 X-40.500 Y0.000
G1 X-40.500 Y0.600
G1 X-37.340 Y0.600
G1 X-37.340 Y-0.600
G1 X-40.500 Y-0.600
G1 X-40.500 Y0.000
G1 X-40.900 Y0.000
G1 X-40.900 Y1.000
G1 X-36.940 Y1.000
G1 X-36.940 Y-1.000
G1 X-40.900 Y-1.000
G1 X-40.900 Y0.000
G1 X-41.300 Y0.000
G1 X-41.300 Y1.400
G1 X-36.540 Y1.400
G1 X-36.540 Y-1.400
G1 X-41.300 Y-1.400
G1 X-41.300 Y0.000
G1 X-41.700 Y0.000
G1 X-41.700 Y1.800
G1 X-36.140 Y1.800
G1 X-36.140 Y-1.800
G1 X-41.700 Y-1.800
G1 X-41.700 Y0.000
G1 X-42.100 Y0.000
G1 X-42.100 Y2.200
G1 X-35.740 Y2.200
G1 X-35.740 Y-2.200
G1 X-42.100 Y-2.200
G1 X-42.100 Y0.000
G1 X-42.500 Y0.000
G1 X-42.500 Y2.600
G1 X-35.340 Y2.600
G1 X-35.340 Y-2.600
G1 X-42.500 Y-2.600
G1 X-42.500 Y0.000
G1 X-42.900 Y0.000
G1 X-42.900 Y3.000
G1 X-34.940 Y3.000
G1 X-34.940 Y-3.000
G1 X-42.900 Y-3.000
G1 X-42.900 Y0.000
G1 X-43.300 Y0.000
G1 X-43.300 Y3.400
G1 X-34.540 Y3.400
G1 X-34.540 Y-3.400
G1 X-43.300 Y-3.400
G1 X-43.300 Y0.000
G1 X-43.700 Y0.000
G1 X-43.700 Y3.800
G1 X-34.140 Y3.800
G1 X-34.140 Y-3.800
G1 X-43.700 Y-3.800
G1 X-43.700 Y0.000
G1 X-44.100 Y0.000
G1 X-44.100 Y4.200
G1 X-33.740 Y4.200
G1 X-33.740 Y-4.200
G1 X-44.100 Y-4.200
G1 X-44.100 Y0.000
G1 X-44.500 Y0.000
G1 X-44.500 Y4.600
G1 X-33.340 Y4.600
G1 X-33.340 Y-4.600
G1 X-44.500 Y-4.600
G1 X-44.500 Y0.000
G1 X-44.900 Y0.000
G1 X-44.900 Y5.000
G1 X-32.940 Y5.000
G1 X-32.940 Y-5.000
G1 X-44.900 Y-5.000
G1 X-44.900 Y0.000
G1 X-45.300 Y0.000
G1 X-45.300 Y5.400
G1 X-32.540 Y5.400
G1 X-32.540 Y-5.400
G1 X-45.300 Y-5.400
G1 X-45.300 Y0.000
G1 X-45.700 Y0.000
G1 X-45.700 Y5.800
G1 X-32.140 Y5.800
G1 X-32.140 Y-5.800
G1 X-45.700 Y-5.800
G1 X-45.700 Y0.000
G1 X-46.100 Y0.000
G1 X-46.100 Y6.200
G1 X-31.740 Y6.200
G1 X-31.740 Y-6.200
G1 X-46.100 Y-6.200
G1 X-46.100 Y0.000
G1 X-46.500 Y0.000
G1 X-46.500 Y6.600
G1 X-31.340 Y6.600
G1 X-31.340 Y-6.600
G1 X-46.500 Y-6.600
G1 X-46.500 Y0.000
G1 X-46.900 Y0.000
G1 X-46.900 Y7.000
G1 X-30.940 Y7.000
G1 X-30.940 Y-7.000
G1 X-46.900 Y-7.000
G1 X-46.900 Y0.000
G1 X-47.300 Y0.000
G1 X-47.300 Y7.400
G1 X-30.540 Y7.400
G1 X-30.540 Y-7.400
G1 X-47.300 Y-7.400
G1 X-47.300 Y0.000
G1 X-47.700 Y0.000
G1 X-47.700 Y7.800
G1 X-30.140 Y7.800
G1 X-30.140 Y-7.800
G1 X-47.700 Y-7.800
G1 X-47.700 Y0.000 Z2.700
G1 X-47.700 Y0.000 Z3.100
G1 X-47.700 Y-7.800
G1 X-30.441 Y-7.800
G1 X-30.441 Y7.800
G1 X-47.700 Y7.800
G1 X-47.700 Y0.000
G1 X-47.300 Y0.000
G1 X-47.300 Y-7.400
G1 X-30.841 Y-7.400
G1 X-30.841 Y7.400
G1 X-47.300 Y7.400
G1 X-47.300 Y0.000
G1 X-46.900 Y0.000
G1 X-46.900 Y-7.000
G1 X-31.241 Y-7.000
G1 X-31.241 Y7.000
G1 X-46.900 Y7.000
G1 X-46.900 Y0.000
G1 X-46.500 Y0.000
G1 X-46.500 Y-6.600
G1 X-31.641 Y-6.600
G1 X-31.641 Y6.600
G1 X-46.500 Y6.600
G1 X-46.500 Y0.000
G1 X-46.100 Y0.000
G1 X-46.100 Y-6.200
G1 X-32.041 Y-6.200
G1 X-32.041 Y6.200
G1 X-46.100 Y6.200
G1 X-46.100 Y0.000
G1 X-45.700 Y0.000
G1 X-45.700 Y-5.800
G1 X-32.441 Y-5.800
G1 X-32.441 Y5.800
G1 X-45.700 Y5.800
G1 X-45.700 Y0.000
G1 X-45.300 Y0.000
G1 X-45.300 Y-5.400
G1 X-32.841 Y-5.400
G1 X-32.841 Y5.400
G1 X-45.300 Y5.400
G1 X-45.300 Y0.000
G1 X-44.900 Y0.000
G1 X-44.900 Y-5.000
G1 X-33.241 Y-5.000
G1 X-33.241 Y5.000
G1 X-44.900 Y5.000
G1 X-44.900 Y0.000
G1 X-44.500 Y0.000
G1 X-44.500 Y-4.600
G1 X-33.641 Y-4.600
G1 X-33.641 Y4.600
G1 X-44.500 Y4.600
G1 X-44.500 Y0.000
G1 X-44.100 Y0.000
G1 X-44.100 Y-4.200
G1 X-34.041 Y-4.200
G1 X-34.041 Y4.200
G1 X-44.100 Y4.200
G1 X-44.100 Y0.000
G1 X-43.700 Y0.000
G1 X-43.700 Y-3.800
G1 X-34.441 Y-3.800
G1 X-34.441 Y3.800
G1 X-43.700 Y3.800
G1 X-43.700 Y0.000
G1 X-43.300 Y0.000
G1 X-43.300 Y-3.400
G1 X-34.841 Y-3.400
G1 X-34.841 Y3.400
G1 X-43.300 Y3.400
G1 X-43.300 Y0.000
G1 X-42.900 Y0.000
G1 X-42.900 Y-3.000
G1 X-35.241 Y-3.000
G1 X-35.241 Y3.000
G1 X-42.900 Y3.000
G1 X-42.900 Y0.000
G1 X-42.500 Y0.000
G1 X-42.500 Y-2.600
G1 X-35.641 Y-2.600
G1 X-35.641 Y2.600
G1 X-42.500 Y2.600
G1 X-42.500 Y0.000
G1 X-42.100 Y0.000
G1 X-42.100 Y-2.200
G1 X-36.041 Y-2.200
G1 X-36.041 Y2.200
G1 X-42.100 Y2.200
G1 X-42.100 Y0.000
G1 X-41.700 Y0.000
G1 X-41.700 Y-1.800
G1 X-36.441 Y-1.800
G1 X-36.441 Y1.800
G1 X-41.700 Y1.800
G1 X-41.700 Y0.000
G1 X-41.300 Y0.000
G1 X-41.300 Y-1.400
G1 X-36.841 Y-1.400
G1 X-36.841 Y1.400
G1 X-41.300 Y1.400
G1 X-41.300 Y0.000
G1 X-40.900 Y0.000
G1 X-40.900 Y-1.000
G1 X-37.241 Y-1.000
G1 X-37.241 Y1.000
G1 X-40.900 Y1.000
G1 X-40.900 Y0.000
G1 X-40.500 Y0.000
G1 X-40.500 Y-0.600
G1 X-37.641 Y-0.600
G1 X-37.641 Y0.600
G1 X-40.500 Y0.600
G1 X-40.500 Y0.000
G1 X-40.100 Y0.000
G1 X-40.100 Y-0.200
G1 X-38.041 Y-0.200
G1 X-38.041 Y0.200
G1 X-40.100 Y0.200
G1 X-40.100 Y0.000
G1 X-39.700 Y0.000
G1 X-39.700 Y0.000 Z3.500
G1 X-39.700 Y0.000
G1 X-40.100 Y0.000
G1 X-40.100 Y0.200
G1 X-38.272 Y0.200
G1 X-38.272 Y-0.200
G1 X-40.100 Y-0.200
G1 X-40.100 Y0.000
G1 X-40.500 Y0.000
G1 X-40.500 Y0.600
G1 X-37.872 Y0.600
G1 X-37.872 Y-0.600
G1 X-40.500 Y-0.600
G1 X-40.500 Y0.000
G1 X-40.900 Y0.000
G1 X-40.900 Y1.000
G1 X-37.472 Y1.000
G1 X-37.472 Y-1.000
G1 X-40.900 Y-1.000
G1 X-40.900 Y0.000
G1 X-41.300 Y0.000
G1 X-41.300 Y1.400
G1 X-37.072 Y1.400
G1 X-37.072 Y-1.400
G1 X-41.300 Y-1.400
G1 X-41.300 Y0.000
G1 X-41.700 Y0.000
G1 X-41.700 Y1.800
G1 X-36.672 Y1.800
G1 X-36.672 Y-1.800
G1 X-41.700 Y-1.800
G1 X-41.700 Y0.000
G1 X-42.100 Y0.000
G1 X-42.100 Y2.200
G1 X-36.272 Y2.200
G1 X-36.272 Y-2.200
G1 X-42.100 Y-2.200
G1 X-42.100 Y0.000
G1 X-42.500 Y0.000
G1 X-42.500 Y2.600
G1 X-35.872 Y2.600
G1 X-35.872 Y-2.600
G1 X-42.500 Y-2.600
G1 X-42.500 Y0.000
G1 X-42.900 Y0.000
G1 X-42.900 Y3.000
G1 X-35.472 Y3.000
G1 X-35.472 Y-3.000
G1 X-42.900 Y-3.000
G1 X-42.900 Y0.000
G1 X-43.300 Y0.000
G1 X-43.300 Y3.400
G1 X-35.072 Y3.400
G1 X-35.072 Y-3.400
G1 X-43.300 Y-3.400
G1 X-43.300 Y0.000
G1 X-43.700 Y0.000
G1 X-43.700 Y3.800
G1 X-34.672 Y3.800
G1 X-34.672 Y-3.800
G1 X-43.700 Y-3.800
G1 X-43.700 Y0.000
G1 X-44.100 Y0.000
G1 X-44.100 Y4.200
G1 X-34.272 Y4.200
G1 X-34.272 Y-4.200
G1 X-44.100 Y-4.200
G1 X-44.100 Y0.000
G1 X-44.500 Y0.000
G1 X-44.500 Y4.600
G1 X-33.872 Y4.600
G1 X-33.872 Y-4.600
G1 X-44.500 Y-4.600
G1 X-44.500 Y0.000
G1 X-44.900 Y0.000
G1 X-44.900 Y5.000
G1 X-33.472 Y5.000
G1 X-33.472 Y-5.000
G1 X-44.900 Y-5.000
G1 X-44.900 Y0.000
G1 X-45.300 Y0.000
G1 X-45.300 Y5.400
G1 X-33.072 Y5.400
G1 X-33.072 Y-5.400
G1 X-45.300 Y-5.400
G1 X-45.300 Y0.000
G1 X-45.700 Y0.000
G1 X-45.700 Y5.800
G1 X-32.672 Y5.800
G1 X-32.672 Y-5.800
G1 X-45.700 Y-5.800
G1 X-45.700 Y0.000
G1 X-46.100 Y0.000
G1 X-46.100 Y6.200
G1 X-32.272 Y6.200
G1 X-32.272 Y-6.200
G1 X-46.100 Y-6.200
G1 X-46.100 Y0.000
G1 X-46.500 Y0.000
G1 X-46.500 Y6.600
G1 X-31.872 Y6.600
G1 X-31.872 Y-6.600
G1 X-46.500 Y-6.600
G1 X-46.500 Y0.000
G1 X-46.900 Y0.000
G1 X-46.900 Y7.000
G1 X-31.472 Y7.000
G1 X-31.472 Y-7.000
G1 X-46.900 Y-7.000
G1 X-46.900 Y0.000
G1 X-47.300 Y0.000
G1 X-47.300 Y7.400
G1 X-31.072 Y7.400
G1 X-31.072 Y-7.400
G1 X-47.300 Y-7.400
G1 X-47.300 Y0.000
G1 X-47.700 Y0.000
G1 X-47.700 Y7.800
G1 X-30.672 Y7.800
G1 X-30.672 Y-7.800
G1 X-47.700 Y-7.800
G1 X-47.700 Y0.000 Z3.500
G1 X-47.700 Y0.000 Z3.900
G1 X-47.700 Y-7.800
G1 X-30.847 Y-7.800
G1 X-30.847 Y7.800
G1 X-47.700 Y7.800
G1 X-47.700 Y0.000
G1 X-47.300 Y0.000
G1 X-47.300 Y-7.400
G1 X-31.247 Y-7.400
G1 X-31.247 Y7.400
G1 X-47.300 Y7.400
G1 X-47.300 Y0.000
G1 X-46.900 Y0.000
G1 X-46.900 Y-7.000
G1 X-31.647 Y-7.000
G1 X-31.647 Y7.000
G1 X-46.900 Y7.000
G1 X-46.900 Y0.000
G1 X-46.500 Y0.000
G1 X-46.500 Y-6.600
G1 X-32.047 Y-6.600
G1 X-32.047 Y6.600
G1 X-46.500 Y6.600
G1 X-46.500 Y0.000
G1 X-46.100 Y0.000
G1 X-46.100 Y-6.200
G1 X-32.447 Y-6.200
G1 X-32.447 Y6.200
G1 X-46.100 Y6.200
G1 X-46.100 Y0.000
G1 X-45.700 Y0.000
G1 X-45.700 Y-5.800
G1 X-32.847 Y-5.800
G1 X-32.847 Y5.800
G1 X-45.700 Y5.800
G1 X-45.700 Y0.000
G1 X-45.300 Y0.000
G1 X-45.300 Y-5.400
G1 X-33.247 Y-5.400
G1 X-33.247 Y5.400
G1 X-45.300 Y5.400
G1 X-45.300 Y0.000
G1 X-44.900 Y0.000
G1 X-44.900 Y-5.000
G1 X-33.647 Y-5.000
G1 X-33.647 Y5.000
G1 X-44.900 Y5.000
G1 X-44.900 Y0.000
G1 X-44.500 Y0.000
G1 X-44.500 Y-4.600
G1 X-34.047 Y-4.600
G1 X-34.047 Y4.600
G1 X-44.500 Y4.600
G1 X-44.500 Y0.000
G1 X-44.100 Y0.000
G1 X-44.100 Y-4.200
G1 X-34.447 Y-4.200
G1 X-34.447 Y4.200
G1 X-44.100 Y4.200
G1 X-44.100 Y0.000
G1 X-43.700 Y0.000
G1 X-43.700 Y-3.800
G1 X-34.847 Y-3.800
G1 X-34.847 Y3.800
G1 X-43.700 Y3.800
G1 X-43.700 Y0.000
G1 X-43.300 Y0.000
G1 X-43.300 Y-3.400
G1 X-35.247 Y-3.400
G1 X-35.247 Y3.400
G1 X-43.300 Y3.400
G1 X-43.300 Y0.000
G1 X-42.900 Y0.000
G1 X-42.900 Y-3.000
G1 X-35.647 Y-3.000
G1 X-35.647 Y3.000
G1 X-42.900 Y3.000
G1 X-42.900 Y0.000
G1 X-42.500 Y0.000
G1 X-42.500 Y-2.600
G1 X-36.047 Y-2.600
G1 X-36.047 Y2.600
G1 X-42.500 Y2.600
G1 X-42.500 Y0.000
G1 X-42.100 Y0.000
G1 X-42.100 Y-2.200
G1 X-36.447 Y-2.200
G1 X-36.447 Y2.200
G1 X-42.100 Y2.200
G1 X-42.100 Y0.000
G1 X-41.700 Y0.000
G1 X-41.700 Y-1.800
G1 X-36.847 Y-1.800
G1 X-36.847 Y1.800
G1 X-41.700 Y1.800
G1 X-41.700 Y0.000
G1 X-41.300 Y0.000
G1 X-41.300 Y-1.400
G1 X-37.247 Y-1.400
G1 X-37.247 Y1.400
G1 X-41.300 Y1.400
G1 X-41.300 Y0.000
G1 X-40.900 Y0.000
G1 X-40.900 Y-1.000
G1 X-37.647 Y-1.000
G1 X-37.647 Y1.000
G1 X-40.900 Y1.000
G1 X-40.900 Y0.000
G1 X-40.500 Y0.000
G1 X-40.500 Y-0.600
G1 X-38.047 Y-0.600
G1 X-38.047 Y0.600
G1 X-40.500 Y0.600
G1 X-40.500 Y0.000
G1 X-40.100 Y0.000
G1 X-40.100 Y-0.200
G1 X-38.447 Y-0.200
G1 X-38.447 Y0.200
G1 X-40.100 Y0.200
G1 X-40.100 Y0.000
G1 X-39.700 Y0.000
G1 X-39.700 Y0.000 Z4.300
G1 X-39.700 Y0.000
G1 X-40.100 Y0.000
G1 X-40.100 Y0.200
G1 X-38.573 Y0.200
G1 X-38.573 Y-0.200
G1 X-40.100 Y-0.200
G1 X-40.100 Y0.000
G1 X-40.500 Y0.000
G1 X-40.500 Y0.600
G1 X-38.173 Y0.600
G1 X-38.173 Y-0.600
G1 X-40.500 Y-0.600
G1 X-40.500 Y0.000
G1 X-40.900 Y0.000
G1 X-40.900 Y1.000
G1 X-37.773 Y1.000
G1 X-37.773 Y-1.000
G1 X-40.900 Y-1.000
G1 X-40.900 Y0.000
G1 X-41.300 Y0.000
G1 X-41.300 Y1.400
G1 X-37.373 Y1.400
G1 X-37.373 Y-1.400
G1 X-41.300 Y-1.400
G1 X-41.300 Y0.000
G1 X-41.700 Y0.000
G1 X-41.700 Y1.800
G1 X-36.973 Y1.800
G1 X-36.973 Y-1.800
G1 X-41.700 Y-1.800
G1 X-41.700 Y0.000
G1 X-42.100 Y0.000
G1 X-42.100 Y2.200
G1 X-36.573 Y2.200
G1 X-36.573 Y-2.200
G1 X-42.100 Y-2.200
G1 X-42.100 Y0.000
G1 X-42.500 Y0.000
G1 X-42.500 Y2.600
G1 X-36.173 Y2.600
G1 X-36.173 Y-2.600
G1 X-42.500 Y-2.600
G1 X-42.500 Y0.000
G1 X-42.900 Y0.000
G1 X-42.900 Y3.000
G1 X-35.773 Y3.000
G1 X-35.773 Y-3.000
G1 X-42.900 Y-3.000
G1 X-42.900 Y0.000
G1 X-43.300 Y0.000
G1 X-43.300 Y3.400
G1 X-35.373 Y3.400
G1 X-35.373 Y-3.400
G1 X-43.300 Y-3.400
G1 X-43.300 Y0.000
G1 X-43.700 Y0.000
G1 X-43.700 Y3.800
G1 X-34.973 Y3.800
G1 X-34.973 Y-3.800
G1 X-43.700 Y-3.800
G1 X-43.700 Y0.000
G1 X-44.100 Y0.000
G1 X-44.100 Y4.200
G1 X-34.573 Y4.200
G1 X-34.573 Y-4.200
G1 X-44.100 Y-4.200
G1 X-44.100 Y0.000
G1 X-44.500 Y0.000
G1 X-44.500 Y4.600
G1 X-34.173 Y4.600
G1 X-34.173 Y-4.600
G1 X-44.500 Y-4.600
G1 X-44.500 Y0.000
G1 X-44.900 Y0.000
G1 X-44.900 Y5.000
G1 X-33.773 Y5.000
G1 X-33.773 Y-5.000
G1 X-44.900 Y-5.000
G1 X-44.900 Y0.000
G1 X-45.300 Y0.000
G1 X-45.300 Y5.400
G1 X-33.373 Y5.400
G1 X-33.373 Y-5.400
G1 X-45.300 Y-5.400
G1 X-45.300 Y0.000
G1 X-45.700 Y0.000
G1 X-45.700 Y5.800
G1 X-32.973 Y5.800
G1 X-32.973 Y-5.800
G1 X-45.700 Y-5.800
G1 X-45.700 Y0.000
G1 X-46.100 Y0.000
G1 X-46.100 Y6.200
G1 X-32.573 Y6.200
G1 X-32.573 Y-6.200
G1 X-46.100 Y-6.200
G1 X-46.100 Y0.000
G1 X-46.500 Y0.000
G1 X-46.500 Y6.600
G1 X-32.173 Y6.600
G1 X-32.173 Y-6.600
G1 X-46.500 Y-6.600
G1 X-46.500 Y0.000
G1 X-46.900 Y0.000
G1 X-46.900 Y7.000
G1 X-31.773 Y7.000
G1 X-31.773 Y-7.000
G1 X-46.900 Y-7.000
G1 X-46.900 Y0.000
G1 X-47.300 Y0.000
G1 X-47.300 Y7.400
G1 X-31.373 Y7.400
G1 X-31.373 Y-7.400
G1 X-47.300 Y-7.400
G1 X-47.300 Y0.000
G1 X-47.700 Y0.000
G1 X-47.700 Y7.800
G1 X-30.973 Y7.800
G1 X-30.973 Y-7.800
G1 X-47.700 Y-7.800
G1 X-47.700 Y0.000 Z4.300
G1 X-47.700 Y0.000 Z4.700
G1 X-47.700 Y-7.800
G1 X-31.055 Y-7.800
G1 X-31.055 Y7.800
G1 X-47.700 Y7.800
G1 X-47.700 Y0.000
G1 X-47.300 Y0.000
G1 X-47.300 Y-7.400
G1 X-31.455 Y-7.400
G1 X-31.455 Y7.400
G1 X-47.300 Y7.400
G1 X-47.300 Y0.000
G1 X-46.900 Y0.000
G1 X-46.900 Y-7.000
G1 X-31.855 Y-7.000
G1 X-31.855 Y7.000
G1 X-46.900 Y7.000
G1 X-46.900 Y0.000
G1 X-46.500 Y0.000
G1 X-46.500 Y-6.600
G1 X-32.255 Y-6.600
G1 X-32.255 Y6.600
G1 X-46.500 Y6.600
G1 X-46.500 Y0.000
G1 X-46.100 Y0.000
G1 X-46.100 Y-6.200
G1 X-32.655 Y-6.200
G1 X-32.655 Y6.200
G1 X-46.100 Y6.200
G1 X-46.100 Y0.000
G1 X-45.700 Y0.000
G1 X-45.700 Y-5.800
G1 X-33.055 Y-5.800
G1 X-33.055 Y5.800
G1 X-45.700 Y5.800
G1 X-45.700 Y0.000
G1 X-45.300 Y0.000
G1 X-45.300 Y-5.400
G1 X-33.455 Y-5.400
G1 X-33.455 Y5.400
G1 X-45.300 Y5.400
G1 X-45.300 Y0.000
G1 X-44.900 Y0.000
G1 X-44.900 Y-5.000
G1 X-33.855 Y-5.000
G1 X-33.855 Y5.000
G1 X-44.900 Y5.000
G1 X-44.900 Y0.000
G1 X-44.500 Y0.000
G1 X-44.500 Y-4.600
G1 X-34.255 Y-4.600
G1 X-34.255 Y4.600
G1 X-44.500 Y4.600
G1 X-44.500 Y0.000
G1 X-44.100 Y0.000
G1 X-44.100 Y-4.200
G1 X-34.655 Y-4.200
G1 X-34.655 Y4.200
G1 X-44.100 Y4.200
G1 X-44.100 Y0.000
G1 X-43.700 Y0.000
G1 X-43.700 Y-3.800
G1 X-35.055 Y-3.800
G1 X-35.055 Y3.800
G1 X-43.700 Y3.800
G1 X-43.700 Y0.000
G1 X-43.300 Y0.000
G1 X-43.300 Y-3.400
G1 X-35.455 Y-3.400
G1 X-35.455 Y3.400
G1 X-43.300 Y3.400
G1 X-43.300 Y0.000
G1 X-42.900 Y0.000
G1 X-42.900 Y-3.000
G1 X-35.855 Y-3.000
G1 X-35.855 Y3.000
G1 X-42.900 Y3.000
G1 X-42.900 Y0.000
G1 X-42.500 Y0.000
G1 X-42.500 Y-2.600
G1 X-36.255 Y-2.600
G1 X-36.255 Y2.600
G1 X-42.500 Y2.600
G1 X-42.500 Y0.000
G1 X-42.100 Y0.000
G1 X-42.100 Y-2.200
G1 X-36.655 Y-2.200
G1 X-36.655 Y2.200
G1 X-42.100 Y2.200
G1 X-42.100 Y0.000
G1 X-41.700 Y0.000
G1 X-41.700 Y-1.800
G1 X-37.055 Y-1.800
G1 X-37.055 Y1.800
G1 X-41.700 Y1.800
G1 X-41.700 Y0.000
G1 X-41.300 Y0.000
G1 X-41.300 Y-1.400
G1 X-37.455 Y-1.400
G1 X-37.455 Y1.400
G1 X-41.300 Y1.400
G1 X-41.300 Y0.000
G1 X-40.900 Y0.000
G1 X-40.900 Y-1.000
G1 X-37.855 Y-1.000
G1 X-37.855 Y1.000
G1 X-40.900 Y1.000
G1 X-40.900 Y0.000
G1 X-40.500 Y0.000
G1 X-40.500 Y-0.600
G1 X-38.255 Y-0.600
G1 X-38.255 Y0.600
G1 X-40.500 Y0.600
G1 X-40.500 Y0.000
G1 X-40.100 Y0.000
G1 X-40.100 Y-0.200
G1 X-38.655 Y-0.200
G1 X-38.655 Y0.200
G1 X-40.100 Y0.200
G1 X-40.100 Y0.000
G1 X-39.700 Y0.000
G1 X-39.700 Y0.000 Z5.100
G1 X-39.700 Y0.000
G1 X-40.100 Y0.000
G1 X-40.100 Y0.200
G1 X-38.695 Y0.200
G1 X-38.695 Y-0.200
G1 X-40.100 Y-0.200
G1 X-40.100 Y0.000
G1 X-40.500 Y0.000
G1 X-40.500 Y0.600
G1 X-38.295 Y0.600
G1 X-38.295 Y-0.600
G1 X-40.500 Y-0.600
G1 X-40.500 Y0.000
G1 X-40.900 Y0.000
G1 X-40.900 Y1.000
G1 X-37.895 Y1.000
G1 X-37.895 Y-1.000
G1 X-40.900 Y-1.000
G1 X-40.900 Y0.000
G1 X-41.300 Y0.000
G1 X-41.300 Y1.400
G1 X-37.495 Y1.400
G1 X-37.495 Y-1.400
G1 X-41.300 Y-1.400
G1 X-41.300 Y0.000
G1 X-41.700 Y0.000
G1 X-41.700 Y1.800
G1 X-37.095 Y1.800
G1 X-37.095 Y-1.800
G1 X-41.700 Y-1.800
G1 X-41.700 Y0.000
G1 X-42.100 Y0.000
G1 X-42.100 Y2.200
G1 X-36.695 Y2.200
G1 X-36.695 Y-2.200
G1 X-42.100 Y-2.200
G1 X-42.100 Y0.000
G1 X-42.500 Y0.000
G1 X-42.500 Y2.600
G1 X-36.295 Y2.600
G1 X-36.295 Y-2.600
G1 X-42.500 Y-2.600
G1 X-42.500 Y0.000
G1 X-42.900 Y0.000
G1 X-42.900 Y3.000
G1 X-35.895 Y3.000
G1 X-35.895 Y-3.000
G1 X-42.900 Y-3.000
G1 X-42.900 Y0.000
G1 X-43.300 Y0.000
G1 X-43.300 Y3.400
G1 X-35.495 Y3.400
G1 X-35.495 Y-3.400
G1 X-43.300 Y-3.400
G1 X-43.300 Y0.000
G1 X-43.700 Y0.000
G1 X-43.700 Y3.800
G1 X-35.095 Y3.800
G1 X-35.095 Y-3.800
G1 X-43.700 Y-3.800
G1 X-43.700 Y0.000
G1 X-44.100 Y0.000
G1 X-44.100 Y4.200
G1 X-34.695 Y4.200
G1 X-34.695 Y-4.200
G1 X-44.100 Y-4.200
G1 X-44.100 Y0.000
G1 X-44.500 Y0.000
G1 X-44.500 Y4.600
G1 X-34.295 Y4.600
G1 X-34.295 Y-4.600
G1 X-44.500 Y-4.600
G1 X-44.500 Y0.000
G1 X-44.900 Y0.000
G1 X-44.900 Y5.000
G1 X-33.895 Y5.000
G1 X-33.895 Y-5.000
G1 X-44.900 Y-5.000
G1 X-44.900 Y0.000
G1 X-45.300 Y0.000
G1 X-45.300 Y5.400
G1 X-33.495 Y5.400
G1 X-33.495 Y-5.400
G1 X-45.300 Y-5.400
G1 X-45.300 Y0.000
G1 X-45.700 Y0.000
G1 X-45.700 Y5.800
G1 X-33.095 Y5.800
G1 X-33.095 Y-5.800
G1 X-45.700 Y-5.800
G1 X-45.700 Y0.000
G1 X-46.100 Y0.000
G1 X-46.100 Y6.200
G1 X-32.695 Y6.200
G1 X-32.695 Y-6.200
G1 X-46.100 Y-6.200
G1 X-46.100 Y0.000
G1 X-46.500 Y0.000
G1 X-46.500 Y6.600
G1 X-32.295 Y6.600
G1 X-32.295 Y-6.600
G1 X-46.500 Y-6.600
G1 X-46.500 Y0.000
G1 X-46.900 Y0.000
G1 X-46.900 Y7.000
G1 X-31.895 Y7.000
G1 X-31.895 Y-7.000
G1 X-46.900 Y-7.000
G1 X-46.900 Y0.000
G1 X-47.300 Y0.000
G1 X-47.300 Y7.400
G1 X-31.495 Y7.400
G1 X-31.495 Y-7.400
G1 X-47.300 Y-7.400
G1 X-47.300 Y0.000
G1 X-47.700 Y0.000
G1 X-47.700 Y7.800
G1 X-31.095 Y7.800
G1 X-31.095 Y-7.800
G1 X-47.700 Y-7.800
G1 X-47.700 Y0.000 Z5.100
M9
G1 Z10.000
G1 X-13.300 Y34.400
G1 Z1.500
M7
G4 P150
G1 X-13.300 Y34.400 Z1.500
G1 X-21.100 Y34.400
G1 X-21.100 Y15.049
G1 X-5.500 Y15.049
G1 X-5.500 Y34.400
G1 X-13.300 Y34.400
G1 X-13.300 Y34.000
G1 X-20.700 Y34.000
G1 X-20.700 Y15.449
G1 X-5.900 Y15.449
G1 X-5.900 Y34.000
G1 X-13.300 Y34.000
G1 X-13.300 Y33.600
G1 X-20.300 Y33.600
G1 X-20.300 Y15.849
G1 X-6.300 Y15.849
G1 X-6.300 Y33.600
G1 X-13.300 Y33.600
G1 X-13.300 Y33.200
G1 X-19.900 Y33.200
G1 X-19.900 Y16.249
G1 X-6.700 Y16.249
G1 X-6.700 Y33.200
G1 X-13.300 Y33.200
G1 X-13.300 Y32.800
G1 X-19.500 Y32.800
G1 X-19.500 Y16.649
G1 X-7.100 Y16.649
G1 X-7.100 Y32.800
G1 X-13.300 Y32.800
G1 X-13.300 Y32.400
G1 X-19.100 Y32.400
G1 X-19.100 Y17.049
G1 X-7.500 Y17.049
G1 X-7.500 Y32.400
G1 X-13.300 Y32.400
G1 X-13.300 Y32.000
G1 X-18.700 Y32.000
G1 X-18.700 Y17.449
G1 X-7.900 Y17.449
G1 X-7.900 Y32.000
G1 X-13.300 Y32.000
G1 X-13.300 Y31.600
G1 X-18.300 Y31.600
G1 X-18.300 Y17.849
G1 X-8.300 Y17.849
G1 X-8.300 Y31.600
G1 X-13.300 Y31.600
G1 X-13.300 Y31.200
G1 X-17.900 Y31.200
G1 X-17.900 Y18.249
G1 X-8.700 Y18.249
G1 X-8.700 Y31.200
G1 X-13.300 Y31.200
G1 X-13.300 Y30.800
G1 X-17.500 Y30.800
G1 X-17.500 Y18.649
G1 X-9.100 Y18.649
G1 X-9.100 Y30.800
G1 X-13.300 Y30.800
G1 X-13.300 Y30.400
G1 X-17.100 Y30.400
G1 X-17.100 Y19.049
G1 X-9.500 Y19.049
G1 X-9.500 Y30.400
G1 X-13.300 Y30.400
G1 X-13.300 Y30.000
G1 X-16.700 Y30.000
G1 X-16.700 Y19.449
G1 X-9.900 Y19.449
G1 X-9.900 Y30.000
G1 X-13.300 Y30.000
G1 X-13.300 Y29.600
G1 X-16.300 Y29.600
G1 X-16.300 Y19.849
G1 X-10.300 Y19.849
G1 X-10.300 Y29.600
G1 X-13.300 Y29.600
G1 X-13.300 Y29.200
G1 X-15.900 Y29.200
G1 X-15.900 Y20.249
G1 X-10.700 Y20.249
G1 X-10.700 Y29.200
G1 X-13.300 Y29.200
G1 X-13.300 Y28.800
G1 X-15.500 Y28.800
G1 X-15.500 Y20.649
G1 X-11.100 Y20.649
G1 X-11.100 Y28.800
G1 X-13.300 Y28.800
G1 X-13.300 Y28.400
G1 X-15.100 Y28.400
G1 X-15.100 Y21.049
G1 X-11.500 Y21.049
G1 X-11.500 Y28.400
G1 X-13.300 Y28.400
G1 X-13.300 Y28.000
G1 X-14.700 Y28.000
G1 X-14.700 Y21.449
G1 X-11.900 Y21.449
G1 X-11.900 Y28.000
G1 X-13.300 Y28.000
G1 X-13.300 Y27.600
G1 X-14.300 Y27.600
G1 X-14.300 Y21.849
G1 X-12.300 Y21.849
G1 X-12.300 Y27.600
G1 X-13.300 Y27.600
G1 X-13.300 Y27.200
G1 X-13.900 Y27.200
G1 X-13.900 Y22.249
G1 X-12.700 Y22.249
G1 X-12.700 Y27.200
G1 X-13.300 Y27.200
G1 X-13.300 Y26.800
G1 X-13.500 Y26.800
G1 X-13.500 Y22.649
G1 X-13.100 Y22.649
G1 X-13.100 Y26.800
G1 X-13.300 Y26.800
G1 X-13.300 Y26.400
G1 X-13.300 Y26.400 Z1.900
G1 X-13.300 Y26.400
G1 X-13.300 Y26.800
G1 X-13.100 Y26.800
G1 X-13.100 Y23.507
G1 X-13.500 Y23.507
G1 X-13.500 Y26.800
G1 X-13.300 Y26.800
G1 X-13.300 Y27.200
G1 X-12.700 Y27.200
G1 X-12.700 Y23.107
G1 X-13.900 Y23.107
G1 X-13.900 Y27.200
G1 X-13.300 Y27.200
G1 X-13.300 Y27.600
G1 X-12.300 Y27.600
G1 X-12.300 Y22.707
G1 X-14.300 Y22.707
G1 X-14.300 Y27.600
G1 X-13.300 Y27.600
G1 X-13.300 Y28.000
G1 X-11.900 Y28.000
G1 X-11.900 Y22.307
G1 X-14.700 Y22.307
G1 X-14.700 Y28.000
G1 X-13.300 Y28.000
G1 X-13.300 Y28.400
G1 X-11.500 Y28.400
G1 X-11.500 Y21.907
G1 X-15.100 Y21.907
G1 X-15.100 Y28.400
G1 X-13.300 Y28.400
G1 X-13.300 Y28.800
G1 X-11.100 Y28.800
G1 X-11.100 Y21.507
G1 X-15.500 Y21.507
G1 X-15.500 Y28.800
G1 X-13.300 Y28.800
G1 X-13.300 Y29.200
G1 X-10.700 Y29.200
G1 X-10.700 Y21.107
G1 X-15.900 Y21.107
G1 X-15.900 Y29.200
G1 X-13.300 Y29.200
G1 X-13.300 Y29.600
G1 X-10.300 Y29.600
G1 X-10.300 Y20.707
G1 X-16.300 Y20.707
G1 X-16.300 Y29.600
G1 X-13.300 Y29.600
G1 X-13.300 Y30.000
G1 X-9.900 Y30.000
G1 X-9.900 Y20.307
G1 X-16.700 Y20.307
G1 X-16.700 Y30.000
G1 X-13.300 Y30.000
G1 X-13.300 Y30.400
G1 X-9.500 Y30.400
G1 X-9.500 Y19.907
G1 X-17.100 Y19.907
G1 X-17.100 Y30.400
G1 X-13.300 Y30.400
G1 X-13.300 Y30.800
G1 X-9.100 Y30.800
G1 X-9.100 Y19.507
G1 X-17.500 Y19.507
G1 X-17.500 Y30.800
G1 X-13.300 Y30.800
G1 X-13.300 Y31.200
G1 X-8.700 Y31.200
G1 X-8.700 Y19.107
G1 X-17.900 Y19.107
G1 X-17.900 Y31.200
G1 X-13.300 Y31.200
G1 X-13.300 Y31.600
G1 X-8.300 Y31.600
G1 X-8.300 Y18.707
G1 X-18.300 Y18.707
G1 X-18.300 Y31.600
G1 X-13.300 Y31.600
G1 X-13.300 Y32.000
G1 X-7.900 Y32.000
G1 X-7.900 Y18.307
G1 X-18.700 Y18.307
G1 X-18.700 Y32.000
G1 X-13.300 Y32.000
G1 X-13.300 Y32.400
G1 X-7.500 Y32.400
G1 X-7.500 Y17.907
G1 X-19.100 Y17.907
G1 X-19.100 Y32.400
G1 X-13.300 Y32.400
G1 X-13.300 Y32.800
G1 X-7.100 Y32.800
G1 X-7.100 Y17.507
G1 X-19.500 Y17.507
G1 X-19.500 Y32.800
G1 X-13.300 Y32.800
G1 X-13.300 Y33.200
G1 X-6.700 Y33.200
G1 X-6.700 Y17.107
G1 X-19.900 Y17.107
G1 X-19.900 Y33.200
G1 X-13.300 Y33.200
G1 X-13.300 Y33.600
G1 X-6.300 Y33.600
G1 X-6.300 Y16.707
G1 X-20.300 Y16.707
G1 X-20.300 Y33.600
G1 X-13.300 Y33.600
G1 X-13.300 Y34.000
G1 X-5.900 Y34.000
G1 X-5.900 Y16.307
G1 X-20.700 Y16.307
G1 X-20.700 Y34.000
G1 X-13.300 Y34.000
G1 X-13.300 Y34.400
G1 X-5.500 Y34.400
G1 X-5.500 Y15.907
G1 X-21.100 Y15.907
G1 X-21.100 Y34.400
G1 X-13.300 Y34.400 Z1.900
G1 X-13.300 Y34.400 Z2.300
G1 X-21.100 Y34.400
G1 X-21.100 Y16.446
G1 X-5.500 Y16.446
G1 X-5.500 Y34.400
G1 X-13.300 Y34.400
G1 X-13.300 Y34.000
G1 X-20.700 Y34.000
G1 X-20.700 Y16.846
G1 X-5.900 Y16.846
G1 X-5.900 Y34.000
G1 X-13.300 Y34.000
G1 X-13.300 Y33.600
G1 X-20.300 Y33.600
G1 X-20.300 Y17.246
G1 X-6.300 Y17.246
G1 X-6.300 Y33.600
G1 X-13.300 Y33.600
G1 X-13.300 Y33.200
G1 X-19.900 Y33.200
G1 X-19.900 Y17.646
G1 X-6.700 Y17.646
G1 X-6.700 Y33.200
G1 X-13.300 Y33.200
G1 X-13.300 Y32.800
G1 X-19.500 Y32.800
G1 X-19.500 Y18.046
G1 X-7.100 Y18.046
G1 X-7.100 Y32.800
G1 X-13.300 Y32.800
G1 X-13.300 Y32.400
G1 X-19.100 Y32.400
G1 X-19.100 Y18.446
G1 X-7.500 Y18.446
G1 X-7.500 Y32.400
G1 X-13.300 Y32.400
G1 X-13.300 Y32.000
G1 X-18.700 Y32.000
G1 X-18.700 Y18.846
G1 X-7.900 Y18.846
G1 X-7.900 Y32.000
G1 X-13.300 Y32.000
G1 X-13.300 Y31.600
G1 X-18.300 Y31.600
G1 X-18.300 Y19.246
G1 X-8.300 Y19.246
G1 X-8.300 Y31.600
G1 X-13.300 Y31.600
G1 X-13.300 Y31.200
G1 X-17.900 Y31.200
G1 X-17.900 Y19.646
G1 X-8.700 Y19.646
G1 X-8.700 Y31.200
G1 X-13.300 Y31.200
G1 X-13.300 Y30.800
G1 X-17.500 Y30.800
G1 X-17.500 Y20.046
G1 X-9.100 Y20.046
G1 X-9.100 Y30.800
G1 X-13.300 Y30.800
G1 X-13.300 Y30.400
G1 X-17.100 Y30.400
G1 X-17.100 Y20.446
G1 X-9.500 Y20.446
G1 X-9.500 Y30.400
G1 X-13.300 Y30.400
G1 X-13.300 Y30.000
G1 X-16.700 Y30.000
G1 X-16.700 Y20.846
G1 X-9.900 Y20.846
G1 X-9.900 Y30.000
G1 X-13.300 Y30.000
G1 X-13.300 Y29.600
G1 X-16.300 Y29.600
G1 X-16.300 Y21.246
G1 X-10.300 Y21.246
G1 X-10.300 Y29.600
G1 X-13.300 Y29.600
G1 X-13.300 Y29.200
G1 X-15.900 Y29.200
G1 X-15.900 Y21.646
G1 X-10.700 Y21.646
G1 X-10.700 Y29.200
G1 X-13.300 Y29.200
G1 X-13.300 Y28.800
G1 X-15.500 Y28.800
G1 X-15.500 Y22.046
G1 X-11.100 Y22.046
G1 X-11.100 Y28.800
G1 X-13.300 Y28.800
G1 X-13.300 Y28.400
G1 X-15.100 Y28.400
G1 X-15.100 Y22.446
G1 X-11.500 Y22.446
G1 X-11.500 Y28.400
G1 X-13.300 Y28.400
G1 X-13.300 Y28.000
G1 X-14.700 Y28.000
G1 X-14.700 Y22.846
G1 X-11.900 Y22.846
G1 X-11.900 Y28.000
G1 X-13.300 Y28.000
G1 X-13.300 Y27.600
G1 X-14.300 Y27.600
G1 X-14.300 Y23.246
G1 X-12.300 Y23.246
G1 X-12.300 Y27.600
G1 X-13.300 Y27.600
G1 X-13.300 Y27.200
G1 X-13.900 Y27.200
G1 X-13.900 Y23.646
G1 X-12.700 Y23.646
G1 X-12.700 Y27.200
G1 X-13.300 Y27.200
G1 X-13.300 Y26.800
G1 X-13.500 Y26.800
G1 X-13.500 Y24.046
G1 X-13.100 Y24.046
G1 X-13.100 Y26.800
G1 X-13.300 Y26.800
G1 X-13.300 Y26.400
G1 X-13.300 Y26.400 Z2.700
G1 X-13.300 Y26.400
G1 X-13.300 Y26.800
G1 X-13.100 Y26.800
G1 X-13.100 Y24.440
G1 X-13.500 Y24.440
G1 X-13.500 Y26.800
G1 X-13.300 Y26.800
G1 X-13.300 Y27.200
G1 X-12.700 Y27.200
G1 X-12.700 Y24.040
G1 X-13.900 Y24.040
G1 X-13.900 Y27.200
G1 X-13.300 Y27.200
G1 X-13.300 Y27.600
G1 X-12.300 Y27.600
G1 X-12.300 Y23.640
G1 X-14.300 Y23.640
G1 X-14.300 Y27.600
G1 X-13.300 Y27.600
G1 X-13.300 Y28.000
G1 X-11.900 Y28.000
G1 X-11.900 Y23.240
G1 X-14.700 Y23.240
G1 X-14.700 Y28.000
G1 X-13.300 Y28.000
G1 X-13.300 Y28.400
G1 X-11.500 Y28.400
G1 X-11.500 Y22.840
G1 X-15.100 Y22.840
G1 X-15.100 Y28.400
G1 X-13.300 Y28.400
G1 X-13.300 Y28.800
G1 X-11.100 Y28.800
G1 X-11.100 Y22.440
G1 X-15.500 Y22.440
G1 X-15.500 Y28.800
G1 X-13.300 Y28.800
G1 X-13.300 Y29.200
G1 X-10.700 Y29.200
G1 X-10.700 Y22.040
G1 X-15.900 Y22.040
G1 X-15.900 Y29.200
G1 X-13.300 Y29.200
G1 X-13.300 Y29.600
G1 X-10.300 Y29.600
G1 X-10.300 Y21.640
G1 X-16.300 Y21.640
G1 X-16.300 Y29.600
G1 X-13.300 Y29.600
G1 X-13.300 Y30.000
G1 X-9.900 Y30.000
G1 X-9.900 Y21.240
G1 X-16.700 Y21.240
G1 X-16.700 Y30.000
G1 X-13.300 Y30.000
G1 X-13.300 Y30.400
G1 X-9.500 Y30.400
G1 X-9.500 Y20.840
G1 X-17.100 Y20.840
G1 X-17.100 Y30.400
G1 X-13.300 Y30.400
G1 X-13.300 Y30.800
G1 X-9.100 Y30.800
G1 X-9.100 Y20.440
G1 X-17.500 Y20.440
G1 X-17.500 Y30.800
G1 X-13.300 Y30.800
G1 X-13.300 Y31.200
G1 X-8.700 Y31.200
G1 X-8.700 Y20.040
G1 X-17.900 Y20.040
G1 X-17.900 Y31.200
G1 X-13.300 Y31.200
G1 X-13.300 Y31.600
G1 X-8.300 Y31.600
G1 X-8.300 Y19.640
G1 X-18.300 Y19.640
G1 X-18.300 Y31.600
G1 X-13.300 Y31.600
G1 X-13.300 Y32.000
G1 X-7.900 Y32.000
G1 X-7.900 Y19.240
G1 X-18.700 Y19.240
G1 X-18.700 Y32.000
G1 X-13.300 Y32.000
G1 X-13.300 Y32.400
G1 X-7.500 Y32.400
G1 X-7.500 Y18.840
G1 X-19.100 Y18.840
G1 X-19.100 Y32.400
G1 X-13.300 Y32.400
G1 X-13.300 Y32.800
G1 X-7.100 Y32.800
G1 X-7.100 Y18.440
G1 X-19.500 Y18.440
G1 X-19.500 Y32.800
G1 X-13.300 Y32.800
G1 X-13.300 Y33.200
G1 X-6.700 Y33.200
G1 X-6.700 Y18.040
G1 X-19.900 Y18.040
G1 X-19.900 Y33.200
G1 X-13.300 Y33.200
G1 X-13.300 Y33.600
G1 X-6.300 Y33.600
G1 X-6.300 Y17.640
G1 X-20.300 Y17.640
G1 X-20.300 Y33.600
G1 X-13.300 Y33.600
G1 X-13.300 Y34.000
G1 X-5.900 Y34.000
G1 X-5.900 Y17.240
G1 X-20.700 Y17.240
G1 X-20.700 Y34.000
G1 X-13.300 Y34.000
G1 X-13.300 Y34.400
G1 X-5.500 Y34.400
G1 X-5.500 Y16.840
G1 X-21.100 Y16.840
G1 X-21.100 Y34.400
G1 X-13.300 Y34.400 Z2.700
G1 X-13.300 Y34.400 Z3.100
G1 X-21.100 Y34.400
G1 X-21.100 Y17.141
G1 X-5.500 Y17.141
G1 X-5.500 Y34.400
G1 X-13.300 Y34.400
G1 X-13.300 Y34.000
G1 X-20.700 Y34.000
G1 X-20.700 Y17.541
G1 X-5.900 Y17.541
G1 X-5.900 Y34.000
G1 X-13.300 Y34.000
G1 X-13.300 Y33.600
G1 X-20.300 Y33.600
G1 X-20.300 Y17.941
G1 X-6.300 Y17.941
G1 X-6.300 Y33.600
G1 X-13.300 Y33.600
G1 X-13.300 Y33.200
G1 X-19.900 Y33.200
G1 X-19.900 Y18.341
G1 X-6.700 Y18.341
G1 X-6.700 Y33.200
G1 X-13.300 Y33.200
G1 X-13.300 Y32.800
G1 X-19.500 Y32.800
G1 X-19.500 Y18.741
G1 X-7.100 Y18.741
G1 X-7.100 Y32.800
G1 X-13.300 Y32.800
G1 X-13.300 Y32.400
G1 X-19.100 Y32.400
G1 X-19.100 Y19.141
G1 X-7.500 Y19.141
G1 X-7.500 Y32.400
G1 X-13.300 Y32.400
G1 X-13.300 Y32.000
G1 X-18.700 Y32.000
G1 X-18.700 Y19.541
G1 X-7.900 Y19.541
G1 X-7.900 Y32.000
G1 X-13.300 Y32.000
G1 X-13.300 Y31.600
G1 X-18.300 Y31.600
G1 X-18.300 Y19.941
G1 X-8.300 Y19.941
G1 X-8.300 Y31.600
G1 X-13.300 Y31.600
G1 X-13.300 Y31.200
G1 X-17.900 Y31.200
G1 X-17.900 Y20.341
G1 X-8.700 Y20.341
G1 X-8.700 Y31.200
G1 X-13.300 Y31.200
G1 X-13.300 Y30.800
G1 X-17.500 Y30.800
G1 X-17.500 Y20.741
G1 X-9.100 Y20.741
G1 X-9.100 Y30.800
G1 X-13.300 Y30.800
G1 X-13.300 Y30.400
G1 X-17.100 Y30.400
G1 X-17.100 Y21.141
G1 X-9.500 Y21.141
G1 X-9.500 Y30.400
G1 X-13.300 Y30.400
G1 X-13.300 Y30.000
G1 X-16.700 Y30.000
G1 X-16.700 Y21.541
G1 X-9.900 Y21.541
G1 X-9.900 Y30.000
G1 X-13.300 Y30.000
G1 X-13.300 Y29.600
G1 X-16.300 Y29.600
G1 X-16.300 Y21.941
G1 X-10.300 Y21.941
G1 X-10.300 Y29.600
G1 X-13.300 Y29.600
G1 X-13.300 Y29.200
G1 X-15.900 Y29.200
G1 X-15.900 Y22.341
G1 X-10.700 Y22.341
G1 X-10.700 Y29.200
G1 X-13.300 Y29.200
G1 X-13.300 Y28.800
G1 X-15.500 Y28.800
G1 X-15.500 Y22.741
G1 X-11.100 Y22.741
G1 X-11.100 Y28.800
G1 X-13.300 Y28.800
G1 X-13.300 Y28.400
G1 X-15.100 Y28.400
G1 X-15.100 Y23.141
G1 X-11.500 Y23.141
G1 X-11.500 Y28.400
G1 X-13.300 Y28.400
G1 X-13.300 Y28.000
G1 X-14.700 Y28.000
G1 X-14.700 Y23.541
G1 X-11.900 Y23.541
G1 X-11.900 Y28.000
G1 X-13.300 Y28.000
G1 X-13.300 Y27.600
G1 X-14.300 Y27.600
G1 X-14.300 Y23.941
G1 X-12.300 Y23.941
G1 X-12.300 Y27.600
G1 X-13.300 Y27.600
G1 X-13.300 Y27.200
G1 X-13.900 Y27.200
G1 X-13.900 Y24.341
G1 X-12.700 Y24.341
G1 X-12.700 Y27.200
G1 X-13.300 Y27.200
G1 X-13.300 Y26.800
G1 X-13.500 Y26.800
G1 X-13.500 Y24.741
G1 X-13.100 Y24.741
G1 X-13.100 Y26.800
G1 X-13.300 Y26.800
G1 X-13.300 Y26.400
G1 X-13.300 Y26.400 Z3.500
G1 X-13.300 Y26.400
G1 X-13.300 Y26.800
G1 X-13.100 Y26.800
G1 X-13.100 Y24.972
G1 X-13.500 Y24.972
G1 X-13.500 Y26.800
G1 X-13.300 Y26.800
G1 X-13.300 Y27.200
G1 X-12.700 Y27.200
G1 X-12.700 Y24.572
G1 X-13.900 Y24.572
G1 X-13.900 Y27.200
G1 X-13.300 Y27.200
G1 X-13.300 Y27.600
G1 X-12.300 Y27.600
G1 X-12.300 Y24.172
G1 X-14.300 Y24.172
G1 X-14.300 Y27.600
G1 X-13.300 Y27.600
G1 X-13.300 Y28.000
G1 X-11.900 Y28.000
G1 X-11.900 Y23.772
G1 X-14.700 Y23.772
G1 X-14.700 Y28.000
G1 X-13.300 Y28.000
G1 X-13.300 Y28.400
G1 X-11.500 Y28.400
G1 X-11.500 Y23.372
G1 X-15.100 Y23.372
G1 X-15.100 Y28.400
G1 X-13.300 Y28.400
G1 X-13.300 Y28.800
G1 X-11.100 Y28.800
G1 X-11.100 Y22.972
G1 X-15.500 Y22.972
G1 X-15.500 Y28.800
G1 X-13.300 Y28.800
G1 X-13.300 Y29.200
G1 X-10.700 Y29.200
G1 X-10.700 Y22.572
G1 X-15.900 Y22.572
G1 X-15.900 Y29.200
G1 X-13.300 Y29.200
G1 X-13.300 Y29.600
G1 X-10.300 Y29.600
G1 X-10.300 Y22.172
G1 X-16.300 Y22.172
G1 X-16.300 Y29.600
G1 X-13.300 Y29.600
G1 X-13.300 Y30.000
G1 X-9.900 Y30.000
G1 X-9.900 Y21.772
G1 X-16.700 Y21.772
G1 X-16.700 Y30.000
G1 X-13.300 Y30.000
G1 X-13.300 Y30.400
G1 X-9.500 Y30.400
G1 X-9.500 Y21.372
G1 X-17.100 Y21.372
G1 X-17.100 Y30.400
G1 X-13.300 Y30.400
G1 X-13.300 Y30.800
G1 X-9.100 Y30.800
G1 X-9.100 Y20.972
G1 X-17.500 Y20.972
G1 X-17.500 Y30.800
G1 X-13.300 Y30.800
G1 X-13.300 Y31.200
G1 X-8.700 Y31.200
G1 X-8.700 Y20.572
G1 X-17.900 Y20.572
G1 X-17.900 Y31.200
G1 X-13.300 Y31.200
G1 X-13.300 Y31.600
G1 X-8.300 Y31.600
G1 X-8.300 Y20.172
G1 X-18.300 Y20.172
G1 X-18.300 Y31.600
G1 X-13.300 Y31.600
G1 X-13.300 Y32.000
G1 X-7.900 Y32.000
G1 X-7.900 Y19.772
G1 X-18.700 Y19.772
G1 X-18.700 Y32.000
G1 X-13.300 Y32.000
G1 X-13.300 Y32.400
G1 X-7.500 Y32.400
G1 X-7.500 Y19.372
G1 X-19.100 Y19.372
G1 X-19.100 Y32.400
G1 X-13.300 Y32.400
G1 X-13.300 Y32.800
G1 X-7.100 Y32.800
G1 X-7.100 Y18.972
G1 X-19.500 Y18.972
G1 X-19.500 Y32.800
G1 X-13.300 Y32.800
G1 X-13.300 Y33.200
G1 X-6.700 Y33.200
G1 X-6.700 Y18.572
G1 X-19.900 Y18.572
G1 X-19.900 Y33.200
G1 X-13.300 Y33.200
G1 X-13.300 Y33.600
G1 X-6.300 Y33.600
G1 X-6.300 Y18.172
G1 X-20.300 Y18.172
G1 X-20.300 Y33.600
G1 X-13.300 Y33.600
G1 X-13.300 Y34.000
G1 X-5.900 Y34.000
G1 X-5.900 Y17.772
G1 X-20.700 Y17.772
G1 X-20.700 Y34.000
G1 X-13.300 Y34.000
G1 X-13.300 Y34.400
G1 X-5.500 Y34.400
G1 X-5.500 Y17.372
G1 X-21.100 Y17.372
G1 X-21.100 Y34.400
G1 X-13.300 Y34.400 Z3.500
G1 X-13.300 Y34.400 Z3.900
G1 X-21.100 Y34.400
G1 X-21.100 Y17.547
G1 X-5.500 Y17.547
G1 X-5.500 Y34.400
G1 X-13.300 Y34.400
G1 X-13.300 Y34.000
G1 X-20.700 Y34.000
G1 X-20.700 Y17.947
G1 X-5.900 Y17.947
G1 X-5.900 Y34.000
G1 X-13.300 Y34.000
G1 X-13.300 Y33.600
G1 X-20.300 Y33.600
G1 X-20.300 Y18.347
G1 X-6.300 Y18.347
G1 X-6.300 Y33.600
G1 X-13.300 Y33.600
G1 X-13.300 Y33.200
G1 X-19.900 Y33.200
G1 X-19.900 Y18.747
G1 X-6.700 Y18.747
G1 X-6.700 Y33.200
G1 X-13.300 Y33.200
G1 X-13.300 Y32.800
G1 X-19.500 Y32.800
G1 X-19.500 Y19.147
G1 X-7.100 Y19.147
G1 X-7.100 Y32.800
G1 X-13.300 Y32.800
G1 X-13.300 Y32.400
G1 X-19.100 Y32.400
G1 X-19.100 Y19.547
G1 X-7.500 Y19.547
G1 X-7.500 Y32.400
G1 X-13.300 Y32.400
G1 X-13.300 Y32.000
G1 X-18.700 Y32.000
G1 X-18.700 Y19.947
G1 X-7.900 Y19.947
G1 X-7.900 Y32.000
G1 X-13.300 Y32.000
G1 X-13.300 Y31.600
G1 X-18.300 Y31.600
G1 X-18.300 Y20.347
G1 X-8.300 Y20.347
G1 X-8.300 Y31.600
G1 X-13.300 Y31.600
G1 X-13.300 Y31.200
G1 X-17.900 Y31.200
G1 X-17.900 Y20.747
G1 X-8.700 Y20.747
G1 X-8.700 Y31.200
G1 X-13.300 Y31.200
G1 X-13.300 Y30.800
G1 X-17.500 Y30.800
G1 X-17.500 Y21.147
G1 X-9.100 Y21.147
G1 X-9.100 Y30.800
G1 X-13.300 Y30.800
G1 X-13.300 Y30.400
G1 X-17.100 Y30.400
G1 X-17.100 Y21.547
G1 X-9.500 Y21.547
G1 X-9.500 Y30.400
G1 X-13.300 Y30.400
G1 X-13.300 Y30.000
G1 X-16.700 Y30.000
G1 X-16.700 Y21.947
G1 X-9.900 Y21.947
G1 X-9.900 Y30.000
G1 X-13.300 Y30.000
G1 X-13.300 Y29.600
G1 X-16.300 Y29.600
G1 X-16.300 Y22.347
G1 X-10.300 Y22.347
G1 X-10.300 Y29.600
G1 X-13.300 Y29.600
G1 X-13.300 Y29.200
G1 X-15.900 Y29.200
G1 X-15.900 Y22.747
G1 X-10.700 Y22.747
G1 X-10.700 Y29.200
G1 X-13.300 Y29.200
G1 X-13.300 Y28.800
G1 X-15.500 Y28.800
G1 X-15.500 Y23.147
G1 X-11.100 Y23.147
G1 X-11.100 Y28.800
G1 X-13.300 Y28.800
G1 X-13.300 Y28.400
G1 X-15.100 Y28.400
G1 X-15.100 Y23.547
G1 X-11.500 Y23.547
G1 X-11.500 Y28.400
G1 X-13.300 Y28.400
G1 X-13.300 Y28.000
G1 X-14.700 Y28.000
G1 X-14.700 Y23.947
G1 X-11.900 Y23.947
G1 X-11.900 Y28.000
G1 X-13.300 Y28.000
G1 X-13.300 Y27.600
G1 X-14.300 Y27.600
G1 X-14.300 Y24.347
G1 X-12.300 Y24.347
G1 X-12.300 Y27.600
G1 X-13.300 Y27.600
G1 X-13.300 Y27.200
G1 X-13.900 Y27.200
G1 X-13.900 Y24.747
G1 X-12.700 Y24.747
G1 X-12.700 Y27.200
G1 X-13.300 Y27.200
G1 X-13.300 Y26.800
G1 X-13.500 Y26.800
G1 X-13.500 Y25.147
G1 X-13.100 Y25.147
G1 X-13.100 Y26.800
G1 X-13.300 Y26.800
G1 X-13.300 Y26.400
G1 X-13.300 Y26.400 Z4.300
G1 X-13.300 Y26.400
G1 X-13.300 Y26.800
G1 X-13.100 Y26.800
G1 X-13.100 Y25.273
G1 X-13.500 Y25.273
G1 X-13.500 Y26.800
G1 X-13.300 Y26.800
G1 X-13.300 Y27.200
G1 X-12.700 Y27.200
G1 X-12.700 Y24.873
G1 X-13.900 Y24.873
G1 X-13.900 Y27.200
G1 X-13.300 Y27.200
G1 X-13.300 Y27.600
G1 X-12.300 Y27.600
G1 X-12.300 Y24.473
G1 X-14.300 Y24.473
G1 X-14.300 Y27.600
G1 X-13.300 Y27.600
G1 X-13.300 Y28.000
G1 X-11.900 Y28.000
G1 X-11.900 Y24.073
G1 X-14.700 Y24.073
G1 X-14.700 Y28.000
G1 X-13.300 Y28.000
G1 X-13.300 Y28.400
G1 X-11.500 Y28.400
G1 X-11.500 Y23.673
G1 X-15.100 Y23.673
G1 X-15.100 Y28.400
G1 X-13.300 Y28.400
G1 X-13.300 Y28.800
G1 X-11.100 Y28.800
G1 X-11.100 Y23.273
G1 X-15.500 Y23.273
G1 X-15.500 Y28.800
G1 X-13.300 Y28.800
G1 X-13.300 Y29.200
G1 X-10.700 Y29.200
G1 X-10.700 Y22.873
G1 X-15.900 Y22.873
G1 X-15.900 Y29.200
G1 X-13.300 Y29.200
G1 X-13.300 Y29.600
G1 X-10.300 Y29.600
G1 X-10.300 Y22.473
G1 X-16.300 Y22.473
G1 X-16.300 Y29.600
G1 X-13.300 Y29.600
G1 X-13.300 Y30.000
G1 X-9.900 Y30.000
G1 X-9.900 Y22.073
G1 X-16.700 Y22.073
G1 X-16.700 Y30.000
G1 X-13.300 Y30.000
G1 X-13.300 Y30.400
G1 X-9.500 Y30.400
G1 X-9.500 Y21.673
G1 X-17.100 Y21.673
G1 X-17.100 Y30.400
G1 X-13.300 Y30.400
G1 X-13.300 Y30.800
G1 X-9.100 Y30.800
G1 X-9.100 Y21.273
G1 X-17.500 Y21.273
G1 X-17.500 Y30.800
G1 X-13.300 Y30.800
G1 X-13.300 Y31.200
G1 X-8.700 Y31.200
G1 X-8.700 Y20.873
G1 X-17.900 Y20.873
G1 X-17.900 Y31.200
G1 X-13.300 Y31.200
G1 X-13.300 Y31.600
G1 X-8.300 Y31.600
G1 X-8.300 Y20.473
G1 X-18.300 Y20.473
G1 X-18.300 Y31.600
G1 X-13.300 Y31.600
G1 X-13.300 Y32.000
G1 X-7.900 Y32.000
G1 X-7.900 Y20.073
G1 X-18.700 Y20.073
G1 X-18.700 Y32.000
G1 X-13.300 Y32.000
G1 X-13.300 Y32.400
G1 X-7.500 Y32.400
G1 X-7.500 Y19.673
G1 X-19.100 Y19.673
G1 X-19.100 Y32.400
G1 X-13.300 Y32.400
G1 X-13.300 Y32.800
G1 X-7.100 Y32.800
G1 X-7.100 Y19.273
G1 X-19.500 Y19.273
G1 X-19.500 Y32.800
G1 X-13.300 Y32.800
G1 X-13.300 Y33.200
G1 X-6.700 Y33.200
G1 X-6.700 Y18.873
G1 X-19.900 Y18.873
G1 X-19.900 Y33.200
G1 X-13.300 Y33.200
G1 X-13.300 Y33.600
G1 X-6.300 Y33.600
G1 X-6.300 Y18.473
G1 X-20.300 Y18.473
G1 X-20.300 Y33.600
G1 X-13.300 Y33.600
G1 X-13.300 Y34.000
G1 X-5.900 Y34.000
G1 X-5.900 Y18.073
G1 X-20.700 Y18.073
G1 X-20.700 Y34.000
G1 X-13.300 Y34.000
G1 X-13.300 Y34.400
G1 X-5.500 Y34.400
G1 X-5.500 Y17.673
G1 X-21.100 Y17.673
G1 X-21.100 Y34.400
G1 X-13.300 Y34.400 Z4.300
G1 X-13.300 Y34.400 Z4.700
G1 X-21.100 Y34.400
G1 X-21.100 Y17.755
G1 X-5.500 Y17.755
G1 X-5.500 Y34.400
G1 X-13.300 Y34.400
G1 X-13.300 Y34.000
G1 X-20.700 Y34.000
G1 X-20.700 Y18.155
G1 X-5.900 Y18.155
G1 X-5.900 Y34.000
G1 X-13.300 Y34.000
G1 X-13.300 Y33.600
G1 X-20.300 Y33.600
G1 X-20.300 Y18.555
G1 X-6.300 Y18.555
G1 X-6.300 Y33.600
G1 X-13.300 Y33.600
G1 X-13.300 Y33.200
G1 X-19.900 Y33.200
G1 X-19.900 Y18.955
G1 X-6.700 Y18.955
G1 X-6.700 Y33.200
G1 X-13.300 Y33.200
G1 X-13.300 Y32.800
G1 X-19.500 Y32.800
G1 X-19.500 Y19.355
G1 X-7.100 Y19.355
G1 X-7.100 Y32.800
G1 X-13.300 Y32.800
G1 X-13.300 Y32.400
G1 X-19.100 Y32.400
G1 X-19.100 Y19.755
G1 X-7.500 Y19.755
G1 X-7.500 Y32.400
G1 X-13.300 Y32.400
G1 X-13.300 Y32.000
G1 X-18.700 Y32.000
G1 X-18.700 Y20.155
G1 X-7.900 Y20.155
G1 X-7.900 Y32.000
G1 X-13.300 Y32.000
G1 X-13.300 Y31.600
G1 X-18.300 Y31.600
G1 X-18.300 Y20.555
G1 X-8.300 Y20.555
G1 X-8.300 Y31.600
G1 X-13.300 Y31.600
G1 X-13.300 Y31.200
G1 X-17.900 Y31.200
G1 X-17.900 Y20.955
G1 X-8.700 Y20.955
G1 X-8.700 Y31.200
G1 X-13.300 Y31.200
G1 X-13.300 Y30.800
G1 X-17.500 Y30.800
G1 X-17.500 Y21.355
G1 X-9.100 Y21.355
G1 X-9.100 Y30.800
G1 X-13.300 Y30.800
G1 X-13.300 Y30.400
G1 X-17.100 Y30.400
G1 X-17.100 Y21.755
G1 X-9.500 Y21.755
G1 X-9.500 Y30.400
G1 X-13.300 Y30.400
G1 X-13.300 Y30.000
G1 X-16.700 Y30.000
G1 X-16.700 Y22.155
G1 X-9.900 Y22.155
G1 X-9.900 Y30.000
G1 X-13.300 Y30.000
G1 X-13.300 Y29.600
G1 X-16.300 Y29.600
G1 X-16.300 Y22.555
G1 X-10.300 Y22.555
G1 X-10.300 Y29.600
G1 X-13.300 Y29.600
G1 X-13.300 Y29.200
G1 X-15.900 Y29.200
G1 X-15.900 Y22.955
G1 X-10.700 Y22.955
G1 X-10.700 Y29.200
G1 X-13.300 Y29.200
G1 X-13.300 Y28.800
G1 X-15.500 Y28.800
G1 X-15.500 Y23.355
G1 X-11.100 Y23.355
G1 X-11.100 Y28.800
G1 X-13.300 Y28.800
G1 X-13.300 Y28.400
G1 X-15.100 Y28.400
G1 X-15.100 Y23.755
G1 X-11.500 Y23.755
G1 X-11.500 Y28.400
G1 X-13.300 Y28.400
G1 X-13.300 Y28.000
G1 X-14.700 Y28.000
G1 X-14.700 Y24.155
G1 X-11.900 Y24.155
G1 X-11.900 Y28.000
G1 X-13.300 Y28.000
G1 X-13.300 Y27.600
G1 X-14.300 Y27.600
G1 X-14.300 Y24.555
G1 X-12.300 Y24.555
G1 X-12.300 Y27.600
G1 X-13.300 Y27.600
G1 X-13.300 Y27.200
G1 X-13.900 Y27.200
G1 X-13.900 Y24.955
G1 X-12.700 Y24.955
G1 X-12.700 Y27.200
G1 X-13.300 Y27.200
G1 X-13.300 Y26.800
G1 X-13.500 Y26.800
G1 X-13.500 Y25.355
G1 X-13.100 Y25.355
G1 X-13.100 Y26.800
G1 X-13.300 Y26.800
G1 X-13.300 Y26.400
G1 X-13.300 Y26.400 Z5.100
G1 X-13.300 Y26.400
G1 X-13.300 Y26.800
G1 X-13.100 Y26.800
G1 X-13.100 Y25.395
G1 X-13.500 Y25.395
G1 X-13.500 Y26.800
G1 X-13.300 Y26.800
G1 X-13.300 Y27.200
G1 X-12.700 Y27.200
G1 X-12.700 Y24.995
G1 X-13.900 Y24.995
G1 X-13.900 Y27.200
G1 X-13.300 Y27.200
G1 X-13.300 Y27.600
G1 X-12.300 Y27.600
G1 X-12.300 Y24.595
G1 X-14.300 Y24.595
G1 X-14.300 Y27.600
G1 X-13.300 Y27.600
G1 X-13.300 Y28.000
G1 X-11.900 Y28.000
G1 X-11.900 Y24.195
G1 X-14.700 Y24.195
G1 X-14.700 Y28.000
G1 X-13.300 Y28.000
G1 X-13.300 Y28.400
G1 X-11.500 Y28.400
G1 X-11.500 Y23.795
G1 X-15.100 Y23.795
G1 X-15.100 Y28.400
G1 X-13.300 Y28.400
G1 X-13.300 Y28.800
G1 X-11.100 Y28.800
G1 X-11.100 Y23.395
G1 X-15.500 Y23.395
G1 X-15.500 Y28.800
G1 X-13.300 Y28.800
G1 X-13.300 Y29.200
G1 X-10.700 Y29.200
G1 X-10.700 Y22.995
G1 X-15.900 Y22.995
G1 X-15.900 Y29.200
G1 X-13.300 Y29.200
G1 X-13.300 Y29.600
G1 X-10.300 Y29.600
G1 X-10.300 Y22.595
G1 X-16.300 Y22.595
G1 X-16.300 Y29.600
G1 X-13.300 Y29.600
G1 X-13.300 Y30.000
G1 X-9.900 Y30.000
G1 X-9.900 Y22.195
G1 X-16.700 Y22.195
G1 X-16.700 Y30.000
G1 X-13.300 Y30.000
G1 X-13.300 Y30.400
G1 X-9.500 Y30.400
G1 X-9.500 Y21.795
G1 X-17.100 Y21.795
G1 X-17.100 Y30.400
G1 X-13.300 Y30.400
G1 X-13.300 Y30.800
G1 X-9.100 Y30.800
G1 X-9.100 Y21.395
G1 X-17.500 Y21.395
G1 X-17.500 Y30.800
G1 X-13.300 Y30.800
G1 X-13.300 Y31.200
G1 X-8.700 Y31.200
G1 X-8.700 Y20.995
G1 X-17.900 Y20.995
G1 X-17.900 Y31.200
G1 X-13.300 Y31.200
G1 X-13.300 Y31.600
G1 X-8.300 Y31.600
G1 X-8.300 Y20.595
G1 X-18.300 Y20.595
G1 X-18.300 Y31.600
G1 X-13.300 Y31.600
G1 X-13.300 Y32.000
G1 X-7.900 Y32.000
G1 X-7.900 Y20.195
G1 X-18.700 Y20.195
G1 X-18.700 Y32.000
G1 X-13.300 Y32.000
G1 X-13.300 Y32.400
G1 X-7.500 Y32.400
G1 X-7.500 Y19.795
G1 X-19.100 Y19.795
G1 X-19.100 Y32.400
G1 X-13.300 Y32.400
G1 X-13.300 Y32.800
G1 X-7.100 Y32.800
G1 X-7.100 Y19.395
G1 X-19.500 Y19.395
G1 X-19.500 Y32.800
G1 X-13.300 Y32.800
G1 X-13.300 Y33.200
G1 X-6.700 Y33.200
G1 X-6.700 Y18.995
G1 X-19.900 Y18.995
G1 X-19.900 Y33.200
G1 X-13.300 Y33.200
G1 X-13.300 Y33.600
G1 X-6.300 Y33.600
G1 X-6.300 Y18.595
G1 X-20.300 Y18.595
G1 X-20.300 Y33.600
G1 X-13.300 Y33.600
G1 X-13.300 Y34.000
G1 X-5.900 Y34.000
G1 X-5.900 Y18.195
G1 X-20.700 Y18.195
G1 X-20.700 Y34.000
G1 X-13.300 Y34.000
G1 X-13.300 Y34.400
G1 X-5.500 Y34.400
G1 X-5.500 Y17.795
G1 X-21.100 Y17.795
G1 X-21.100 Y34.400
G1 X-13.300 Y34.400 Z5.100
M9
G1 Z10.000
G1 X13.300 Y-34.400
G1 Z1.500
M7
G4 P150
G1 X13.300 Y-34.400 Z1.500
G1 X21.100 Y-34.400
G1 X21.100 Y-15.049
G1 X5.500 Y-15.049
G1 X5.500 Y-34.400
G1 X13.300 Y-34.400
G1 X13.300 Y-34.000
G1 X20.700 Y-34.000
G1 X20.700 Y-15.449
G1 X5.900 Y-15.449
G1 X5.900 Y-34.000
G1 X13.300 Y-34.000
G1 X13.300 Y-33.600
G1 X20.300 Y-33.600
G1 X20.300 Y-15.849
G1 X6.300 Y-15.849
G1 X6.300 Y-33.600
G1 X13.300 Y-33.600
G1 X13.300 Y-33.200
G1 X19.900 Y-33.200
G1 X19.900 Y-16.249
G1 X6.700 Y-16.249
G1 X6.700 Y-33.200
G1 X13.300 Y-33.200
G1 X13.300 Y-32.800
G1 X19.500 Y-32.800
G1 X19.500 Y-16.649
G1 X7.100 Y-16.649
G1 X7.100 Y-32.800
G1 X13.300 Y-32.800
G1 X13.300 Y-32.400
G1 X19.100 Y-32.400
G1 X19.100 Y-17.049
G1 X7.500 Y-17.049
G1 X7.500 Y-32.400
G1 X13.300 Y-32.400
G1 X13.300 Y-32.000
G1 X18.700 Y-32.000
G1 X18.700 Y-17.449
G1 X7.900 Y-17.449
G1 X7.900 Y-32.000
G1 X13.300 Y-32.000
G1 X13.300 Y-31.600
G1 X18.300 Y-31.600
G1 X18.300 Y-17.849
G1 X8.300 Y-17.849
G1 X8.300 Y-31.600
G1 X13.300 Y-31.600
G1 X13.300 Y-31.200
G1 X17.900 Y-31.200
G1 X17.900 Y-18.249
G1 X8.700 Y-18.249
G1 X8.700 Y-31.200
G1 X13.300 Y-31.200
G1 X13.300 Y-30.800
G1 X17.500 Y-30.800
G1 X17.500 Y-18.649
G1 X9.100 Y-18.649
G1 X9.100 Y-30.800
G1 X13.300 Y-30.800
G1 X13.300 Y-30.400
G1 X17.100 Y-30.400
G1 X17.100 Y-19.049
G1 X9.500 Y-19.049
G1 X9.500 Y-30.400
G1 X13.300 Y-30.400
G1 X13.300 Y-30.000
G1 X16.700 Y-30.000
G1 X16.700 Y-19.449
G1 X9.900 Y-19.449
G1 X9.900 Y-30.000
G1 X13.300 Y-30.000
G1 X13.300 Y-29.600
G1 X16.300 Y-29.600
G1 X16.300 Y-19.849
G1 X10.300 Y-19.849
G1 X10.300 Y-29.600
G1 X13.300 Y-29.600
G1 X13.300 Y-29.200
G1 X15.900 Y-29.200
G1 X15.900 Y-20.249
G1 X10.700 Y-20.249
G1 X10.700 Y-29.200
G1 X13.300 Y-29.200
G1 X13.300 Y-28.800
G1 X15.500 Y-28.800
G1 X15.500 Y-20.649
G1 X11.100 Y-20.649
G1 X11.100 Y-28.800
G1 X13.300 Y-28.800
G1 X13.300 Y-28.400
G1 X15.100 Y-28.400
G1 X15.100 Y-21.049
G1 X11.500 Y-21.049
G1 X11.500 Y-28.400
G1 X13.300 Y-28.400
G1 X13.300 Y-28.000
G1 X14.700 Y-28.000
G1 X14.700 Y-21.449
G1 X11.900 Y-21.449
G1 X11.900 Y-28.000
G1 X13.300 Y-28.000
G1 X13.300 Y-27.600
G1 X14.300 Y-27.600
G1 X14.300 Y-21.849
G1 X12.300 Y-21.849
G1 X12.300 Y-27.600
G1 X13.300 Y-27.600
G1 X13.300 Y-27.200
G1 X13.900 Y-27.200
G1 X13.900 Y-22.249
G1 X12.700 Y-22.249
G1 X12.700 Y-27.200
G1 X13.300 Y-27.200
G1 X13.300 Y-26.800
G1 X13.500 Y-26.800
G1 X13.500 Y-22.649
G1 X13.100 Y-22.649
G1 X13.100 Y-26.800
G1 X13.300 Y-26.800
G1 X13.300 Y-26.400
G1 X13.300 Y-26.400 Z1.900
G1 X13.300 Y-26.400
G1 X13.300 Y-26.800
G1 X13.100 Y-26.800
G1 X13.100 Y-23.507
G1 X13.500 Y-23.507
G1 X13.500 Y-26.800
G1 X13.300 Y-26.800
G1 X13.300 Y-27.200
G1 X12.700 Y-27.200
G1 X12.700 Y-23.107
G1 X13.900 Y-23.107
G1 X13.900 Y-27.200
G1 X13.300 Y-27.200
G1 X13.300 Y-27.600
G1 X12.300 Y-27.600
G1 X12.300 Y-22.707
G1 X14.300 Y-22.707
G1 X14.300 Y-27.600
G1 X13.300 Y-27.600
G1 X13.300 Y-28.000
G1 X11.900 Y-28.000
G1 X11.900 Y-22.307
G1 X14.700 Y-22.307
G1 X14.700 Y-28.000
G1 X13.300 Y-28.000
G1 X13.300 Y-28.400
G1 X11.500 Y-28.400
G1 X11.500 Y-21.907
G1 X15.100 Y-21.907
G1 X15.100 Y-28.400
G1 X13.300 Y-28.400
G1 X13.300 Y-28.800
G1 X11.100 Y-28.800
G1 X11.100 Y-21.507
G1 X15.500 Y-21.507
G1 X15.500 Y-28.800
G1 X13.300 Y-28.800
G1 X13.300 Y-29.200
G1 X10.700 Y-29.200
G1 X10.700 Y-21.107
G1 X15.900 Y-21.107
G1 X15.900 Y-29.200
G1 X13.300 Y-29.200
G1 X13.300 Y-29.600
G1 X10.300 Y-29.600
G1 X10.300 Y-20.707
G1 X16.300 Y-20.707
G1 X16.300 Y-29.600
G1 X13.300 Y-29.600
G1 X13.300 Y-30.000
G1 X9.900 Y-30.000
G1 X9.900 Y-20.307
G1 X16.700 Y-20.307
G1 X16.700 Y-30.000
G1 X13.300 Y-30.000
G1 X13.300 Y-30.400
G1 X9.500 Y-30.400
G1 X9.500 Y-19.907
G1 X17.100 Y-19.907
G1 X17.100 Y-30.400
G1 X13.300 Y-30.400
G1 X13.300 Y-30.800
G1 X9.100 Y-30.800
G1 X9.100 Y-19.507
G1 X17.500 Y-19.507
G1 X17.500 Y-30.800
G1 X13.300 Y-30.800
G1 X13.300 Y-31.200
G1 X8.700 Y-31.200
G1 X8.700 Y-19.107
G1 X17.900 Y-19.107
G1 X17.900 Y-31.200
G1 X13.300 Y-31.200
G1 X13.300 Y-31.600
G1 X8.300 Y-31.600
G1 X8.300 Y-18.707
G1 X18.300 Y-18.707
G1 X18.300 Y-31.600
G1 X13.300 Y-31.600
G1 X13.300 Y-32.000
G1 X7.900 Y-32.000
G1 X7.900 Y-18.307
G1 X18.700 Y-18.307
G1 X18.700 Y-32.000
G1 X13.300 Y-32.000
G1 X13.300 Y-32.400
G1 X7.500 Y-32.400
G1 X7.500 Y-17.907
G1 X19.100 Y-17.907
G1 X19.100 Y-32.400
G1 X13.300 Y-32.400
G1 X13.300 Y-32.800
G1 X7.100 Y-32.800
G1 X7.100 Y-17.507
G1 X19.500 Y-17.507
G1 X19.500 Y-32.800
G1 X13.300 Y-32.800
G1 X13.300 Y-33.200
G1 X6.700 Y-33.200
G1 X6.700 Y-17.107
G1 X19.900 Y-17.107
G1 X19.900 Y-33.200
G1 X13.300 Y-33.200
G1 X13.300 Y-33.600
G1 X6.300 Y-33.600
G1 X6.300 Y-16.707
G1 X20.300 Y-16.707
G1 X20.300 Y-33.600
G1 X13.300 Y-33.600
G1 X13.300 Y-34.000
G1 X5.900 Y-34.000
G1 X5.900 Y-16.307
G1 X20.700 Y-16.307
G1 X20.700 Y-34.000
G1 X13.300 Y-34.000
G1 X13.300 Y-34.400
G1 X5.500 Y-34.400
G1 X5.500 Y-15.907
G1 X21.100 Y-15.907
G1 X21.100 Y-34.400
G1 X13.300 Y-34.400 Z1.900
G1 X13.300 Y-34.400 Z2.300
G1 X21.100 Y-34.400
G1 X21.100 Y-16.446
G1 X5.500 Y-16.446
G1 X5.500 Y-34.400
G1 X13.300 Y-34.400
G1 X13.300 Y-34.000
G1 X20.700 Y-34.000
G1 X20.700 Y-16.846
G1 X5.900 Y-16.846
G1 X5.900 Y-34.000
G1 X13.300 Y-34.000
G1 X13.300 Y-33.600
G1 X20.300 Y-33.600
G1 X20.300 Y-17.246
G1 X6.300 Y-17.246
G1 X6.300 Y-33.600
G1 X13.300 Y-33.600
G1 X13.300 Y-33.200
G1 X19.900 Y-33.200
G1 X19.900 Y-17.646
G1 X6.700 Y-17.646
G1 X6.700 Y-33.200
G1 X13.300 Y-33.200
G1 X13.300 Y-32.800
G1 X19.500 Y-32.800
G1 X19.500 Y-18.046
G1 X7.100 Y-18.046
G1 X7.100 Y-32.800
G1 X13.300 Y-32.800
G1 X13.300 Y-32.400
G1 X19.100 Y-32.400
G1 X19.100 Y-18.446
G1 X7.500 Y-18.446
G1 X7.500 Y-32.400
G1 X13.300 Y-32.400
G1 X13.300 Y-32.000
G1 X18.700 Y-32.000
G1 X18.700 Y-18.846
G1 X7.900 Y-18.846
G1 X7.900 Y-32.000
G1 X13.300 Y-32.000
G1 X13.300 Y-31.600
G1 X18.300 Y-31.600
G1 X18.300 Y-19.246
G1 X8.300 Y-19.246
G1 X8.300 Y-31.600
G1 X13.300 Y-31.600
G1 X13.300 Y-31.200
G1 X17.900 Y-31.200
G1 X17.900 Y-19.646
G1 X8.700 Y-19.646
G1 X8.700 Y-31.200
G1 X13.300 Y-31.200
G1 X13.300 Y-30.800
G1 X17.500 Y-30.800
G1 X17.500 Y-20.046
G1 X9.100 Y-20.046
G1 X9.100 Y-30.800
G1 X13.300 Y-30.800
G1 X13.300 Y-30.400
G1 X17.100 Y-30.400
G1 X17.100 Y-20.446
G1 X9.500 Y-20.446
G1 X9.500 Y-30.400
G1 X13.300 Y-30.400
G1 X13.300 Y-30.000
G1 X16.700 Y-30.000
G1 X16.700 Y-20.846
G1 X9.900 Y-20.846
G1 X9.900 Y-30.000
G1 X13.300 Y-30.000
G1 X13.300 Y-29.600
G1 X16.300 Y-29.600
G1 X16.300 Y-21.246
G1 X10.300 Y-21.246
G1 X10.300 Y-29.600
G1 X13.300 Y-29.600
G1 X13.300 Y-29.200
G1 X15.900 Y-29.200
G1 X15.900 Y-21.646
G1 X10.700 Y-21.646
G1 X10.700 Y-29.200
G1 X13.300 Y-29.200
G1 X13.300 Y-28.800
G1 X15.500 Y-28.800
G1 X15.500 Y-22.046
G1 X11.100 Y-22.046
G1 X11.100 Y-28.800
G1 X13.300 Y-28.800
G1 X13.300 Y-28.400
G1 X15.100 Y-28.400
G1 X15.100 Y-22.446
G1 X11.500 Y-22.446
G1 X11.500 Y-28.400
G1 X13.300 Y-28.400
G1 X13.300 Y-28.000
G1 X14.700 Y-28.000
G1 X14.700 Y-22.846
G1 X11.900 Y-22.846
G1 X11.900 Y-28.000
G1 X13.300 Y-28.000
G1 X13.300 Y-27.600
G1 X14.300 Y-27.600
G1 X14.300 Y-23.246
G1 X12.300 Y-23.246
G1 X12.300 Y-27.600
G1 X13.300 Y-27.600
G1 X13.300 Y-27.200
G1 X13.900 Y-27.200
G1 X13.900 Y-23.646
G1 X12.700 Y-23.646
G1 X12.700 Y-27.200
G1 X13.300 Y-27.200
G1 X13.300 Y-26.800
G1 X13.500 Y-26.800
G1 X13.500 Y-24.046
G1 X13.100 Y-24.046
G1 X13.100 Y-26.800
G1 X13.300 Y-26.800
G1 X13.300 Y-26.400
G1 X13.300 Y-26.400 Z2.700
G1 X13.300 Y-26.400
G1 X13.300 Y-26.800
G1 X13.100 Y-26.800
G1 X13.100 Y-24.440
G1 X13.500 Y-24.440
G1 X13.500 Y-26.800
G1 X13.300 Y-26.800
G1 X13.300 Y-27.200
G1 X12.700 Y-27.200
G1 X12.700 Y-24.040
G1 X13.900 Y-24.040
G1 X13.900 Y-27.200
G1 X13.300 Y-27.200
G1 X13.300 Y-27.600
G1 X12.300 Y-27.600
G1 X12.300 Y-23.640
G1 X14.300 Y-23.640
G1 X14.300 Y-27.600
G1 X13.300 Y-27.600
G1 X13.300 Y-28.000
G1 X11.900 Y-28.000
G1 X11.900 Y-23.240
G1 X14.700 Y-23.240
G1 X14.700 Y-28.000
G1 X13.300 Y-28.000
G1 X13.300 Y-28.400
G1 X11.500 Y-28.400
G1 X11.500 Y-22.840
G1 X15.100 Y-22.840
G1 X15.100 Y-28.400
G1 X13.300 Y-28.400
G1 X13.300 Y-28.800
G1 X11.100 Y-28.800
G1 X11.100 Y-22.440
G1 X15.500 Y-22.440
G1 X15.500 Y-28.800
G1 X13.300 Y-28.800
G1 X13.300 Y-29.200
G1 X10.700 Y-29.200
G1 X10.700 Y-22.040
G1 X15.900 Y-22.040
G1 X15.900 Y-29.200
G1 X13.300 Y-29.200
G1 X13.300 Y-29.600
G1 X10.300 Y-29.600
G1 X10.300 Y-21.640
G1 X16.300 Y-21.640
G1 X16.300 Y-29.600
G1 X13.300 Y-29.600
G1 X13.300 Y-30.000
G1 X9.900 Y-30.000
G1 X9.900 Y-21.240
G1 X16.700 Y-21.240
G1 X16.700 Y-30.000
G1 X13.300 Y-30.000
G1 X13.300 Y-30.400
G1 X9.500 Y-30.400
G1 X9.500 Y-20.840
G1 X17.100 Y-20.840
G1 X17.100 Y-30.400
G1 X13.300 Y-30.400
G1 X13.300 Y-30.800
G1 X9.100 Y-30.800
G1 X9.100 Y-20.440
G1 X17.500 Y-20.440
G1 X17.500 Y-30.800
G1 X13.300 Y-30.800
G1 X13.300 Y-31.200
G1 X8.700 Y-31.200
G1 X8.700 Y-20.040
G1 X17.900 Y-20.040
G1 X17.900 Y-31.200
G1 X13.300 Y-31.200
G1 X13.300 Y-31.600
G1 X8.300 Y-31.600
G1 X8.300 Y-19.640
G1 X18.300 Y-19.640
G1 X18.300 Y-31.600
G1 X13.300 Y-31.600
G1 X13.300 Y-32.000
G1 X7.900 Y-32.000
G1 X7.900 Y-19.240
G1 X18.700 Y-19.240
G1 X18.700 Y-32.000
G1 X13.300 Y-32.000
G1 X13.300 Y-32.400
G1 X7.500 Y-32.400
G1 X7.500 Y-18.840
G1 X19.100 Y-18.840
G1 X19.100 Y-32.400
G1 X13.300 Y-32.400
G1 X13.300 Y-32.800
G1 X7.100 Y-32.800
G1 X7.100 Y-18.440
G1 X19.500 Y-18.440
G1 X19.500 Y-32.800
G1 X13.300 Y-32.800
G1 X13.300 Y-33.200
G1 X6.700 Y-33.200
G1 X6.700 Y-18.040
G1 X19.900 Y-18.040
G1 X19.900 Y-33.200
G1 X13.300 Y-33.200
G1 X13.300 Y-33.600
G1 X6.300 Y-33.600
G1 X6.300 Y-17.640
G1 X20.300 Y-17.640
G1 X20.300 Y-33.600
G1 X13.300 Y-33.600
G1 X13.300 Y-34.000
G1 X5.900 Y-34.000
G1 X5.900 Y-17.240
G1 X20.700 Y-17.240
G1 X20.700 Y-34.000
G1 X13.300 Y-34.000
G1 X13.300 Y-34.400
G1 X5.500 Y-34.400
G1 X5.500 Y-16.840
G1 X21.100 Y-16.840
G1 X21.100 Y-34.400
G1 X13.300 Y-34.400 Z2.700
G1 X13.300 Y-34.400 Z3.100
G1 X21.100 Y-34.400
G1 X21.100 Y-17.141
G1 X5.500 Y-17.141
G1 X5.500 Y-34.400
G1 X13.300 Y-34.400
G1 X13.300 Y-34.000
G1 X20.700 Y-34.000
G1 X20.700 Y-17.541
G1 X5.900 Y-17.541
G1 X5.900 Y-34.000
G1 X13.300 Y-34.000
G1 X13.300 Y-33.600
G1 X20.300 Y-33.600
G1 X20.300 Y-17.941
G1 X6.300 Y-17.941
G1 X6.300 Y-33.600
G1 X13.300 Y-33.600
G1 X13.300 Y-33.200
G1 X19.900 Y-33.200
G1 X19.900 Y-18.341
G1 X6.700 Y-18.341
G1 X6.700 Y-33.200
G1 X13.300 Y-33.200
G1 X13.300 Y-32.800
G1 X19.500 Y-32.800
G1 X19.500 Y-18.741
G1 X7.100 Y-18.741
G1 X7.100 Y-32.800
G1 X13.300 Y-32.800
G1 X13.300 Y-32.400
G1 X19.100 Y-32.400
G1 X19.100 Y-19.141
G1 X7.500 Y-19.141
G1 X7.500 Y-32.400
G1 X13.300 Y-32.400
G1 X13.300 Y-32.000
G1 X18.700 Y-32.000
G1 X18.700 Y-19.541
G1 X7.900 Y-19.541
G1 X7.900 Y-32.000
G1 X13.300 Y-32.000
G1 X13.300 Y-31.600
G1 X18.300 Y-31.600
G1 X18.300 Y-19.941
G1 X8.300 Y-19.941
G1 X8.300 Y-31.600
G1 X13.300 Y-31.600
G1 X13.300 Y-31.200
G1 X17.900 Y-31.200
G1 X17.900 Y-20.341
G1 X8.700 Y-20.341
G1 X8.700 Y-31.200
G1 X13.300 Y-31.200
G1 X13.300 Y-30.800
G1 X17.500 Y-30.800
G1 X17.500 Y-20.741
G1 X9.100 Y-20.741
G1 X9.100 Y-30.800
G1 X13.300 Y-30.800
G1 X13.300 Y-30.400
G1 X17.100 Y-30.400
G1 X17.100 Y-21.141
G1 X9.500 Y-21.141
G1 X9.500 Y-30.400
G1 X13.300 Y-30.400
G1 X13.300 Y-30.000
G1 X16.700 Y-30.000
G1 X16.700 Y-21.541
G1 X9.900 Y-21.541
G1 X9.900 Y-30.000
G1 X13.300 Y-30.000
G1 X13.300 Y-29.600
G1 X16.300 Y-29.600
G1 X16.300 Y-21.941
G1 X10.300 Y-21.941
G1 X10.300 Y-29.600
G1 X13.300 Y-29.600
G1 X13.300 Y-29.200
G1 X15.900 Y-29.200
G1 X15.900 Y-22.341
G1 X10.700 Y-22.341
G1 X10.700 Y-29.200
G1 X13.300 Y-29.200
G1 X13.300 Y-28.800
G1 X15.500 Y-28.800
G1 X15.500 Y-22.741
G1 X11.100 Y-22.741
G1 X11.100 Y-28.800
G1 X13.300 Y-28.800
G1 X13.300 Y-28.400
G1 X15.100 Y-28.400
G1 X15.100 Y-23.141
G1 X11.500 Y-23.141
G1 X11.500 Y-28.400
G1 X13.300 Y-28.400
G1 X13.300 Y-28.000
G1 X14.700 Y-28.000
G1 X14.700 Y-23.541
G1 X11.900 Y-23.541
G1 X11.900 Y-28.000
G1 X13.300 Y-28.000
G1 X13.300 Y-27.600
G1 X14.300 Y-27.600
G1 X14.300 Y-23.941
G1 X12.300 Y-23.941
G1 X12.300 Y-27.600
G1 X13.300 Y-27.600
G1 X13.300 Y-27.200
G1 X13.900 Y-27.200
G1 X13.900 Y-24.341
G1 X12.700 Y-24.341
G1 X12.700 Y-27.200
G1 X13.300 Y-27.200
G1 X13.300 Y-26.800
G1 X13.500 Y-26.800
G1 X13.500 Y-24.741
G1 X13.100 Y-24.741
G1 X13.100 Y-26.800
G1 X13.300 Y-26.800
G1 X13.300 Y-26.400
G1 X13.300 Y-26.400 Z3.500
G1 X13.300 Y-26.400
G1 X13.300 Y-26.800
G1 X13.100 Y-26.800
G1 X13.100 Y-24.972
G1 X13.500 Y-24.972
G1 X13.500 Y-26.800
G1 X13.300 Y-26.800
G1 X13.300 Y-27.200
G1 X12.700 Y-27.200
G1 X12.700 Y-24.572
G1 X13.900 Y-24.572
G1 X13.900 Y-27.200
G1 X13.300 Y-27.200
G1 X13.300 Y-27.600
G1 X12.300 Y-27.600
G1 X12.300 Y-24.172
G1 X14.300 Y-24.172
G1 X14.300 Y-27.600
G1 X13.300 Y-27.600
G1 X13.300 Y-28.000
G1 X11.900 Y-28.000
G1 X11.900 Y-23.772
G1 X14.700 Y-23.772
G1 X14.700 Y-28.000
G1 X13.300 Y-28.000
G1 X13.300 Y-28.400
G1 X11.500 Y-28.400
G1 X11.500 Y-23.372
G1 X15.100 Y-23.372
G1 X15.100 Y-28.400
G1 X13.300 Y-28.400
G1 X13.300 Y-28.800
G1 X11.100 Y-28.800
G1 X11.100 Y-22.972
G1 X15.500 Y-22.972
G1 X15.500 Y-28.800
G1 X13.300 Y-28.800
G1 X13.300 Y-29.200
G1 X10.700 Y-29.200
G1 X10.700 Y-22.572
G1 X15.900 Y-22.572
G1 X15.900 Y-29.200
G1 X13.300 Y-29.200
G1 X13.300 Y-29.600
G1 X10.300 Y-29.600
G1 X10.300 Y-22.172
G1 X16.300 Y-22.172
G1 X16.300 Y-29.600
G1 X13.300 Y-29.600
G1 X13.300 Y-30.000
G1 X9.900 Y-30.000
G1 X9.900 Y-21.772
G1 X16.700 Y-21.772
G1 X16.700 Y-30.000
G1 X13.300 Y-30.000
G1 X13.300 Y-30.400
G1 X9.500 Y-30.400
G1 X9.500 Y-21.372
G1 X17.100 Y-21.372
G1 X17.100 Y-30.400
G1 X13.300 Y-30.400
G1 X13.300 Y-30.800
G1 X9.100 Y-30.800
G1 X9.100 Y-20.972
G1 X17.500 Y-20.972
G1 X17.500 Y-30.800
G1 X13.300 Y-30.800
G1 X13.300 Y-31.200
G1 X8.700 Y-31.200
G1 X8.700 Y-20.572
G1 X17.900 Y-20.572
G1 X17.900 Y-31.200
G1 X13.300 Y-31.200
G1 X13.300 Y-31.600
G1 X8.300 Y-31.600
G1 X8.300 Y-20.172
G1 X18.300 Y-20.172
G1 X18.300 Y-31.600
G1 X13.300 Y-31.600
G1 X13.300 Y-32.000
G1 X7.900 Y-32.000
G1 X7.900 Y-19.772
G1 X18.700 Y-19.772
G1 X18.700 Y-32.000
G1 X13.300 Y-32.000
G1 X13.300 Y-32.400
G1 X7.500 Y-32.400
G1 X7.500 Y-19.372
G1 X19.100 Y-19.372
G1 X19.100 Y-32.400
G1 X13.300 Y-32.400
G1 X13.300 Y-32.800
G1 X7.100 Y-32.800
G1 X7.100 Y-18.972
G1 X19.500 Y-18.972
G1 X19.500 Y-32.800
G1 X13.300 Y-32.800
G1 X13.300 Y-33.200
G1 X6.700 Y-33.200
G1 X6.700 Y-18.572
G1 X19.900 Y-18.572
G1 X19.900 Y-33.200
G1 X13.300 Y-33.200
G1 X13.300 Y-33.600
G1 X6.300 Y-33.600
G1 X6.300 Y-18.172
G1 X20.300 Y-18.172
G1 X20.300 Y-33.600
G1 X13.300 Y-33.600
G1 X13.300 Y-34.000
G1 X5.900 Y-34.000
G1 X5.900 Y-17.772
G1 X20.700 Y-17.772
G1 X20.700 Y-34.000
G1 X13.300 Y-34.000
G1 X13.300 Y-34.400
G1 X5.500 Y-34.400
G1 X5.500 Y-17.372
G1 X21.100 Y-17.372
G1 X21.100 Y-34.400
G1 X13.300 Y-34.400 Z3.500
G1 X13.300 Y-34.400 Z3.900
G1 X21.100 Y-34.400
G1 X21.100 Y-17.547
G1 X5.500 Y-17.547
G1 X5.500 Y-34.400
G1 X13.300 Y-34.400
G1 X13.300 Y-34.000
G1 X20.700 Y-34.000
G1 X20.700 Y-17.947
G1 X5.900 Y-17.947
G1 X5.900 Y-34.000
G1 X13.300 Y-34.000
G1 X13.300 Y-33.600
G1 X20.300 Y-33.600
G1 X20.300 Y-18.347
G1 X6.300 Y-18.347
G1 X6.300 Y-33.600
G1 X13.300 Y-33.600
G1 X13.300 Y-33.200
G1 X19.900 Y-33.200
G1 X19.900 Y-18.747
G1 X6.700 Y-18.747
G1 X6.700 Y-33.200
G1 X13.300 Y-33.200
G1 X13.300 Y-32.800
G1 X19.500 Y-32.800
G1 X19.500 Y-19.147
G1 X7.100 Y-19.147
G1 X7.100 Y-32.800
G1 X13.300 Y-32.800
G1 X13.300 Y-32.400
G1 X19.100 Y-32.400
G1 X19.100 Y-19.547
G1 X7.500 Y-19.547
G1 X7.500 Y-32.400
G1 X13.300 Y-32.400
G1 X13.300 Y-32.000
G1 X18.700 Y-32.000
G1 X18.700 Y-19.947
G1 X7.900 Y-19.947
G1 X7.900 Y-32.000
G1 X13.300 Y-32.000
G1 X13.300 Y-31.600
G1 X18.300 Y-31.600
G1 X18.300 Y-20.347
G1 X8.300 Y-20.347
G1 X8.300 Y-31.600
G1 X13.300 Y-31.600
G1 X13.300 Y-31.200
G1 X17.900 Y-31.200
G1 X17.900 Y-20.747
G1 X8.700 Y-20.747
G1 X8.700 Y-31.200
G1 X13.300 Y-31.200
G1 X13.300 Y-30.800
G1 X17.500 Y-30.800
G1 X17.500 Y-21.147
G1 X9.100 Y-21.147
G1 X9.100 Y-30.800
G1 X13.300 Y-30.800
G1 X13.300 Y-30.400
G1 X17.100 Y-30.400
G1 X17.100 Y-21.547
G1 X9.500 Y-21.547
G1 X9.500 Y-30.400
G1 X13.300 Y-30.400
G1 X13.300 Y-30.000
G1 X16.700 Y-30.000
G1 X16.700 Y-21.947
G1 X9.900 Y-21.947
G1 X9.900 Y-30.000
G1 X13.300 Y-30.000
G1 X13.300 Y-29.600
G1 X16.300 Y-29.600
G1 X16.300 Y-22.347
G1 X10.300 Y-22.347
G1 X10.300 Y-29.600
G1 X13.300 Y-29.600
G1 X13.300 Y-29.200
G1 X15.900 Y-29.200
G1 X15.900 Y-22.747
G1 X10.700 Y-22.747
G1 X10.700 Y-29.200
G1 X13.300 Y-29.200
G1 X13.300 Y-28.800
G1 X15.500 Y-28.800
G1 X15.500 Y-23.147
G1 X11.100 Y-23.147
G1 X11.100 Y-28.800
G1 X13.300 Y-28.800
G1 X13.300 Y-28.400
G1 X15.100 Y-28.400
G1 X15.100 Y-23.547
G1 X11.500 Y-23.547
G1 X11.500 Y-28.400
G1 X13.300 Y-28.400
G1 X13.300 Y-28.000
G1 X14.700 Y-28.000
G1 X14.700 Y-23.947
G1 X11.900 Y-23.947
G1 X11.900 Y-28.000
G1 X13.300 Y-28.000
G1 X13.300 Y-27.600
G1 X14.300 Y-27.600
G1 X14.300 Y-24.347
G1 X12.300 Y-24.347
G1 X12.300 Y-27.600
G1 X13.300 Y-27.600
G1 X13.300 Y-27.200
G1 X13.900 Y-27.200
G1 X13.900 Y-24.747
G1 X12.700 Y-24.747
G1 X12.700 Y-27.200
G1 X13.300 Y-27.200
G1 X13.300 Y-26.800
G1 X13.500 Y-26.800
G1 X13.500 Y-25.147
G1 X13.100 Y-25.147
G1 X13.100 Y-26.800
G1 X13.300 Y-26.800
G1 X13.300 Y-26.400
G1 X13.300 Y-26.400 Z4.300
G1 X13.300 Y-26.400
G1 X13.300 Y-26.800
G1 X13.100 Y-26.800
G1 X13.100 Y-25.273
G1 X13.500 Y-25.273
G1 X13.500 Y-26.800
G1 X13.300 Y-26.800
G1 X13.300 Y-27.200
G1 X12.700 Y-27.200
G1 X12.700 Y-24.873
G1 X13.900 Y-24.873
G1 X13.900 Y-27.200
G1 X13.300 Y-27.200
G1 X13.300 Y-27.600
G1 X12.300 Y-27.600
G1 X12.300 Y-24.473
G1 X14.300 Y-24.473
G1 X14.300 Y-27.600
G1 X13.300 Y-27.600
G1 X13.300 Y-28.000
G1 X11.900 Y-28.000
G1 X11.900 Y-24.073
G1 X14.700 Y-24.073
G1 X14.700 Y-28.000
G1 X13.300 Y-28.000
G1 X13.300 Y-28.400
G1 X11.500 Y-28.400
G1 X11.500 Y-23.673
G1 X15.100 Y-23.673
G1 X15.100 Y-28.400
G1 X13.300 Y-28.400
G1 X13.300 Y-28.800
G1 X11.100 Y-28.800
G1 X11.100 Y-23.273
G1 X15.500 Y-23.273
G1 X15.500 Y-28.800
G1 X13.300 Y-28.800
G1 X13.300 Y-29.200
G1 X10.700 Y-29.200
G1 X10.700 Y-22.873
G1 X15.900 Y-22.873
G1 X15.900 Y-29.200
G1 X13.300 Y-29.200
G1 X13.300 Y-29.600
G1 X10.300 Y-29.600
G1 X10.300 Y-22.473
G1 X16.300 Y-22.473
G1 X16.300 Y-29.600
G1 X13.300 Y-29.600
G1 X13.300 Y-30.000
G1 X9.900 Y-30.000
G1 X9.900 Y-22.073
G1 X16.700 Y-22.073
G1 X16.700 Y-30.000
G1 X13.300 Y-30.000
G1 X13.300 Y-30.400
G1 X9.500 Y-30.400
G1 X9.500 Y-21.673
G1 X17.100 Y-21.673
G1 X17.100 Y-30.400
G1 X13.300 Y-30.400
G1 X13.300 Y-30.800
G1 X9.100 Y-30.800
G1 X9.100 Y-21.273
G1 X17.500 Y-21.273
G1 X17.500 Y-30.800
G1 X13.300 Y-30.800
G1 X13.300 Y-31.200
G1 X8.700 Y-31.200
G1 X8.700 Y-20.873
G1 X17.900 Y-20.873
G1 X17.900 Y-31.200
G1 X13.300 Y-31.200
G1 X13.300 Y-31.600
G1 X8.300 Y-31.600
G1 X8.300 Y-20.473
G1 X18.300 Y-20.473
G1 X18.300 Y-31.600
G1 X13.300 Y-31.600
G1 X13.300 Y-32.000
G1 X7.900 Y-32.000
G1 X7.900 Y-20.073
G1 X18.700 Y-20.073
G1 X18.700 Y-32.000
G1 X13.300 Y-32.000
G1 X13.300 Y-32.400
G1 X7.500 Y-32.400
G1 X7.500 Y-19.673
G1 X19.100 Y-19.673
G1 X19.100 Y-32.400
G1 X13.300 Y-32.400
G1 X13.300 Y-32.800
G1 X7.100 Y-32.800
G1 X7.100 Y-19.273
G1 X19.500 Y-19.273
G1 X19.500 Y-32.800
G1 X13.300 Y-32.800
G1 X13.300 Y-33.200
G1 X6.700 Y-33.200
G1 X6.700 Y-18.873
G1 X19.900 Y-18.873
G1 X19.900 Y-33.200
G1 X13.300 Y-33.200
G1 X13.300 Y-33.600
G1 X6.300 Y-33.600
G1 X6.300 Y-18.473
G1 X20.300 Y-18.473
G1 X20.300 Y-33.600
G1 X13.300 Y-33.600
G1 X13.300 Y-34.000
G1 X5.900 Y-34.000
G1 X5.900 Y-18.073
G1 X20.700 Y-18.073
G1 X20.700 Y-34.000
G1 X13.300 Y-34.000
G1 X13.300 Y-34.400
G1 X5.500 Y-34.400
G1 X5.500 Y-17.673
G1 X21.100 Y-17.673
G1 X21.100 Y-34.400
G1 X13.300 Y-34.400 Z4.300
G1 X13.300 Y-34.400 Z4.700
G1 X21.100 Y-34.400
G1 X21.100 Y-17.755
G1 X5.500 Y-17.755
G1 X5.500 Y-34.400
G1 X13.300 Y-34.400
G1 X13.300 Y-34.000
G1 X20.700 Y-34.000
G1 X20.700 Y-18.155
G1 X5.900 Y-18.155
G1 X5.900 Y-34.000
G1 X13.300 Y-34.000
G1 X13.300 Y-33.600
G1 X20.300 Y-33.600
G1 X20.300 Y-18.555
G1 X6.300 Y-18.555
G1 X6.300 Y-33.600
G1 X13.300 Y-33.600
G1 X13.300 Y-33.200
G1 X19.900 Y-33.200
G1 X19.900 Y-18.955
G1 X6.700 Y-18.955
G1 X6.700 Y-33.200
G1 X13.300 Y-33.200
G1 X13.300 Y-32.800
G1 X19.500 Y-32.800
G1 X19.500 Y-19.355
G1 X7.100 Y-19.355
G1 X7.100 Y-32.800
G1 X13.300 Y-32.800
G1 X13.300 Y-32.400
G1 X19.100 Y-32.400
G1 X19.100 Y-19.755
G1 X7.500 Y-19.755
G1 X7.500 Y-32.400
G1 X13.300 Y-32.400
G1 X13.300 Y-32.000
G1 X18.700 Y-32.000
G1 X18.700 Y-20.155
G1 X7.900 Y-20.155
G1 X7.900 Y-32.000
G1 X13.300 Y-32.000
G1 X13.300 Y-31.600
G1 X18.300 Y-31.600
G1 X18.300 Y-20.555
G1 X8.300 Y-20.555
G1 X8.300 Y-31.600
G1 X13.300 Y-31.600
G1 X13.300 Y-31.200
G1 X17.900 Y-31.200
G1 X17.900 Y-20.955
G1 X8.700 Y-20.955
G1 X8.700 Y-31.200
G1 X13.300 Y-31.200
G1 X13.300 Y-30.800
G1 X17.500 Y-30.800
G1 X17.500 Y-21.355
G1 X9.100 Y-21.355
G1 X9.100 Y-30.800
G1 X13.300 Y-30.800
G1 X13.300 Y-30.400
G1 X17.100 Y-30.400
G1 X17.100 Y-21.755
G1 X9.500 Y-21.755
G1 X9.500 Y-30.400
G1 X13.300 Y-30.400
G1 X13.300 Y-30.000
G1 X16.700 Y-30.000
G1 X16.700 Y-22.155
G1 X9.900 Y-22.155
G1 X9.900 Y-30.000
G1 X13.300 Y-30.000
G1 X13.300 Y-29.600
G1 X16.300 Y-29.600
G1 X16.300 Y-22.555
G1 X10.300 Y-22.555
G1 X10.300 Y-29.600
G1 X13.300 Y-29.600
G1 X13.300 Y-29.200
G1 X15.900 Y-29.200
G1 X15.900 Y-22.955
G1 X10.700 Y-22.955
G1 X10.700 Y-29.200
G1 X13.300 Y-29.200
G1 X13.300 Y-28.800
G1 X15.500 Y-28.800
G1 X15.500 Y-23.355
G1 X11.100 Y-23.355
G1 X11.100 Y-28.800
G1 X13.300 Y-28.800
G1 X13.300 Y-28.400
G1 X15.100 Y-28.400
G1 X15.100 Y-23.755
G1 X11.500 Y-23.755
G1 X11.500 Y-28.400
G1 X13.300 Y-28.400
G1 X13.300 Y-28.000
G1 X14.700 Y-28.000
G1 X14.700 Y-24.155
G1 X11.900 Y-24.155
G1 X11.900 Y-28.000
G1 X13.300 Y-28.000
G1 X13.300 Y-27.600
G1 X14.300 Y-27.600
G1 X14.300 Y-24.555
G1 X12.300 Y-24.555
G1 X12.300 Y-27.600
G1 X13.300 Y-27.600
G1 X13.300 Y-27.200
G1 X13.900 Y-27.200
G1 X13.900 Y-24.955
G1 X12.700 Y-24.955
G1 X12.700 Y-27.200
G1 X13.300 Y-27.200
G1 X13.300 Y-26.800
G1 X13.500 Y-26.800
G1 X13.500 Y-25.355
G1 X13.100 Y-25.355
G1 X13.100 Y-26.800
G1 X13.300 Y-26.800
G1 X13.300 Y-26.400
G1 X13.300 Y-26.400 Z5.100
G1 X13.300 Y-26.400
G1 X13.300 Y-26.800
G1 X13.100 Y-26.800
G1 X13.100 Y-25.395
G1 X13.500 Y-25.395
G1 X13.500 Y-26.800
G1 X13.300 Y-26.800
G1 X13.300 Y-27.200
G1 X12.700 Y-27.200
G1 X12.700 Y-24.995
G1 X13.900 Y-24.995
G1 X13.900 Y-27.200
G1 X13.300 Y-27.200
G1 X13.300 Y-27.600
G1 X12.300 Y-27.600
G1 X12.300 Y-24.595
G1 X14.300 Y-24.595
G1 X14.300 Y-27.600
G1 X13.300 Y-27.600
G1 X13.300 Y-28.000
G1 X11.900 Y-28.000
G1 X11.900 Y-24.195
G1 X14.700 Y-24.195
G1 X14.700 Y-28.000
G1 X13.300 Y-28.000
G1 X13.300 Y-28.400
G1 X11.500 Y-28.400
G1 X11.500 Y-23.795
G1 X15.100 Y-23.795
G1 X15.100 Y-28.400
G1 X13.300 Y-28.400
G1 X13.300 Y-28.800
G1 X11.100 Y-28.800
G1 X11.100 Y-23.395
G1 X15.500 Y-23.395
G1 X15.500 Y-28.800
G1 X13.300 Y-28.800
G1 X13.300 Y-29.200
G1 X10.700 Y-29.200
G1 X10.700 Y-22.995
G1 X15.900 Y-22.995
G1 X15.900 Y-29.200
G1 X13.300 Y-29.200
G1 X13.300 Y-29.600
G1 X10.300 Y-29.600
G1 X10.300 Y-22.595
G1 X16.300 Y-22.595
G1 X16.300 Y-29.600
G1 X13.300 Y-29.600
G1 X13.300 Y-30.000
G1 X9.900 Y-30.000
G1 X9.900 Y-22.195
G1 X16.700 Y-22.195
G1 X16.700 Y-30.000
G1 X13.300 Y-30.000
G1 X13.300 Y-30.400
G1 X9.500 Y-30.400
G1 X9.500 Y-21.795
G1 X17.100 Y-21.795
G1 X17.100 Y-30.400
G1 X13.300 Y-30.400
G1 X13.300 Y-30.800
G1 X9.100 Y-30.800
G1 X9.100 Y-21.395
G1 X17.500 Y-21.395
G1 X17.500 Y-30.800
G1 X13.300 Y-30.800
G1 X13.300 Y-31.200
G1 X8.700 Y-31.200
G1 X8.700 Y-20.995
G1 X17.900 Y-20.995
G1 X17.900 Y-31.200
G1 X13.300 Y-31.200
G1 X13.300 Y-31.600
G1 X8.300 Y-31.600
G1 X8.300 Y-20.595
G1 X18.300 Y-20.595
G1 X18.300 Y-31.600
G1 X13.300 Y-31.600
G1 X13.300 Y-32.000
G1 X7.900 Y-32.000
G1 X7.900 Y-20.195
G1 X18.700 Y-20.195
G1 X18.700 Y-32.000
G1 X13.300 Y-32.000
G1 X13.300 Y-32.400
G1 X7.500 Y-32.400
G1 X7.500 Y-19.795
G1 X19.100 Y-19.795
G1 X19.100 Y-32.400
G1 X13.300 Y-32.400
G1 X13.300 Y-32.800
G1 X7.100 Y-32.800
G1 X7.100 Y-19.395
G1 X19.500 Y-19.395
G1 X19.500 Y-32.800
G1 X13.300 Y-32.800
G1 X13.300 Y-33.200
G1 X6.700 Y-33.200
G1 X6.700 Y-18.995
G1 X19.900 Y-18.995
G1 X19.900 Y-33.200
G1 X13.300 Y-33.200
G1 X13.300 Y-33.600
G1 X6.300 Y-33.600
G1 X6.300 Y-18.595
G1 X20.300 Y-18.595
G1 X20.300 Y-33.600
G1 X13.300 Y-33.600
G1 X13.300 Y-34.000
G1 X5.900 Y-34.000
G1 X5.900 Y-18.195
G1 X20.700 Y-18.195
G1 X20.700 Y-34.000
G1 X13.300 Y-34.000
G1 X13.300 Y-34.400
G1 X5.500 Y-34.400
G1 X5.500 Y-17.795
G1 X21.100 Y-17.795
G1 X21.100 Y-34.400
G1 X13.300 Y-34.400 Z5.100
M9
G1 Z10.000
G1 X47.700 Y0.000
G1 Z1.500
M7
G4 P150
G1 X47.700 Y0.000 Z1.500
G1 X47.700 Y7.800
G1 X28.349 Y7.800
G1 X28.349 Y-7.800
G1 X47.700 Y-7.800
G1 X47.700 Y0.000
G1 X47.300 Y0.000
G1 X47.300 Y7.400
G1 X28.749 Y7.400
G1 X28.749 Y-7.400
G1 X47.300 Y-7.400
G1 X47.300 Y0.000
G1 X46.900 Y0.000
G1 X46.900 Y7.000
G1 X29.149 Y7.000
G1 X29.149 Y-7.000
G1 X46.900 Y-7.000
G1 X46.900 Y0.000
G1 X46.500 Y0.000
G1 X46.500 Y6.600
G1 X29.549 Y6.600
G1 X29.549 Y-6.600
G1 X46.500 Y-6.600
G1 X46.500 Y0.000
G1 X46.100 Y0.000
G1 X46.100 Y6.200
G1 X29.949 Y6.200
G1 X29.949 Y-6.200
G1 X46.100 Y-6.200
G1 X46.100 Y0.000
G1 X45.700 Y0.000
G1 X45.700 Y5.800
G1 X30.349 Y5.800
G1 X30.349 Y-5.800
G1 X45.700 Y-5.800
G1 X45.700 Y0.000
G1 X45.300 Y0.000
G1 X45.300 Y5.400
G1 X30.749 Y5.400
G1 X30.749 Y-5.400
G1 X45.300 Y-5.400
G1 X45.300 Y0.000
G1 X44.900 Y0.000
G1 X44.900 Y5.000
G1 X31.149 Y5.000
G1 X31.149 Y-5.000
G1 X44.900 Y-5.000
G1 X44.900 Y0.000
G1 X44.500 Y0.000
G1 X44.500 Y4.600
G1 X31.549 Y4.600
G1 X31.549 Y-4.600
G1 X44.500 Y-4.600
G1 X44.500 Y0.000
G1 X44.100 Y0.000
G1 X44.100 Y4.200
G1 X31.949 Y4.200
G1 X31.949 Y-4.200
G1 X44.100 Y-4.200
G1 X44.100 Y0.000
G1 X43.700 Y0.000
G1 X43.700 Y3.800
G1 X32.349 Y3.800
G1 X32.349 Y-3.800
G1 X43.700 Y-3.800
G1 X43.700 Y0.000
G1 X43.300 Y0.000
G1 X43.300 Y3.400
G1 X32.749 Y3.400
G1 X32.749 Y-3.400
G1 X43.300 Y-3.400
G1 X43.300 Y0.000
G1 X42.900 Y0.000
G1 X42.900 Y3.000
G1 X33.149 Y3.000
G1 X33.149 Y-3.000
G1 X42.900 Y-3.000
G1 X42.900 Y0.000
G1 X42.500 Y0.000
G1 X42.500 Y2.600
G1 X33.549 Y2.600
G1 X33.549 Y-2.600
G1 X42.500 Y-2.600
G1 X42.500 Y0.000
G1 X42.100 Y0.000
G1 X42.100 Y2.200
G1 X33.949 Y2.200
G1 X33.949 Y-2.200
G1 X42.100 Y-2.200
G1 X42.100 Y0.000
G1 X41.700 Y0.000
G1 X41.700 Y1.800
G1 X34.349 Y1.800
G1 X34.349 Y-1.800
G1 X41.700 Y-1.800
G1 X41.700 Y0.000
G1 X41.300 Y0.000
G1 X41.300 Y1.400
G1 X34.749 Y1.400
G1 X34.749 Y-1.400
G1 X41.300 Y-1.400
G1 X41.300 Y0.000
G1 X40.900 Y0.000
G1 X40.900 Y1.000
G1 X35.149 Y1.000
G1 X35.149 Y-1.000
G1 X40.900 Y-1.000
G1 X40.900 Y0.000
G1 X40.500 Y0.000
G1 X40.500 Y0.600
G1 X35.549 Y0.600
G1 X35.549 Y-0.600
G1 X40.500 Y-0.600
G1 X40.500 Y0.000
G1 X40.100 Y0.000
G1 X40.100 Y0.200
G1 X35.949 Y0.200
G1 X35.949 Y-0.200
G1 X40.100 Y-0.200
G1 X40.100 Y0.000
G1 X39.700 Y0.000
G1 X39.700 Y0.000 Z1.900
G1 X39.700 Y0.000
G1 X40.100 Y0.000
G1 X40.100 Y-0.200
G1 X36.807 Y-0.200
G1 X36.807 Y0.200
G1 X40.100 Y0.200
G1 X40.100 Y0.000
G1 X40.500 Y0.000
G1 X40.500 Y-0.600
G1 X36.407 Y-0.600
G1 X36.407 Y0.600
G1 X40.500 Y0.600
G1 X40.500 Y0.000
G1 X40.900 Y0.000
G1 X40.900 Y-1.000
G1 X36.007 Y-1.000
G1 X36.007 Y1.000
G1 X40.900 Y1.000
G1 X40.900 Y0.000
G1 X41.300 Y0.000
G1 X41.300 Y-1.400
G1 X35.607 Y-1.400
G1 X35.607 Y1.400
G1 X41.300 Y1.400
G1 X41.300 Y0.000
G1 X41.700 Y0.000
G1 X41.700 Y-1.800
G1 X35.207 Y-1.800
G1 X35.207 Y1.800
G1 X41.700 Y1.800
G1 X41.700 Y0.000
G1 X42.100 Y0.000
G1 X42.100 Y-2.200
G1 X34.807 Y-2.200
G1 X34.807 Y2.200
G1 X42.100 Y2.200
G1 X42.100 Y0.000
G1 X42.500 Y0.000
G1 X42.500 Y-2.600
G1 X34.407 Y-2.600
G1 X34.407 Y2.600
G1 X42.500 Y2.600
G1 X42.500 Y0.000
G1 X42.900 Y0.000
G1 X42.900 Y-3.000
G1 X34.007 Y-3.000
G1 X34.007 Y3.000
G1 X42.900 Y3.000
G1 X42.900 Y0.000
G1 X43.300 Y0.000
G1 X43.300 Y-3.400
G1 X33.607 Y-3.400
G1 X33.607 Y3.400
G1 X43.300 Y3.400
G1 X43.300 Y0.000
G1 X43.700 Y0.000
G1 X43.700 Y-3.800
G1 X33.207 Y-3.800
G1 X33.207 Y3.800
G1 X43.700 Y3.800
G1 X43.700 Y0.000
G1 X44.100 Y0.000
G1 X44.100 Y-4.200
G1 X32.807 Y-4.200
G1 X32.807 Y4.200
G1 X44.100 Y4.200
G1 X44.100 Y0.000
G1 X44.500 Y0.000
G1 X44.500 Y-4.600
G1 X32.407 Y-4.600
G1 X32.407 Y4.600
G1 X44.500 Y4.600
G1 X44.500 Y0.000
G1 X44.900 Y0.000
G1 X44.900 Y-5.000
G1 X32.007 Y-5.000
G1 X32.007 Y5.000
G1 X44.900 Y5.000
G1 X44.900 Y0.000
G1 X45.300 Y0.000
G1 X45.300 Y-5.400
G1 X31.607 Y-5.400
G1 X31.607 Y5.400
G1 X45.300 Y5.400
G1 X45.300 Y0.000
G1 X45.700 Y0.000
G1 X45.700 Y-5.800
G1 X31.207 Y-5.800
G1 X31.207 Y5.800
G1 X45.700 Y5.800
G1 X45.700 Y0.000
G1 X46.100 Y0.000
G1 X46.100 Y-6.200
G1 X30.807 Y-6.200
G1 X30.807 Y6.200
G1 X46.100 Y6.200
G1 X46.100 Y0.000
G1 X46.500 Y0.000
G1 X46.500 Y-6.600
G1 X30.407 Y-6.600
G1 X30.407 Y6.600
G1 X46.500 Y6.600
G1 X46.500 Y0.000
G1 X46.900 Y0.000
G1 X46.900 Y-7.000
G1 X30.007 Y-7.000
G1 X30.007 Y7.000
G1 X46.900 Y7.000
G1 X46.900 Y0.000
G1 X47.300 Y0.000
G1 X47.300 Y-7.400
G1 X29.607 Y-7.400
G1 X29.607 Y7.400
G1 X47.300 Y7.400
G1 X47.300 Y0.000
G1 X47.700 Y0.000
G1 X47.700 Y-7.800
G1 X29.207 Y-7.800
G1 X29.207 Y7.800
G1 X47.700 Y7.800
G1 X47.700 Y0.000 Z1.900
G1 X47.700 Y0.000 Z2.300
G1 X47.700 Y7.800
G1 X29.746 Y7.800
G1 X29.746 Y-7.800
G1 X47.700 Y-7.800
G1 X47.700 Y0.000
G1 X47.300 Y0.000
G1 X47.300 Y7.400
G1 X30.146 Y7.400
G1 X30.146 Y-7.400
G1 X47.300 Y-7.400
G1 X47.300 Y0.000
G1 X46.900 Y0.000
G1 X46.900 Y7.000
G1 X30.546 Y7.000
G1 X30.546 Y-7.000
G1 X46.900 Y-7.000
G1 X46.900 Y0.000
G1 X46.500 Y0.000
G1 X46.500 Y6.600
G1 X30.946 Y6.600
G1 X30.946 Y-6.600
G1 X46.500 Y-6.600
G1 X46.500 Y0.000
G1 X46.100 Y0.000
G1 X46.100 Y6.200
G1 X31.346 Y6.200
G1 X31.346 Y-6.200
G1 X46.100 Y-6.200
G1 X46.100 Y0.000
G1 X45.700 Y0.000
G1 X45.700 Y5.800
G1 X31.746 Y5.800
G1 X31.746 Y-5.800
G1 X45.700 Y-5.800
G1 X45.700 Y0.000
G1 X45.300 Y0.000
G1 X45.300 Y5.400
G1 X32.146 Y5.400
G1 X32.146 Y-5.400
G1 X45.300 Y-5.400
G1 X45.300 Y0.000
G1 X44.900 Y0.000
G1 X44.900 Y5.000
G1 X32.546 Y5.000
G1 X32.546 Y-5.000
G1 X44.900 Y-5.000
G1 X44.900 Y0.000
G1 X44.500 Y0.000
G1 X44.500 Y4.600
G1 X32.946 Y4.600
G1 X32.946 Y-4.600
G1 X44.500 Y-4.600
G1 X44.500 Y0.000
G1 X44.100 Y0.000
G1 X44.100 Y4.200
G1 X33.346 Y4.200
G1 X33.346 Y-4.200
G1 X44.100 Y-4.200
G1 X44.100 Y0.000
G1 X43.700 Y0.000
G1 X43.700 Y3.800
G1 X33.746 Y3.800
G1 X33.746 Y-3.800
G1 X43.700 Y-3.800
G1 X43.700 Y0.000
G1 X43.300 Y0.000
G1 X43.300 Y3.400
G1 X34.146 Y3.400
G1 X34.146 Y-3.400
G1 X43.300 Y-3.400
G1 X43.300 Y0.000
G1 X42.900 Y0.000
G1 X42.900 Y3.000
G1 X34.546 Y3.000
G1 X34.546 Y-3.000
G1 X42.900 Y-3.000
G1 X42.900 Y0.000
G1 X42.500 Y0.000
G1 X42.500 Y2.600
G1 X34.946 Y2.600
G1 X34.946 Y-2.600
G1 X42.500 Y-2.600
G1 X42.500 Y0.000
G1 X42.100 Y0.000
G1 X42.100 Y2.200
G1 X35.346 Y2.200
G1 X35.346 Y-2.200
G1 X42.100 Y-2.200
G1 X42.100 Y0.000
G1 X41.700 Y0.000
G1 X41.700 Y1.800
G1 X35.746 Y1.800
G1 X35.746 Y-1.800
G1 X41.700 Y-1.800
G1 X41.700 Y0.000
G1 X41.300 Y0.000
G1 X41.300 Y1.400
G1 X36.146 Y1.400
G1 X36.146 Y-1.400
G1 X41.300 Y-1.400
G1 X41.300 Y0.000
G1 X40.900 Y0.000
G1 X40.900 Y1.000
G1 X36.546 Y1.000
G1 X36.546 Y-1.000
G1 X40.900 Y-1.000
G1 X40.900 Y0.000
G1 X40.500 Y0.000
G1 X40.500 Y0.600
G1 X36.946 Y0.600
G1 X36.946 Y-0.600
G1 X40.500 Y-0.600
G1 X40.500 Y0.000
G1 X40.100 Y0.000
G1 X40.100 Y0.200
G1 X37.346 Y0.200
G1 X37.346 Y-0.200
G1 X40.100 Y-0.200
G1 X40.100 Y0.000
G1 X39.700 Y0.000
G1 X39.700 Y0.000 Z2.700
G1 X39.700 Y0.000
G1 X40.100 Y0.000
G1 X40.100 Y-0.200
G1 X37.740 Y-0.200
G1 X37.740 Y0.200
G1 X40.100 Y0.200
G1 X40.100 Y0.000
G1 X40.500 Y0.000
G1 X40.500 Y-0.600
G1 X37.340 Y-0.600
G1 X37.340 Y0.600
G1 X40.500 Y0.600
G1 X40.500 Y0.000
G1 X40.900 Y0.000
G1 X40.900 Y-1.000
G1 X36.940 Y-1.000
G1 X36.940 Y1.000
G1 X40.900 Y1.000
G1 X40.900 Y0.000
G1 X41.300 Y0.000
G1 X41.300 Y-1.400
G1 X36.540 Y-1.400
G1 X36.540 Y1.400
G1 X41.300 Y1.400
G1 X41.300 Y0.000
G1 X41.700 Y0.000
G1 X41.700 Y-1.800
G1 X36.140 Y-1.800
G1 X36.140 Y1.800
G1 X41.700 Y1.800
G1 X41.700 Y0.000
G1 X42.100 Y0.000
G1 X42.100 Y-2.200
G1 X35.740 Y-2.200
G1 X35.740 Y2.200
G1 X42.100 Y2.200
G1 X42.100 Y0.000
G1 X42.500 Y0.000
G1 X42.500 Y-2.600
G1 X35.340 Y-2.600
G1 X35.340 Y2.600
G1 X42.500 Y2.600
G1 X42.500 Y0.000
G1 X42.900 Y0.000
G1 X42.900 Y-3.000
G1 X34.940 Y-3.000
G1 X34.940 Y3.000
G1 X42.900 Y3.000
G1 X42.900 Y0.000
G1 X43.300 Y0.000
G1 X43.300 Y-3.400
G1 X34.540 Y-3.400
G1 X34.540 Y3.400
G1 X43.300 Y3.400
G1 X43.300 Y0.000
G1 X43.700 Y0.000
G1 X43.700 Y-3.800
G1 X34.140 Y-3.800
G1 X34.140 Y3.800
G1 X43.700 Y3.800
G1 X43.700 Y0.000
G1 X44.100 Y0.000
G1 X44.100 Y-4.200
G1 X33.740 Y-4.200
G1 X33.740 Y4.200
G1 X44.100 Y4.200
G1 X44.100 Y0.000
G1 X44.500 Y0.000
G1 X44.500 Y-4.600
G1 X33.340 Y-4.600
G1 X33.340 Y4.600
G1 X44.500 Y4.600
G1 X44.500 Y0.000
G1 X44.900 Y0.000
G1 X44.900 Y-5.000
G1 X32.940 Y-5.000
G1 X32.940 Y5.000
G1 X44.900 Y5.000
G1 X44.900 Y0.000
G1 X45.300 Y0.000
G1 X45.300 Y-5.400
G1 X32.540 Y-5.400
G1 X32.540 Y5.400
G1 X45.300 Y5.400
G1 X45.300 Y0.000
G1 X45.700 Y0.000
G1 X45.700 Y-5.800
G1 X32.140 Y-5.800
G1 X32.140 Y5.800
G1 X45.700 Y5.800
G1 X45.700 Y0.000
G1 X46.100 Y0.000
G1 X46.100 Y-6.200
G1 X31.740 Y-6.200
G1 X31.740 Y6.200
G1 X46.100 Y6.200
G1 X46.100 Y0.000
G1 X46.500 Y0.000
G1 X46.500 Y-6.600
G1 X31.340 Y-6.600
G1 X31.340 Y6.600
G1 X46.500 Y6.600
G1 X46.500 Y0.000
G1 X46.900 Y0.000
G1 X46.900 Y-7.000
G1 X30.940 Y-7.000
G1 X30.940 Y7.000
G1 X46.900 Y7.000
G1 X46.900 Y0.000
G1 X47.300 Y0.000
G1 X47.300 Y-7.400
G1 X30.540 Y-7.400
G1 X30.540 Y7.400
G1 X47.300 Y7.400
G1 X47.300 Y0.000
G1 X47.700 Y0.000
G1 X47.700 Y-7.800
G1 X30.140 Y-7.800
G1 X30.140 Y7.800
G1 X47.700 Y7.800
G1 X47.700 Y0.000 Z2.700
G1 X47.700 Y0.000 Z3.100
G1 X47.700 Y7.800
G1 X30.441 Y7.800
G1 X30.441 Y-7.800
G1 X47.700 Y-7.800
G1 X47.700 Y0.000
G1 X47.300 Y0.000
G1 X47.300 Y7.400
G1 X30.841 Y7.400
G1 X30.841 Y-7.400
G1 X47.300 Y-7.400
G1 X47.300 Y0.000
G1 X46.900 Y0.000
G1 X46.900 Y7.000
G1 X31.241 Y7.000
G1 X31.241 Y-7.000
G1 X46.900 Y-7.000
G1 X46.900 Y0.000
G1 X46.500 Y0.000
G1 X46.500 Y6.600
G1 X31.641 Y6.600
G1 X31.641 Y-6.600
G1 X46.500 Y-6.600
G1 X46.500 Y0.000
G1 X46.100 Y0.000
G1 X46.100 Y6.200
G1 X32.041 Y6.200
G1 X32.041 Y-6.200
G1 X46.100 Y-6.200
G1 X46.100 Y0.000
G1 X45.700 Y0.000
G1 X45.700 Y5.800
G1 X32.441 Y5.800
G1 X32.441 Y-5.800
G1 X45.700 Y-5.800
G1 X45.700 Y0.000
G1 X45.300 Y0.000
G1 X45.300 Y5.400
G1 X32.841 Y5.400
G1 X32.841 Y-5.400
G1 X45.300 Y-5.400
G1 X45.300 Y0.000
G1 X44.900 Y0.000
G1 X44.900 Y5.000
G1 X33.241 Y5.000
G1 X33.241 Y-5.000
G1 X44.900 Y-5.000
G1 X44.900 Y0.000
G1 X44.500 Y0.000
G1 X44.500 Y4.600
G1 X33.641 Y4.600
G1 X33.641 Y-4.600
G1 X44.500 Y-4.600
G1 X44.500 Y0.000
G1 X44.100 Y0.000
G1 X44.100 Y4.200
G1 X34.041 Y4.200
G1 X34.041 Y-4.200
G1 X44.100 Y-4.200
G1 X44.100 Y0.000
G1 X43.700 Y0.000
G1 X43.700 Y3.800
G1 X34.441 Y3.800
G1 X34.441 Y-3.800
G1 X43.700 Y-3.800
G1 X43.700 Y0.000
G1 X43.300 Y0.000
G1 X43.300 Y3.400
G1 X34.841 Y3.400
G1 X34.841 Y-3.400
G1 X43.300 Y-3.400
G1 X43.300 Y0.000
G1 X42.900 Y0.000
G1 X42.900 Y3.000
G1 X35.241 Y3.000
G1 X35.241 Y-3.000
G1 X42.900 Y-3.000
G1 X42.900 Y0.000
G1 X42.500 Y0.000
G1 X42.500 Y2.600
G1 X35.641 Y2.600
G1 X35.641 Y-2.600
G1 X42.500 Y-2.600
G1 X42.500 Y0.000
G1 X42.100 Y0.000
G1 X42.100 Y2.200
G1 X36.041 Y2.200
G1 X36.041 Y-2.200
G1 X42.100 Y-2.200
G1 X42.100 Y0.000
G1 X41.700 Y0.000
G1 X41.700 Y1.800
G1 X36.441 Y1.800
G1 X36.441 Y-1.800
G1 X41.700 Y-1.800
G1 X41.700 Y0.000
G1 X41.300 Y0.000
G1 X41.300 Y1.400
G1 X36.841 Y1.400
G1 X36.841 Y-1.400
G1 X41.300 Y-1.400
G1 X41.300 Y0.000
G1 X40.900 Y0.000
G1 X40.900 Y1.000
G1 X37.241 Y1.000
G1 X37.241 Y-1.000
G1 X40.900 Y-1.000
G1 X40.900 Y0.000
G1 X40.500 Y0.000
G1 X40.500 Y0.600
G1 X37.641 Y0.600
G1 X37.641 Y-0.600
G1 X40.500 Y-0.600
G1 X40.500 Y0.000
G1 X40.100 Y0.000
G1 X40.100 Y0.200
G1 X38.041 Y0.200
G1 X38.041 Y-0.200
G1 X40.100 Y-0.200
G1 X40.100 Y0.000
G1 X39.700 Y0.000
G1 X39.700 Y0.000 Z3.500
G1 X39.700 Y0.000
G1 X40.100 Y0.000
G1 X40.100 Y-0.200
G1 X38.272 Y-0.200
G1 X38.272 Y0.200
G1 X40.100 Y0.200
G1 X40.100 Y0.000
G1 X40.500 Y0.000
G1 X40.500 Y-0.600
G1 X37.872 Y-0.600
G1 X37.872 Y0.600
G1 X40.500 Y0.600
G1 X40.500 Y0.000
G1 X40.900 Y0.000
G1 X40.900 Y-1.000
G1 X37.472 Y-1.000
G1 X37.472 Y1.000
G1 X40.900 Y1.000
G1 X40.900 Y0.000
G1 X41.300 Y0.000
G1 X41.300 Y-1.400
G1 X37.072 Y-1.400
G1 X37.072 Y1.400
G1 X41.300 Y1.400
G1 X41.300 Y0.000
G1 X41.700 Y0.000
G1 X41.700 Y-1.800
G1 X36.672 Y-1.800
G1 X36.672 Y1.800
G1 X41.700 Y1.800
G1 X41.700 Y0.000
G1 X42.100 Y0.000
G1 X42.100 Y-2.200
G1 X36.272 Y-2.200
G1 X36.272 Y2.200
G1 X42.100 Y2.200
G1 X42.100 Y0.000
G1 X42.500 Y0.000
G1 X42.500 Y-2.600
G1 X35.872 Y-2.600
G1 X35.872 Y2.600
G1 X42.500 Y2.600
G1 X42.500 Y0.000
G1 X42.900 Y0.000
G1 X42.900 Y-3.000
G1 X35.472 Y-3.000
G1 X35.472 Y3.000
G1 X42.900 Y3.000
G1 X42.900 Y0.000
G1 X43.300 Y0.000
G1 X43.300 Y-3.400
G1 X35.072 Y-3.400
G1 X35.072 Y3.400
G1 X43.300 Y3.400
G1 X43.300 Y0.000
G1 X43.700 Y0.000
G1 X43.700 Y-3.800
G1 X34.672 Y-3.800
G1 X34.672 Y3.800
G1 X43.700 Y3.800
G1 X43.700 Y0.000
G1 X44.100 Y0.000
G1 X44.100 Y-4.200
G1 X34.272 Y-4.200
G1 X34.272 Y4.200
G1 X44.100 Y4.200
G1 X44.100 Y0.000
G1 X44.500 Y0.000
G1 X44.500 Y-4.600
G1 X33.872 Y-4.600
G1 X33.872 Y4.600
G1 X44.500 Y4.600
G1 X44.500 Y0.000
G1 X44.900 Y0.000
G1 X44.900 Y-5.000
G1 X33.472 Y-5.000
G1 X33.472 Y5.000
G1 X44.900 Y5.000
G1 X44.900 Y0.000
G1 X45.300 Y0.000
G1 X45.300 Y-5.400
G1 X33.072 Y-5.400
G1 X33.072 Y5.400
G1 X45.300 Y5.400
G1 X45.300 Y0.000
G1 X45.700 Y0.000
G1 X45.700 Y-5.800
G1 X32.672 Y-5.800
G1 X32.672 Y5.800
G1 X45.700 Y5.800
G1 X45.700 Y0.000
G1 X46.100 Y0.000
G1 X46.100 Y-6.200
G1 X32.272 Y-6.200
G1 X32.272 Y6.200
G1 X46.100 Y6.200
G1 X46.100 Y0.000
G1 X46.500 Y0.000
G1 X46.500 Y-6.600
G1 X31.872 Y-6.600
G1 X31.872 Y6.600
G1 X46.500 Y6.600
G1 X46.500 Y0.000
G1 X46.900 Y0.000
G1 X46.900 Y-7.000
G1 X31.472 Y-7.000
G1 X31.472 Y7.000
G1 X46.900 Y7.000
G1 X46.900 Y0.000
G1 X47.300 Y0.000
G1 X47.300 Y-7.400
G1 X31.072 Y-7.400
G1 X31.072 Y7.400
G1 X47.300 Y7.400
G1 X47.300 Y0.000
G1 X47.700 Y0.000
G1 X47.700 Y-7.800
G1 X30.672 Y-7.800
G1 X30.672 Y7.800
G1 X47.700 Y7.800
G1 X47.700 Y0.000 Z3.500
G1 X47.700 Y0.000 Z3.900
G1 X47.700 Y7.800
G1 X30.847 Y7.800
G1 X30.847 Y-7.800
G1 X47.700 Y-7.800
G1 X47.700 Y0.000
G1 X47.300 Y0.000
G1 X47.300 Y7.400
G1 X31.247 Y7.400
G1 X31.247 Y-7.400
G1 X47.300 Y-7.400
G1 X47.300 Y0.000
G1 X46.900 Y0.000
G1 X46.900 Y7.000
G1 X31.647 Y7.000
G1 X31.647 Y-7.000
G1 X46.900 Y-7.000
G1 X46.900 Y0.000
G1 X46.500 Y0.000
G1 X46.500 Y6.600
G1 X32.047 Y6.600
G1 X32.047 Y-6.600
G1 X46.500 Y-6.600
G1 X46.500 Y0.000
G1 X46.100 Y0.000
G1 X46.100 Y6.200
G1 X32.447 Y6.200
G1 X32.447 Y-6.200
G1 X46.100 Y-6.200
G1 X46.100 Y0.000
G1 X45.700 Y0.000
G1 X45.700 Y5.800
G1 X32.847 Y5.800
G1 X32.847 Y-5.800
G1 X45.700 Y-5.800
G1 X45.700 Y0.000
G1 X45.300 Y0.000
G1 X45.300 Y5.400
G1 X33.247 Y5.400
G1 X33.247 Y-5.400
G1 X45.300 Y-5.400
G1 X45.300 Y0.000
G1 X44.900 Y0.000
G1 X44.900 Y5.000
G1 X33.647 Y5.000
G1 X33.647 Y-5.000
G1 X44.900 Y-5.000
G1 X44.900 Y0.000
G1 X44.500 Y0.000
G1 X44.500 Y4.600
G1 X34.047 Y4.600
G1 X34.047 Y-4.600
G1 X44.500 Y-4.600
G1 X44.500 Y0.000
G1 X44.100 Y0.000
G1 X44.100 Y4.200
G1 X34.447 Y4.200
G1 X34.447 Y-4.200
G1 X44.100 Y-4.200
G1 X44.100 Y0.000
G1 X43.700 Y0.000
G1 X43.700 Y3.800
G1 X34.847 Y3.800
G1 X34.847 Y-3.800
G1 X43.700 Y-3.800
G1 X43.700 Y0.000
G1 X43.300 Y0.000
G1 X43.300 Y3.400
G1 X35.247 Y3.400
G1 X35.247 Y-3.400
G1 X43.300 Y-3.400
G1 X43.300 Y0.000
G1 X42.900 Y0.000
G1 X42.900 Y3.000
G1 X35.647 Y3.000
G1 X35.647 Y-3.000
G1 X42.900 Y-3.000
G1 X42.900 Y0.000
G1 X42.500 Y0.000
G1 X42.500 Y2.600
G1 X36.047 Y2.600
G1 X36.047 Y-2.600
G1 X42.500 Y-2.600
G1 X42.500 Y0.000
G1 X42.100 Y0.000
G1 X42.100 Y2.200
G1 X36.447 Y2.200
G1 X36.447 Y-2.200
G1 X42.100 Y-2.200
G1 X42.100 Y0.000
G1 X41.700 Y0.000
G1 X41.700 Y1.800
G1 X36.847 Y1.800
G1 X36.847 Y-1.800
G1 X41.700 Y-1.800
G1 X41.700 Y0.000
G1 X41.300 Y0.000
G1 X41.300 Y1.400
G1 X37.247 Y1.400
G1 X37.247 Y-1.400
G1 X41.300 Y-1.400
G1 X41.300 Y0.000
G1 X40.900 Y0.000
G1 X40.900 Y1.000
G1 X37.647 Y1.000
G1 X37.647 Y-1.000
G1 X40.900 Y-1.000
G1 X40.900 Y0.000
G1 X40.500 Y0.000
G1 X40.500 Y0.600
G1 X38.047 Y0.600
G1 X38.047 Y-0.600
G1 X40.500 Y-0.600
G1 X40.500 Y0.000
G1 X40.100 Y0.000
G1 X40.100 Y0.200
G1 X38.447 Y0.200
G1 X38.447 Y-0.200
G1 X40.100 Y-0.200
G1 X40.100 Y0.000
G1 X39.700 Y0.000
G1 X39.700 Y0.000 Z4.300
G1 X39.700 Y0.000
G1 X40.100 Y0.000
G1 X40.100 Y-0.200
G1 X38.573 Y-0.200
G1 X38.573 Y0.200
G1 X40.100 Y0.200
G1 X40.100 Y0.000
G1 X40.500 Y0.000
G1 X40.500 Y-0.600
G1 X38.173 Y-0.600
G1 X38.173 Y0.600
G1 X40.500 Y0.600
G1 X40.500 Y0.000
G1 X40.900 Y0.000
G1 X40.900 Y-1.000
G1 X37.773 Y-1.000
G1 X37.773 Y1.000
G1 X40.900 Y1.000
G1 X40.900 Y0.000
G1 X41.300 Y0.000
G1 X41.300 Y-1.400
G1 X37.373 Y-1.400
G1 X37.373 Y1.400
G1 X41.300 Y1.400
G1 X41.300 Y0.000
G1 X41.700 Y0.000
G1 X41.700 Y-1.800
G1 X36.973 Y-1.800
G1 X36.973 Y1.800
G1 X41.700 Y1.800
G1 X41.700 Y0.000
G1 X42.100 Y0.000
G1 X42.100 Y-2.200
G1 X36.573 Y-2.200
G1 X36.573 Y2.200
G1 X42.100 Y2.200
G1 X42.100 Y0.000
G1 X42.500 Y0.000
G1 X42.500 Y-2.600
G1 X36.173 Y-2.600
G1 X36.173 Y2.600
G1 X42.500 Y2.600
G1 X42.500 Y0.000
G1 X42.900 Y0.000
G1 X42.900 Y-3.000
G1 X35.773 Y-3.000
G1 X35.773 Y3.000
G1 X42.900 Y3.000
G1 X42.900 Y0.000
G1 X43.300 Y0.000
G1 X43.300 Y-3.400
G1 X35.373 Y-3.400
G1 X35.373 Y3.400
G1 X43.300 Y3.400
G1 X43.300 Y0.000
G1 X43.700 Y0.000
G1 X43.700 Y-3.800
G1 X34.973 Y-3.800
G1 X34.973 Y3.800
G1 X43.700 Y3.800
G1 X43.700 Y0.000
G1 X44.100 Y0.000
G1 X44.100 Y-4.200
G1 X34.573 Y-4.200
G1 X34.573 Y4.200
G1 X44.100 Y4.200
G1 X44.100 Y0.000
G1 X44.500 Y0.000
G1 X44.500 Y-4.600
G1 X34.173 Y-4.600
G1 X34.173 Y4.600
G1 X44.500 Y4.600
G1 X44.500 Y0.000
G1 X44.900 Y0.000
G1 X44.900 Y-5.000
G1 X33.773 Y-5.000
G1 X33.773 Y5.000
G1 X44.900 Y5.000
G1 X44.900 Y0.000
G1 X45.300 Y0.000
G1 X45.300 Y-5.400
G1 X33.373 Y-5.400
G1 X33.373 Y5.400
G1 X45.300 Y5.400
G1 X45.300 Y0.000
G1 X45.700 Y0.000
G1 X45.700 Y-5.800
G1 X32.973 Y-5.800
G1 X32.973 Y5.800
G1 X45.700 Y5.800
G1 X45.700 Y0.000
G1 X46.100 Y0.000
G1 X46.100 Y-6.200
G1 X32.573 Y-6.200
G1 X32.573 Y6.200
G1 X46.100 Y6.200
G1 X46.100 Y0.000
G1 X46.500 Y0.000
G1 X46.500 Y-6.600
G1 X32.173 Y-6.600
G1 X32.173 Y6.600
G1 X46.500 Y6.600
G1 X46.500 Y0.000
G1 X46.900 Y0.000
G1 X46.900 Y-7.000
G1 X31.773 Y-7.000
G1 X31.773 Y7.000
G1 X46.900 Y7.000
G1 X46.900 Y0.000
G1 X47.300 Y0.000
G1 X47.300 Y-7.400
G1 X31.373 Y-7.400
G1 X31.373 Y7.400
G1 X47.300 Y7.400
G1 X47.300 Y0.000
G1 X47.700 Y0.000
G1 X47.700 Y-7.800
G1 X30.973 Y-7.800
G1 X30.973 Y7.800
G1 X47.700 Y7.800
G1 X47.700 Y0.000 Z4.300
G1 X47.700 Y0.000 Z4.700
G1 X47.700 Y7.800
G1 X31.055 Y7.800
G1 X31.055 Y-7.800
G1 X47.700 Y-7.800
G1 X47.700 Y0.000
G1 X47.300 Y0.000
G1 X47.300 Y7.400
G1 X31.455 Y7.400
G1 X31.455 Y-7.400
G1 X47.300 Y-7.400
G1 X47.300 Y0.000
G1 X46.900 Y0.000
G1 X46.900 Y7.000
G1 X31.855 Y7.000
G1 X31.855 Y-7.000
G1 X46.900 Y-7.000
G1 X46.900 Y0.000
G1 X46.500 Y0.000
G1 X46.500 Y6.600
G1 X32.255 Y6.600
G1 X32.255 Y-6.600
G1 X46.500 Y-6.600
G1 X46.500 Y0.000
G1 X46.100 Y0.000
G1 X46.100 Y6.200
G1 X32.655 Y6.200
G1 X32.655 Y-6.200
G1 X46.100 Y-6.200
G1 X46.100 Y0.000
G1 X45.700 Y0.000
G1 X45.700 Y5.800
G1 X33.055 Y5.800
G1 X33.055 Y-5.800
G1 X45.700 Y-5.800
G1 X45.700 Y0.000
G1 X45.300 Y0.000
G1 X45.300 Y5.400
G1 X33.455 Y5.400
G1 X33.455 Y-5.400
G1 X45.300 Y-5.400
G1 X45.300 Y0.000
G1 X44.900 Y0.000
G1 X44.900 Y5.000
G1 X33.855 Y5.000
G1 X33.855 Y-5.000
G1 X44.900 Y-5.000
G1 X44.900 Y0.000
G1 X44.500 Y0.000
G1 X44.500 Y4.600
G1 X34.255 Y4.600
G1 X34.255 Y-4.600
G1 X44.500 Y-4.600
G1 X44.500 Y0.000
G1 X44.100 Y0.000
G1 X44.100 Y4.200
G1 X34.655 Y4.200
G1 X34.655 Y-4.200
G1 X44.100 Y-4.200
G1 X44.100 Y0.000
G1 X43.700 Y0.000
G1 X43.700 Y3.800
G1 X35.055 Y3.800
G1 X35.055 Y-3.800
G1 X43.700 Y-3.800
G1 X43.700 Y0.000
G1 X43.300 Y0.000
G1 X43.300 Y3.400
G1 X35.455 Y3.400
G1 X35.455 Y-3.400
G1 X43.300 Y-3.400
G1 X43.300 Y0.000
G1 X42.900 Y0.000
G1 X42.900 Y3.000
G1 X35.855 Y3.000
G1 X35.855 Y-3.000
G1 X42.900 Y-3.000
G1 X42.900 Y0.000
G1 X42.500 Y0.000
G1 X42.500 Y2.600
G1 X36.255 Y2.600
G1 X36.255 Y-2.600
G1 X42.500 Y-2.600
G1 X42.500 Y0.000
G1 X42.100 Y0.000
G1 X42.100 Y2.200
G1 X36.655 Y2.200
G1 X36.655 Y-2.200
G1 X42.100 Y-2.200
G1 X42.100 Y0.000
G1 X41.700 Y0.000
G1 X41.700 Y1.800
G1 X37.055 Y1.800
G1 X37.055 Y-1.800
G1 X41.700 Y-1.800
G1 X41.700 Y0.000
G1 X41.300 Y0.000
G1 X41.300 Y1.400
G1 X37.455 Y1.400
G1 X37.455 Y-1.400
G1 X41.300 Y-1.400
G1 X41.300 Y0.000
G1 X40.900 Y0.000
G1 X40.900 Y1.000
G1 X37.855 Y1.000
G1 X37.855 Y-1.000
G1 X40.900 Y-1.000
G1 X40.900 Y0.000
G1 X40.500 Y0.000
G1 X40.500 Y0.600
G1 X38.255 Y0.600
G1 X38.255 Y-0.600
G1 X40.500 Y-0.600
G1 X40.500 Y0.000
G1 X40.100 Y0.000
G1 X40.100 Y0.200
G1 X38.655 Y0.200
G1 X38.655 Y-0.200
G1 X40.100 Y-0.200
G1 X40.100 Y0.000
G1 X39.700 Y0.000
G1 X39.700 Y0.000 Z5.100
G1 X39.700 Y0.000
G1 X40.100 Y0.000
G1 X40.100 Y-0.200
G1 X38.695 Y-0.200
G1 X38.695 Y0.200
G1 X40.100 Y0.200
G1 X40.100 Y0.000
G1 X40.500 Y0.000
G1 X40.500 Y-0.600
G1 X38.295 Y-0.600
G1 X38.295 Y0.600
G1 X40.500 Y0.600
G1 X40.500 Y0.000
G1 X40.900 Y0.000
G1 X40.900 Y-1.000
G1 X37.895 Y-1.000
G1 X37.895 Y1.000
G1 X40.900 Y1.000
G1 X40.900 Y0.000
G1 X41.300 Y0.000
G1 X41.300 Y-1.400
G1 X37.495 Y-1.400
G1 X37.495 Y1.400
G1 X41.300 Y1.400
G1 X41.300 Y0.000
G1 X41.700 Y0.000
G1 X41.700 Y-1.800
G1 X37.095 Y-1.800
G1 X37.095 Y1.800
G1 X41.700 Y1.800
G1 X41.700 Y0.000
G1 X42.100 Y0.000
G1 X42.100 Y-2.200
G1 X36.695 Y-2.200
G1 X36.695 Y2.200
G1 X42.100 Y2.200
G1 X42.100 Y0.000
G1 X42.500 Y0.000
G1 X42.500 Y-2.600
G1 X36.295 Y-2.600
G1 X36.295 Y2.600
G1 X42.500 Y2.600
G1 X42.500 Y0.000
G1 X42.900 Y0.000
G1 X42.900 Y-3.000
G1 X35.895 Y-3.000
G1 X35.895 Y3.000
G1 X42.900 Y3.000
G1 X42.900 Y0.000
G1 X43.300 Y0.000
G1 X43.300 Y-3.400
G1 X35.495 Y-3.400
G1 X35.495 Y3.400
G1 X43.300 Y3.400
G1 X43.300 Y0.000
G1 X43.700 Y0.000
G1 X43.700 Y-3.800
G1 X35.095 Y-3.800
G1 X35.095 Y3.800
G1 X43.700 Y3.800
G1 X43.700 Y0.000
G1 X44.100 Y0.000
G1 X44.100 Y-4.200
G1 X34.695 Y-4.200
G1 X34.695 Y4.200
G1 X44.100 Y4.200
G1 X44.100 Y0.000
G1 X44.500 Y0.000
G1 X44.500 Y-4.600
G1 X34.295 Y-4.600
G1 X34.295 Y4.600
G1 X44.500 Y4.600
G1 X44.500 Y0.000
G1 X44.900 Y0.000
G1 X44.900 Y-5.000
G1 X33.895 Y-5.000
G1 X33.895 Y5.000
G1 X44.900 Y5.000
G1 X44.900 Y0.000
G1 X45.300 Y0.000
G1 X45.300 Y-5.400
G1 X33.495 Y-5.400
G1 X33.495 Y5.400
G1 X45.300 Y5.400
G1 X45.300 Y0.000
G1 X45.700 Y0.000
G1 X45.700 Y-5.800
G1 X33.095 Y-5.800
G1 X33.095 Y5.800
G1 X45.700 Y5.800
G1 X45.700 Y0.000
G1 X46.100 Y0.000
G1 X46.100 Y-6.200
G1 X32.695 Y-6.200
G1 X32.695 Y6.200
G1 X46.100 Y6.200
G1 X46.100 Y0.000
G1 X46.500 Y0.000
G1 X46.500 Y-6.600
G1 X32.295 Y-6.600
G1 X32.295 Y6.600
G1 X46.500 Y6.600
G1 X46.500 Y0.000
G1 X46.900 Y0.000
G1 X46.900 Y-7.000
G1 X31.895 Y-7.000
G1 X31.895 Y7.000
G1 X46.900 Y7.000
G1 X46.900 Y0.000
G1 X47.300 Y0.000
G1 X47.300 Y-7.400
G1 X31.495 Y-7.400
G1 X31.495 Y7.400
G1 X47.300 Y7.400
G1 X47.300 Y0.000
G1 X47.700 Y0.000
G1 X47.700 Y-7.800
G1 X31.095 Y-7.800
G1 X31.095 Y7.800
G1 X47.700 Y7.800
G1 X47.700 Y0.000 Z5.100
M9
G1 Z10.000
G1 X-26.100 Y0.000
G1 Z1.500
M7
G4 P150
G1 X-24.851 Y0.000 Z1.500
G1 X-24.851 Y-7.800
G1 X-1.749 Y-7.800
G1 X-1.749 Y7.800
G1 X-5.500 Y7.800
G1 X-5.500 Y11.551
G1 X-21.100 Y11.551
G1 X-21.100 Y7.800
G1 X-24.851 Y7.800
G1 X-24.851 Y0.000
G1 X-24.451 Y0.000
G1 X-24.451 Y-7.400
G1 X-2.149 Y-7.400
G1 X-2.149 Y7.400
G1 X-5.900 Y7.400
G1 X-5.900 Y11.151
G1 X-20.700 Y11.151
G1 X-20.700 Y7.400
G1 X-24.451 Y7.400
G1 X-24.451 Y0.000
G1 X-24.051 Y0.000
G1 X-24.051 Y-7.000
G1 X-2.549 Y-7.000
G1 X-2.549 Y7.000
G1 X-6.300 Y7.000
G1 X-6.300 Y10.751
G1 X-20.300 Y10.751
G1 X-20.300 Y7.000
G1 X-24.051 Y7.000
G1 X-24.051 Y0.000
G1 X-23.651 Y0.000
G1 X-23.651 Y-6.600
G1 X-2.949 Y-6.600
G1 X-2.949 Y6.600
G1 X-6.700 Y6.600
G1 X-6.700 Y10.351
G1 X-19.900 Y10.351
G1 X-19.900 Y6.600
G1 X-23.651 Y6.600
G1 X-23.651 Y0.000
G1 X-23.251 Y0.000
G1 X-23.251 Y-6.200
G1 X-3.349 Y-6.200
G1 X-3.349 Y6.200
G1 X-7.100 Y6.200
G1 X-7.100 Y9.951
G1 X-19.500 Y9.951
G1 X-19.500 Y6.200
G1 X-23.251 Y6.200
G1 X-23.251 Y0.000
G1 X-22.851 Y0.000
G1 X-22.851 Y-5.800
G1 X-3.749 Y-5.800
G1 X-3.749 Y5.800
G1 X-7.500 Y5.800
G1 X-7.500 Y9.551
G1 X-19.100 Y9.551
G1 X-19.100 Y5.800
G1 X-22.851 Y5.800
G1 X-22.851 Y0.000
G1 X-22.451 Y0.000
G1 X-22.451 Y-5.400
G1 X-4.149 Y-5.400
G1 X-4.149 Y5.400
G1 X-7.900 Y5.400
G1 X-7.900 Y9.151
G1 X-18.700 Y9.151
G1 X-18.700 Y5.400
G1 X-22.451 Y5.400
G1 X-22.451 Y0.000
G1 X-22.051 Y0.000
G1 X-22.051 Y-5.000
G1 X-4.549 Y-5.000
G1 X-4.549 Y5.000
G1 X-8.300 Y5.000
G1 X-8.300 Y8.751
G1 X-18.300 Y8.751
G1 X-18.300 Y5.000
G1 X-22.051 Y5.000
G1 X-22.051 Y0.000
G1 X-21.651 Y0.000
G1 X-21.651 Y-4.600
G1 X-4.949 Y-4.600
G1 X-4.949 Y4.600
G1 X-8.700 Y4.600
G1 X-8.700 Y8.351
G1 X-17.900 Y8.351
G1 X-17.900 Y4.600
G1 X-21.651 Y4.600
G1 X-21.651 Y0.000
G1 X-21.251 Y0.000
G1 X-21.251 Y-4.200
G1 X-5.349 Y-4.200
G1 X-5.349 Y4.200
G1 X-9.100 Y4.200
G1 X-9.100 Y7.951
G1 X-17.500 Y7.951
G1 X-17.500 Y4.200
G1 X-21.251 Y4.200
G1 X-21.251 Y0.000
G1 X-20.851 Y0.000
G1 X-20.851 Y-3.800
G1 X-5.749 Y-3.800
G1 X-5.749 Y3.800
G1 X-9.500 Y3.800
G1 X-9.500 Y7.551
G1 X-17.100 Y7.551
G1 X-17.100 Y3.800
G1 X-20.851 Y3.800
G1 X-20.851 Y0.000
G1 X-20.451 Y0.000
G1 X-20.451 Y-3.400
G1 X-6.149 Y-3.400
G1 X-6.149 Y3.400
G1 X-9.900 Y3.400
G1 X-9.900 Y7.151
G1 X-16.700 Y7.151
G1 X-16.700 Y3.400
G1 X-20.451 Y3.400
G1 X-20.451 Y0.000
G1 X-20.051 Y0.000
G1 X-20.051 Y-3.000
G1 X-6.549 Y-3.000
G1 X-6.549 Y3.000
G1 X-10.300 Y3.000
G1 X-10.300 Y6.751
G1 X-16.300 Y6.751
G1 X-16.300 Y3.000
G1 X-20.051 Y3.000
G1 X-20.051 Y0.000
G1 X-19.651 Y0.000
G1 X-19.651 Y-2.600
G1 X-6.949 Y-2.600
G1 X-6.949 Y2.600
G1 X-10.700 Y2.600
G1 X-10.700 Y6.351
G1 X-15.900 Y6.351
G1 X-15.900 Y2.600
G1 X-19.651 Y2.600
G1 X-19.651 Y0.000
G1 X-19.251 Y0.000
G1 X-19.251 Y-2.200
G1 X-7.349 Y-2.200
G1 X-7.349 Y2.200
G1 X-11.100 Y2.200
G1 X-11.100 Y5.951
G1 X-15.500 Y5.951
G1 X-15.500 Y2.200
G1 X-19.251 Y2.200
G1 X-19.251 Y0.000
G1 X-18.851 Y0.000
G1 X-18.851 Y-1.800
G1 X-7.749 Y-1.800
G1 X-7.749 Y1.800
G1 X-11.500 Y1.800
G1 X-11.500 Y5.551
G1 X-15.100 Y5.551
G1 X-15.100 Y1.800
G1 X-18.851 Y1.800
G1 X-18.851 Y0.000
G1 X-18.451 Y0.000
G1 X-18.451 Y-1.400
G1 X-8.149 Y-1.400
G1 X-8.149 Y1.400
G1 X-11.900 Y1.400
G1 X-11.900 Y5.151
G1 X-14.700 Y5.151
G1 X-14.700 Y1.400
G1 X-18.451 Y1.400
G1 X-18.451 Y0.000
G1 X-18.051 Y0.000
G1 X-18.051 Y-1.000
G1 X-8.549 Y-1.000
G1 X-8.549 Y1.000
G1 X-12.300 Y1.000
G1 X-12.300 Y4.751
G1 X-14.300 Y4.751
G1 X-14.300 Y1.000
G1 X-18.051 Y1.000
G1 X-18.051 Y0.000
G1 X-17.651 Y0.000
G1 X-17.651 Y-0.600
G1 X-8.949 Y-0.600
G1 X-8.949 Y0.600
G1 X-12.700 Y0.600
G1 X-12.700 Y4.351
G1 X-13.900 Y4.351
G1 X-13.900 Y0.600
G1 X-17.651 Y0.600
G1 X-17.651 Y0.000
G1 X-17.251 Y0.000
G1 X-17.251 Y-0.200
G1 X-9.349 Y-0.200
G1 X-9.349 Y0.200
G1 X-13.100 Y0.200
G1 X-13.100 Y3.951
G1 X-13.500 Y3.951
G1 X-13.500 Y0.200
G1 X-17.251 Y0.200
G1 X-17.251 Y0.000
G1 X-16.851 Y0.000
G1 X-15.993 Y0.000 Z1.900
G1 X-15.993 Y0.000
G1 X-16.393 Y0.000
G1 X-16.393 Y0.200
G1 X-13.500 Y0.200
G1 X-13.500 Y3.093
G1 X-13.100 Y3.093
G1 X-13.100 Y0.200
G1 X-10.207 Y0.200
G1 X-10.207 Y-0.200
G1 X-16.393 Y-0.200
G1 X-16.393 Y0.000
G1 X-16.793 Y0.000
G1 X-16.793 Y0.600
G1 X-13.900 Y0.600
G1 X-13.900 Y3.493
G1 X-12.700 Y3.493
G1 X-12.700 Y0.600
G1 X-9.807 Y0.600
G1 X-9.807 Y-0.600
G1 X-16.793 Y-0.600
G1 X-16.793 Y0.000
G1 X-17.193 Y0.000
G1 X-17.193 Y1.000
G1 X-14.300 Y1.000
G1 X-14.300 Y3.893
G1 X-12.300 Y3.893
G1 X-12.300 Y1.000
G1 X-9.407 Y1.000
G1 X-9.407 Y-1.000
G1 X-17.193 Y-1.000
G1 X-17.193 Y0.000
G1 X-17.593 Y0.000
G1 X-17.593 Y1.400
G1 X-14.700 Y1.400
G1 X-14.700 Y4.293
G1 X-11.900 Y4.293
G1 X-11.900 Y1.400
G1 X-9.007 Y1.400
G1 X-9.007 Y-1.400
G1 X-17.593 Y-1.400
G1 X-17.593 Y0.000
G1 X-17.993 Y0.000
G1 X-17.993 Y1.800
G1 X-15.100 Y1.800
G1 X-15.100 Y4.693
G1 X-11.500 Y4.693
G1 X-11.500 Y1.800
G1 X-8.607 Y1.800
G1 X-8.607 Y-1.800
G1 X-17.993 Y-1.800
G1 X-17.993 Y0.000
G1 X-18.393 Y0.000
G1 X-18.393 Y2.200
G1 X-15.500 Y2.200
G1 X-15.500 Y5.093
G1 X-11.100 Y5.093
G1 X-11.100 Y2.200
G1 X-8.207 Y2.200
G1 X-8.207 Y-2.200
G1 X-18.393 Y-2.200
G1 X-18.393 Y0.000
G1 X-18.793 Y0.000
G1 X-18.793 Y2.600
G1 X-15.900 Y2.600
G1 X-15.900 Y5.493
G1 X-10.700 Y5.493
G1 X-10.700 Y2.600
G1 X-7.807 Y2.600
G1 X-7.807 Y-2.600
G1 X-18.793 Y-2.600
G1 X-18.793 Y0.000
G1 X-19.193 Y0.000
G1 X-19.193 Y3.000
G1 X-16.300 Y3.000
G1 X-16.300 Y5.893
G1 X-10.300 Y5.893
G1 X-10.300 Y3.000
G1 X-7.407 Y3.000
G1 X-7.407 Y-3.000
G1 X-19.193 Y-3.000
G1 X-19.193 Y0.000
G1 X-19.593 Y0.000
G1 X-19.593 Y3.400
G1 X-16.700 Y3.400
G1 X-16.700 Y6.293
G1 X-9.900 Y6.293
G1 X-9.900 Y3.400
G1 X-7.007 Y3.400
G1 X-7.007 Y-3.400
G1 X-19.593 Y-3.400
G1 X-19.593 Y0.000
G1 X-19.993 Y0.000
G1 X-19.993 Y3.800
G1 X-17.100 Y3.800
G1 X-17.100 Y6.693
G1 X-9.500 Y6.693
G1 X-9.500 Y3.800
G1 X-6.607 Y3.800
G1 X-6.607 Y-3.800
G1 X-19.993 Y-3.800
G1 X-19.993 Y0.000
G1 X-20.393 Y0.000
G1 X-20.393 Y4.200
G1 X-17.500 Y4.200
G1 X-17.500 Y7.093
G1 X-9.100 Y7.093
G1 X-9.100 Y4.200
G1 X-6.207 Y4.200
G1 X-6.207 Y-4.200
G1 X-20.393 Y-4.200
G1 X-20.393 Y0.000
G1 X-20.793 Y0.000
G1 X-20.793 Y4.600
G1 X-17.900 Y4.600
G1 X-17.900 Y7.493
G1 X-8.700 Y7.493
G1 X-8.700 Y4.600
G1 X-5.807 Y4.600
G1 X-5.807 Y-4.600
G1 X-20.793 Y-4.600
G1 X-20.793 Y0.000
G1 X-21.193 Y0.000
G1 X-21.193 Y5.000
G1 X-18.300 Y5.000
G1 X-18.300 Y7.893
G1 X-8.300 Y7.893
G1 X-8.300 Y5.000
G1 X-5.407 Y5.000
G1 X-5.407 Y-5.000
G1 X-21.193 Y-5.000
G1 X-21.193 Y0.000
G1 X-21.593 Y0.000
G1 X-21.593 Y5.400
G1 X-18.700 Y5.400
G1 X-18.700 Y8.293
G1 X-7.900 Y8.293
G1 X-7.900 Y5.400
G1 X-5.007 Y5.400
G1 X-5.007 Y-5.400
G1 X-21.593 Y-5.400
G1 X-21.593 Y0.000
G1 X-21.993 Y0.000
G1 X-21.993 Y5.800
G1 X-19.100 Y5.800
G1 X-19.100 Y8.693
G1 X-7.500 Y8.693
G1 X-7.500 Y5.800
G1 X-4.607 Y5.800
G1 X-4.607 Y-5.800
G1 X-21.993 Y-5.800
G1 X-21.993 Y0.000
G1 X-22.393 Y0.000
G1 X-22.393 Y6.200
G1 X-19.500 Y6.200
G1 X-19.500 Y9.093
G1 X-7.100 Y9.093
G1 X-7.100 Y6.200
G1 X-4.207 Y6.200
G1 X-4.207 Y-6.200
G1 X-22.393 Y-6.200
G1 X-22.393 Y0.000
G1 X-22.793 Y0.000
G1 X-22.793 Y6.600
G1 X-19.900 Y6.600
G1 X-19.900 Y9.493
G1 X-6.700 Y9.493
G1 X-6.700 Y6.600
G1 X-3.807 Y6.600
G1 X-3.807 Y-6.600
G1 X-22.793 Y-6.600
G1 X-22.793 Y0.000
G1 X-23.193 Y0.000
G1 X-23.193 Y7.000
G1 X-20.300 Y7.000
G1 X-20.300 Y9.893
G1 X-6.300 Y9.893
G1 X-6.300 Y7.000
G1 X-3.407 Y7.000
G1 X-3.407 Y-7.000
G1 X-23.193 Y-7.000
G1 X-23.193 Y0.000
G1 X-23.593 Y0.000
G1 X-23.593 Y7.400
G1 X-20.700 Y7.400
G1 X-20.700 Y10.293
G1 X-5.900 Y10.293
G1 X-5.900 Y7.400
G1 X-3.007 Y7.400
G1 X-3.007 Y-7.400
G1 X-23.593 Y-7.400
G1 X-23.593 Y0.000
G1 X-23.993 Y0.000
G1 X-23.993 Y7.800
G1 X-21.100 Y7.800
G1 X-21.100 Y10.693
G1 X-5.500 Y10.693
G1 X-5.500 Y7.800
G1 X-2.607 Y7.800
G1 X-2.607 Y-7.800
G1 X-23.993 Y-7.800
G1 X-23.993 Y0.000 Z1.900
G1 X-23.454 Y0.000 Z2.300
G1 X-23.454 Y-7.800
G1 X-3.146 Y-7.800
G1 X-3.146 Y7.800
G1 X-5.500 Y7.800
G1 X-5.500 Y10.154
G1 X-21.100 Y10.154
G1 X-21.100 Y7.800
G1 X-23.454 Y7.800
G1 X-23.454 Y0.000
G1 X-23.054 Y0.000
G1 X-23.054 Y-7.400
G1 X-3.546 Y-7.400
G1 X-3.546 Y7.400
G1 X-5.900 Y7.400
G1 X-5.900 Y9.754
G1 X-20.700 Y9.754
G1 X-20.700 Y7.400
G1 X-23.054 Y7.400
G1 X-23.054 Y0.000
G1 X-22.654 Y0.000
G1 X-22.654 Y-7.000
G1 X-3.946 Y-7.000
G1 X-3.946 Y7.000
G1 X-6.300 Y7.000
G1 X-6.300 Y9.354
G1 X-20.300 Y9.354
G1 X-20.300 Y7.000
G1 X-22.654 Y7.000
G1 X-22.654 Y0.000
G1 X-22.254 Y0.000
G1 X-22.254 Y-6.600
G1 X-4.346 Y-6.600
G1 X-4.346 Y6.600
G1 X-6.700 Y6.600
G1 X-6.700 Y8.954
G1 X-19.900 Y8.954
G1 X-19.900 Y6.600
G1 X-22.254 Y6.600
G1 X-22.254 Y0.000
G1 X-21.854 Y0.000
G1 X-21.854 Y-6.200
G1 X-4.746 Y-6.200
G1 X-4.746 Y6.200
G1 X-7.100 Y6.200
G1 X-7.100 Y8.554
G1 X-19.500 Y8.554
G1 X-19.500 Y6.200
G1 X-21.854 Y6.200
G1 X-21.854 Y0.000
G1 X-21.454 Y0.000
G1 X-21.454 Y-5.800
G1 X-5.146 Y-5.800
G1 X-5.146 Y5.800
G1 X-7.500 Y5.800
G1 X-7.500 Y8.154
G1 X-19.100 Y8.154
G1 X-19.100 Y5.800
G1 X-21.454 Y5.800
G1 X-21.454 Y0.000
G1 X-21.054 Y0.000
G1 X-21.054 Y-5.400
G1 X-5.546 Y-5.400
G1 X-5.546 Y5.400
G1 X-7.900 Y5.400
G1 X-7.900 Y7.754
G1 X-18.700 Y7.754
G1 X-18.700 Y5.400
G1 X-21.054 Y5.400
G1 X-21.054 Y0.000
G1 X-20.654 Y0.000
G1 X-20.654 Y-5.000
G1 X-5.946 Y-5.000
G1 X-5.946 Y5.000
G1 X-8.300 Y5.000
G1 X-8.300 Y7.354
G1 X-18.300 Y7.354
G1 X-18.300 Y5.000
G1 X-20.654 Y5.000
G1 X-20.654 Y0.000
G1 X-20.254 Y0.000
G1 X-20.254 Y-4.600
G1 X-6.346 Y-4.600
G1 X-6.346 Y4.600
G1 X-8.700 Y4.600
G1 X-8.700 Y6.954
G1 X-17.900 Y6.954
G1 X-17.900 Y4.600
G1 X-20.254 Y4.600
G1 X-20.254 Y0.000
G1 X-19.854 Y0.000
G1 X-19.854 Y-4.200
G1 X-6.746 Y-4.200
G1 X-6.746 Y4.200
G1 X-9.100 Y4.200
G1 X-9.100 Y6.554
G1 X-17.500 Y6.554
G1 X-17.500 Y4.200
G1 X-19.854 Y4.200
G1 X-19.854 Y0.000
G1 X-19.454 Y0.000
G1 X-19.454 Y-3.800
G1 X-7.146 Y-3.800
G1 X-7.146 Y3.800
G1 X-9.500 Y3.800
G1 X-9.500 Y6.154
G1 X-17.100 Y6.154
G1 X-17.100 Y3.800
G1 X-19.454 Y3.800
G1 X-19.454 Y0.000
G1 X-19.054 Y0.000
G1 X-19.054 Y-3.400
G1 X-7.546 Y-3.400
G1 X-7.546 Y3.400
G1 X-9.900 Y3.400
G1 X-9.900 Y5.754
G1 X-16.700 Y5.754
G1 X-16.700 Y3.400
G1 X-19.054 Y3.400
G1 X-19.054 Y0.000
G1 X-18.654 Y0.000
G1 X-18.654 Y-3.000
G1 X-7.946 Y-3.000
G1 X-7.946 Y3.000
G1 X-10.300 Y3.000
G1 X-10.300 Y5.354
G1 X-16.300 Y5.354
G1 X-16.300 Y3.000
G1 X-18.654 Y3.000
G1 X-18.654 Y0.000
G1 X-18.254 Y0.000
G1 X-18.254 Y-2.600
G1 X-8.346 Y-2.600
G1 X-8.346 Y2.600
G1 X-10.700 Y2.600
G1 X-10.700 Y4.954
G1 X-15.900 Y4.954
G1 X-15.900 Y2.600
G1 X-18.254 Y2.600
G1 X-18.254 Y0.000
G1 X-17.854 Y0.000
G1 X-17.854 Y-2.200
G1 X-8.746 Y-2.200
G1 X-8.746 Y2.200
G1 X-11.100 Y2.200
G1 X-11.100 Y4.554
G1 X-15.500 Y4.554
G1 X-15.500 Y2.200
G1 X-17.854 Y2.200
G1 X-17.854 Y0.000
G1 X-17.454 Y0.000
G1 X-17.454 Y-1.800
G1 X-9.146 Y-1.800
G1 X-9.146 Y1.800
G1 X-11.500 Y1.800
G1 X-11.500 Y4.154
G1 X-15.100 Y4.154
G1 X-15.100 Y1.800
G1 X-17.454 Y1.800
G1 X-17.454 Y0.000
G1 X-17.054 Y0.000
G1 X-17.054 Y-1.400
G1 X-9.546 Y-1.400
G1 X-9.546 Y1.400
G1 X-11.900 Y1.400
G1 X-11.900 Y3.754
G1 X-14.700 Y3.754
G1 X-14.700 Y1.400
G1 X-17.054 Y1.400
G1 X-17.054 Y0.000
G1 X-16.654 Y0.000
G1 X-16.654 Y-1.000
G1 X-9.946 Y-1.000
G1 X-9.946 Y1.000
G1 X-12.300 Y1.000
G1 X-12.300 Y3.354
G1 X-14.300 Y3.354
G1 X-14.300 Y1.000
G1 X-16.654 Y1.000
G1 X-16.654 Y0.000
G1 X-16.254 Y0.000
G1 X-16.254 Y-0.600
G1 X-10.346 Y-0.600
G1 X-10.346 Y0.600
G1 X-12.700 Y0.600
G1 X-12.700 Y2.954
G1 X-13.900 Y2.954
G1 X-13.900 Y0.600
G1 X-16.254 Y0.600
G1 X-16.254 Y0.000
G1 X-15.854 Y0.000
G1 X-15.854 Y-0.200
G1 X-10.746 Y-0.200
G1 X-10.746 Y0.200
G1 X-13.100 Y0.200
G1 X-13.100 Y2.554
G1 X-13.500 Y2.554
G1 X-13.500 Y0.200
G1 X-15.854 Y0.200
G1 X-15.854 Y0.000
G1 X-15.454 Y0.000
G1 X-15.060 Y0.000 Z2.700
G1 X-15.060 Y0.000
G1 X-15.460 Y0.000
G1 X-15.460 Y0.200
G1 X-13.500 Y0.200
G1 X-13.500 Y2.160
G1 X-13.100 Y2.160
G1 X-13.100 Y0.200
G1 X-11.140 Y0.200
G1 X-11.140 Y-0.200
G1 X-15.460 Y-0.200
G1 X-15.460 Y0.000
G1 X-15.860 Y0.000
G1 X-15.860 Y0.600
G1 X-13.900 Y0.600
G1 X-13.900 Y2.560
G1 X-12.700 Y2.560
G1 X-12.700 Y0.600
G1 X-10.740 Y0.600
G1 X-10.740 Y-0.600
G1 X-15.860 Y-0.600
G1 X-15.860 Y0.000
G1 X-16.260 Y0.000
G1 X-16.260 Y1.000
G1 X-14.300 Y1.000
G1 X-14.300 Y2.960
G1 X-12.300 Y2.960
G1 X-12.300 Y1.000
G1 X-10.340 Y1.000
G1 X-10.340 Y-1.000
G1 X-16.260 Y-1.000
G1 X-16.260 Y0.000
G1 X-16.660 Y0.000
G1 X-16.660 Y1.400
G1 X-14.700 Y1.400
G1 X-14.700 Y3.360
G1 X-11.900 Y3.360
G1 X-11.900 Y1.400
G1 X-9.940 Y1.400
G1 X-9.940 Y-1.400
G1 X-16.660 Y-1.400
G1 X-16.660 Y0.000
G1 X-17.060 Y0.000
G1 X-17.060 Y1.800
G1 X-15.100 Y1.800
G1 X-15.100 Y3.760
G1 X-11.500 Y3.760
G1 X-11.500 Y1.800
G1 X-9.540 Y1.800
G1 X-9.540 Y-1.800
G1 X-17.060 Y-1.800
G1 X-17.060 Y0.000
G1 X-17.460 Y0.000
G1 X-17.460 Y2.200
G1 X-15.500 Y2.200
G1 X-15.500 Y4.160
G1 X-11.100 Y4.160
G1 X-11.100 Y2.200
G1 X-9.140 Y2.200
G1 X-9.140 Y-2.200
G1 X-17.460 Y-2.200
G1 X-17.460 Y0.000
G1 X-17.860 Y0.000
G1 X-17.860 Y2.600
G1 X-15.900 Y2.600
G1 X-15.900 Y4.560
G1 X-10.700 Y4.560
G1 X-10.700 Y2.600
G1 X-8.740 Y2.600
G1 X-8.740 Y-2.600
G1 X-17.860 Y-2.600
G1 X-17.860 Y0.000
G1 X-18.260 Y0.000
G1 X-18.260 Y3.000
G1 X-16.300 Y3.000
G1 X-16.300 Y4.960
G1 X-10.300 Y4.960
G1 X-10.300 Y3.000
G1 X-8.340 Y3.000
G1 X-8.340 Y-3.000
G1 X-18.260 Y-3.000
G1 X-18.260 Y0.000
G1 X-18.660 Y0.000
G1 X-18.660 Y3.400
G1 X-16.700 Y3.400
G1 X-16.700 Y5.360
G1 X-9.900 Y5.360
G1 X-9.900 Y3.400
G1 X-7.940 Y3.400
G1 X-7.940 Y-3.400
G1 X-18.660 Y-3.400
G1 X-18.660 Y0.000
G1 X-19.060 Y0.000
G1 X-19.060 Y3.800
G1 X-17.100 Y3.800
G1 X-17.100 Y5.760
G1 X-9.500 Y5.760
G1 X-9.500 Y3.800
G1 X-7.540 Y3.800
G1 X-7.540 Y-3.800
G1 X-19.060 Y-3.800
G1 X-19.060 Y0.000
G1 X-19.460 Y0.000
G1 X-19.460 Y4.200
G1 X-17.500 Y4.200
G1 X-17.500 Y6.160
G1 X-9.100 Y6.160
G1 X-9.100 Y4.200
G1 X-7.140 Y4.200
G1 X-7.140 Y-4.200
G1 X-19.460 Y-4.200
G1 X-19.460 Y0.000
G1 X-19.860 Y0.000
G1 X-19.860 Y4.600
G1 X-17.900 Y4.600
G1 X-17.900 Y6.560
G1 X-8.700 Y6.560
G1 X-8.700 Y4.600
G1 X-6.740 Y4.600
G1 X-6.740 Y-4.600
G1 X-19.860 Y-4.600
G1 X-19.860 Y0.000
G1 X-20.260 Y0.000
G1 X-20.260 Y5.000
G1 X-18.300 Y5.000
G1 X-18.300 Y6.960
G1 X-8.300 Y6.960
G1 X-8.300 Y5.000
G1 X-6.340 Y5.000
G1 X-6.340 Y-5.000
G1 X-20.260 Y-5.000
G1 X-20.260 Y0.000
G1 X-20.660 Y0.000
G1 X-20.660 Y5.400
G1 X-18.700 Y5.400
G1 X-18.700 Y7.360
G1 X-7.900 Y7.360
G1 X-7.900 Y5.400
G1 X-5.940 Y5.400
G1 X-5.940 Y-5.400
G1 X-20.660 Y-5.400
G1 X-20.660 Y0.000
G1 X-21.060 Y0.000
G1 X-21.060 Y5.800
G1 X-19.100 Y5.800
G1 X-19.100 Y7.760
G1 X-7.500 Y7.760
G1 X-7.500 Y5.800
G1 X-5.540 Y5.800
G1 X-5.540 Y-5.800
G1 X-21.060 Y-5.800
G1 X-21.060 Y0.000
G1 X-21.460 Y0.000
G1 X-21.460 Y6.200
G1 X-19.500 Y6.200
G1 X-19.500 Y8.160
G1 X-7.100 Y8.160
G1 X-7.100 Y6.200
G1 X-5.140 Y6.200
G1 X-5.140 Y-6.200
G1 X-21.460 Y-6.200
G1 X-21.460 Y0.000
G1 X-21.860 Y0.000
G1 X-21.860 Y6.600
G1 X-19.900 Y6.600
G1 X-19.900 Y8.560
G1 X-6.700 Y8.560
G1 X-6.700 Y6.600
G1 X-4.740 Y6.600
G1 X-4.740 Y-6.600
G1 X-21.860 Y-6.600
G1 X-21.860 Y0.000
G1 X-22.260 Y0.000
G1 X-22.260 Y7.000
G1 X-20.300 Y7.000
G1 X-20.300 Y8.960
G1 X-6.300 Y8.960
G1 X-6.300 Y7.000
G1 X-4.340 Y7.000
G1 X-4.340 Y-7.000
G1 X-22.260 Y-7.000
G1 X-22.260 Y0.000
G1 X-22.660 Y0.000
G1 X-22.660 Y7.400
G1 X-20.700 Y7.400
G1 X-20.700 Y9.360
G1 X-5.900 Y9.360
G1 X-5.900 Y7.400
G1 X-3.940 Y7.400
G1 X-3.940 Y-7.400
G1 X-22.660 Y-7.400
G1 X-22.660 Y0.000
G1 X-23.060 Y0.000
G1 X-23.060 Y7.800
G1 X-21.100 Y7.800
G1 X-21.100 Y9.760
G1 X-5.500 Y9.760
G1 X-5.500 Y7.800
G1 X-3.540 Y7.800
G1 X-3.540 Y-7.800
G1 X-23.060 Y-7.800
G1 X-23.060 Y0.000 Z2.700
M9
G1 Z10.000
G1 X-14.100 Y0.800
G1 Z3.100
M7
G4 P150
G1 X-14.100 Y0.800 Z3.100
G1 X-14.100 Y9.459
G1 X-21.100 Y9.459
G1 X-21.100 Y7.800
G1 X-22.759 Y7.800
G1 X-22.759 Y0.800
G1 X-14.100 Y0.800
G1 X-14.500 Y1.200
G1 X-14.500 Y9.059
G1 X-20.700 Y9.059
G1 X-20.700 Y7.400
G1 X-22.359 Y7.400
G1 X-22.359 Y1.200
G1 X-14.500 Y1.200
G1 X-14.900 Y1.600
G1 X-14.900 Y8.659
G1 X-20.300 Y8.659
G1 X-20.300 Y7.000
G1 X-21.959 Y7.000
G1 X-21.959 Y1.600
G1 X-14.900 Y1.600
G1 X-15.300 Y2.000
G1 X-15.300 Y8.259
G1 X-19.900 Y8.259
G1 X-19.900 Y6.600
G1 X-21.559 Y6.600
G1 X-21.559 Y2.000
G1 X-15.300 Y2.000
G1 X-15.700 Y2.400
G1 X-15.700 Y7.859
G1 X-19.500 Y7.859
G1 X-19.500 Y6.200
G1 X-21.159 Y6.200
G1 X-21.159 Y2.400
G1 X-15.700 Y2.400
G1 X-16.100 Y2.800
G1 X-16.100 Y7.459
G1 X-19.100 Y7.459
G1 X-19.100 Y5.800
G1 X-20.759 Y5.800
G1 X-20.759 Y2.800
G1 X-16.100 Y2.800
G1 X-16.500 Y3.200
G1 X-16.500 Y7.059
G1 X-18.700 Y7.059
G1 X-18.700 Y5.400
G1 X-20.359 Y5.400
G1 X-20.359 Y3.200
G1 X-16.500 Y3.200
G1 X-16.900 Y3.600
G1 X-16.900 Y6.659
G1 X-18.300 Y6.659
G1 X-18.300 Y5.000
G1 X-19.959 Y5.000
G1 X-19.959 Y3.600
G1 X-16.900 Y3.600
G1 X-17.300 Y4.000
G1 X-17.300 Y6.259
G1 X-17.900 Y6.259
G1 X-17.900 Y4.600
G1 X-19.559 Y4.600
G1 X-19.559 Y4.000
G1 X-17.300 Y4.000
G1 X-17.700 Y4.400
G1 X-17.700 Y4.400 Z3.500
G1 X-17.700 Y4.400
G1 X-17.300 Y4.000
G1 X-19.328 Y4.000
G1 X-19.328 Y4.600
G1 X-17.900 Y4.600
G1 X-17.900 Y6.028
G1 X-17.300 Y6.028
G1 X-17.300 Y4.000
G1 X-16.900 Y3.600
G1 X-19.728 Y3.600
G1 X-19.728 Y5.000
G1 X-18.300 Y5.000
G1 X-18.300 Y6.428
G1 X-16.900 Y6.428
G1 X-16.900 Y3.600
G1 X-16.500 Y3.200
G1 X-20.128 Y3.200
G1 X-20.128 Y5.400
G1 X-18.700 Y5.400
G1 X-18.700 Y6.828
G1 X-16.500 Y6.828
G1 X-16.500 Y3.200
G1 X-16.100 Y2.800
G1 X-20.528 Y2.800
G1 X-20.528 Y5.800
G1 X-19.100 Y5.800
G1 X-19.100 Y7.228
G1 X-16.100 Y7.228
G1 X-16.100 Y2.800
G1 X-15.700 Y2.400
G1 X-20.928 Y2.400
G1 X-20.928 Y6.200
G1 X-19.500 Y6.200
G1 X-19.500 Y7.628
G1 X-15.700 Y7.628
G1 X-15.700 Y2.400
G1 X-15.300 Y2.000
G1 X-21.328 Y2.000
G1 X-21.328 Y6.600
G1 X-19.900 Y6.600
G1 X-19.900 Y8.028
G1 X-15.300 Y8.028
G1 X-15.300 Y2.000
G1 X-14.900 Y1.600
G1 X-21.728 Y1.600
G1 X-21.728 Y7.000
G1 X-20.300 Y7.000
G1 X-20.300 Y8.428
G1 X-14.900 Y8.428
G1 X-14.900 Y1.600
G1 X-14.500 Y1.200
G1 X-22.128 Y1.200
G1 X-22.128 Y7.400
G1 X-20.700 Y7.400
G1 X-20.700 Y8.828
G1 X-14.500 Y8.828
G1 X-14.500 Y1.200
G1 X-14.100 Y0.800
G1 X-22.528 Y0.800
G1 X-22.528 Y7.800
G1 X-21.100 Y7.800
G1 X-21.100 Y9.228
G1 X-14.100 Y9.228
G1 X-14.100 Y0.800 Z3.500
G1 X-14.100 Y0.800 Z3.900
G1 X-14.100 Y9.053
G1 X-21.100 Y9.053
G1 X-21.100 Y7.800
G1 X-22.353 Y7.800
G1 X-22.353 Y0.800
G1 X-14.100 Y0.800
G1 X-14.500 Y1.200
G1 X-14.500 Y8.653
G1 X-20.700 Y8.653
G1 X-20.700 Y7.400
G1 X-21.953 Y7.400
G1 X-21.953 Y1.200
G1 X-14.500 Y1.200
G1 X-14.900 Y1.600
G1 X-14.900 Y8.253
G1 X-20.300 Y8.253
G1 X-20.300 Y7.000
G1 X-21.553 Y7.000
G1 X-21.553 Y1.600
G1 X-14.900 Y1.600
G1 X-15.300 Y2.000
G1 X-15.300 Y7.853
G1 X-19.900 Y7.853
G1 X-19.900 Y6.600
G1 X-21.153 Y6.600
G1 X-21.153 Y2.000
G1 X-15.300 Y2.000
G1 X-15.700 Y2.400
G1 X-15.700 Y7.453
G1 X-19.500 Y7.453
G1 X-19.500 Y6.200
G1 X-20.753 Y6.200
G1 X-20.753 Y2.400
G1 X-15.700 Y2.400
G1 X-16.100 Y2.800
G1 X-16.100 Y7.053
G1 X-19.100 Y7.053
G1 X-19.100 Y5.800
G1 X-20.353 Y5.800
G1 X-20.353 Y2.800
G1 X-16.100 Y2.800
G1 X-16.500 Y3.200
G1 X-16.500 Y6.653
G1 X-18.700 Y6.653
G1 X-18.700 Y5.400
G1 X-19.953 Y5.400
G1 X-19.953 Y3.200
G1 X-16.500 Y3.200
G1 X-16.900 Y3.600
G1 X-16.900 Y6.253
G1 X-18.300 Y6.253
G1 X-18.300 Y5.000
G1 X-19.553 Y5.000
G1 X-19.553 Y3.600
G1 X-16.900 Y3.600
G1 X-17.300 Y4.000
G1 X-17.300 Y5.853
G1 X-17.900 Y5.853
G1 X-17.900 Y4.600
G1 X-19.153 Y4.600
G1 X-19.153 Y4.000
G1 X-17.300 Y4.000
G1 X-17.700 Y4.400
M9
G1 Z10.000
G1 X-12.500 Y0.800
G1 Z3.100
M7
G4 P150
G1 X-12.500 Y0.800 Z3.100
G1 X-3.841 Y0.800
G1 X-3.841 Y7.800
G1 X-5.500 Y7.800
G1 X-5.500 Y9.459
G1 X-12.500 Y9.459
G1 X-12.500 Y0.800
G1 X-12.100 Y1.200
G1 X-4.241 Y1.200
G1 X-4.241 Y7.400
G1 X-5.900 Y7.400
G1 X-5.900 Y9.059
G1 X-12.100 Y9.059
G1 X-12.100 Y1.200
G1 X-11.700 Y1.600
G1 X-4.641 Y1.600
G1 X-4.641 Y7.000
G1 X-6.300 Y7.000
G1 X-6.300 Y8.659
G1 X-11.700 Y8.659
G1 X-11.700 Y1.600
G1 X-11.300 Y2.000
G1 X-5.041 Y2.000
G1 X-5.041 Y6.600
G1 X-6.700 Y6.600
G1 X-6.700 Y8.259
G1 X-11.300 Y8.259
G1 X-11.300 Y2.000
G1 X-10.900 Y2.400
G1 X-5.441 Y2.400
G1 X-5.441 Y6.200
G1 X-7.100 Y6.200
G1 X-7.100 Y7.859
G1 X-10.900 Y7.859
G1 X-10.900 Y2.400
G1 X-10.500 Y2.800
G1 X-5.841 Y2.800
G1 X-5.841 Y5.800
G1 X-7.500 Y5.800
G1 X-7.500 Y7.459
G1 X-10.500 Y7.459
G1 X-10.500 Y2.800
G1 X-10.100 Y3.200
G1 X-6.241 Y3.200
G1 X-6.241 Y5.400
G1 X-7.900 Y5.400
G1 X-7.900 Y7.059
G1 X-10.100 Y7.059
G1 X-10.100 Y3.200
G1 X-9.700 Y3.600
G1 X-6.641 Y3.600
G1 X-6.641 Y5.000
G1 X-8.300 Y5.000
G1 X-8.300 Y6.659
G1 X-9.700 Y6.659
G1 X-9.700 Y3.600
G1 X-9.300 Y4.000
G1 X-7.041 Y4.000
G1 X-7.041 Y4.600
G1 X-8.700 Y4.600
G1 X-8.700 Y6.259
G1 X-9.300 Y6.259
G1 X-9.300 Y4.000
G1 X-8.900 Y4.400
G1 X-8.900 Y4.400 Z3.500
G1 X-8.900 Y4.400
G1 X-9.300 Y4.000
G1 X-9.300 Y6.028
G1 X-8.700 Y6.028
G1 X-8.700 Y4.600
G1 X-7.272 Y4.600
G1 X-7.272 Y4.000
G1 X-9.300 Y4.000
G1 X-9.700 Y3.600
G1 X-9.700 Y6.428
G1 X-8.300 Y6.428
G1 X-8.300 Y5.000
G1 X-6.872 Y5.000
G1 X-6.872 Y3.600
G1 X-9.700 Y3.600
G1 X-10.100 Y3.200
G1 X-10.100 Y6.828
G1 X-7.900 Y6.828
G1 X-7.900 Y5.400
G1 X-6.472 Y5.400
G1 X-6.472 Y3.200
G1 X-10.100 Y3.200
G1 X-10.500 Y2.800
G1 X-10.500 Y7.228
G1 X-7.500 Y7.228
G1 X-7.500 Y5.800
G1 X-6.072 Y5.800
G1 X-6.072 Y2.800
G1 X-10.500 Y2.800
G1 X-10.900 Y2.400
G1 X-10.900 Y7.628
G1 X-7.100 Y7.628
G1 X-7.100 Y6.200
G1 X-5.672 Y6.200
G1 X-5.672 Y2.400
G1 X-10.900 Y2.400
G1 X-11.300 Y2.000
G1 X-11.300 Y8.028
G1 X-6.700 Y8.028
G1 X-6.700 Y6.600
G1 X-5.272 Y6.600
G1 X-5.272 Y2.000
G1 X-11.300 Y2.000
G1 X-11.700 Y1.600
G1 X-11.700 Y8.428
G1 X-6.300 Y8.428
G1 X-6.300 Y7.000
G1 X-4.872 Y7.000
G1 X-4.872 Y1.600
G1 X-11.700 Y1.600
G1 X-12.100 Y1.200
G1 X-12.100 Y8.828
G1 X-5.900 Y8.828
G1 X-5.900 Y7.400
G1 X-4.472 Y7.400
G1 X-4.472 Y1.200
G1 X-12.100 Y1.200
G1 X-12.500 Y0.800
G1 X-12.500 Y9.228
G1 X-5.500 Y9.228
G1 X-5.500 Y7.800
G1 X-4.072 Y7.800
G1 X-4.072 Y0.800
G1 X-12.500 Y0.800 Z3.500
G1 X-12.500 Y0.800 Z3.900
G1 X-4.247 Y0.800
G1 X-4.247 Y7.800
G1 X-5.500 Y7.800
G1 X-5.500 Y9.053
G1 X-12.500 Y9.053
G1 X-12.500 Y0.800
G1 X-12.100 Y1.200
G1 X-4.647 Y1.200
G1 X-4.647 Y7.400
G1 X-5.900 Y7.400
G1 X-5.900 Y8.653
G1 X-12.100 Y8.653
G1 X-12.100 Y1.200
G1 X-11.700 Y1.600
G1 X-5.047 Y1.600
G1 X-5.047 Y7.000
G1 X-6.300 Y7.000
G1 X-6.300 Y8.253
G1 X-11.700 Y8.253
G1 X-11.700 Y1.600
G1 X-11.300 Y2.000
G1 X-5.447 Y2.000
G1 X-5.447 Y6.600
G1 X-6.700 Y6.600
G1 X-6.700 Y7.853
G1 X-11.300 Y7.853
G1 X-11.300 Y2.000
G1 X-10.900 Y2.400
G1 X-5.847 Y2.400
G1 X-5.847 Y6.200
G1 X-7.100 Y6.200
G1 X-7.100 Y7.453
G1 X-10.900 Y7.453
G1 X-10.900 Y2.400
G1 X-10.500 Y2.800
G1 X-6.247 Y2.800
G1 X-6.247 Y5.800
G1 X-7.500 Y5.800
G1 X-7.500 Y7.053
G1 X-10.500 Y7.053
G1 X-10.500 Y2.800
G1 X-10.100 Y3.200
G1 X-6.647 Y3.200
G1 X-6.647 Y5.400
G1 X-7.900 Y5.400
G1 X-7.900 Y6.653
G1 X-10.100 Y6.653
G1 X-10.100 Y3.200
G1 X-9.700 Y3.600
G1 X-7.047 Y3.600
G1 X-7.047 Y5.000
G1 X-8.300 Y5.000
G1 X-8.300 Y6.253
G1 X-9.700 Y6.253
G1 X-9.700 Y3.600
G1 X-9.300 Y4.000
G1 X-7.447 Y4.000
G1 X-7.447 Y4.600
G1 X-8.700 Y4.600
G1 X-8.700 Y5.853
G1 X-9.300 Y5.853
G1 X-9.300 Y4.000
G1 X-8.900 Y4.400
M9
G1 Z10.000
G1 X-13.300 Y-0.800
G1 Z3.100
M7
G4 P150
G1 X-13.300 Y-0.800 Z3.100
G1 X-22.759 Y-0.800
G1 X-22.759 Y-7.800
G1 X-3.841 Y-7.800
G1 X-3.841 Y-0.800
G1 X-13.300 Y-0.800
G1 X-13.300 Y-1.200
G1 X-22.359 Y-1.200
G1 X-22.359 Y-7.400
G1 X-4.241 Y-7.400
G1 X-4.241 Y-1.200
G1 X-13.300 Y-1.200
G1 X-13.300 Y-1.600
G1 X-21.959 Y-1.600
G1 X-21.959 Y-7.000
G1 X-4.641 Y-7.000
G1 X-4.641 Y-1.600
G1 X-13.300 Y-1.600
G1 X-13.300 Y-2.000
G1 X-21.559 Y-2.000
G1 X-21.559 Y-6.600
G1 X-5.041 Y-6.600
G1 X-5.041 Y-2.000
G1 X-13.300 Y-2.000
G1 X-13.300 Y-2.400
G1 X-21.159 Y-2.400
G1 X-21.159 Y-6.200
G1 X-5.441 Y-6.200
G1 X-5.441 Y-2.400
G1 X-13.300 Y-2.400
G1 X-13.300 Y-2.800
G1 X-20.759 Y-2.800
G1 X-20.759 Y-5.800
G1 X-5.841 Y-5.800
G1 X-5.841 Y-2.800
G1 X-13.300 Y-2.800
G1 X-13.300 Y-3.200
G1 X-20.359 Y-3.200
G1 X-20.359 Y-5.400
G1 X-6.241 Y-5.400
G1 X-6.241 Y-3.200
G1 X-13.300 Y-3.200
G1 X-13.300 Y-3.600
G1 X-19.959 Y-3.600
G1 X-19.959 Y-5.000
G1 X-6.641 Y-5.000
G1 X-6.641 Y-3.600
G1 X-13.300 Y-3.600
G1 X-13.300 Y-4.000
G1 X-19.559 Y-4.000
G1 X-19.559 Y-4.600
G1 X-7.041 Y-4.600
G1 X-7.041 Y-4.000
G1 X-13.300 Y-4.000
G1 X-13.300 Y-4.400
G1 X-13.300 Y-4.400 Z3.500
G1 X-13.300 Y-4.400
G1 X-13.300 Y-4.000
G1 X-7.272 Y-4.000
G1 X-7.272 Y-4.600
G1 X-19.328 Y-4.600
G1 X-19.328 Y-4.000
G1 X-13.300 Y-4.000
G1 X-13.300 Y-3.600
G1 X-6.872 Y-3.600
G1 X-6.872 Y-5.000
G1 X-19.728 Y-5.000
G1 X-19.728 Y-3.600
G1 X-13.300 Y-3.600
G1 X-13.300 Y-3.200
G1 X-6.472 Y-3.200
G1 X-6.472 Y-5.400
G1 X-20.128 Y-5.400
G1 X-20.128 Y-3.200
G1 X-13.300 Y-3.200
G1 X-13.300 Y-2.800
G1 X-6.072 Y-2.800
G1 X-6.072 Y-5.800
G1 X-20.528 Y-5.800
G1 X-20.528 Y-2.800
G1 X-13.300 Y-2.800
G1 X-13.300 Y-2.400
G1 X-5.672 Y-2.400
G1 X-5.672 Y-6.200
G1 X-20.928 Y-6.200
G1 X-20.928 Y-2.400
G1 X-13.300 Y-2.400
G1 X-13.300 Y-2.000
G1 X-5.272 Y-2.000
G1 X-5.272 Y-6.600
G1 X-21.328 Y-6.600
G1 X-21.328 Y-2.000
G1 X-13.300 Y-2.000
G1 X-13.300 Y-1.600
G1 X-4.872 Y-1.600
G1 X-4.872 Y-7.000
G1 X-21.728 Y-7.000
G1 X-21.728 Y-1.600
G1 X-13.300 Y-1.600
G1 X-13.300 Y-1.200
G1 X-4.472 Y-1.200
G1 X-4.472 Y-7.400
G1 X-22.128 Y-7.400
G1 X-22.128 Y-1.200
G1 X-13.300 Y-1.200
G1 X-13.300 Y-0.800
G1 X-4.072 Y-0.800
G1 X-4.072 Y-7.800
G1 X-22.528 Y-7.800
G1 X-22.528 Y-0.800
G1 X-13.300 Y-0.800 Z3.500
G1 X-13.300 Y-0.800 Z3.900
G1 X-22.353 Y-0.800
G1 X-22.353 Y-7.800
G1 X-4.247 Y-7.800
G1 X-4.247 Y-0.800
G1 X-13.300 Y-0.800
G1 X-13.300 Y-1.200
G1 X-21.953 Y-1.200
G1 X-21.953 Y-7.400
G1 X-4.647 Y-7.400
G1 X-4.647 Y-1.200
G1 X-13.300 Y-1.200
G1 X-13.300 Y-1.600
G1 X-21.553 Y-1.600
G1 X-21.553 Y-7.000
G1 X-5.047 Y-7.000
G1 X-5.047 Y-1.600
G1 X-13.300 Y-1.600
G1 X-13.300 Y-2.000
G1 X-21.153 Y-2.000
G1 X-21.153 Y-6.600
G1 X-5.447 Y-6.600
G1 X-5.447 Y-2.000
G1 X-13.300 Y-2.000
G1 X-13.300 Y-2.400
G1 X-20.753 Y-2.400
G1 X-20.753 Y-6.200
G1 X-5.847 Y-6.200
G1 X-5.847 Y-2.400
G1 X-13.300 Y-2.400
G1 X-13.300 Y-2.800
G1 X-20.353 Y-2.800
G1 X-20.353 Y-5.800
G1 X-6.247 Y-5.800
G1 X-6.247 Y-2.800
G1 X-13.300 Y-2.800
G1 X-13.300 Y-3.200
G1 X-19.953 Y-3.200
G1 X-19.953 Y-5.400
G1 X-6.647 Y-5.400
G1 X-6.647 Y-3.200
G1 X-13.300 Y-3.200
G1 X-13.300 Y-3.600
G1 X-19.553 Y-3.600
G1 X-19.553 Y-5.000
G1 X-7.047 Y-5.000
G1 X-7.047 Y-3.600
G1 X-13.300 Y-3.600
G1 X-13.300 Y-4.000
G1 X-19.153 Y-4.000
G1 X-19.153 Y-4.600
G1 X-7.447 Y-4.600
G1 X-7.447 Y-4.000
G1 X-13.300 Y-4.000
G1 X-13.300 Y-4.400
M9
G1 Z10.000
G1 X26.100 Y0.000
G1 Z1.500
M7
G4 P150
G1 X24.851 Y0.000 Z1.500
G1 X24.851 Y7.800
G1 X1.749 Y7.800
G1 X1.749 Y-7.800
G1 X5.500 Y-7.800
G1 X5.500 Y-11.551
G1 X21.100 Y-11.551
G1 X21.100 Y-7.800
G1 X24.851 Y-7.800
G1 X24.851 Y0.000
G1 X24.451 Y0.000
G1 X24.451 Y7.400
G1 X2.149 Y7.400
G1 X2.149 Y-7.400
G1 X5.900 Y-7.400
G1 X5.900 Y-11.151
G1 X20.700 Y-11.151
G1 X20.700 Y-7.400
G1 X24.451 Y-7.400
G1 X24.451 Y0.000
G1 X24.051 Y0.000
G1 X24.051 Y7.000
G1 X2.549 Y7.000
G1 X2.549 Y-7.000
G1 X6.300 Y-7.000
G1 X6.300 Y-10.751
G1 X20.300 Y-10.751
G1 X20.300 Y-7.000
G1 X24.051 Y-7.000
G1 X24.051 Y0.000
G1 X23.651 Y0.000
G1 X23.651 Y6.600
G1 X2.949 Y6.600
G1 X2.949 Y-6.600
G1 X6.700 Y-6.600
G1 X6.700 Y-10.351
G1 X19.900 Y-10.351
G1 X19.900 Y-6.600
G1 X23.651 Y-6.600
G1 X23.651 Y0.000
G1 X23.251 Y0.000
G1 X23.251 Y6.200
G1 X3.349 Y6.200
G1 X3.349 Y-6.200
G1 X7.100 Y-6.200
G1 X7.100 Y-9.951
G1 X19.500 Y-9.951
G1 X19.500 Y-6.200
G1 X23.251 Y-6.200
G1 X23.251 Y0.000
G1 X22.851 Y0.000
G1 X22.851 Y5.800
G1 X3.749 Y5.800
G1 X3.749 Y-5.800
G1 X7.500 Y-5.800
G1 X7.500 Y-9.551
G1 X19.100 Y-9.551
G1 X19.100 Y-5.800
G1 X22.851 Y-5.800
G1 X22.851 Y0.000
G1 X22.451 Y0.000
G1 X22.451 Y5.400
G1 X4.149 Y5.400
G1 X4.149 Y-5.400
G1 X7.900 Y-5.400
G1 X7.900 Y-9.151
G1 X18.700 Y-9.151
G1 X18.700 Y-5.400
G1 X22.451 Y-5.400
G1 X22.451 Y0.000
G1 X22.051 Y0.000
G1 X22.051 Y5.000
G1 X4.549 Y5.000
G1 X4.549 Y-5.000
G1 X8.300 Y-5.000
G1 X8.300 Y-8.751
G1 X18.300 Y-8.751
G1 X18.300 Y-5.000
G1 X22.051 Y-5.000
G1 X22.051 Y0.000
G1 X21.651 Y0.000
G1 X21.651 Y4.600
G1 X4.949 Y4.600
G1 X4.949 Y-4.600
G1 X8.700 Y-4.600
G1 X8.700 Y-8.351
G1 X17.900 Y-8.351
G1 X17.900 Y-4.600
G1 X21.651 Y-4.600
G1 X21.651 Y0.000
G1 X21.251 Y0.000
G1 X21.251 Y4.200
G1 X5.349 Y4.200
G1 X5.349 Y-4.200
G1 X9.100 Y-4.200
G1 X9.100 Y-7.951
G1 X17.500 Y-7.951
G1 X17.500 Y-4.200
G1 X21.251 Y-4.200
G1 X21.251 Y0.000
G1 X20.851 Y0.000
G1 X20.851 Y3.800
G1 X5.749 Y3.800
G1 X5.749 Y-3.800
G1 X9.500 Y-3.800
G1 X9.500 Y-7.551
G1 X17.100 Y-7.551
G1 X17.100 Y-3.800
G1 X20.851 Y-3.800
G1 X20.851 Y0.000
G1 X20.451 Y0.000
G1 X20.451 Y3.400
G1 X6.149 Y3.400
G1 X6.149 Y-3.400
G1 X9.900 Y-3.400
G1 X9.900 Y-7.151
G1 X16.700 Y-7.151
G1 X16.700 Y-3.400
G1 X20.451 Y-3.400
G1 X20.451 Y0.000
G1 X20.051 Y0.000
G1 X20.051 Y3.000
G1 X6.549 Y3.000
G1 X6.549 Y-3.000
G1 X10.300 Y-3.000
G1 X10.300 Y-6.751
G1 X16.300 Y-6.751
G1 X16.300 Y-3.000
G1 X20.051 Y-3.000
G1 X20.051 Y0.000
G1 X19.651 Y0.000
G1 X19.651 Y2.600
G1 X6.949 Y2.600
G1 X6.949 Y-2.600
G1 X10.700 Y-2.600
G1 X10.700 Y-6.351
G1 X15.900 Y-6.351
G1 X15.900 Y-2.600
G1 X19.651 Y-2.600
G1 X19.651 Y0.000
G1 X19.251 Y0.000
G1 X19.251 Y2.200
G1 X7.349 Y2.200
G1 X7.349 Y-2.200
G1 X11.100 Y-2.200
G1 X11.100 Y-5.951
G1 X15.500 Y-5.951
G1 X15.500 Y-2.200
G1 X19.251 Y-2.200
G1 X19.251 Y0.000
G1 X18.851 Y0.000
G1 X18.851 Y1.800
G1 X7.749 Y1.800
G1 X7.749 Y-1.800
G1 X11.500 Y-1.800
G1 X11.500 Y-5.551
G1 X15.100 Y-5.551
G1 X15.100 Y-1.800
G1 X18.851 Y-1.800
G1 X18.851 Y0.000
G1 X18.451 Y0.000
G1 X18.451 Y1.400
G1 X8.149 Y1.400
G1 X8.149 Y-1.400
G1 X11.900 Y-1.400
G1 X11.900 Y-5.151
G1 X14.700 Y-5.151
G1 X14.700 Y-1.400
G1 X18.451 Y-1.400
G1 X18.451 Y0.000
G1 X18.051 Y0.000
G1 X18.051 Y1.000
G1 X8.549 Y1.000
G1 X8.549 Y-1.000
G1 X12.300 Y-1.000
G1 X12.300 Y-4.751
G1 X14.300 Y-4.751
G1 X14.300 Y-1.000
G1 X18.051 Y-1.000
G1 X18.051 Y0.000
G1 X17.651 Y0.000
G1 X17.651 Y0.600
G1 X8.949 Y0.600
G1 X8.949 Y-0.600
G1 X12.700 Y-0.600
G1 X12.700 Y-4.351
G1 X13.900 Y-4.351
G1 X13.900 Y-0.600
G1 X17.651 Y-0.600
G1 X17.651 Y0.000
G1 X17.251 Y0.000
G1 X17.251 Y0.200
G1 X9.349 Y0.200
G1 X9.349 Y-0.200
G1 X13.100 Y-0.200
G1 X13.100 Y-3.951
G1 X13.500 Y-3.951
G1 X13.500 Y-0.200
G1 X17.251 Y-0.200
G1 X17.251 Y-0.000
G1 X16.851 Y0.000
G1 X15.993 Y0.000 Z1.900
G1 X15.993 Y0.000
G1 X16.393 Y-0.000
G1 X16.393 Y-0.200
G1 X13.500 Y-0.200
G1 X13.500 Y-3.093
G1 X13.100 Y-3.093
G1 X13.100 Y-0.200
G1 X10.207 Y-0.200
G1 X10.207 Y0.200
G1 X16.393 Y0.200
G1 X16.393 Y0.000
G1 X16.793 Y0.000
G1 X16.793 Y-0.600
G1 X13.900 Y-0.600
G1 X13.900 Y-3.493
G1 X12.700 Y-3.493
G1 X12.700 Y-0.600
G1 X9.807 Y-0.600
G1 X9.807 Y0.600
G1 X16.793 Y0.600
G1 X16.793 Y0.000
G1 X17.193 Y0.000
G1 X17.193 Y-1.000
G1 X14.300 Y-1.000
G1 X14.300 Y-3.893
G1 X12.300 Y-3.893
G1 X12.300 Y-1.000
G1 X9.407 Y-1.000
G1 X9.407 Y1.000
G1 X17.193 Y1.000
G1 X17.193 Y0.000
G1 X17.593 Y0.000
G1 X17.593 Y-1.400
G1 X14.700 Y-1.400
G1 X14.700 Y-4.293
G1 X11.900 Y-4.293
G1 X11.900 Y-1.400
G1 X9.007 Y-1.400
G1 X9.007 Y1.400
G1 X17.593 Y1.400
G1 X17.593 Y0.000
G1 X17.993 Y0.000
G1 X17.993 Y-1.800
G1 X15.100 Y-1.800
G1 X15.100 Y-4.693
G1 X11.500 Y-4.693
G1 X11.500 Y-1.800
G1 X8.607 Y-1.800
G1 X8.607 Y1.800
G1 X17.993 Y1.800
G1 X17.993 Y0.000
G1 X18.393 Y0.000
G1 X18.393 Y-2.200
G1 X15.500 Y-2.200
G1 X15.500 Y-5.093
G1 X11.100 Y-5.093
G1 X11.100 Y-2.200
G1 X8.207 Y-2.200
G1 X8.207 Y2.200
G1 X18.393 Y2.200
G1 X18.393 Y0.000
G1 X18.793 Y0.000
G1 X18.793 Y-2.600
G1 X15.900 Y-2.600
G1 X15.900 Y-5.493
G1 X10.700 Y-5.493
G1 X10.700 Y-2.600
G1 X7.807 Y-2.600
G1 X7.807 Y2.600
G1 X18.793 Y2.600
G1 X18.793 Y0.000
G1 X19.193 Y0.000
G1 X19.193 Y-3.000
G1 X16.300 Y-3.000
G1 X16.300 Y-5.893
G1 X10.300 Y-5.893
G1 X10.300 Y-3.000
G1 X7.407 Y-3.000
G1 X7.407 Y3.000
G1 X19.193 Y3.000
G1 X19.193 Y0.000
G1 X19.593 Y0.000
G1 X19.593 Y-3.400
G1 X16.700 Y-3.400
G1 X16.700 Y-6.293
G1 X9.900 Y-6.293
G1 X9.900 Y-3.400
G1 X7.007 Y-3.400
G1 X7.007 Y3.400
G1 X19.593 Y3.400
G1 X19.593 Y0.000
G1 X19.993 Y0.000
G1 X19.993 Y-3.800
G1 X17.100 Y-3.800
G1 X17.100 Y-6.693
G1 X9.500 Y-6.693
G1 X9.500 Y-3.800
G1 X6.607 Y-3.800
G1 X6.607 Y3.800
G1 X19.993 Y3.800
G1 X19.993 Y0.000
G1 X20.393 Y0.000
G1 X20.393 Y-4.200
G1 X17.500 Y-4.200
G1 X17.500 Y-7.093
G1 X9.100 Y-7.093
G1 X9.100 Y-4.200
G1 X6.207 Y-4.200
G1 X6.207 Y4.200
G1 X20.393 Y4.200
G1 X20.393 Y0.000
G1 X20.793 Y0.000
G1 X20.793 Y-4.600
G1 X17.900 Y-4.600
G1 X17.900 Y-7.493
G1 X8.700 Y-7.493
G1 X8.700 Y-4.600
G1 X5.807 Y-4.600
G1 X5.807 Y4.600
G1 X20.793 Y4.600
G1 X20.793 Y0.000
G1 X21.193 Y0.000
G1 X21.193 Y-5.000
G1 X18.300 Y-5.000
G1 X18.300 Y-7.893
G1 X8.300 Y-7.893
G1 X8.300 Y-5.000
G1 X5.407 Y-5.000
G1 X5.407 Y5.000
G1 X21.193 Y5.000
G1 X21.193 Y0.000
G1 X21.593 Y0.000
G1 X21.593 Y-5.400
G1 X18.700 Y-5.400
G1 X18.700 Y-8.293
G1 X7.900 Y-8.293
G1 X7.900 Y-5.400
G1 X5.007 Y-5.400
G1 X5.007 Y5.400
G1 X21.593 Y5.400
G1 X21.593 Y0.000
G1 X21.993 Y0.000
G1 X21.993 Y-5.800
G1 X19.100 Y-5.800
G1 X19.100 Y-8.693
G1 X7.500 Y-8.693
G1 X7.500 Y-5.800
G1 X4.607 Y-5.800
G1 X4.607 Y5.800
G1 X21.993 Y5.800
G1 X21.993 Y0.000
G1 X22.393 Y0.000
G1 X22.393 Y-6.200
G1 X19.500 Y-6.200
G1 X19.500 Y-9.093
G1 X7.100 Y-9.093
G1 X7.100 Y-6.200
G1 X4.207 Y-6.200
G1 X4.207 Y6.200
G1 X22.393 Y6.200
G1 X22.393 Y0.000
G1 X22.793 Y0.000
G1 X22.793 Y-6.600
G1 X19.900 Y-6.600
G1 X19.900 Y-9.493
G1 X6.700 Y-9.493
G1 X6.700 Y-6.600
G1 X3.807 Y-6.600
G1 X3.807 Y6.600
G1 X22.793 Y6.600
G1 X22.793 Y0.000
G1 X23.193 Y0.000
G1 X23.193 Y-7.000
G1 X20.300 Y-7.000
G1 X20.300 Y-9.893
G1 X6.300 Y-9.893
G1 X6.300 Y-7.000
G1 X3.407 Y-7.000
G1 X3.407 Y7.000
G1 X23.193 Y7.000
G1 X23.193 Y0.000
G1 X23.593 Y0.000
G1 X23.593 Y-7.400
G1 X20.700 Y-7.400
G1 X20.700 Y-10.293
G1 X5.900 Y-10.293
G1 X5.900 Y-7.400
G1 X3.007 Y-7.400
G1 X3.007 Y7.400
G1 X23.593 Y7.400
G1 X23.593 Y0.000
G1 X23.993 Y0.000
G1 X23.993 Y-7.800
G1 X21.100 Y-7.800
G1 X21.100 Y-10.693
G1 X5.500 Y-10.693
G1 X5.500 Y-7.800
G1 X2.607 Y-7.800
G1 X2.607 Y7.800
G1 X23.993 Y7.800
G1 X23.993 Y0.000 Z1.900
G1 X23.454 Y0.000 Z2.300
G1 X23.454 Y7.800
G1 X3.146 Y7.800
G1 X3.146 Y-7.800
G1 X5.500 Y-7.800
G1 X5.500 Y-10.154
G1 X21.100 Y-10.154
G1 X21.100 Y-7.800
G1 X23.454 Y-7.800
G1 X23.454 Y0.000
G1 X23.054 Y0.000
G1 X23.054 Y7.400
G1 X3.546 Y7.400
G1 X3.546 Y-7.400
G1 X5.900 Y-7.400
G1 X5.900 Y-9.754
G1 X20.700 Y-9.754
G1 X20.700 Y-7.400
G1 X23.054 Y-7.400
G1 X23.054 Y0.000
G1 X22.654 Y0.000
G1 X22.654 Y7.000
G1 X3.946 Y7.000
G1 X3.946 Y-7.000
G1 X6.300 Y-7.000
G1 X6.300 Y-9.354
G1 X20.300 Y-9.354
G1 X20.300 Y-7.000
G1 X22.654 Y-7.000
G1 X22.654 Y0.000
G1 X22.254 Y0.000
G1 X22.254 Y6.600
G1 X4.346 Y6.600
G1 X4.346 Y-6.600
G1 X6.700 Y-6.600
G1 X6.700 Y-8.954
G1 X19.900 Y-8.954
G1 X19.900 Y-6.600
G1 X22.254 Y-6.600
G1 X22.254 Y0.000
G1 X21.854 Y0.000
G1 X21.854 Y6.200
G1 X4.746 Y6.200
G1 X4.746 Y-6.200
G1 X7.100 Y-6.200
G1 X7.100 Y-8.554
G1 X19.500 Y-8.554
G1 X19.500 Y-6.200
G1 X21.854 Y-6.200
G1 X21.854 Y0.000
G1 X21.454 Y0.000
G1 X21.454 Y5.800
G1 X5.146 Y5.800
G1 X5.146 Y-5.800
G1 X7.500 Y-5.800
G1 X7.500 Y-8.154
G1 X19.100 Y-8.154
G1 X19.100 Y-5.800
G1 X21.454 Y-5.800
G1 X21.454 Y0.000
G1 X21.054 Y0.000
G1 X21.054 Y5.400
G1 X5.546 Y5.400
G1 X5.546 Y-5.400
G1 X7.900 Y-5.400
G1 X7.900 Y-7.754
G1 X18.700 Y-7.754
G1 X18.700 Y-5.400
G1 X21.054 Y-5.400
G1 X21.054 Y0.000
G1 X20.654 Y0.000
G1 X20.654 Y5.000
G1 X5.946 Y5.000
G1 X5.946 Y-5.000
G1 X8.300 Y-5.000
G1 X8.300 Y-7.354
G1 X18.300 Y-7.354
G1 X18.300 Y-5.000
G1 X20.654 Y-5.000
G1 X20.654 Y0.000
G1 X20.254 Y0.000
G1 X20.254 Y4.600
G1 X6.346 Y4.600
G1 X6.346 Y-4.600
G1 X8.700 Y-4.600
G1 X8.700 Y-6.954
G1 X17.900 Y-6.954
G1 X17.900 Y-4.600
G1 X20.254 Y-4.600
G1 X20.254 Y0.000
G1 X19.854 Y0.000
G1 X19.854 Y4.200
G1 X6.746 Y4.200
G1 X6.746 Y-4.200
G1 X9.100 Y-4.200
G1 X9.100 Y-6.554
G1 X17.500 Y-6.554
G1 X17.500 Y-4.200
G1 X19.854 Y-4.200
G1 X19.854 Y0.000
G1 X19.454 Y0.000
G1 X19.454 Y3.800
G1 X7.146 Y3.800
G1 X7.146 Y-3.800
G1 X9.500 Y-3.800
G1 X9.500 Y-6.154
G1 X17.100 Y-6.154
G1 X17.100 Y-3.800
G1 X19.454 Y-3.800
G1 X19.454 Y0.000
G1 X19.054 Y0.000
G1 X19.054 Y3.400
G1 X7.546 Y3.400
G1 X7.546 Y-3.400
G1 X9.900 Y-3.400
G1 X9.900 Y-5.754
G1 X16.700 Y-5.754
G1 X16.700 Y-3.400
G1 X19.054 Y-3.400
G1 X19.054 Y0.000
G1 X18.654 Y0.000
G1 X18.654 Y3.000
G1 X7.946 Y3.000
G1 X7.946 Y-3.000
G1 X10.300 Y-3.000
G1 X10.300 Y-5.354
G1 X16.300 Y-5.354
G1 X16.300 Y-3.000
G1 X18.654 Y-3.000
G1 X18.654 Y0.000
G1 X18.254 Y0.000
G1 X18.254 Y2.600
G1 X8.346 Y2.600
G1 X8.346 Y-2.600
G1 X10.700 Y-2.600
G1 X10.700 Y-4.954
G1 X15.900 Y-4.954
G1 X15.900 Y-2.600
G1 X18.254 Y-2.600
G1 X18.254 Y0.000
G1 X17.854 Y0.000
G1 X17.854 Y2.200
G1 X8.746 Y2.200
G1 X8.746 Y-2.200
G1 X11.100 Y-2.200
G1 X11.100 Y-4.554
G1 X15.500 Y-4.554
G1 X15.500 Y-2.200
G1 X17.854 Y-2.200
G1 X17.854 Y0.000
G1 X17.454 Y0.000
G1 X17.454 Y1.800
G1 X9.146 Y1.800
G1 X9.146 Y-1.800
G1 X11.500 Y-1.800
G1 X11.500 Y-4.154
G1 X15.100 Y-4.154
G1 X15.100 Y-1.800
G1 X17.454 Y-1.800
G1 X17.454 Y0.000
G1 X17.054 Y0.000
G1 X17.054 Y1.400
G1 X9.546 Y1.400
G1 X9.546 Y-1.400
G1 X11.900 Y-1.400
G1 X11.900 Y-3.754
G1 X14.700 Y-3.754
G1 X14.700 Y-1.400
G1 X17.054 Y-1.400
G1 X17.054 Y0.000
G1 X16.654 Y0.000
G1 X16.654 Y1.000
G1 X9.946 Y1.000
G1 X9.946 Y-1.000
G1 X12.300 Y-1.000
G1 X12.300 Y-3.354
G1 X14.300 Y-3.354
G1 X14.300 Y-1.000
G1 X16.654 Y-1.000
G1 X16.654 Y0.000
G1 X16.254 Y0.000
G1 X16.254 Y0.600
G1 X10.346 Y0.600
G1 X10.346 Y-0.600
G1 X12.700 Y-0.600
G1 X12.700 Y-2.954
G1 X13.900 Y-2.954
G1 X13.900 Y-0.600
G1 X16.254 Y-0.600
G1 X16.254 Y0.000
G1 X15.854 Y0.000
G1 X15.854 Y0.200
G1 X10.746 Y0.200
G1 X10.746 Y-0.200
G1 X13.100 Y-0.200
G1 X13.100 Y-2.554
G1 X13.500 Y-2.554
G1 X13.500 Y-0.200
G1 X15.854 Y-0.200
G1 X15.854 Y-0.000
G1 X15.454 Y0.000
G1 X15.060 Y0.000 Z2.700
G1 X15.060 Y0.000
G1 X15.460 Y-0.000
G1 X15.460 Y-0.200
G1 X13.500 Y-0.200
G1 X13.500 Y-2.160
G1 X13.100 Y-2.160
G1 X13.100 Y-0.200
G1 X11.140 Y-0.200
G1 X11.140 Y0.200
G1 X15.460 Y0.200
G1 X15.460 Y0.000
G1 X15.860 Y0.000
G1 X15.860 Y-0.600
G1 X13.900 Y-0.600
G1 X13.900 Y-2.560
G1 X12.700 Y-2.560
G1 X12.700 Y-0.600
G1 X10.740 Y-0.600
G1 X10.740 Y0.600
G1 X15.860 Y0.600
G1 X15.860 Y0.000
G1 X16.260 Y0.000
G1 X16.260 Y-1.000
G1 X14.300 Y-1.000
G1 X14.300 Y-2.960
G1 X12.300 Y-2.960
G1 X12.300 Y-1.000
G1 X10.340 Y-1.000
G1 X10.340 Y1.000
G1 X16.260 Y1.000
G1 X16.260 Y0.000
G1 X16.660 Y0.000
G1 X16.660 Y-1.400
G1 X14.700 Y-1.400
G1 X14.700 Y-3.360
G1 X11.900 Y-3.360
G1 X11.900 Y-1.400
G1 X9.940 Y-1.400
G1 X9.940 Y1.400
G1 X16.660 Y1.400
G1 X16.660 Y0.000
G1 X17.060 Y0.000
G1 X17.060 Y-1.800
G1 X15.100 Y-1.800
G1 X15.100 Y-3.760
G1 X11.500 Y-3.760
G1 X11.500 Y-1.800
G1 X9.540 Y-1.800
G1 X9.540 Y1.800
G1 X17.060 Y1.800
G1 X17.060 Y0.000
G1 X17.460 Y0.000
G1 X17.460 Y-2.200
G1 X15.500 Y-2.200
G1 X15.500 Y-4.160
G1 X11.100 Y-4.160
G1 X11.100 Y-2.200
G1 X9.140 Y-2.200
G1 X9.140 Y2.200
G1 X17.460 Y2.200
G1 X17.460 Y0.000
G1 X17.860 Y0.000
G1 X17.860 Y-2.600
G1 X15.900 Y-2.600
G1 X15.900 Y-4.560
G1 X10.700 Y-4.560
G1 X10.700 Y-2.600
G1 X8.740 Y-2.600
G1 X8.740 Y2.600
G1 X17.860 Y2.600
G1 X17.860 Y0.000
G1 X18.260 Y0.000
G1 X18.260 Y-3.000
G1 X16.300 Y-3.000
G1 X16.300 Y-4.960
G1 X10.300 Y-4.960
G1 X10.300 Y-3.000
G1 X8.340 Y-3.000
G1 X8.340 Y3.000
G1 X18.260 Y3.000
G1 X18.260 Y0.000
G1 X18.660 Y0.000
G1 X18.660 Y-3.400
G1 X16.700 Y-3.400
G1 X16.700 Y-5.360
G1 X9.900 Y-5.360
G1 X9.900 Y-3.400
G1 X7.940 Y-3.400
G1 X7.940 Y3.400
G1 X18.660 Y3.400
G1 X18.660 Y0.000
G1 X19.060 Y0.000
G1 X19.060 Y-3.800
G1 X17.100 Y-3.800
G1 X17.100 Y-5.760
G1 X9.500 Y-5.760
G1 X9.500 Y-3.800
G1 X7.540 Y-3.800
G1 X7.540 Y3.800
G1 X19.060 Y3.800
G1 X19.060 Y0.000
G1 X19.460 Y0.000
G1 X19.460 Y-4.200
G1 X17.500 Y-4.200
G1 X17.500 Y-6.160
G1 X9.100 Y-6.160
G1 X9.100 Y-4.200
G1 X7.140 Y-4.200
G1 X7.140 Y4.200
G1 X19.460 Y4.200
G1 X19.460 Y0.000
G1 X19.860 Y0.000
G1 X19.860 Y-4.600
G1 X17.900 Y-4.600
G1 X17.900 Y-6.560
G1 X8.700 Y-6.560
G1 X8.700 Y-4.600
G1 X6.740 Y-4.600
G1 X6.740 Y4.600
G1 X19.860 Y4.600
G1 X19.860 Y0.000
G1 X20.260 Y0.000
G1 X20.260 Y-5.000
G1 X18.300 Y-5.000
G1 X18.300 Y-6.960
G1 X8.300 Y-6.960
G1 X8.300 Y-5.000
G1 X6.340 Y-5.000
G1 X6.340 Y5.000
G1 X20.260 Y5.000
G1 X20.260 Y0.000
G1 X20.660 Y0.000
G1 X20.660 Y-5.400
G1 X18.700 Y-5.400
G1 X18.700 Y-7.360
G1 X7.900 Y-7.360
G1 X7.900 Y-5.400
G1 X5.940 Y-5.400
G1 X5.940 Y5.400
G1 X20.660 Y5.400
G1 X20.660 Y0.000
G1 X21.060 Y0.000
G1 X21.060 Y-5.800
G1 X19.100 Y-5.800
G1 X19.100 Y-7.760
G1 X7.500 Y-7.760
G1 X7.500 Y-5.800
G1 X5.540 Y-5.800
G1 X5.540 Y5.800
G1 X21.060 Y5.800
G1 X21.060 Y0.000
G1 X21.460 Y0.000
G1 X21.460 Y-6.200
G1 X19.500 Y-6.200
G1 X19.500 Y-8.160
G1 X7.100 Y-8.160
G1 X7.100 Y-6.200
G1 X5.140 Y-6.200
G1 X5.140 Y6.200
G1 X21.460 Y6.200
G1 X21.460 Y0.000
G1 X21.860 Y0.000
G1 X21.860 Y-6.600
G1 X19.900 Y-6.600
G1 X19.900 Y-8.560
G1 X6.700 Y-8.560
G1 X6.700 Y-6.600
G1 X4.740 Y-6.600
G1 X4.740 Y6.600
G1 X21.860 Y6.600
G1 X21.860 Y0.000
G1 X22.260 Y0.000
G1 X22.260 Y-7.000
G1 X20.300 Y-7.000
G1 X20.300 Y-8.960
G1 X6.300 Y-8.960
G1 X6.300 Y-7.000
G1 X4.340 Y-7.000
G1 X4.340 Y7.000
G1 X22.260 Y7.000
G1 X22.260 Y0.000
G1 X22.660 Y0.000
G1 X22.660 Y-7.400
G1 X20.700 Y-7.400
G1 X20.700 Y-9.360
G1 X5.900 Y-9.360
G1 X5.900 Y-7.400
G1 X3.940 Y-7.400
G1 X3.940 Y7.400
G1 X22.660 Y7.400
G1 X22.660 Y0.000
G1 X23.060 Y0.000
G1 X23.060 Y-7.800
G1 X21.100 Y-7.800
G1 X21.100 Y-9.760
G1 X5.500 Y-9.760
G1 X5.500 Y-7.800
G1 X3.540 Y-7.800
G1 X3.540 Y7.800
G1 X23.060 Y7.800
G1 X23.060 Y0.000 Z2.700
M9
G1 Z10.000
G1 X14.100 Y-0.800
G1 Z3.100
M7
G4 P150
G1 X14.100 Y-0.800 Z3.100
G1 X14.100 Y-9.459
G1 X21.100 Y-9.459
G1 X21.100 Y-7.800
G1 X22.759 Y-7.800
G1 X22.759 Y-0.800
G1 X14.100 Y-0.800
G1 X14.500 Y-1.200
G1 X14.500 Y-9.059
G1 X20.700 Y-9.059
G1 X20.700 Y-7.400
G1 X22.359 Y-7.400
G1 X22.359 Y-1.200
G1 X14.500 Y-1.200
G1 X14.900 Y-1.600
G1 X14.900 Y-8.659
G1 X20.300 Y-8.659
G1 X20.300 Y-7.000
G1 X21.959 Y-7.000
G1 X21.959 Y-1.600
G1 X14.900 Y-1.600
G1 X15.300 Y-2.000
G1 X15.300 Y-8.259
G1 X19.900 Y-8.259
G1 X19.900 Y-6.600
G1 X21.559 Y-6.600
G1 X21.559 Y-2.000
G1 X15.300 Y-2.000
G1 X15.700 Y-2.400
G1 X15.700 Y-7.859
G1 X19.500 Y-7.859
G1 X19.500 Y-6.200
G1 X21.159 Y-6.200
G1 X21.159 Y-2.400
G1 X15.700 Y-2.400
G1 X16.100 Y-2.800
G1 X16.100 Y-7.459
G1 X19.100 Y-7.459
G1 X19.100 Y-5.800
G1 X20.759 Y-5.800
G1 X20.759 Y-2.800
G1 X16.100 Y-2.800
G1 X16.500 Y-3.200
G1 X16.500 Y-7.059
G1 X18.700 Y-7.059
G1 X18.700 Y-5.400
G1 X20.359 Y-5.400
G1 X20.359 Y-3.200
G1 X16.500 Y-3.200
G1 X16.900 Y-3.600
G1 X16.900 Y-6.659
G1 X18.300 Y-6.659
G1 X18.300 Y-5.000
G1 X19.959 Y-5.000
G1 X19.959 Y-3.600
G1 X16.900 Y-3.600
G1 X17.300 Y-4.000
G1 X17.300 Y-6.259
G1 X17.900 Y-6.259
G1 X17.900 Y-4.600
G1 X19.559 Y-4.600
G1 X19.559 Y-4.000
G1 X17.300 Y-4.000
G1 X17.700 Y-4.400
G1 X17.700 Y-4.400 Z3.500
G1 X17.700 Y-4.400
G1 X17.300 Y-4.000
G1 X19.328 Y-4.000
G1 X19.328 Y-4.600
G1 X17.900 Y-4.600
G1 X17.900 Y-6.028
G1 X17.300 Y-6.028
G1 X17.300 Y-4.000
G1 X16.900 Y-3.600
G1 X19.728 Y-3.600
G1 X19.728 Y-5.000
G1 X18.300 Y-5.000
G1 X18.300 Y-6.428
G1 X16.900 Y-6.428
G1 X16.900 Y-3.600
G1 X16.500 Y-3.200
G1 X20.128 Y-3.200
G1 X20.128 Y-5.400
G1 X18.700 Y-5.400
G1 X18.700 Y-6.828
G1 X16.500 Y-6.828
G1 X16.500 Y-3.200
G1 X16.100 Y-2.800
G1 X20.528 Y-2.800
G1 X20.528 Y-5.800
G1 X19.100 Y-5.800
G1 X19.100 Y-7.228
G1 X16.100 Y-7.228
G1 X16.100 Y-2.800
G1 X15.700 Y-2.400
G1 X20.928 Y-2.400
G1 X20.928 Y-6.200
G1 X19.500 Y-6.200
G1 X19.500 Y-7.628
G1 X15.700 Y-7.628
G1 X15.700 Y-2.400
G1 X15.300 Y-2.000
G1 X21.328 Y-2.000
G1 X21.328 Y-6.600
G1 X19.900 Y-6.600
G1 X19.900 Y-8.028
G1 X15.300 Y-8.028
G1 X15.300 Y-2.000
G1 X14.900 Y-1.600
G1 X21.728 Y-1.600
G1 X21.728 Y-7.000
G1 X20.300 Y-7.000
G1 X20.300 Y-8.428
G1 X14.900 Y-8.428
G1 X14.900 Y-1.600
G1 X14.500 Y-1.200
G1 X22.128 Y-1.200
G1 X22.128 Y-7.400
G1 X20.700 Y-7.400
G1 X20.700 Y-8.828
G1 X14.500 Y-8.828
G1 X14.500 Y-1.200
G1 X14.100 Y-0.800
G1 X22.528 Y-0.800
G1 X22.528 Y-7.800
G1 X21.100 Y-7.800
G1 X21.100 Y-9.228
G1 X14.100 Y-9.228
G1 X14.100 Y-0.800 Z3.500
G1 X14.100 Y-0.800 Z3.900
G1 X14.100 Y-9.053
G1 X21.100 Y-9.053
G1 X21.100 Y-7.800
G1 X22.353 Y-7.800
G1 X22.353 Y-0.800
G1 X14.100 Y-0.800
G1 X14.500 Y-1.200
G1 X14.500 Y-8.653
G1 X20.700 Y-8.653
G1 X20.700 Y-7.400
G1 X21.953 Y-7.400
G1 X21.953 Y-1.200
G1 X14.500 Y-1.200
G1 X14.900 Y-1.600
G1 X14.900 Y-8.253
G1 X20.300 Y-8.253
G1 X20.300 Y-7.000
G1 X21.553 Y-7.000
G1 X21.553 Y-1.600
G1 X14.900 Y-1.600
G1 X15.300 Y-2.000
G1 X15.300 Y-7.853
G1 X19.900 Y-7.853
G1 X19.900 Y-6.600
G1 X21.153 Y-6.600
G1 X21.153 Y-2.000
G1 X15.300 Y-2.000
G1 X15.700 Y-2.400
G1 X15.700 Y-7.453
G1 X19.500 Y-7.453
G1 X19.500 Y-6.200
G1 X20.753 Y-6.200
G1 X20.753 Y-2.400
G1 X15.700 Y-2.400
G1 X16.100 Y-2.800
G1 X16.100 Y-7.053
G1 X19.100 Y-7.053
G1 X19.100 Y-5.800
G1 X20.353 Y-5.800
G1 X20.353 Y-2.800
G1 X16.100 Y-2.800
G1 X16.500 Y-3.200
G1 X16.500 Y-6.653
G1 X18.700 Y-6.653
G1 X18.700 Y-5.400
G1 X19.953 Y-5.400
G1 X19.953 Y-3.200
G1 X16.500 Y-3.200
G1 X16.900 Y-3.600
G1 X16.900 Y-6.253
G1 X18.300 Y-6.253
G1 X18.300 Y-5.000
G1 X19.553 Y-5.000
G1 X19.553 Y-3.600
G1 X16.900 Y-3.600
G1 X17.300 Y-4.000
G1 X17.300 Y-5.853
G1 X17.900 Y-5.853
G1 X17.900 Y-4.600
G1 X19.153 Y-4.600
G1 X19.153 Y-4.000
G1 X17.300 Y-4.000
G1 X17.700 Y-4.400
M9
G1 Z10.000
G1 X12.500 Y-0.800
G1 Z3.100
M7
G4 P150
G1 X12.500 Y-0.800 Z3.100
G1 X3.841 Y-0.800
G1 X3.841 Y-7.800
G1 X5.500 Y-7.800
G1 X5.500 Y-9.459
G1 X12.500 Y-9.459
G1 X12.500 Y-0.800
G1 X12.100 Y-1.200
G1 X4.241 Y-1.200
G1 X4.241 Y-7.400
G1 X5.900 Y-7.400
G1 X5.900 Y-9.059
G1 X12.100 Y-9.059
G1 X12.100 Y-1.200
G1 X11.700 Y-1.600
G1 X4.641 Y-1.600
G1 X4.641 Y-7.000
G1 X6.300 Y-7.000
G1 X6.300 Y-8.659
G1 X11.700 Y-8.659
G1 X11.700 Y-1.600
G1 X11.300 Y-2.000
G1 X5.041 Y-2.000
G1 X5.041 Y-6.600
G1 X6.700 Y-6.600
G1 X6.700 Y-8.259
G1 X11.300 Y-8.259
G1 X11.300 Y-2.000
G1 X10.900 Y-2.400
G1 X5.441 Y-2.400
G1 X5.441 Y-6.200
G1 X7.100 Y-6.200
G1 X7.100 Y-7.859
G1 X10.900 Y-7.859
G1 X10.900 Y-2.400
G1 X10.500 Y-2.800
G1 X5.841 Y-2.800
G1 X5.841 Y-5.800
G1 X7.500 Y-5.800
G1 X7.500 Y-7.459
G1 X10.500 Y-7.459
G1 X10.500 Y-2.800
G1 X10.100 Y-3.200
G1 X6.241 Y-3.200
G1 X6.241 Y-5.400
G1 X7.900 Y-5.400
G1 X7.900 Y-7.059
G1 X10.100 Y-7.059
G1 X10.100 Y-3.200
G1 X9.700 Y-3.600
G1 X6.641 Y-3.600
G1 X6.641 Y-5.000
G1 X8.300 Y-5.000
G1 X8.300 Y-6.659
G1 X9.700 Y-6.659
G1 X9.700 Y-3.600
G1 X9.300 Y-4.000
G1 X7.041 Y-4.000
G1 X7.041 Y-4.600
G1 X8.700 Y-4.600
G1 X8.700 Y-6.259
G1 X9.300 Y-6.259
G1 X9.300 Y-4.000
G1 X8.900 Y-4.400
G1 X8.900 Y-4.400 Z3.500
G1 X8.900 Y-4.400
G1 X9.300 Y-4.000
G1 X9.300 Y-6.028
G1 X8.700 Y-6.028
G1 X8.700 Y-4.600
G1 X7.272 Y-4.600
G1 X7.272 Y-4.000
G1 X9.300 Y-4.000
G1 X9.700 Y-3.600
G1 X9.700 Y-6.428
G1 X8.300 Y-6.428
G1 X8.300 Y-5.000
G1 X6.872 Y-5.000
G1 X6.872 Y-3.600
G1 X9.700 Y-3.600
G1 X10.100 Y-3.200
G1 X10.100 Y-6.828
G1 X7.900 Y-6.828
G1 X7.900 Y-5.400
G1 X6.472 Y-5.400
G1 X6.472 Y-3.200
G1 X10.100 Y-3.200
G1 X10.500 Y-2.800
G1 X10.500 Y-7.228
G1 X7.500 Y-7.228
G1 X7.500 Y-5.800
G1 X6.072 Y-5.800
G1 X6.072 Y-2.800
G1 X10.500 Y-2.800
G1 X10.900 Y-2.400
G1 X10.900 Y-7.628
G1 X7.100 Y-7.628
G1 X7.100 Y-6.200
G1 X5.672 Y-6.200
G1 X5.672 Y-2.400
G1 X10.900 Y-2.400
G1 X11.300 Y-2.000
G1 X11.300 Y-8.028
G1 X6.700 Y-8.028
G1 X6.700 Y-6.600
G1 X5.272 Y-6.600
G1 X5.272 Y-2.000
G1 X11.300 Y-2.000
G1 X11.700 Y-1.600
G1 X11.700 Y-8.428
G1 X6.300 Y-8.428
G1 X6.300 Y-7.000
G1 X4.872 Y-7.000
G1 X4.872 Y-1.600
G1 X11.700 Y-1.600
G1 X12.100 Y-1.200
G1 X12.100 Y-8.828
G1 X5.900 Y-8.828
G1 X5.900 Y-7.400
G1 X4.472 Y-7.400
G1 X4.472 Y-1.200
G1 X12.100 Y-1.200
G1 X12.500 Y-0.800
G1 X12.500 Y-9.228
G1 X5.500 Y-9.228
G1 X5.500 Y-7.800
G1 X4.072 Y-7.800
G1 X4.072 Y-0.800
G1 X12.500 Y-0.800 Z3.500
G1 X12.500 Y-0.800 Z3.900
G1 X4.247 Y-0.800
G1 X4.247 Y-7.800
G1 X5.500 Y-7.800
G1 X5.500 Y-9.053
G1 X12.500 Y-9.053
G1 X12.500 Y-0.800
G1 X12.100 Y-1.200
G1 X4.647 Y-1.200
G1 X4.647 Y-7.400
G1 X5.900 Y-7.400
G1 X5.900 Y-8.653
G1 X12.100 Y-8.653
G1 X12.100 Y-1.200
G1 X11.700 Y-1.600
G1 X5.047 Y-1.600
G1 X5.047 Y-7.000
G1 X6.300 Y-7.000
G1 X6.300 Y-8.253
G1 X11.700 Y-8.253
G1 X11.700 Y-1.600
G1 X11.300 Y-2.000
G1 X5.447 Y-2.000
G1 X5.447 Y-6.600
G1 X6.700 Y-6.600
G1 X6.700 Y-7.853
G1 X11.300 Y-7.853
G1 X11.300 Y-2.000
G1 X10.900 Y-2.400
G1 X5.847 Y-2.400
G1 X5.847 Y-6.200
G1 X7.100 Y-6.200
G1 X7.100 Y-7.453
G1 X10.900 Y-7.453
G1 X10.900 Y-2.400
G1 X10.500 Y-2.800
G1 X6.247 Y-2.800
G1 X6.247 Y-5.800
G1 X7.500 Y-5.800
G1 X7.500 Y-7.053
G1 X10.500 Y-7.053
G1 X10.500 Y-2.800
G1 X10.100 Y-3.200
G1 X6.647 Y-3.200
G1 X6.647 Y-5.400
G1 X7.900 Y-5.400
G1 X7.900 Y-6.653
G1 X10.100 Y-6.653
G1 X10.100 Y-3.200
G1 X9.700 Y-3.600
G1 X7.047 Y-3.600
G1 X7.047 Y-5.000
G1 X8.300 Y-5.000
G1 X8.300 Y-6.253
G1 X9.700 Y-6.253
G1 X9.700 Y-3.600
G1 X9.300 Y-4.000
G1 X7.447 Y-4.000
G1 X7.447 Y-4.600
G1 X8.700 Y-4.600
G1 X8.700 Y-5.853
G1 X9.300 Y-5.853
G1 X9.300 Y-4.000
G1 X8.900 Y-4.400
M9
G1 Z10.000
G1 X13.300 Y0.800
G1 Z3.100
M7
G4 P150
G1 X13.300 Y0.800 Z3.100
G1 X22.759 Y0.800
G1 X22.759 Y7.800
G1 X3.841 Y7.800
G1 X3.841 Y0.800
G1 X13.300 Y0.800
G1 X13.300 Y1.200
G1 X22.359 Y1.200
G1 X22.359 Y7.400
G1 X4.241 Y7.400
G1 X4.241 Y1.200
G1 X13.300 Y1.200
G1 X13.300 Y1.600
G1 X21.959 Y1.600
G1 X21.959 Y7.000
G1 X4.641 Y7.000
G1 X4.641 Y1.600
G1 X13.300 Y1.600
G1 X13.300 Y2.000
G1 X21.559 Y2.000
G1 X21.559 Y6.600
G1 X5.041 Y6.600
G1 X5.041 Y2.000
G1 X13.300 Y2.000
G1 X13.300 Y2.400
G1 X21.159 Y2.400
G1 X21.159 Y6.200
G1 X5.441 Y6.200
G1 X5.441 Y2.400
G1 X13.300 Y2.400
G1 X13.300 Y2.800
G1 X20.759 Y2.800
G1 X20.759 Y5.800
G1 X5.841 Y5.800
G1 X5.841 Y2.800
G1 X13.300 Y2.800
G1 X13.300 Y3.200
G1 X20.359 Y3.200
G1 X20.359 Y5.400
G1 X6.241 Y5.400
G1 X6.241 Y3.200
G1 X13.300 Y3.200
G1 X13.300 Y3.600
G1 X19.959 Y3.600
G1 X19.959 Y5.000
G1 X6.641 Y5.000
G1 X6.641 Y3.600
G1 X13.300 Y3.600
G1 X13.300 Y4.000
G1 X19.559 Y4.000
G1 X19.559 Y4.600
G1 X7.041 Y4.600
G1 X7.041 Y4.000
G1 X13.300 Y4.000
G1 X13.300 Y4.400
G1 X13.300 Y4.400 Z3.500
G1 X13.300 Y4.400
G1 X13.300 Y4.000
G1 X7.272 Y4.000
G1 X7.272 Y4.600
G1 X19.328 Y4.600
G1 X19.328 Y4.000
G1 X13.300 Y4.000
G1 X13.300 Y3.600
G1 X6.872 Y3.600
G1 X6.872 Y5.000
G1 X19.728 Y5.000
G1 X19.728 Y3.600
G1 X13.300 Y3.600
G1 X13.300 Y3.200
G1 X6.472 Y3.200
G1 X6.472 Y5.400
G1 X20.128 Y5.400
G1 X20.128 Y3.200
G1 X13.300 Y3.200
G1 X13.300 Y2.800
G1 X6.072 Y2.800
G1 X6.072 Y5.800
G1 X20.528 Y5.800
G1 X20.528 Y2.800
G1 X13.300 Y2.800
G1 X13.300 Y2.400
G1 X5.672 Y2.400
G1 X5.672 Y6.200
G1 X20.928 Y6.200
G1 X20.928 Y2.400
G1 X13.300 Y2.400
G1 X13.300 Y2.000
G1 X5.272 Y2.000
G1 X5.272 Y6.600
G1 X21.328 Y6.600
G1 X21.328 Y2.000
G1 X13.300 Y2.000
G1 X13.300 Y1.600
G1 X4.872 Y1.600
G1 X4.872 Y7.000
G1 X21.728 Y7.000
G1 X21.728 Y1.600
G1 X13.300 Y1.600
G1 X13.300 Y1.200
G1 X4.472 Y1.200
G1 X4.472 Y7.400
G1 X22.128 Y7.400
G1 X22.128 Y1.200
G1 X13.300 Y1.200
G1 X13.300 Y0.800
G1 X4.072 Y0.800
G1 X4.072 Y7.800
G1 X22.528 Y7.800
G1 X22.528 Y0.800
G1 X13.300 Y0.800 Z3.500
G1 X13.300 Y0.800 Z3.900
G1 X22.353 Y0.800
G1 X22.353 Y7.800
G1 X4.247 Y7.800
G1 X4.247 Y0.800
G1 X13.300 Y0.800
G1 X13.300 Y1.200
G1 X21.953 Y1.200
G1 X21.953 Y7.400
G1 X4.647 Y7.400
G1 X4.647 Y1.200
G1 X13.300 Y1.200
G1 X13.300 Y1.600
G1 X21.553 Y1.600
G1 X21.553 Y7.000
G1 X5.047 Y7.000
G1 X5.047 Y1.600
G1 X13.300 Y1.600
G1 X13.300 Y2.000
G1 X21.153 Y2.000
G1 X21.153 Y6.600
G1 X5.447 Y6.600
G1 X5.447 Y2.000
G1 X13.300 Y2.000
G1 X13.300 Y2.400
G1 X20.753 Y2.400
G1 X20.753 Y6.200
G1 X5.847 Y6.200
G1 X5.847 Y2.400
G1 X13.300 Y2.400
G1 X13.300 Y2.800
G1 X20.353 Y2.800
G1 X20.353 Y5.800
G1 X6.247 Y5.800
G1 X6.247 Y2.800
G1 X13.300 Y2.800
G1 X13.300 Y3.200
G1 X19.953 Y3.200
G1 X19.953 Y5.400
G1 X6.647 Y5.400
G1 X6.647 Y3.200
G1 X13.300 Y3.200
G1 X13.300 Y3.600
G1 X19.553 Y3.600
G1 X19.553 Y5.000
G1 X7.047 Y5.000
G1 X7.047 Y3.600
G1 X13.300 Y3.600
G1 X13.300 Y4.000
G1 X19.153 Y4.000
G1 X19.153 Y4.600
G1 X7.447 Y4.600
G1 X7.447 Y4.000
G1 X13.300 Y4.000
G1 X13.300 Y4.400

;Finish
M9
G1 Z10.000
G28 X-100 Y-100;Home