;layer_height = 0.4
;line_width = 0.4
;layer_count = 10
;mesh = base_cross
G21 ;start of the code
G1 Z15 F300
G28 X0 Y0 ;Home
G92 X0 Y0 ;Consider this as current
G0 X50 Y50 F3000 ;Go-to Offset
G92 X0 Y0 ;Reset

G0 F3600 X-27.800 Y0.000 Z0.300 ;Go to start position
M7
G4 P150


G1 X-27.600 Y0.000 Z0.300
G1 X-27.600 Y-8.800
G1 X-10.000 Y-8.800
G1 X-10.000 Y8.800
G1 X-27.600 Y8.800
G1 X-27.600 Y0.000
G1 X-27.200 Y0.000
G1 X-27.200 Y-8.400
G1 X-10.400 Y-8.400
G1 X-10.400 Y8.400
G1 X-27.200 Y8.400
G1 X-27.200 Y0.000
G1 X-26.800 Y0.000
G1 X-26.800 Y-8.000
G1 X-10.800 Y-8.000
G1 X-10.800 Y8.000
G1 X-26.800 Y8.000
G1 X-26.800 Y0.000
G1 X-26.400 Y0.000
G1 X-26.400 Y-7.600
G1 X-11.200 Y-7.600
G1 X-11.200 Y7.600
G1 X-26.400 Y7.600
G1 X-26.400 Y0.000
G1 X-26.000 Y0.000
G1 X-26.000 Y-7.200
G1 X-11.600 Y-7.200
G1 X-11.600 Y7.200
G1 X-26.000 Y7.200
G1 X-26.000 Y0.000
G1 X-25.600 Y0.000
G1 X-25.600 Y-6.800
G1 X-12.000 Y-6.800
G1 X-12.000 Y6.800
G1 X-25.600 Y6.800
G1 X-25.600 Y0.000
G1 X-25.200 Y0.000
G1 X-25.200 Y-6.400
G1 X-12.400 Y-6.400
G1 X-12.400 Y6.400
G1 X-25.200 Y6.400
G1 X-25.200 Y0.000
G1 X-24.800 Y0.000
G1 X-24.800 Y-6.000
G1 X-12.800 Y-6.000
G1 X-12.800 Y6.000
G1 X-24.800 Y6.000
G1 X-24.800 Y0.000
G1 X-24.400 Y0.000
G1 X-24.400 Y-5.600
G1 X-13.200 Y-5.600
G1 X-13.200 Y5.600
G1 X-24.400 Y5.600
G1 X-24.400 Y0.000
G1 X-24.000 Y0.000
G1 X-24.000 Y-5.200
G1 X-13.600 Y-5.200
G1 X-13.600 Y5.200
G1 X-24.000 Y5.200
G1 X-24.000 Y0.000
G1 X-23.600 Y0.000
G1 X-23.600 Y-4.800
G1 X-14.000 Y-4.800
G1 X-14.000 Y4.800
G1 X-23.600 Y4.800
G1 X-23.600 Y0.000
G1 X-23.200 Y0.000
G1 X-23.200 Y-4.400
G1 X-14.400 Y-4.400
G1 X-14.400 Y4.400
G1 X-23.200 Y4.400
G1 X-23.200 Y0.000
G1 X-22.800 Y0.000
G1 X-22.800 Y-4.000
G1 X-14.800 Y-4.000
G1 X-14.800 Y4.000
G1 X-22.800 Y4.000
G1 X-22.800 Y0.000
G1 X-22.400 Y0.000
G1 X-22.400 Y-3.600
G1 X-15.200 Y-3.600
G1 X-15.200 Y3.600
G1 X-22.400 Y3.600
G1 X-22.400 Y0.000
G1 X-22.000 Y0.000
G1 X-22.000 Y-3.200
G1 X-15.600 Y-3.200
G1 X-15.600 Y3.200
G1 X-22.000 Y3.200
G1 X-22.000 Y0.000
G1 X-21.600 Y0.000
G1 X-21.600 Y-2.800
G1 X-16.000 Y-2.800
G1 X-16.000 Y2.800
G1 X-21.600 Y2.800
G1 X-21.600 Y0.000
G1 X-21.200 Y0.000
G1 X-21.200 Y-2.400
G1 X-16.400 Y-2.400
G1 X-16.400 Y2.400
G1 X-21.200 Y2.400
G1 X-21.200 Y0.000
G1 X-20.800 Y0.000
G1 X-20.800 Y-2.000
G1 X-16.800 Y-2.000
G1 X-16.800 Y2.000
G1 X-20.800 Y2.000
G1 X-20.800 Y0.000
G1 X-20.400 Y0.000
G1 X-20.400 Y-1.600
G1 X-17.200 Y-1.600
G1 X-17.200 Y1.600
G1 X-20.400 Y1.600
G1 X-20.400 Y0.000
G1 X-20.000 Y0.000
G1 X-20.000 Y-1.200
G1 X-17.600 Y-1.200
G1 X-17.600 Y1.200
G1 X-20.000 Y1.200
G1 X-20.000 Y0.000
G1 X-19.600 Y0.000
G1 X-19.600 Y-0.800
G1 X-18.000 Y-0.800
G1 X-18.000 Y0.800
G1 X-19.600 Y0.800
G1 X-19.600 Y0.000
G1 X-19.200 Y0.000
G1 X-19.200 Y-0.400
G1 X-18.400 Y-0.400
G1 X-18.400 Y0.400
G1 X-19.200 Y0.400
G1 X-19.200 Y0.000
G1 X-18.800 Y0.000
G1 X-18.800 Y0.000 Z0.700
G1 X-18.800 Y0.000
G1 X-19.200 Y0.000
G1 X-19.200 Y0.400
G1 X-18.400 Y0.400
G1 X-18.400 Y-0.400
G1 X-19.200 Y-0.400
G1 X-19.200 Y0.000
G1 X-19.600 Y0.000
G1 X-19.600 Y0.800
G1 X-18.000 Y0.800
G1 X-18.000 Y-0.800
G1 X-19.600 Y-0.800
G1 X-19.600 Y0.000
G1 X-20.000 Y0.000
G1 X-20.000 Y1.200
G1 X-17.600 Y1.200
G1 X-17.600 Y-1.200
G1 X-20.000 Y-1.200
G1 X-20.000 Y0.000
G1 X-20.400 Y0.000
G1 X-20.400 Y1.600
G1 X-17.200 Y1.600
G1 X-17.200 Y-1.600
G1 X-20.400 Y-1.600
G1 X-20.400 Y0.000
G1 X-20.800 Y0.000
G1 X-20.800 Y2.000
G1 X-16.800 Y2.000
G1 X-16.800 Y-2.000
G1 X-20.800 Y-2.000
G1 X-20.800 Y0.000
G1 X-21.200 Y0.000
G1 X-21.200 Y2.400
G1 X-16.400 Y2.400
G1 X-16.400 Y-2.400
G1 X-21.200 Y-2.400
G1 X-21.200 Y0.000
G1 X-21.600 Y0.000
G1 X-21.600 Y2.800
G1 X-16.000 Y2.800
G1 X-16.000 Y-2.800
G1 X-21.600 Y-2.800
G1 X-21.600 Y0.000
G1 X-22.000 Y0.000
G1 X-22.000 Y3.200
G1 X-15.600 Y3.200
G1 X-15.600 Y-3.200
G1 X-22.000 Y-3.200
G1 X-22.000 Y0.000
G1 X-22.400 Y0.000
G1 X-22.400 Y3.600
G1 X-15.200 Y3.600
G1 X-15.200 Y-3.600
G1 X-22.400 Y-3.600
G1 X-22.400 Y0.000
G1 X-22.800 Y0.000
G1 X-22.800 Y4.000
G1 X-14.800 Y4.000
G1 X-14.800 Y-4.000
G1 X-22.800 Y-4.000
G1 X-22.800 Y0.000
G1 X-23.200 Y0.000
G1 X-23.200 Y4.400
G1 X-14.400 Y4.400
G1 X-14.400 Y-4.400
G1 X-23.200 Y-4.400
G1 X-23.200 Y0.000
G1 X-23.600 Y0.000
G1 X-23.600 Y4.800
G1 X-14.000 Y4.800
G1 X-14.000 Y-4.800
G1 X-23.600 Y-4.800
G1 X-23.600 Y0.000
G1 X-24.000 Y0.000
G1 X-24.000 Y5.200
G1 X-13.600 Y5.200
G1 X-13.600 Y-5.200
G1 X-24.000 Y-5.200
G1 X-24.000 Y0.000
G1 X-24.400 Y0.000
G1 X-24.400 Y5.600
G1 X-13.200 Y5.600
G1 X-13.200 Y-5.600
G1 X-24.400 Y-5.600
G1 X-24.400 Y0.000
G1 X-24.800 Y0.000
G1 X-24.800 Y6.000
G1 X-12.800 Y6.000
G1 X-12.800 Y-6.000
G1 X-24.800 Y-6.000
G1 X-24.800 Y0.000
G1 X-25.200 Y0.000
G1 X-25.200 Y6.400
G1 X-12.400 Y6.400
G1 X-12.400 Y-6.400
G1 X-25.200 Y-6.400
G1 X-25.200 Y0.000
G1 X-25.600 Y0.000
G1 X-25.600 Y6.800
G1 X-12.000 Y6.800
G1 X-12.000 Y-6.800
G1 X-25.600 Y-6.800
G1 X-25.600 Y0.000
G1 X-26.000 Y0.000
G1 X-26.000 Y7.200
G1 X-11.600 Y7.200
G1 X-11.600 Y-7.200
G1 X-26.000 Y-7.200
G1 X-26.000 Y0.000
G1 X-26.400 Y0.000
G1 X-26.400 Y7.600
G1 X-11.200 Y7.600
G1 X-11.200 Y-7.600
G1 X-26.400 Y-7.600
G1 X-26.400 Y0.000
G1 X-26.800 Y0.000
G1 X-26.800 Y8.000
G1 X-10.800 Y8.000
G1 X-10.800 Y-8.000
G1 X-26.800 Y-8.000
G1 X-26.800 Y0.000
G1 X-27.200 Y0.000
G1 X-27.200 Y8.400
G1 X-10.400 Y8.400
G1 X-10.400 Y-8.400
G1 X-27.200 Y-8.400
G1 X-27.200 Y0.000
G1 X-27.600 Y0.000
G1 X-27.600 Y8.800
G1 X-10.000 Y8.800
G1 X-10.000 Y-8.800
G1 X-27.600 Y-8.800
G1 X-27.600 Y0.000 Z0.700
M9
G1 Z10.000
G1 X-9.000 Y0.000
G1 Z0.300
M7
G4 P150
G1 X-8.800 Y0.000 Z0.300
G1 X-8.800 Y-8.800
G1 X8.800 Y-8.800
G1 X8.800 Y8.800
G1 X-8.800 Y8.800
G1 X-8.800 Y0.000
G1 X-8.400 Y0.000
G1 X-8.400 Y-8.400
G1 X8.400 Y-8.400
G1 X8.400 Y8.400
G1 X-8.400 Y8.400
G1 X-8.400 Y0.000
G1 X-8.000 Y0.000
G1 X-8.000 Y-8.000
G1 X8.000 Y-8.000
G1 X8.000 Y8.000
G1 X-8.000 Y8.000
G1 X-8.000 Y0.000
G1 X-7.600 Y0.000
G1 X-7.600 Y-7.600
G1 X7.600 Y-7.600
G1 X7.600 Y7.600
G1 X-7.600 Y7.600
G1 X-7.600 Y0.000
G1 X-7.200 Y0.000
G1 X-7.200 Y-7.200
G1 X7.200 Y-7.200
G1 X7.200 Y7.200
G1 X-7.200 Y7.200
G1 X-7.200 Y0.000
G1 X-6.800 Y0.000
G1 X-6.800 Y-6.800
G1 X6.800 Y-6.800
G1 X6.800 Y6.800
G1 X-6.800 Y6.800
G1 X-6.800 Y0.000
G1 X-6.400 Y0.000
G1 X-6.400 Y-6.400
G1 X6.400 Y-6.400
G1 X6.400 Y6.400
G1 X-6.400 Y6.400
G1 X-6.400 Y0.000
G1 X-6.000 Y0.000
G1 X-6.000 Y-6.000
G1 X6.000 Y-6.000
G1 X6.000 Y6.000
G1 X-6.000 Y6.000
G1 X-6.000 Y0.000
G1 X-5.600 Y0.000
G1 X-5.600 Y-5.600
G1 X5.600 Y-5.600
G1 X5.600 Y5.600
G1 X-5.600 Y5.600
G1 X-5.600 Y0.000
G1 X-5.200 Y0.000
G1 X-5.200 Y-5.200
G1 X5.200 Y-5.200
G1 X5.200 Y5.200
G1 X-5.200 Y5.200
G1 X-5.200 Y0.000
G1 X-4.800 Y0.000
G1 X-4.800 Y-4.800
G1 X4.800 Y-4.800
G1 X4.800 Y4.800
G1 X-4.800 Y4.800
G1 X-4.800 Y0.000
G1 X-4.400 Y0.000
G1 X-4.400 Y-4.400
G1 X4.400 Y-4.400
G1 X4.400 Y4.400
G1 X-4.400 Y4.400
G1 X-4.400 Y0.000
G1 X-4.000 Y0.000
G1 X-4.000 Y-4.000
G1 X4.000 Y-4.000
G1 X4.000 Y4.000
G1 X-4.000 Y4.000
G1 X-4.000 Y0.000
G1 X-3.600 Y0.000
G1 X-3.600 Y-3.600
G1 X3.600 Y-3.600
G1 X3.600 Y3.600
G1 X-3.600 Y3.600
G1 X-3.600 Y0.000
G1 X-3.200 Y0.000
G1 X-3.200 Y-3.200
G1 X3.200 Y-3.200
G1 X3.200 Y3.200
G1 X-3.200 Y3.200
G1 X-3.200 Y0.000
G1 X-2.800 Y0.000
G1 X-2.800 Y-2.800
G1 X2.800 Y-2.800
G1 X2.800 Y2.800
G1 X-2.800 Y2.800
G1 X-2.800 Y0.000
G1 X-2.400 Y0.000
G1 X-2.400 Y-2.400
G1 X2.400 Y-2.400
G1 X2.400 Y2.400
G1 X-2.400 Y2.400
G1 X-2.400 Y0.000
G1 X-2.000 Y0.000
G1 X-2.000 Y-2.000
G1 X2.000 Y-2.000
G1 X2.000 Y2.000
G1 X-2.000 Y2.000
G1 X-2.000 Y0.000
G1 X-1.600 Y0.000
G1 X-1.600 Y-1.600
G1 X1.600 Y-1.600
G1 X1.600 Y1.600
G1 X-1.600 Y1.600
G1 X-1.600 Y0.000
G1 X-1.200 Y0.000
G1 X-1.200 Y-1.200
G1 X1.200 Y-1.200
G1 X1.200 Y1.200
G1 X-1.200 Y1.200
G1 X-1.200 Y0.000
G1 X-0.800 Y0.000
G1 X-0.800 Y-0.800
G1 X0.800 Y-0.800
G1 X0.800 Y0.800
G1 X-0.800 Y0.800
G1 X-0.800 Y0.000
G1 X-0.400 Y0.000
G1 X-0.400 Y-0.400
G1 X0.400 Y-0.400
G1 X0.400 Y0.400
G1 X-0.400 Y0.400
G1 X-0.400 Y0.000
G1 X0.000 Y0.000
G1 X0.000 Y0.000 Z0.700
G1 X0.000 Y0.000
G1 X-0.400 Y0.000
G1 X-0.400 Y0.400
G1 X0.400 Y0.400
G1 X0.400 Y-0.400
G1 X-0.400 Y-0.400
G1 X-0.400 Y0.000
G1 X-0.800 Y0.000
G1 X-0.800 Y0.800
G1 X0.800 Y0.800
G1 X0.800 Y-0.800
G1 X-0.800 Y-0.800
G1 X-0.800 Y0.000
G1 X-1.200 Y0.000
G1 X-1.200 Y1.200
G1 X1.200 Y1.200
G1 X1.200 Y-1.200
G1 X-1.200 Y-1.200
G1 X-1.200 Y0.000
G1 X-1.600 Y0.000
G1 X-1.600 Y1.600
G1 X1.600 Y1.600
G1 X1.600 Y-1.600
G1 X-1.600 Y-1.600
G1 X-1.600 Y0.000
G1 X-2.000 Y0.000
G1 X-2.000 Y2.000
G1 X2.000 Y2.000
G1 X2.000 Y-2.000
G1 X-2.000 Y-2.000
G1 X-2.000 Y0.000
G1 X-2.400 Y0.000
G1 X-2.400 Y2.400
G1 X2.400 Y2.400
G1 X2.400 Y-2.400
G1 X-2.400 Y-2.400
G1 X-2.400 Y0.000
G1 X-2.800 Y0.000
G1 X-2.800 Y2.800
G1 X2.800 Y2.800
G1 X2.800 Y-2.800
G1 X-2.800 Y-2.800
G1 X-2.800 Y0.000
G1 X-3.200 Y0.000
G1 X-3.200 Y3.200
G1 X3.200 Y3.200
G1 X3.200 Y-3.200
G1 X-3.200 Y-3.200
G1 X-3.200 Y0.000
G1 X-3.600 Y0.000
G1 X-3.600 Y3.600
G1 X3.600 Y3.600
G1 X3.600 Y-3.600
G1 X-3.600 Y-3.600
G1 X-3.600 Y0.000
G1 X-4.000 Y0.000
G1 X-4.000 Y4.000
G1 X4.000 Y4.000
G1 X4.000 Y-4.000
G1 X-4.000 Y-4.000
G1 X-4.000 Y0.000
G1 X-4.400 Y0.000
G1 X-4.400 Y4.400
G1 X4.400 Y4.400
G1 X4.400 Y-4.400
G1 X-4.400 Y-4.400
G1 X-4.400 Y0.000
G1 X-4.800 Y0.000
G1 X-4.800 Y4.800
G1 X4.800 Y4.800
G1 X4.800 Y-4.800
G1 X-4.800 Y-4.800
G1 X-4.800 Y0.000
G1 X-5.200 Y0.000
G1 X-5.200 Y5.200
G1 X5.200 Y5.200
G1 X5.200 Y-5.200
G1 X-5.200 Y-5.200
G1 X-5.200 Y0.000
G1 X-5.600 Y0.000
G1 X-5.600 Y5.600
G1 X5.600 Y5.600
G1 X5.600 Y-5.600
G1 X-5.600 Y-5.600
G1 X-5.600 Y0.000
G1 X-6.000 Y0.000
G1 X-6.000 Y6.000
G1 X6.000 Y6.000
G1 X6.000 Y-6.000
G1 X-6.000 Y-6.000
G1 X-6.000 Y0.000
G1 X-6.400 Y0.000
G1 X-6.400 Y6.400
G1 X6.400 Y6.400
G1 X6.400 Y-6.400
G1 X-6.400 Y-6.400
G1 X-6.400 Y0.000
G1 X-6.800 Y0.000
G1 X-6.800 Y6.800
G1 X6.800 Y6.800
G1 X6.800 Y-6.800
G1 X-6.800 Y-6.800
G1 X-6.800 Y0.000
G1 X-7.200 Y0.000
G1 X-7.200 Y7.200
G1 X7.200 Y7.200
G1 X7.200 Y-7.200
G1 X-7.200 Y-7.200
G1 X-7.200 Y0.000
G1 X-7.600 Y0.000
G1 X-7.600 Y7.600
G1 X7.600 Y7.600
G1 X7.600 Y-7.600
G1 X-7.600 Y-7.600
G1 X-7.600 Y0.000
G1 X-8.000 Y0.000
G1 X-8.000 Y8.000
G1 X8.000 Y8.000
G1 X8.000 Y-8.000
G1 X-8.000 Y-8.000
G1 X-8.000 Y0.000
G1 X-8.400 Y0.000
G1 X-8.400 Y8.400
G1 X8.400 Y8.400
G1 X8.400 Y-8.400
G1 X-8.400 Y-8.400
G1 X-8.400 Y0.000
G1 X-8.800 Y0.000
G1 X-8.800 Y8.800
G1 X8.800 Y8.800
G1 X8.800 Y-8.800
G1 X-8.800 Y-8.800
G1 X-8.800 Y0.000 Z0.700
M9
G1 Z10.000
G1 X9.800 Y0.000
G1 Z0.300
M7
G4 P150
G1 X10.000 Y0.000 Z0.300
G1 X10.000 Y-8.800
G1 X27.600 Y-8.800
G1 X27.600 Y8.800
G1 X10.000 Y8.800
G1 X10.000 Y0.000
G1 X10.400 Y0.000
G1 X10.400 Y-8.400
G1 X27.200 Y-8.400
G1 X27.200 Y8.400
G1 X10.400 Y8.400
G1 X10.400 Y0.000
G1 X10.800 Y0.000
G1 X10.800 Y-8.000
G1 X26.800 Y-8.000
G1 X26.800 Y8.000
G1 X10.800 Y8.000
G1 X10.800 Y0.000
G1 X11.200 Y0.000
G1 X11.200 Y-7.600
G1 X26.400 Y-7.600
G1 X26.400 Y7.600
G1 X11.200 Y7.600
G1 X11.200 Y0.000
G1 X11.600 Y0.000
G1 X11.600 Y-7.200
G1 X26.000 Y-7.200
G1 X26.000 Y7.200
G1 X11.600 Y7.200
G1 X11.600 Y0.000
G1 X12.000 Y0.000
G1 X12.000 Y-6.800
G1 X25.600 Y-6.800
G1 X25.600 Y6.800
G1 X12.000 Y6.800
G1 X12.000 Y0.000
G1 X12.400 Y0.000
G1 X12.400 Y-6.400
G1 X25.200 Y-6.400
G1 X25.200 Y6.400
G1 X12.400 Y6.400
G1 X12.400 Y0.000
G1 X12.800 Y0.000
G1 X12.800 Y-6.000
G1 X24.800 Y-6.000
G1 X24.800 Y6.000
G1 X12.800 Y6.000
G1 X12.800 Y0.000
G1 X13.200 Y0.000
G1 X13.200 Y-5.600
G1 X24.400 Y-5.600
G1 X24.400 Y5.600
G1 X13.200 Y5.600
G1 X13.200 Y0.000
G1 X13.600 Y0.000
G1 X13.600 Y-5.200
G1 X24.000 Y-5.200
G1 X24.000 Y5.200
G1 X13.600 Y5.200
G1 X13.600 Y0.000
G1 X14.000 Y0.000
G1 X14.000 Y-4.800
G1 X23.600 Y-4.800
G1 X23.600 Y4.800
G1 X14.000 Y4.800
G1 X14.000 Y0.000
G1 X14.400 Y0.000
G1 X14.400 Y-4.400
G1 X23.200 Y-4.400
G1 X23.200 Y4.400
G1 X14.400 Y4.400
G1 X14.400 Y0.000
G1 X14.800 Y0.000
G1 X14.800 Y-4.000
G1 X22.800 Y-4.000
G1 X22.800 Y4.000
G1 X14.800 Y4.000
G1 X14.800 Y0.000
G1 X15.200 Y0.000
G1 X15.200 Y-3.600
G1 X22.400 Y-3.600
G1 X22.400 Y3.600
G1 X15.200 Y3.600
G1 X15.200 Y0.000
G1 X15.600 Y0.000
G1 X15.600 Y-3.200
G1 X22.000 Y-3.200
G1 X22.000 Y3.200
G1 X15.600 Y3.200
G1 X15.600 Y0.000
G1 X16.000 Y0.000
G1 X16.000 Y-2.800
G1 X21.600 Y-2.800
G1 X21.600 Y2.800
G1 X16.000 Y2.800
G1 X16.000 Y0.000
G1 X16.400 Y0.000
G1 X16.400 Y-2.400
G1 X21.200 Y-2.400
G1 X21.200 Y2.400
G1 X16.400 Y2.400
G1 X16.400 Y0.000
G1 X16.800 Y0.000
G1 X16.800 Y-2.000
G1 X20.800 Y-2.000
G1 X20.800 Y2.000
G1 X16.800 Y2.000
G1 X16.800 Y0.000
G1 X17.200 Y0.000
G1 X17.200 Y-1.600
G1 X20.400 Y-1.600
G1 X20.400 Y1.600
G1 X17.200 Y1.600
G1 X17.200 Y0.000
G1 X17.600 Y0.000
G1 X17.600 Y-1.200
G1 X20.000 Y-1.200
G1 X20.000 Y1.200
G1 X17.600 Y1.200
G1 X17.600 Y0.000
G1 X18.000 Y0.000
G1 X18.000 Y-0.800
G1 X19.600 Y-0.800
G1 X19.600 Y0.800
G1 X18.000 Y0.800
G1 X18.000 Y0.000
G1 X18.400 Y0.000
G1 X18.400 Y-0.400
G1 X19.200 Y-0.400
G1 X19.200 Y0.400
G1 X18.400 Y0.400
G1 X18.400 Y0.000
G1 X18.800 Y0.000
G1 X18.800 Y0.000 Z0.700
G1 X18.800 Y0.000
G1 X18.400 Y0.000
G1 X18.400 Y0.400
G1 X19.200 Y0.400
G1 X19.200 Y-0.400
G1 X18.400 Y-0.400
G1 X18.400 Y0.000
G1 X18.000 Y0.000
G1 X18.000 Y0.800
G1 X19.600 Y0.800
G1 X19.600 Y-0.800
G1 X18.000 Y-0.800
G1 X18.000 Y0.000
G1 X17.600 Y0.000
G1 X17.600 Y1.200
G1 X20.000 Y1.200
G1 X20.000 Y-1.200
G1 X17.600 Y-1.200
G1 X17.600 Y0.000
G1 X17.200 Y0.000
G1 X17.200 Y1.600
G1 X20.400 Y1.600
G1 X20.400 Y-1.600
G1 X17.200 Y-1.600
G1 X17.200 Y0.000
G1 X16.800 Y0.000
G1 X16.800 Y2.000
G1 X20.800 Y2.000
G1 X20.800 Y-2.000
G1 X16.800 Y-2.000
G1 X16.800 Y0.000
G1 X16.400 Y0.000
G1 X16.400 Y2.400
G1 X21.200 Y2.400
G1 X21.200 Y-2.400
G1 X16.400 Y-2.400
G1 X16.400 Y0.000
G1 X16.000 Y0.000
G1 X16.000 Y2.800
G1 X21.600 Y2.800
G1 X21.600 Y-2.800
G1 X16.000 Y-2.800
G1 X16.000 Y0.000
G1 X15.600 Y0.000
G1 X15.600 Y3.200
G1 X22.000 Y3.200
G1 X22.000 Y-3.200
G1 X15.600 Y-3.200
G1 X15.600 Y0.000
G1 X15.200 Y0.000
G1 X15.200 Y3.600
G1 X22.400 Y3.600
G1 X22.400 Y-3.600
G1 X15.200 Y-3.600
G1 X15.200 Y0.000
G1 X14.800 Y0.000
G1 X14.800 Y4.000
G1 X22.800 Y4.000
G1 X22.800 Y-4.000
G1 X14.800 Y-4.000
G1 X14.800 Y0.000
G1 X14.400 Y0.000
G1 X14.400 Y4.400
G1 X23.200 Y4.400
G1 X23.200 Y-4.400
G1 X14.400 Y-4.400
G1 X14.400 Y0.000
G1 X14.000 Y0.000
G1 X14.000 Y4.800
G1 X23.600 Y4.800
G1 X23.600 Y-4.800
G1 X14.000 Y-4.800
G1 X14.000 Y0.000
G1 X13.600 Y0.000
G1 X13.600 Y5.200
G1 X24.000 Y5.200
G1 X24.000 Y-5.200
G1 X13.600 Y-5.200
G1 X13.600 Y0.000
G1 X13.200 Y0.000
G1 X13.200 Y5.600
G1 X24.400 Y5.600
G1 X24.400 Y-5.600
G1 X13.200 Y-5.600
G1 X13.200 Y0.000
G1 X12.800 Y0.000
G1 X12.800 Y6.000
G1 X24.800 Y6.000
G1 X24.800 Y-6.000
G1 X12.800 Y-6.000
G1 X12.800 Y0.000
G1 X12.400 Y0.000
G1 X12.400 Y6.400
G1 X25.200 Y6.400
G1 X25.200 Y-6.400
G1 X12.400 Y-6.400
G1 X12.400 Y0.000
G1 X12.000 Y0.000
G1 X12.000 Y6.800
G1 X25.600 Y6.800
G1 X25.600 Y-6.800
G1 X12.000 Y-6.800
G1 X12.000 Y0.000
G1 X11.600 Y0.000
G1 X11.600 Y7.200
G1 X26.000 Y7.200
G1 X26.000 Y-7.200
G1 X11.600 Y-7.200
G1 X11.600 Y0.000
G1 X11.200 Y0.000
G1 X11.200 Y7.600
G1 X26.400 Y7.600
G1 X26.400 Y-7.600
G1 X11.200 Y-7.600
G1 X11.200 Y0.000
G1 X10.800 Y0.000
G1 X10.800 Y8.000
G1 X26.800 Y8.000
G1 X26.800 Y-8.000
G1 X10.800 Y-8.000
G1 X10.800 Y0.000
G1 X10.400 Y0.000
G1 X10.400 Y8.400
G1 X27.200 Y8.400
G1 X27.200 Y-8.400
G1 X10.400 Y-8.400
G1 X10.400 Y0.000
G1 X10.000 Y0.000
G1 X10.000 Y8.800
G1 X27.600 Y8.800
G1 X27.600 Y-8.800
G1 X10.000 Y-8.800
G1 X10.000 Y0.000 Z0.700
M9
G1 Z10.000
G1 X0.000 Y27.800
G1 Z0.300
M7
G4 P150
G1 X0.000 Y27.600 Z0.300
G1 X-8.800 Y27.600
G1 X-8.800 Y10.000
G1 X8.800 Y10.000
G1 X8.800 Y27.600
G1 X0.000 Y27.600
G1 X0.000 Y27.200
G1 X-8.400 Y27.200
G1 X-8.400 Y10.400
G1 X8.400 Y10.400
G1 X8.400 Y27.200
G1 X0.000 Y27.200
G1 X0.000 Y26.800
G1 X-8.000 Y26.800
G1 X-8.000 Y10.800
G1 X8.000 Y10.800
G1 X8.000 Y26.800
G1 X0.000 Y26.800
G1 X0.000 Y26.400
G1 X-7.600 Y26.400
G1 X-7.600 Y11.200
G1 X7.600 Y11.200
G1 X7.600 Y26.400
G1 X0.000 Y26.400
G1 X0.000 Y26.000
G1 X-7.200 Y26.000
G1 X-7.200 Y11.600
G1 X7.200 Y11.600
G1 X7.200 Y26.000
G1 X0.000 Y26.000
G1 X0.000 Y25.600
G1 X-6.800 Y25.600
G1 X-6.800 Y12.000
G1 X6.800 Y12.000
G1 X6.800 Y25.600
G1 X0.000 Y25.600
G1 X0.000 Y25.200
G1 X-6.400 Y25.200
G1 X-6.400 Y12.400
G1 X6.400 Y12.400
G1 X6.400 Y25.200
G1 X0.000 Y25.200
G1 X0.000 Y24.800
G1 X-6.000 Y24.800
G1 X-6.000 Y12.800
G1 X6.000 Y12.800
G1 X6.000 Y24.800
G1 X0.000 Y24.800
G1 X0.000 Y24.400
G1 X-5.600 Y24.400
G1 X-5.600 Y13.200
G1 X5.600 Y13.200
G1 X5.600 Y24.400
G1 X0.000 Y24.400
G1 X0.000 Y24.000
G1 X-5.200 Y24.000
G1 X-5.200 Y13.600
G1 X5.200 Y13.600
G1 X5.200 Y24.000
G1 X0.000 Y24.000
G1 X0.000 Y23.600
G1 X-4.800 Y23.600
G1 X-4.800 Y14.000
G1 X4.800 Y14.000
G1 X4.800 Y23.600
G1 X0.000 Y23.600
G1 X0.000 Y23.200
G1 X-4.400 Y23.200
G1 X-4.400 Y14.400
G1 X4.400 Y14.400
G1 X4.400 Y23.200
G1 X0.000 Y23.200
G1 X0.000 Y22.800
G1 X-4.000 Y22.800
G1 X-4.000 Y14.800
G1 X4.000 Y14.800
G1 X4.000 Y22.800
G1 X0.000 Y22.800
G1 X0.000 Y22.400
G1 X-3.600 Y22.400
G1 X-3.600 Y15.200
G1 X3.600 Y15.200
G1 X3.600 Y22.400
G1 X0.000 Y22.400
G1 X0.000 Y22.000
G1 X-3.200 Y22.000
G1 X-3.200 Y15.600
G1 X3.200 Y15.600
G1 X3.200 Y22.000
G1 X0.000 Y22.000
G1 X0.000 Y21.600
G1 X-2.800 Y21.600
G1 X-2.800 Y16.000
G1 X2.800 Y16.000
G1 X2.800 Y21.600
G1 X0.000 Y21.600
G1 X0.000 Y21.200
G1 X-2.400 Y21.200
G1 X-2.400 Y16.400
G1 X2.400 Y16.400
G1 X2.400 Y21.200
G1 X0.000 Y21.200
G1 X0.000 Y20.800
G1 X-2.000 Y20.800
G1 X-2.000 Y16.800
G1 X2.000 Y16.800
G1 X2.000 Y20.800
G1 X0.000 Y20.800
G1 X0.000 Y20.400
G1 X-1.600 Y20.400
G1 X-1.600 Y17.200
G1 X1.600 Y17.200
G1 X1.600 Y20.400
G1 X0.000 Y20.400
G1 X0.000 Y20.000
G1 X-1.200 Y20.000
G1 X-1.200 Y17.600
G1 X1.200 Y17.600
G1 X1.200 Y20.000
G1 X0.000 Y20.000
G1 X0.000 Y19.600
G1 X-0.800 Y19.600
G1 X-0.800 Y18.000
G1 X0.800 Y18.000
G1 X0.800 Y19.600
G1 X0.000 Y19.600
G1 X0.000 Y19.200
G1 X-0.400 Y19.200
G1 X-0.400 Y18.400
G1 X0.400 Y18.400
G1 X0.400 Y19.200
G1 X0.000 Y19.200
G1 X0.000 Y18.800
G1 X0.000 Y18.800 Z0.700
G1 X0.000 Y18.800
G1 X0.000 Y19.200
G1 X0.400 Y19.200
G1 X0.400 Y18.400
G1 X-0.400 Y18.400
G1 X-0.400 Y19.200
G1 X0.000 Y19.200
G1 X0.000 Y19.600
G1 X0.800 Y19.600
G1 X0.800 Y18.000
G1 X-0.800 Y18.000
G1 X-0.800 Y19.600
G1 X0.000 Y19.600
G1 X0.000 Y20.000
G1 X1.200 Y20.000
G1 X1.200 Y17.600
G1 X-1.200 Y17.600
G1 X-1.200 Y20.000
G1 X0.000 Y20.000
G1 X0.000 Y20.400
G1 X1.600 Y20.400
G1 X1.600 Y17.200
G1 X-1.600 Y17.200
G1 X-1.600 Y20.400
G1 X0.000 Y20.400
G1 X0.000 Y20.800
G1 X2.000 Y20.800
G1 X2.000 Y16.800
G1 X-2.000 Y16.800
G1 X-2.000 Y20.800
G1 X0.000 Y20.800
G1 X0.000 Y21.200
G1 X2.400 Y21.200
G1 X2.400 Y16.400
G1 X-2.400 Y16.400
G1 X-2.400 Y21.200
G1 X0.000 Y21.200
G1 X0.000 Y21.600
G1 X2.800 Y21.600
G1 X2.800 Y16.000
G1 X-2.800 Y16.000
G1 X-2.800 Y21.600
G1 X0.000 Y21.600
G1 X0.000 Y22.000
G1 X3.200 Y22.000
G1 X3.200 Y15.600
G1 X-3.200 Y15.600
G1 X-3.200 Y22.000
G1 X0.000 Y22.000
G1 X0.000 Y22.400
G1 X3.600 Y22.400
G1 X3.600 Y15.200
G1 X-3.600 Y15.200
G1 X-3.600 Y22.400
G1 X0.000 Y22.400
G1 X0.000 Y22.800
G1 X4.000 Y22.800
G1 X4.000 Y14.800
G1 X-4.000 Y14.800
G1 X-4.000 Y22.800
G1 X0.000 Y22.800
G1 X0.000 Y23.200
G1 X4.400 Y23.200
G1 X4.400 Y14.400
G1 X-4.400 Y14.400
G1 X-4.400 Y23.200
G1 X0.000 Y23.200
G1 X0.000 Y23.600
G1 X4.800 Y23.600
G1 X4.800 Y14.000
G1 X-4.800 Y14.000
G1 X-4.800 Y23.600
G1 X0.000 Y23.600
G1 X0.000 Y24.000
G1 X5.200 Y24.000
G1 X5.200 Y13.600
G1 X-5.200 Y13.600
G1 X-5.200 Y24.000
G1 X0.000 Y24.000
G1 X0.000 Y24.400
G1 X5.600 Y24.400
G1 X5.600 Y13.200
G1 X-5.600 Y13.200
G1 X-5.600 Y24.400
G1 X0.000 Y24.400
G1 X0.000 Y24.800
G1 X6.000 Y24.800
G1 X6.000 Y12.800
G1 X-6.000 Y12.800
G1 X-6.000 Y24.800
G1 X0.000 Y24.800
G1 X0.000 Y25.200
G1 X6.400 Y25.200
G1 X6.400 Y12.400
G1 X-6.400 Y12.400
G1 X-6.400 Y25.200
G1 X0.000 Y25.200
G1 X0.000 Y25.600
G1 X6.800 Y25.600
G1 X6.800 Y12.000
G1 X-6.800 Y12.000
G1 X-6.800 Y25.600
G1 X0.000 Y25.600
G1 X0.000 Y26.000
G1 X7.200 Y26.000
G1 X7.200 Y11.600
G1 X-7.200 Y11.600
G1 X-7.200 Y26.000
G1 X0.000 Y26.000
G1 X0.000 Y26.400
G1 X7.600 Y26.400
G1 X7.600 Y11.200
G1 X-7.600 Y11.200
G1 X-7.600 Y26.400
G1 X0.000 Y26.400
G1 X0.000 Y26.800
G1 X8.000 Y26.800
G1 X8.000 Y10.800
G1 X-8.000 Y10.800
G1 X-8.000 Y26.800
G1 X0.000 Y26.800
G1 X0.000 Y27.200
G1 X8.400 Y27.200
G1 X8.400 Y10.400
G1 X-8.400 Y10.400
G1 X-8.400 Y27.200
G1 X0.000 Y27.200
G1 X0.000 Y27.600
G1 X8.800 Y27.600
G1 X8.800 Y10.000
G1 X-8.800 Y10.000
G1 X-8.800 Y27.600
G1 X0.000 Y27.600 Z0.700
M9
G1 Z10.000
G1 X18.800 Y-27.800
G1 Z0.300
M7
G4 P150
G1 X18.800 Y-27.600 Z0.300
G1 X27.600 Y-27.600
G1 X27.600 Y-10.000
G1 X10.000 Y-10.000
G1 X10.000 Y-27.600
G1 X18.800 Y-27.600
G1 X18.800 Y-27.200
G1 X27.200 Y-27.200
G1 X27.200 Y-10.400
G1 X10.400 Y-10.400
G1 X10.400 Y-27.200
G1 X18.800 Y-27.200
G1 X18.800 Y-26.800
G1 X26.800 Y-26.800
G1 X26.800 Y-10.800
G1 X10.800 Y-10.800
G1 X10.800 Y-26.800
G1 X18.800 Y-26.800
G1 X18.800 Y-26.400
G1 X26.400 Y-26.400
G1 X26.400 Y-11.200
G1 X11.200 Y-11.200
G1 X11.200 Y-26.400
G1 X18.800 Y-26.400
G1 X18.800 Y-26.000
G1 X26.000 Y-26.000
G1 X26.000 Y-11.600
G1 X11.600 Y-11.600
G1 X11.600 Y-26.000
G1 X18.800 Y-26.000
G1 X18.800 Y-25.600
G1 X25.600 Y-25.600
G1 X25.600 Y-12.000
G1 X12.000 Y-12.000
G1 X12.000 Y-25.600
G1 X18.800 Y-25.600
G1 X18.800 Y-25.200
G1 X25.200 Y-25.200
G1 X25.200 Y-12.400
G1 X12.400 Y-12.400
G1 X12.400 Y-25.200
G1 X18.800 Y-25.200
G1 X18.800 Y-24.800
G1 X24.800 Y-24.800
G1 X24.800 Y-12.800
G1 X12.800 Y-12.800
G1 X12.800 Y-24.800
G1 X18.800 Y-24.800
G1 X18.800 Y-24.400
G1 X24.400 Y-24.400
G1 X24.400 Y-13.200
G1 X13.200 Y-13.200
G1 X13.200 Y-24.400
G1 X18.800 Y-24.400
G1 X18.800 Y-24.000
G1 X24.000 Y-24.000
G1 X24.000 Y-13.600
G1 X13.600 Y-13.600
G1 X13.600 Y-24.000
G1 X18.800 Y-24.000
G1 X18.800 Y-23.600
G1 X23.600 Y-23.600
G1 X23.600 Y-14.000
G1 X14.000 Y-14.000
G1 X14.000 Y-23.600
G1 X18.800 Y-23.600
G1 X18.800 Y-23.200
G1 X23.200 Y-23.200
G1 X23.200 Y-14.400
G1 X14.400 Y-14.400
G1 X14.400 Y-23.200
G1 X18.800 Y-23.200
G1 X18.800 Y-22.800
G1 X22.800 Y-22.800
G1 X22.800 Y-14.800
G1 X14.800 Y-14.800
G1 X14.800 Y-22.800
G1 X18.800 Y-22.800
G1 X18.800 Y-22.400
G1 X22.400 Y-22.400
G1 X22.400 Y-15.200
G1 X15.200 Y-15.200
G1 X15.200 Y-22.400
G1 X18.800 Y-22.400
G1 X18.800 Y-22.000
G1 X22.000 Y-22.000
G1 X22.000 Y-15.600
G1 X15.600 Y-15.600
G1 X15.600 Y-22.000
G1 X18.800 Y-22.000
G1 X18.800 Y-21.600
G1 X21.600 Y-21.600
G1 X21.600 Y-16.000
G1 X16.000 Y-16.000
G1 X16.000 Y-21.600
G1 X18.800 Y-21.600
G1 X18.800 Y-21.200
G1 X21.200 Y-21.200
G1 X21.200 Y-16.400
G1 X16.400 Y-16.400
G1 X16.400 Y-21.200
G1 X18.800 Y-21.200
G1 X18.800 Y-20.800
G1 X20.800 Y-20.800
G1 X20.800 Y-16.800
G1 X16.800 Y-16.800
G1 X16.800 Y-20.800
G1 X18.800 Y-20.800
G1 X18.800 Y-20.400
G1 X20.400 Y-20.400
G1 X20.400 Y-17.200
G1 X17.200 Y-17.200
G1 X17.200 Y-20.400
G1 X18.800 Y-20.400
G1 X18.800 Y-20.000
G1 X20.000 Y-20.000
G1 X20.000 Y-17.600
G1 X17.600 Y-17.600
G1 X17.600 Y-20.000
G1 X18.800 Y-20.000
G1 X18.800 Y-19.600
G1 X19.600 Y-19.600
G1 X19.600 Y-18.000
G1 X18.000 Y-18.000
G1 X18.000 Y-19.600
G1 X18.800 Y-19.600
G1 X18.800 Y-19.200
G1 X19.200 Y-19.200
G1 X19.200 Y-18.400
G1 X18.400 Y-18.400
G1 X18.400 Y-19.200
G1 X18.800 Y-19.200
G1 X18.800 Y-18.800
G1 X18.800 Y-18.800
G1 X18.800 Y-18.800
G1 X18.800 Y-18.800
G1 X18.800 Y-18.800
G1 X18.800 Y-18.800
G1 X18.800 Y-18.400
G1 X18.800 Y-18.400 Z0.700
G1 X18.800 Y-18.400
G1 X18.800 Y-18.800
G1 X18.800 Y-18.800
G1 X18.800 Y-18.800
G1 X18.800 Y-18.800
G1 X18.800 Y-18.800
G1 X18.800 Y-18.800
G1 X18.800 Y-19.200
G1 X18.400 Y-19.200
G1 X18.400 Y-18.400
G1 X19.200 Y-18.400
G1 X19.200 Y-19.200
G1 X18.800 Y-19.200
G1 X18.800 Y-19.600
G1 X18.000 Y-19.600
G1 X18.000 Y-18.000
G1 X19.600 Y-18.000
G1 X19.600 Y-19.600
G1 X18.800 Y-19.600
G1 X18.800 Y-20.000
G1 X17.600 Y-20.000
G1 X17.600 Y-17.600
G1 X20.000 Y-17.600
G1 X20.000 Y-20.000
G1 X18.800 Y-20.000
G1 X18.800 Y-20.400
G1 X17.200 Y-20.400
G1 X17.200 Y-17.200
G1 X20.400 Y-17.200
G1 X20.400 Y-20.400
G1 X18.800 Y-20.400
G1 X18.800 Y-20.800
G1 X16.800 Y-20.800
G1 X16.800 Y-16.800
G1 X20.800 Y-16.800
G1 X20.800 Y-20.800
G1 X18.800 Y-20.800
G1 X18.800 Y-21.200
G1 X16.400 Y-21.200
G1 X16.400 Y-16.400
G1 X21.200 Y-16.400
G1 X21.200 Y-21.200
G1 X18.800 Y-21.200
G1 X18.800 Y-21.600
G1 X16.000 Y-21.600
G1 X16.000 Y-16.000
G1 X21.600 Y-16.000
G1 X21.600 Y-21.600
G1 X18.800 Y-21.600
G1 X18.800 Y-22.000
G1 X15.600 Y-22.000
G1 X15.600 Y-15.600
G1 X22.000 Y-15.600
G1 X22.000 Y-22.000
G1 X18.800 Y-22.000
G1 X18.800 Y-22.400
G1 X15.200 Y-22.400
G1 X15.200 Y-15.200
G1 X22.400 Y-15.200
G1 X22.400 Y-22.400
G1 X18.800 Y-22.400
G1 X18.800 Y-22.800
G1 X14.800 Y-22.800
G1 X14.800 Y-14.800
G1 X22.800 Y-14.800
G1 X22.800 Y-22.800
G1 X18.800 Y-22.800
G1 X18.800 Y-23.200
G1 X14.400 Y-23.200
G1 X14.400 Y-14.400
G1 X23.200 Y-14.400
G1 X23.200 Y-23.200
G1 X18.800 Y-23.200
G1 X18.800 Y-23.600
G1 X14.000 Y-23.600
G1 X14.000 Y-14.000
G1 X23.600 Y-14.000
G1 X23.600 Y-23.600
G1 X18.800 Y-23.600
G1 X18.800 Y-24.000
G1 X13.600 Y-24.000
G1 X13.600 Y-13.600
G1 X24.000 Y-13.600
G1 X24.000 Y-24.000
G1 X18.800 Y-24.000
G1 X18.800 Y-24.400
G1 X13.200 Y-24.400
G1 X13.200 Y-13.200
G1 X24.400 Y-13.200
G1 X24.400 Y-24.400
G1 X18.800 Y-24.400
G1 X18.800 Y-24.800
G1 X12.800 Y-24.800
G1 X12.800 Y-12.800
G1 X24.800 Y-12.800
G1 X24.800 Y-24.800
G1 X18.800 Y-24.800
G1 X18.800 Y-25.200
G1 X12.400 Y-25.200
G1 X12.400 Y-12.400
G1 X25.200 Y-12.400
G1 X25.200 Y-25.200
G1 X18.800 Y-25.200
G1 X18.800 Y-25.600
G1 X12.000 Y-25.600
G1 X12.000 Y-12.000
G1 X25.600 Y-12.000
G1 X25.600 Y-25.600
G1 X18.800 Y-25.600
G1 X18.800 Y-26.000
G1 X11.600 Y-26.000
G1 X11.600 Y-11.600
G1 X26.000 Y-11.600
G1 X26.000 Y-26.000
G1 X18.800 Y-26.000
G1 X18.800 Y-26.400
G1 X11.200 Y-26.400
G1 X11.200 Y-11.200
G1 X26.400 Y-11.200
G1 X26.400 Y-26.400
G1 X18.800 Y-26.400
G1 X18.800 Y-26.800
G1 X10.800 Y-26.800
G1 X10.800 Y-10.800
G1 X26.800 Y-10.800
G1 X26.800 Y-26.800
G1 X18.800 Y-26.800
G1 X18.800 Y-27.200
G1 X10.400 Y-27.200
G1 X10.400 Y-10.400
G1 X27.200 Y-10.400
G1 X27.200 Y-27.200
G1 X18.800 Y-27.200
G1 X18.800 Y-27.600
G1 X10.000 Y-27.600
G1 X10.000 Y-10.000
G1 X27.600 Y-10.000
G1 X27.600 Y-27.600
G1 X18.800 Y-27.600 Z0.700
M9
G1 Z10.000
G1 X46.600 Y0.000
G1 Z0.300
M7
G4 P150
G1 X46.400 Y0.000 Z0.300
G1 X46.400 Y8.800
G1 X28.800 Y8.800
G1 X28.800 Y-8.800
G1 X46.400 Y-8.800
G1 X46.400 Y0.000
G1 X46.000 Y0.000
G1 X46.000 Y8.400
G1 X29.200 Y8.400
G1 X29.200 Y-8.400
G1 X46.000 Y-8.400
G1 X46.000 Y0.000
G1 X45.600 Y0.000
G1 X45.600 Y8.000
G1 X29.600 Y8.000
G1 X29.600 Y-8.000
G1 X45.600 Y-8.000
G1 X45.600 Y0.000
G1 X45.200 Y0.000
G1 X45.200 Y7.600
G1 X30.000 Y7.600
G1 X30.000 Y-7.600
G1 X45.200 Y-7.600
G1 X45.200 Y0.000
G1 X44.800 Y0.000
G1 X44.800 Y7.200
G1 X30.400 Y7.200
G1 X30.400 Y-7.200
G1 X44.800 Y-7.200
G1 X44.800 Y0.000
G1 X44.400 Y0.000
G1 X44.400 Y6.800
G1 X30.800 Y6.800
G1 X30.800 Y-6.800
G1 X44.400 Y-6.800
G1 X44.400 Y0.000
G1 X44.000 Y0.000
G1 X44.000 Y6.400
G1 X31.200 Y6.400
G1 X31.200 Y-6.400
G1 X44.000 Y-6.400
G1 X44.000 Y0.000
G1 X43.600 Y0.000
G1 X43.600 Y6.000
G1 X31.600 Y6.000
G1 X31.600 Y-6.000
G1 X43.600 Y-6.000
G1 X43.600 Y0.000
G1 X43.200 Y0.000
G1 X43.200 Y5.600
G1 X32.000 Y5.600
G1 X32.000 Y-5.600
G1 X43.200 Y-5.600
G1 X43.200 Y0.000
G1 X42.800 Y0.000
G1 X42.800 Y5.200
G1 X32.400 Y5.200
G1 X32.400 Y-5.200
G1 X42.800 Y-5.200
G1 X42.800 Y0.000
G1 X42.400 Y0.000
G1 X42.400 Y4.800
G1 X32.800 Y4.800
G1 X32.800 Y-4.800
G1 X42.400 Y-4.800
G1 X42.400 Y0.000
G1 X42.000 Y0.000
G1 X42.000 Y4.400
G1 X33.200 Y4.400
G1 X33.200 Y-4.400
G1 X42.000 Y-4.400
G1 X42.000 Y0.000
G1 X41.600 Y0.000
G1 X41.600 Y4.000
G1 X33.600 Y4.000
G1 X33.600 Y-4.000
G1 X41.600 Y-4.000
G1 X41.600 Y0.000
G1 X41.200 Y0.000
G1 X41.200 Y3.600
G1 X34.000 Y3.600
G1 X34.000 Y-3.600
G1 X41.200 Y-3.600
G1 X41.200 Y0.000
G1 X40.800 Y0.000
G1 X40.800 Y3.200
G1 X34.400 Y3.200
G1 X34.400 Y-3.200
G1 X40.800 Y-3.200
G1 X40.800 Y0.000
G1 X40.400 Y0.000
G1 X40.400 Y2.800
G1 X34.800 Y2.800
G1 X34.800 Y-2.800
G1 X40.400 Y-2.800
G1 X40.400 Y0.000
G1 X40.000 Y0.000
G1 X40.000 Y2.400
G1 X35.200 Y2.400
G1 X35.200 Y-2.400
G1 X40.000 Y-2.400
G1 X40.000 Y0.000
G1 X39.600 Y0.000
G1 X39.600 Y2.000
G1 X35.600 Y2.000
G1 X35.600 Y-2.000
G1 X39.600 Y-2.000
G1 X39.600 Y0.000
G1 X39.200 Y0.000
G1 X39.200 Y1.600
G1 X36.000 Y1.600
G1 X36.000 Y-1.600
G1 X39.200 Y-1.600
G1 X39.200 Y0.000
G1 X38.800 Y0.000
G1 X38.800 Y1.200
G1 X36.400 Y1.200
G1 X36.400 Y-1.200
G1 X38.800 Y-1.200
G1 X38.800 Y0.000
G1 X38.400 Y0.000
G1 X38.400 Y0.800
G1 X36.800 Y0.800
G1 X36.800 Y-0.800
G1 X38.400 Y-0.800
G1 X38.400 Y0.000
G1 X38.000 Y0.000
G1 X38.000 Y0.400
G1 X37.200 Y0.400
G1 X37.200 Y-0.400
G1 X38.000 Y-0.400
G1 X38.000 Y0.000
G1 X37.600 Y0.000
G1 X37.600 Y0.000 Z0.700
G1 X37.600 Y0.000
G1 X38.000 Y0.000
G1 X38.000 Y-0.400
G1 X37.200 Y-0.400
G1 X37.200 Y0.400
G1 X38.000 Y0.400
G1 X38.000 Y0.000
G1 X38.400 Y0.000
G1 X38.400 Y-0.800
G1 X36.800 Y-0.800
G1 X36.800 Y0.800
G1 X38.400 Y0.800
G1 X38.400 Y0.000
G1 X38.800 Y0.000
G1 X38.800 Y-1.200
G1 X36.400 Y-1.200
G1 X36.400 Y1.200
G1 X38.800 Y1.200
G1 X38.800 Y0.000
G1 X39.200 Y0.000
G1 X39.200 Y-1.600
G1 X36.000 Y-1.600
G1 X36.000 Y1.600
G1 X39.200 Y1.600
G1 X39.200 Y0.000
G1 X39.600 Y0.000
G1 X39.600 Y-2.000
G1 X35.600 Y-2.000
G1 X35.600 Y2.000
G1 X39.600 Y2.000
G1 X39.600 Y0.000
G1 X40.000 Y0.000
G1 X40.000 Y-2.400
G1 X35.200 Y-2.400
G1 X35.200 Y2.400
G1 X40.000 Y2.400
G1 X40.000 Y0.000
G1 X40.400 Y0.000
G1 X40.400 Y-2.800
G1 X34.800 Y-2.800
G1 X34.800 Y2.800
G1 X40.400 Y2.800
G1 X40.400 Y0.000
G1 X40.800 Y0.000
G1 X40.800 Y-3.200
G1 X34.400 Y-3.200
G1 X34.400 Y3.200
G1 X40.800 Y3.200
G1 X40.800 Y0.000
G1 X41.200 Y0.000
G1 X41.200 Y-3.600
G1 X34.000 Y-3.600
G1 X34.000 Y3.600
G1 X41.200 Y3.600
G1 X41.200 Y0.000
G1 X41.600 Y0.000
G1 X41.600 Y-4.000
G1 X33.600 Y-4.000
G1 X33.600 Y4.000
G1 X41.600 Y4.000
G1 X41.600 Y0.000
G1 X42.000 Y0.000
G1 X42.000 Y-4.400
G1 X33.200 Y-4.400
G1 X33.200 Y4.400
G1 X42.000 Y4.400
G1 X42.000 Y0.000
G1 X42.400 Y0.000
G1 X42.400 Y-4.800
G1 X32.800 Y-4.800
G1 X32.800 Y4.800
G1 X42.400 Y4.800
G1 X42.400 Y0.000
G1 X42.800 Y0.000
G1 X42.800 Y-5.200
G1 X32.400 Y-5.200
G1 X32.400 Y5.200
G1 X42.800 Y5.200
G1 X42.800 Y0.000
G1 X43.200 Y0.000
G1 X43.200 Y-5.600
G1 X32.000 Y-5.600
G1 X32.000 Y5.600
G1 X43.200 Y5.600
G1 X43.200 Y0.000
G1 X43.600 Y0.000
G1 X43.600 Y-6.000
G1 X31.600 Y-6.000
G1 X31.600 Y6.000
G1 X43.600 Y6.000
G1 X43.600 Y0.000
G1 X44.000 Y0.000
G1 X44.000 Y-6.400
G1 X31.200 Y-6.400
G1 X31.200 Y6.400
G1 X44.000 Y6.400
G1 X44.000 Y0.000
G1 X44.400 Y0.000
G1 X44.400 Y-6.800
G1 X30.800 Y-6.800
G1 X30.800 Y6.800
G1 X44.400 Y6.800
G1 X44.400 Y0.000
G1 X44.800 Y0.000
G1 X44.800 Y-7.200
G1 X30.400 Y-7.200
G1 X30.400 Y7.200
G1 X44.800 Y7.200
G1 X44.800 Y0.000
G1 X45.200 Y0.000
G1 X45.200 Y-7.600
G1 X30.000 Y-7.600
G1 X30.000 Y7.600
G1 X45.200 Y7.600
G1 X45.200 Y0.000
G1 X45.600 Y0.000
G1 X45.600 Y-8.000
G1 X29.600 Y-8.000
G1 X29.600 Y8.000
G1 X45.600 Y8.000
G1 X45.600 Y0.000
G1 X46.000 Y0.000
G1 X46.000 Y-8.400
G1 X29.200 Y-8.400
G1 X29.200 Y8.400
G1 X46.000 Y8.400
G1 X46.000 Y0.000
G1 X46.400 Y0.000
G1 X46.400 Y-8.800
G1 X28.800 Y-8.800
G1 X28.800 Y8.800
G1 X46.400 Y8.800
G1 X46.400 Y0.000 Z0.700
M9
G1 Z10.000
G1 X-27.800 Y0.000
G1 Z1.100
M7
G4 P150
G1 X-27.600 Y0.000 Z1.100
G1 X-27.600 Y-8.800
G1 X10.000 Y-8.800
G1 X10.000 Y-27.600
G1 X27.600 Y-27.600
G1 X27.600 Y-8.800
G1 X46.400 Y-8.800
G1 X46.400 Y8.800
G1 X8.800 Y8.800
G1 X8.800 Y27.600
G1 X-8.800 Y27.600
G1 X-8.800 Y8.800
G1 X-27.600 Y8.800
G1 X-27.600 Y0.000
G1 X-27.200 Y0.000
G1 X-27.200 Y-8.400
G1 X10.400 Y-8.400
G1 X10.400 Y-27.200
G1 X27.200 Y-27.200
G1 X27.200 Y-8.400
G1 X46.000 Y-8.400
G1 X46.000 Y8.400
G1 X8.400 Y8.400
G1 X8.400 Y27.200
G1 X-8.400 Y27.200
G1 X-8.400 Y8.400
G1 X-27.200 Y8.400
G1 X-27.200 Y0.000
G1 X-26.800 Y0.000
G1 X-26.800 Y-8.000
G1 X10.800 Y-8.000
G1 X10.800 Y-26.800
G1 X26.800 Y-26.800
G1 X26.800 Y-8.000
G1 X45.600 Y-8.000
G1 X45.600 Y8.000
G1 X8.000 Y8.000
G1 X8.000 Y26.800
G1 X-8.000 Y26.800
G1 X-8.000 Y8.000
G1 X-26.800 Y8.000
G1 X-26.800 Y0.000
G1 X-26.400 Y0.000
G1 X-26.400 Y-7.600
G1 X11.200 Y-7.600
G1 X11.200 Y-26.400
G1 X26.400 Y-26.400
G1 X26.400 Y-7.600
G1 X45.200 Y-7.600
G1 X45.200 Y7.600
G1 X7.600 Y7.600
G1 X7.600 Y26.400
G1 X-7.600 Y26.400
G1 X-7.600 Y7.600
G1 X-26.400 Y7.600
G1 X-26.400 Y-0.000
G1 X-26.000 Y0.000
G1 X-26.000 Y-7.200
G1 X11.600 Y-7.200
G1 X11.600 Y-26.000
G1 X26.000 Y-26.000
G1 X26.000 Y-7.200
G1 X44.800 Y-7.200
G1 X44.800 Y7.200
G1 X7.200 Y7.200
G1 X7.200 Y26.000
G1 X-7.200 Y26.000
G1 X-7.200 Y7.200
G1 X-26.000 Y7.200
G1 X-26.000 Y0.000
G1 X-25.600 Y0.000
G1 X-25.600 Y-6.800
G1 X12.000 Y-6.800
G1 X12.000 Y-25.600
G1 X25.600 Y-25.600
G1 X25.600 Y-6.800
G1 X44.400 Y-6.800
G1 X44.400 Y6.800
G1 X6.800 Y6.800
G1 X6.800 Y25.600
G1 X-6.800 Y25.600
G1 X-6.800 Y6.800
G1 X-25.600 Y6.800
G1 X-25.600 Y0.000
G1 X-25.200 Y0.000
G1 X-25.200 Y-6.400
G1 X12.400 Y-6.400
G1 X12.400 Y-25.200
G1 X25.200 Y-25.200
G1 X25.200 Y-6.400
G1 X44.000 Y-6.400
G1 X44.000 Y6.400
G1 X6.400 Y6.400
G1 X6.400 Y25.200
G1 X-6.400 Y25.200
G1 X-6.400 Y6.400
G1 X-25.200 Y6.400
G1 X-25.200 Y0.000
G1 X-24.800 Y0.000
G1 X-24.800 Y-6.000
G1 X12.800 Y-6.000
G1 X12.800 Y-24.800
G1 X24.800 Y-24.800
G1 X24.800 Y-6.000
G1 X43.600 Y-6.000
G1 X43.600 Y6.000
G1 X6.000 Y6.000
G1 X6.000 Y24.800
G1 X-6.000 Y24.800
G1 X-6.000 Y6.000
G1 X-24.800 Y6.000
G1 X-24.800 Y-0.000
G1 X-24.400 Y0.000
G1 X-24.400 Y-5.600
G1 X13.200 Y-5.600
G1 X13.200 Y-24.400
G1 X24.400 Y-24.400
G1 X24.400 Y-5.600
G1 X43.200 Y-5.600
G1 X43.200 Y5.600
G1 X5.600 Y5.600
G1 X5.600 Y24.400
G1 X-5.600 Y24.400
G1 X-5.600 Y5.600
G1 X-24.400 Y5.600
G1 X-24.400 Y0.000
G1 X-24.000 Y0.000
G1 X-24.000 Y-5.200
G1 X13.600 Y-5.200
G1 X13.600 Y-24.000
G1 X24.000 Y-24.000
G1 X24.000 Y-5.200
G1 X42.800 Y-5.200
G1 X42.800 Y5.200
G1 X5.200 Y5.200
G1 X5.200 Y24.000
G1 X-5.200 Y24.000
G1 X-5.200 Y5.200
G1 X-24.000 Y5.200
G1 X-24.000 Y0.000
G1 X-23.600 Y0.000
G1 X-23.600 Y-4.800
G1 X14.000 Y-4.800
G1 X14.000 Y-23.600
G1 X23.600 Y-23.600
G1 X23.600 Y-4.800
G1 X42.400 Y-4.800
G1 X42.400 Y4.800
G1 X4.800 Y4.800
G1 X4.800 Y23.600
G1 X-4.800 Y23.600
G1 X-4.800 Y4.800
G1 X-23.600 Y4.800
G1 X-23.600 Y0.000
G1 X-23.200 Y0.000
G1 X-23.200 Y-4.400
G1 X14.400 Y-4.400
G1 X14.400 Y-23.200
G1 X23.200 Y-23.200
G1 X23.200 Y-4.400
G1 X42.000 Y-4.400
G1 X42.000 Y4.400
G1 X4.400 Y4.400
G1 X4.400 Y23.200
G1 X-4.400 Y23.200
G1 X-4.400 Y4.400
G1 X-23.200 Y4.400
G1 X-23.200 Y-0.000
G1 X-22.800 Y0.000
G1 X-22.800 Y-4.000
G1 X14.800 Y-4.000
G1 X14.800 Y-22.800
G1 X22.800 Y-22.800
G1 X22.800 Y-4.000
G1 X41.600 Y-4.000
G1 X41.600 Y4.000
G1 X4.000 Y4.000
G1 X4.000 Y22.800
G1 X-4.000 Y22.800
G1 X-4.000 Y4.000
G1 X-22.800 Y4.000
G1 X-22.800 Y-0.000
G1 X-22.400 Y0.000
G1 X-22.400 Y-3.600
G1 X15.200 Y-3.600
G1 X15.200 Y-22.400
G1 X22.400 Y-22.400
G1 X22.400 Y-3.600
G1 X41.200 Y-3.600
G1 X41.200 Y3.600
G1 X3.600 Y3.600
G1 X3.600 Y22.400
G1 X-3.600 Y22.400
G1 X-3.600 Y3.600
G1 X-22.400 Y3.600
G1 X-22.400 Y0.000
G1 X-22.000 Y0.000
G1 X-22.000 Y-3.200
G1 X15.600 Y-3.200
G1 X15.600 Y-22.000
G1 X22.000 Y-22.000
G1 X22.000 Y-3.200
G1 X40.800 Y-3.200
G1 X40.800 Y3.200
G1 X3.200 Y3.200
G1 X3.200 Y22.000
G1 X-3.200 Y22.000
G1 X-3.200 Y3.200
G1 X-22.000 Y3.200
G1 X-22.000 Y0.000
G1 X-21.600 Y0.000
G1 X-21.600 Y-2.800
G1 X16.000 Y-2.800
G1 X16.000 Y-21.600
G1 X21.600 Y-21.600
G1 X21.600 Y-2.800
G1 X40.400 Y-2.800
G1 X40.400 Y2.800
G1 X2.800 Y2.800
G1 X2.800 Y21.600
G1 X-2.800 Y21.600
G1 X-2.800 Y2.800
G1 X-21.600 Y2.800
G1 X-21.600 Y0.000
G1 X-21.200 Y0.000
G1 X-21.200 Y-2.400
G1 X16.400 Y-2.400
G1 X16.400 Y-21.200
G1 X21.200 Y-21.200
G1 X21.200 Y-2.400
G1 X40.000 Y-2.400
G1 X40.000 Y2.400
G1 X2.400 Y2.400
G1 X2.400 Y21.200
G1 X-2.400 Y21.200
G1 X-2.400 Y2.400
G1 X-21.200 Y2.400
G1 X-21.200 Y-0.000
G1 X-20.800 Y0.000
G1 X-20.800 Y-2.000
G1 X16.800 Y-2.000
G1 X16.800 Y-20.800
G1 X20.800 Y-20.800
G1 X20.800 Y-2.000
G1 X39.600 Y-2.000
G1 X39.600 Y2.000
G1 X2.000 Y2.000
G1 X2.000 Y20.800
G1 X-2.000 Y20.800
G1 X-2.000 Y2.000
G1 X-20.800 Y2.000
G1 X-20.800 Y-0.000
G1 X-20.400 Y0.000
G1 X-20.400 Y-1.600
G1 X17.200 Y-1.600
G1 X17.200 Y-20.400
G1 X20.400 Y-20.400
G1 X20.400 Y-1.600
G1 X39.200 Y-1.600
G1 X39.200 Y1.600
G1 X1.600 Y1.600
G1 X1.600 Y20.400
G1 X-1.600 Y20.400
G1 X-1.600 Y1.600
G1 X-20.400 Y1.600
G1 X-20.400 Y0.000
G1 X-20.000 Y0.000
G1 X-20.000 Y-1.200
G1 X17.600 Y-1.200
G1 X17.600 Y-20.000
G1 X20.000 Y-20.000
G1 X20.000 Y-1.200
G1 X38.800 Y-1.200
G1 X38.800 Y1.200
G1 X1.200 Y1.200
G1 X1.200 Y20.000
G1 X-1.200 Y20.000
G1 X-1.200 Y1.200
G1 X-20.000 Y1.200
G1 X-20.000 Y0.000
G1 X-19.600 Y0.000
G1 X-19.600 Y-0.800
G1 X18.000 Y-0.800
G1 X18.000 Y-19.600
G1 X19.600 Y-19.600
G1 X19.600 Y-0.800
G1 X38.400 Y-0.800
G1 X38.400 Y0.800
G1 X0.800 Y0.800
G1 X0.800 Y19.600
G1 X-0.800 Y19.600
G1 X-0.800 Y0.800
G1 X-19.600 Y0.800
G1 X-19.600 Y-0.000
G1 X-19.200 Y0.000
G1 X-19.200 Y-0.400
G1 X18.400 Y-0.400
G1 X18.400 Y-19.200
G1 X19.200 Y-19.200
G1 X19.200 Y-0.400
G1 X38.000 Y-0.400
G1 X38.000 Y0.400
G1 X0.400 Y0.400
G1 X0.400 Y19.200
G1 X-0.400 Y19.200
G1 X-0.400 Y0.400
G1 X-19.200 Y0.400
G1 X-19.200 Y-0.000
G1 X-18.800 Y0.000
M9
G1 Z10.000
G1 X-27.800 Y0.000
G1 Z1.500
M7
G4 P150
G1 X-27.400 Y0.000 Z1.500
G1 X-27.400 Y-8.600
G1 X-11.249 Y-8.600
G1 X-11.249 Y8.600
G1 X-27.400 Y8.600
G1 X-27.400 Y0.000
G1 X-27.000 Y0.000
G1 X-27.000 Y-8.200
G1 X-11.649 Y-8.200
G1 X-11.649 Y8.200
G1 X-27.000 Y8.200
G1 X-27.000 Y0.000
G1 X-26.600 Y0.000
G1 X-26.600 Y-7.800
G1 X-12.049 Y-7.800
G1 X-12.049 Y7.800
G1 X-26.600 Y7.800
G1 X-26.600 Y0.000
G1 X-26.200 Y0.000
G1 X-26.200 Y-7.400
G1 X-12.449 Y-7.400
G1 X-12.449 Y7.400
G1 X-26.200 Y7.400
G1 X-26.200 Y0.000
G1 X-25.800 Y0.000
G1 X-25.800 Y-7.000
G1 X-12.849 Y-7.000
G1 X-12.849 Y7.000
G1 X-25.800 Y7.000
G1 X-25.800 Y0.000
G1 X-25.400 Y0.000
G1 X-25.400 Y-6.600
G1 X-13.249 Y-6.600
G1 X-13.249 Y6.600
G1 X-25.400 Y6.600
G1 X-25.400 Y0.000
G1 X-25.000 Y0.000
G1 X-25.000 Y-6.200
G1 X-13.649 Y-6.200
G1 X-13.649 Y6.200
G1 X-25.000 Y6.200
G1 X-25.000 Y0.000
G1 X-24.600 Y0.000
G1 X-24.600 Y-5.800
G1 X-14.049 Y-5.800
G1 X-14.049 Y5.800
G1 X-24.600 Y5.800
G1 X-24.600 Y0.000
G1 X-24.200 Y0.000
G1 X-24.200 Y-5.400
G1 X-14.449 Y-5.400
G1 X-14.449 Y5.400
G1 X-24.200 Y5.400
G1 X-24.200 Y0.000
G1 X-23.800 Y0.000
G1 X-23.800 Y-5.000
G1 X-14.849 Y-5.000
G1 X-14.849 Y5.000
G1 X-23.800 Y5.000
G1 X-23.800 Y0.000
G1 X-23.400 Y0.000
G1 X-23.400 Y-4.600
G1 X-15.249 Y-4.600
G1 X-15.249 Y4.600
G1 X-23.400 Y4.600
G1 X-23.400 Y0.000
G1 X-23.000 Y0.000
G1 X-23.000 Y-4.200
G1 X-15.649 Y-4.200
G1 X-15.649 Y4.200
G1 X-23.000 Y4.200
G1 X-23.000 Y0.000
G1 X-22.600 Y0.000
G1 X-22.600 Y-3.800
G1 X-16.049 Y-3.800
G1 X-16.049 Y3.800
G1 X-22.600 Y3.800
G1 X-22.600 Y0.000
G1 X-22.200 Y0.000
G1 X-22.200 Y-3.400
G1 X-16.449 Y-3.400
G1 X-16.449 Y3.400
G1 X-22.200 Y3.400
G1 X-22.200 Y0.000
G1 X-21.800 Y0.000
G1 X-21.800 Y-3.000
G1 X-16.849 Y-3.000
G1 X-16.849 Y3.000
G1 X-21.800 Y3.000
G1 X-21.800 Y0.000
G1 X-21.400 Y0.000
G1 X-21.400 Y-2.600
G1 X-17.249 Y-2.600
G1 X-17.249 Y2.600
G1 X-21.400 Y2.600
G1 X-21.400 Y0.000
G1 X-21.000 Y0.000
G1 X-21.000 Y-2.200
G1 X-17.649 Y-2.200
G1 X-17.649 Y2.200
G1 X-21.000 Y2.200
G1 X-21.000 Y0.000
G1 X-20.600 Y0.000
G1 X-20.600 Y-1.800
G1 X-18.049 Y-1.800
G1 X-18.049 Y1.800
G1 X-20.600 Y1.800
G1 X-20.600 Y0.000
G1 X-20.200 Y0.000
G1 X-20.200 Y-1.400
G1 X-18.449 Y-1.400
G1 X-18.449 Y1.400
G1 X-20.200 Y1.400
G1 X-20.200 Y0.000
G1 X-19.800 Y0.000
G1 X-19.800 Y-1.000
G1 X-18.849 Y-1.000
G1 X-18.849 Y1.000
G1 X-19.800 Y1.000
G1 X-19.800 Y0.000
G1 X-19.400 Y0.000
G1 X-19.400 Y-0.600
G1 X-19.249 Y-0.600
G1 X-19.249 Y0.600
G1 X-19.400 Y0.600
G1 X-19.400 Y0.000
G1 X-19.000 Y0.000
G1 X-19.000 Y0.000 Z1.900
G1 X-19.000 Y0.000
G1 X-19.400 Y0.000
G1 X-19.400 Y0.600
G1 X-19.707 Y0.600
G1 X-19.707 Y-0.600
G1 X-19.400 Y-0.600
G1 X-19.400 Y0.000
G1 X-19.800 Y0.000
G1 X-19.800 Y1.000
G1 X-19.307 Y1.000
G1 X-19.307 Y-1.000
G1 X-19.800 Y-1.000
G1 X-19.800 Y0.000
G1 X-20.200 Y0.000
G1 X-20.200 Y1.400
G1 X-18.907 Y1.400
G1 X-18.907 Y-1.400
G1 X-20.200 Y-1.400
G1 X-20.200 Y0.000
G1 X-20.600 Y0.000
G1 X-20.600 Y1.800
G1 X-18.507 Y1.800
G1 X-18.507 Y-1.800
G1 X-20.600 Y-1.800
G1 X-20.600 Y0.000
G1 X-21.000 Y0.000
G1 X-21.000 Y2.200
G1 X-18.107 Y2.200
G1 X-18.107 Y-2.200
G1 X-21.000 Y-2.200
G1 X-21.000 Y0.000
G1 X-21.400 Y0.000
G1 X-21.400 Y2.600
G1 X-17.707 Y2.600
G1 X-17.707 Y-2.600
G1 X-21.400 Y-2.600
G1 X-21.400 Y0.000
G1 X-21.800 Y0.000
G1 X-21.800 Y3.000
G1 X-17.307 Y3.000
G1 X-17.307 Y-3.000
G1 X-21.800 Y-3.000
G1 X-21.800 Y0.000
G1 X-22.200 Y0.000
G1 X-22.200 Y3.400
G1 X-16.907 Y3.400
G1 X-16.907 Y-3.400
G1 X-22.200 Y-3.400
G1 X-22.200 Y0.000
G1 X-22.600 Y0.000
G1 X-22.600 Y3.800
G1 X-16.507 Y3.800
G1 X-16.507 Y-3.800
G1 X-22.600 Y-3.800
G1 X-22.600 Y0.000
G1 X-23.000 Y0.000
G1 X-23.000 Y4.200
G1 X-16.107 Y4.200
G1 X-16.107 Y-4.200
G1 X-23.000 Y-4.200
G1 X-23.000 Y0.000
G1 X-23.400 Y0.000
G1 X-23.400 Y4.600
G1 X-15.707 Y4.600
G1 X-15.707 Y-4.600
G1 X-23.400 Y-4.600
G1 X-23.400 Y0.000
G1 X-23.800 Y0.000
G1 X-23.800 Y5.000
G1 X-15.307 Y5.000
G1 X-15.307 Y-5.000
G1 X-23.800 Y-5.000
G1 X-23.800 Y0.000
G1 X-24.200 Y0.000
G1 X-24.200 Y5.400
G1 X-14.907 Y5.400
G1 X-14.907 Y-5.400
G1 X-24.200 Y-5.400
G1 X-24.200 Y0.000
G1 X-24.600 Y0.000
G1 X-24.600 Y5.800
G1 X-14.507 Y5.800
G1 X-14.507 Y-5.800
G1 X-24.600 Y-5.800
G1 X-24.600 Y0.000
G1 X-25.000 Y0.000
G1 X-25.000 Y6.200
G1 X-14.107 Y6.200
G1 X-14.107 Y-6.200
G1 X-25.000 Y-6.200
G1 X-25.000 Y0.000
G1 X-25.400 Y0.000
G1 X-25.400 Y6.600
G1 X-13.707 Y6.600
G1 X-13.707 Y-6.600
G1 X-25.400 Y-6.600
G1 X-25.400 Y0.000
G1 X-25.800 Y0.000
G1 X-25.800 Y7.000
G1 X-13.307 Y7.000
G1 X-13.307 Y-7.000
G1 X-25.800 Y-7.000
G1 X-25.800 Y0.000
G1 X-26.200 Y0.000
G1 X-26.200 Y7.400
G1 X-12.907 Y7.400
G1 X-12.907 Y-7.400
G1 X-26.200 Y-7.400
G1 X-26.200 Y0.000
G1 X-26.600 Y0.000
G1 X-26.600 Y7.800
G1 X-12.507 Y7.800
G1 X-12.507 Y-7.800
G1 X-26.600 Y-7.800
G1 X-26.600 Y0.000
G1 X-27.000 Y0.000
G1 X-27.000 Y8.200
G1 X-12.107 Y8.200
G1 X-12.107 Y-8.200
G1 X-27.000 Y-8.200
G1 X-27.000 Y0.000 Z1.900
G1 X-26.600 Y0.000 Z2.300
G1 X-26.600 Y-7.800
G1 X-12.646 Y-7.800
G1 X-12.646 Y7.800
G1 X-26.600 Y7.800
G1 X-26.600 Y0.000
G1 X-26.200 Y0.000
G1 X-26.200 Y-7.400
G1 X-13.046 Y-7.400
G1 X-13.046 Y7.400
G1 X-26.200 Y7.400
G1 X-26.200 Y0.000
G1 X-25.800 Y0.000
G1 X-25.800 Y-7.000
G1 X-13.446 Y-7.000
G1 X-13.446 Y7.000
G1 X-25.800 Y7.000
G1 X-25.800 Y0.000
G1 X-25.400 Y0.000
G1 X-25.400 Y-6.600
G1 X-13.846 Y-6.600
G1 X-13.846 Y6.600
G1 X-25.400 Y6.600
G1 X-25.400 Y0.000
G1 X-25.000 Y0.000
G1 X-25.000 Y-6.200
G1 X-14.246 Y-6.200
G1 X-14.246 Y6.200
G1 X-25.000 Y6.200
G1 X-25.000 Y0.000
G1 X-24.600 Y0.000
G1 X-24.600 Y-5.800
G1 X-14.646 Y-5.800
G1 X-14.646 Y5.800
G1 X-24.600 Y5.800
G1 X-24.600 Y0.000
G1 X-24.200 Y0.000
G1 X-24.200 Y-5.400
G1 X-15.046 Y-5.400
G1 X-15.046 Y5.400
G1 X-24.200 Y5.400
G1 X-24.200 Y0.000
G1 X-23.800 Y0.000
G1 X-23.800 Y-5.000
G1 X-15.446 Y-5.000
G1 X-15.446 Y5.000
G1 X-23.800 Y5.000
G1 X-23.800 Y0.000
G1 X-23.400 Y0.000
G1 X-23.400 Y-4.600
G1 X-15.846 Y-4.600
G1 X-15.846 Y4.600
G1 X-23.400 Y4.600
G1 X-23.400 Y0.000
G1 X-23.000 Y0.000
G1 X-23.000 Y-4.200
G1 X-16.246 Y-4.200
G1 X-16.246 Y4.200
G1 X-23.000 Y4.200
G1 X-23.000 Y0.000
G1 X-22.600 Y0.000
G1 X-22.600 Y-3.800
G1 X-16.646 Y-3.800
G1 X-16.646 Y3.800
G1 X-22.600 Y3.800
G1 X-22.600 Y0.000
G1 X-22.200 Y0.000
G1 X-22.200 Y-3.400
G1 X-17.046 Y-3.400
G1 X-17.046 Y3.400
G1 X-22.200 Y3.400
G1 X-22.200 Y0.000
G1 X-21.800 Y0.000
G1 X-21.800 Y-3.000
G1 X-17.446 Y-3.000
G1 X-17.446 Y3.000
G1 X-21.800 Y3.000
G1 X-21.800 Y0.000
G1 X-21.400 Y0.000
G1 X-21.400 Y-2.600
G1 X-17.846 Y-2.600
G1 X-17.846 Y2.600
G1 X-21.400 Y2.600
G1 X-21.400 Y0.000
G1 X-21.000 Y0.000
G1 X-21.000 Y-2.200
G1 X-18.246 Y-2.200
G1 X-18.246 Y2.200
G1 X-21.000 Y2.200
G1 X-21.000 Y0.000
G1 X-20.600 Y0.000
G1 X-20.600 Y-1.800
G1 X-18.646 Y-1.800
G1 X-18.646 Y1.800
G1 X-20.600 Y1.800
G1 X-20.600 Y0.000
G1 X-20.200 Y0.000
G1 X-20.200 Y-1.400
G1 X-19.046 Y-1.400
G1 X-19.046 Y1.400
G1 X-20.200 Y1.400
G1 X-20.200 Y0.000
G1 X-19.800 Y0.000
G1 X-19.800 Y-1.000
G1 X-19.446 Y-1.000
G1 X-19.446 Y1.000
G1 X-19.800 Y1.000
G1 X-19.800 Y0.000
G1 X-19.400 Y0.000
G1 X-19.400 Y0.000 Z2.700
G1 X-19.400 Y0.000
G1 X-19.800 Y0.000
G1 X-19.800 Y1.000
G1 X-19.440 Y1.000
G1 X-19.440 Y-1.000
G1 X-19.800 Y-1.000
G1 X-19.800 Y0.000
G1 X-20.200 Y0.000
G1 X-20.200 Y1.400
G1 X-19.040 Y1.400
G1 X-19.040 Y-1.400
G1 X-20.200 Y-1.400
G1 X-20.200 Y0.000
G1 X-20.600 Y0.000
G1 X-20.600 Y1.800
G1 X-18.640 Y1.800
G1 X-18.640 Y-1.800
G1 X-20.600 Y-1.800
G1 X-20.600 Y0.000
G1 X-21.000 Y0.000
G1 X-21.000 Y2.200
G1 X-18.240 Y2.200
G1 X-18.240 Y-2.200
G1 X-21.000 Y-2.200
G1 X-21.000 Y0.000
G1 X-21.400 Y0.000
G1 X-21.400 Y2.600
G1 X-17.840 Y2.600
G1 X-17.840 Y-2.600
G1 X-21.400 Y-2.600
G1 X-21.400 Y0.000
G1 X-21.800 Y0.000
G1 X-21.800 Y3.000
G1 X-17.440 Y3.000
G1 X-17.440 Y-3.000
G1 X-21.800 Y-3.000
G1 X-21.800 Y0.000
G1 X-22.200 Y0.000
G1 X-22.200 Y3.400
G1 X-17.040 Y3.400
G1 X-17.040 Y-3.400
G1 X-22.200 Y-3.400
G1 X-22.200 Y0.000
G1 X-22.600 Y0.000
G1 X-22.600 Y3.800
G1 X-16.640 Y3.800
G1 X-16.640 Y-3.800
G1 X-22.600 Y-3.800
G1 X-22.600 Y0.000
G1 X-23.000 Y0.000
G1 X-23.000 Y4.200
G1 X-16.240 Y4.200
G1 X-16.240 Y-4.200
G1 X-23.000 Y-4.200
G1 X-23.000 Y0.000
G1 X-23.400 Y0.000
G1 X-23.400 Y4.600
G1 X-15.840 Y4.600
G1 X-15.840 Y-4.600
G1 X-23.400 Y-4.600
G1 X-23.400 Y0.000
G1 X-23.800 Y0.000
G1 X-23.800 Y5.000
G1 X-15.440 Y5.000
G1 X-15.440 Y-5.000
G1 X-23.800 Y-5.000
G1 X-23.800 Y0.000
G1 X-24.200 Y0.000
G1 X-24.200 Y5.400
G1 X-15.040 Y5.400
G1 X-15.040 Y-5.400
G1 X-24.200 Y-5.400
G1 X-24.200 Y0.000
G1 X-24.600 Y0.000
G1 X-24.600 Y5.800
G1 X-14.640 Y5.800
G1 X-14.640 Y-5.800
G1 X-24.600 Y-5.800
G1 X-24.600 Y0.000
G1 X-25.000 Y0.000
G1 X-25.000 Y6.200
G1 X-14.240 Y6.200
G1 X-14.240 Y-6.200
G1 X-25.000 Y-6.200
G1 X-25.000 Y0.000
G1 X-25.400 Y0.000
G1 X-25.400 Y6.600
G1 X-13.840 Y6.600
G1 X-13.840 Y-6.600
G1 X-25.400 Y-6.600
G1 X-25.400 Y0.000
G1 X-25.800 Y0.000
G1 X-25.800 Y7.000
G1 X-13.440 Y7.000
G1 X-13.440 Y-7.000
G1 X-25.800 Y-7.000
G1 X-25.800 Y0.000
G1 X-26.200 Y0.000
G1 X-26.200 Y7.400
G1 X-13.040 Y7.400
G1 X-13.040 Y-7.400
G1 X-26.200 Y-7.400
G1 X-26.200 Y0.000 Z2.700
G1 X-25.800 Y0.000 Z3.100
G1 X-25.800 Y-7.000
G1 X-13.341 Y-7.000
G1 X-13.341 Y7.000
G1 X-25.800 Y7.000
G1 X-25.800 Y0.000
G1 X-25.400 Y0.000
G1 X-25.400 Y-6.600
G1 X-13.741 Y-6.600
G1 X-13.741 Y6.600
G1 X-25.400 Y6.600
G1 X-25.400 Y0.000
G1 X-25.000 Y0.000
G1 X-25.000 Y-6.200
G1 X-14.141 Y-6.200
G1 X-14.141 Y6.200
G1 X-25.000 Y6.200
G1 X-25.000 Y0.000
G1 X-24.600 Y0.000
G1 X-24.600 Y-5.800
G1 X-14.541 Y-5.800
G1 X-14.541 Y5.800
G1 X-24.600 Y5.800
G1 X-24.600 Y0.000
G1 X-24.200 Y0.000
G1 X-24.200 Y-5.400
G1 X-14.941 Y-5.400
G1 X-14.941 Y5.400
G1 X-24.200 Y5.400
G1 X-24.200 Y0.000
G1 X-23.800 Y0.000
G1 X-23.800 Y-5.000
G1 X-15.341 Y-5.000
G1 X-15.341 Y5.000
G1 X-23.800 Y5.000
G1 X-23.800 Y0.000
G1 X-23.400 Y0.000
G1 X-23.400 Y-4.600
G1 X-15.741 Y-4.600
G1 X-15.741 Y4.600
G1 X-23.400 Y4.600
G1 X-23.400 Y0.000
G1 X-23.000 Y0.000
G1 X-23.000 Y-4.200
G1 X-16.141 Y-4.200
G1 X-16.141 Y4.200
G1 X-23.000 Y4.200
G1 X-23.000 Y0.000
G1 X-22.600 Y0.000
G1 X-22.600 Y-3.800
G1 X-16.541 Y-3.800
G1 X-16.541 Y3.800
G1 X-22.600 Y3.800
G1 X-22.600 Y0.000
G1 X-22.200 Y0.000
G1 X-22.200 Y-3.400
G1 X-16.941 Y-3.400
G1 X-16.941 Y3.400
G1 X-22.200 Y3.400
G1 X-22.200 Y0.000
G1 X-21.800 Y0.000
G1 X-21.800 Y-3.000
G1 X-17.341 Y-3.000
G1 X-17.341 Y3.000
G1 X-21.800 Y3.000
G1 X-21.800 Y0.000
G1 X-21.400 Y0.000
G1 X-21.400 Y-2.600
G1 X-17.741 Y-2.600
G1 X-17.741 Y2.600
G1 X-21.400 Y2.600
G1 X-21.400 Y0.000
G1 X-21.000 Y0.000
G1 X-21.000 Y-2.200
G1 X-18.141 Y-2.200
G1 X-18.141 Y2.200
G1 X-21.000 Y2.200
G1 X-21.000 Y0.000
G1 X-20.600 Y0.000
G1 X-20.600 Y-1.800
G1 X-18.541 Y-1.800
G1 X-18.541 Y1.800
G1 X-20.600 Y1.800
G1 X-20.600 Y0.000
G1 X-20.200 Y0.000
G1 X-20.200 Y-1.400
G1 X-18.941 Y-1.400
G1 X-18.941 Y1.400
G1 X-20.200 Y1.400
G1 X-20.200 Y0.000
G1 X-19.800 Y0.000
G1 X-19.800 Y-1.000
G1 X-19.341 Y-1.000
G1 X-19.341 Y1.000
G1 X-19.800 Y1.000
G1 X-19.800 Y0.000
G1 X-19.400 Y0.000
G1 X-19.400 Y-0.600
G1 X-19.741 Y-0.600
G1 X-19.741 Y0.600
G1 X-19.400 Y0.600
G1 X-19.400 Y0.000
G1 X-19.000 Y0.000
G1 X-19.000 Y0.000 Z3.500
G1 X-19.000 Y0.000
G1 X-19.400 Y0.000
G1 X-19.400 Y0.600
G1 X-19.572 Y0.600
G1 X-19.572 Y-0.600
G1 X-19.400 Y-0.600
G1 X-19.400 Y0.000
G1 X-19.800 Y0.000
G1 X-19.800 Y1.000
G1 X-19.172 Y1.000
G1 X-19.172 Y-1.000
G1 X-19.800 Y-1.000
G1 X-19.800 Y0.000
G1 X-20.200 Y0.000
G1 X-20.200 Y1.400
G1 X-18.772 Y1.400
G1 X-18.772 Y-1.400
G1 X-20.200 Y-1.400
G1 X-20.200 Y0.000
G1 X-20.600 Y0.000
G1 X-20.600 Y1.800
G1 X-18.372 Y1.800
G1 X-18.372 Y-1.800
G1 X-20.600 Y-1.800
G1 X-20.600 Y0.000
G1 X-21.000 Y0.000
G1 X-21.000 Y2.200
G1 X-17.972 Y2.200
G1 X-17.972 Y-2.200
G1 X-21.000 Y-2.200
G1 X-21.000 Y0.000
G1 X-21.400 Y0.000
G1 X-21.400 Y2.600
G1 X-17.572 Y2.600
G1 X-17.572 Y-2.600
G1 X-21.400 Y-2.600
G1 X-21.400 Y0.000
G1 X-21.800 Y0.000
G1 X-21.800 Y3.000
G1 X-17.172 Y3.000
G1 X-17.172 Y-3.000
G1 X-21.800 Y-3.000
G1 X-21.800 Y0.000
G1 X-22.200 Y0.000
G1 X-22.200 Y3.400
G1 X-16.772 Y3.400
G1 X-16.772 Y-3.400
G1 X-22.200 Y-3.400
G1 X-22.200 Y0.000
G1 X-22.600 Y0.000
G1 X-22.600 Y3.800
G1 X-16.372 Y3.800
G1 X-16.372 Y-3.800
G1 X-22.600 Y-3.800
G1 X-22.600 Y0.000
G1 X-23.000 Y0.000
G1 X-23.000 Y4.200
G1 X-15.972 Y4.200
G1 X-15.972 Y-4.200
G1 X-23.000 Y-4.200
G1 X-23.000 Y0.000
G1 X-23.400 Y0.000
G1 X-23.400 Y4.600
G1 X-15.572 Y4.600
G1 X-15.572 Y-4.600
G1 X-23.400 Y-4.600
G1 X-23.400 Y0.000
G1 X-23.800 Y0.000
G1 X-23.800 Y5.000
G1 X-15.172 Y5.000
G1 X-15.172 Y-5.000
G1 X-23.800 Y-5.000
G1 X-23.800 Y0.000
G1 X-24.200 Y0.000
G1 X-24.200 Y5.400
G1 X-14.772 Y5.400
G1 X-14.772 Y-5.400
G1 X-24.200 Y-5.400
G1 X-24.200 Y0.000
G1 X-24.600 Y0.000
G1 X-24.600 Y5.800
G1 X-14.372 Y5.800
G1 X-14.372 Y-5.800
G1 X-24.600 Y-5.800
G1 X-24.600 Y0.000
G1 X-25.000 Y0.000
G1 X-25.000 Y6.200
G1 X-13.972 Y6.200
G1 X-13.972 Y-6.200
G1 X-25.000 Y-6.200
G1 X-25.000 Y0.000
G1 X-25.400 Y0.000
G1 X-25.400 Y6.600
G1 X-13.572 Y6.600
G1 X-13.572 Y-6.600
G1 X-25.400 Y-6.600
G1 X-25.400 Y0.000 Z3.500
G1 X-25.000 Y0.000 Z3.900
G1 X-25.000 Y-6.200
G1 X-13.747 Y-6.200
G1 X-13.747 Y6.200
G1 X-25.000 Y6.200
G1 X-25.000 Y0.000
G1 X-24.600 Y0.000
G1 X-24.600 Y-5.800
G1 X-14.147 Y-5.800
G1 X-14.147 Y5.800
G1 X-24.600 Y5.800
G1 X-24.600 Y0.000
G1 X-24.200 Y0.000
G1 X-24.200 Y-5.400
G1 X-14.547 Y-5.400
G1 X-14.547 Y5.400
G1 X-24.200 Y5.400
G1 X-24.200 Y0.000
G1 X-23.800 Y0.000
G1 X-23.800 Y-5.000
G1 X-14.947 Y-5.000
G1 X-14.947 Y5.000
G1 X-23.800 Y5.000
G1 X-23.800 Y0.000
G1 X-23.400 Y0.000
G1 X-23.400 Y-4.600
G1 X-15.347 Y-4.600
G1 X-15.347 Y4.600
G1 X-23.400 Y4.600
G1 X-23.400 Y0.000
G1 X-23.000 Y0.000
G1 X-23.000 Y-4.200
G1 X-15.747 Y-4.200
G1 X-15.747 Y4.200
G1 X-23.000 Y4.200
G1 X-23.000 Y0.000
G1 X-22.600 Y0.000
G1 X-22.600 Y-3.800
G1 X-16.147 Y-3.800
G1 X-16.147 Y3.800
G1 X-22.600 Y3.800
G1 X-22.600 Y0.000
G1 X-22.200 Y0.000
G1 X-22.200 Y-3.400
G1 X-16.547 Y-3.400
G1 X-16.547 Y3.400
G1 X-22.200 Y3.400
G1 X-22.200 Y0.000
G1 X-21.800 Y0.000
G1 X-21.800 Y-3.000
G1 X-16.947 Y-3.000
G1 X-16.947 Y3.000
G1 X-21.800 Y3.000
G1 X-21.800 Y0.000
G1 X-21.400 Y0.000
G1 X-21.400 Y-2.600
G1 X-17.347 Y-2.600
G1 X-17.347 Y2.600
G1 X-21.400 Y2.600
G1 X-21.400 Y0.000
G1 X-21.000 Y0.000
G1 X-21.000 Y-2.200
G1 X-17.747 Y-2.200
G1 X-17.747 Y2.200
G1 X-21.000 Y2.200
G1 X-21.000 Y0.000
G1 X-20.600 Y0.000
G1 X-20.600 Y-1.800
G1 X-18.147 Y-1.800
G1 X-18.147 Y1.800
G1 X-20.600 Y1.800
G1 X-20.600 Y0.000
G1 X-20.200 Y0.000
G1 X-20.200 Y-1.400
G1 X-18.547 Y-1.400
G1 X-18.547 Y1.400
G1 X-20.200 Y1.400
G1 X-20.200 Y0.000
G1 X-19.800 Y0.000
G1 X-19.800 Y-1.000
G1 X-18.947 Y-1.000
G1 X-18.947 Y1.000
G1 X-19.800 Y1.000
G1 X-19.800 Y0.000
G1 X-19.400 Y0.000
G1 X-19.400 Y-0.600
G1 X-19.347 Y-0.600
G1 X-19.347 Y0.600
G1 X-19.400 Y0.600
G1 X-19.400 Y0.000
G1 X-19.000 Y0.000
G1 X-19.000 Y0.000 Z4.300
G1 X-19.000 Y0.000
G1 X-19.400 Y0.000
G1 X-19.400 Y0.600
G1 X-19.073 Y0.600
G1 X-19.073 Y-0.600
G1 X-19.400 Y-0.600
G1 X-19.400 Y0.000
G1 X-19.800 Y0.000
G1 X-19.800 Y1.000
G1 X-18.673 Y1.000
G1 X-18.673 Y-1.000
G1 X-19.800 Y-1.000
G1 X-19.800 Y0.000
G1 X-20.200 Y0.000
G1 X-20.200 Y1.400
G1 X-18.273 Y1.400
G1 X-18.273 Y-1.400
G1 X-20.200 Y-1.400
G1 X-20.200 Y0.000
G1 X-20.600 Y0.000
G1 X-20.600 Y1.800
G1 X-17.873 Y1.800
G1 X-17.873 Y-1.800
G1 X-20.600 Y-1.800
G1 X-20.600 Y0.000
G1 X-21.000 Y0.000
G1 X-21.000 Y2.200
G1 X-17.473 Y2.200
G1 X-17.473 Y-2.200
G1 X-21.000 Y-2.200
G1 X-21.000 Y0.000
G1 X-21.400 Y0.000
G1 X-21.400 Y2.600
G1 X-17.073 Y2.600
G1 X-17.073 Y-2.600
G1 X-21.400 Y-2.600
G1 X-21.400 Y0.000
G1 X-21.800 Y0.000
G1 X-21.800 Y3.000
G1 X-16.673 Y3.000
G1 X-16.673 Y-3.000
G1 X-21.800 Y-3.000
G1 X-21.800 Y0.000
G1 X-22.200 Y0.000
G1 X-22.200 Y3.400
G1 X-16.273 Y3.400
G1 X-16.273 Y-3.400
G1 X-22.200 Y-3.400
G1 X-22.200 Y0.000
G1 X-22.600 Y0.000
G1 X-22.600 Y3.800
G1 X-15.873 Y3.800
G1 X-15.873 Y-3.800
G1 X-22.600 Y-3.800
G1 X-22.600 Y0.000
G1 X-23.000 Y0.000
G1 X-23.000 Y4.200
G1 X-15.473 Y4.200
G1 X-15.473 Y-4.200
G1 X-23.000 Y-4.200
G1 X-23.000 Y0.000
G1 X-23.400 Y0.000
G1 X-23.400 Y4.600
G1 X-15.073 Y4.600
G1 X-15.073 Y-4.600
G1 X-23.400 Y-4.600
G1 X-23.400 Y0.000
G1 X-23.800 Y0.000
G1 X-23.800 Y5.000
G1 X-14.673 Y5.000
G1 X-14.673 Y-5.000
G1 X-23.800 Y-5.000
G1 X-23.800 Y0.000
G1 X-24.200 Y0.000
G1 X-24.200 Y5.400
G1 X-14.273 Y5.400
G1 X-14.273 Y-5.400
G1 X-24.200 Y-5.400
G1 X-24.200 Y0.000
G1 X-24.600 Y0.000
G1 X-24.600 Y5.800
G1 X-13.873 Y5.800
G1 X-13.873 Y-5.800
G1 X-24.600 Y-5.800
G1 X-24.600 Y0.000 Z4.300
G1 X-24.200 Y0.000 Z4.700
G1 X-24.200 Y-5.400
G1 X-13.955 Y-5.400
G1 X-13.955 Y5.400
G1 X-24.200 Y5.400
G1 X-24.200 Y0.000
G1 X-23.800 Y0.000
G1 X-23.800 Y-5.000
G1 X-14.355 Y-5.000
G1 X-14.355 Y5.000
G1 X-23.800 Y5.000
G1 X-23.800 Y0.000
G1 X-23.400 Y0.000
G1 X-23.400 Y-4.600
G1 X-14.755 Y-4.600
G1 X-14.755 Y4.600
G1 X-23.400 Y4.600
G1 X-23.400 Y0.000
G1 X-23.000 Y0.000
G1 X-23.000 Y-4.200
G1 X-15.155 Y-4.200
G1 X-15.155 Y4.200
G1 X-23.000 Y4.200
G1 X-23.000 Y0.000
G1 X-22.600 Y0.000
G1 X-22.600 Y-3.800
G1 X-15.555 Y-3.800
G1 X-15.555 Y3.800
G1 X-22.600 Y3.800
G1 X-22.600 Y0.000
G1 X-22.200 Y0.000
G1 X-22.200 Y-3.400
G1 X-15.955 Y-3.400
G1 X-15.955 Y3.400
G1 X-22.200 Y3.400
G1 X-22.200 Y0.000
G1 X-21.800 Y0.000
G1 X-21.800 Y-3.000
G1 X-16.355 Y-3.000
G1 X-16.355 Y3.000
G1 X-21.800 Y3.000
G1 X-21.800 Y0.000
G1 X-21.400 Y0.000
G1 X-21.400 Y-2.600
G1 X-16.755 Y-2.600
G1 X-16.755 Y2.600
G1 X-21.400 Y2.600
G1 X-21.400 Y0.000
G1 X-21.000 Y0.000
G1 X-21.000 Y-2.200
G1 X-17.155 Y-2.200
G1 X-17.155 Y2.200
G1 X-21.000 Y2.200
G1 X-21.000 Y0.000
G1 X-20.600 Y0.000
G1 X-20.600 Y-1.800
G1 X-17.555 Y-1.800
G1 X-17.555 Y1.800
G1 X-20.600 Y1.800
G1 X-20.600 Y0.000
G1 X-20.200 Y0.000
G1 X-20.200 Y-1.400
G1 X-17.955 Y-1.400
G1 X-17.955 Y1.400
G1 X-20.200 Y1.400
G1 X-20.200 Y0.000
G1 X-19.800 Y0.000
G1 X-19.800 Y-1.000
G1 X-18.355 Y-1.000
G1 X-18.355 Y1.000
G1 X-19.800 Y1.000
G1 X-19.800 Y0.000
G1 X-19.400 Y0.000
G1 X-19.400 Y-0.600
G1 X-18.755 Y-0.600
G1 X-18.755 Y0.600
G1 X-19.400 Y0.600
G1 X-19.400 Y0.000
G1 X-19.000 Y0.000
G1 X-19.000 Y-0.200
G1 X-19.155 Y-0.200
G1 X-19.155 Y0.200
G1 X-19.000 Y0.200
G1 X-19.000 Y0.000
G1 X-18.600 Y0.000
G1 X-18.600 Y0.000 Z5.100
G1 X-18.600 Y0.000
G1 X-19.000 Y0.000
G1 X-19.000 Y0.200
G1 X-18.795 Y0.200
G1 X-18.795 Y-0.200
G1 X-19.000 Y-0.200
G1 X-19.000 Y0.000
G1 X-19.400 Y0.000
G1 X-19.400 Y0.600
G1 X-18.395 Y0.600
G1 X-18.395 Y-0.600
G1 X-19.400 Y-0.600
G1 X-19.400 Y0.000
G1 X-19.800 Y0.000
G1 X-19.800 Y1.000
G1 X-17.995 Y1.000
G1 X-17.995 Y-1.000
G1 X-19.800 Y-1.000
G1 X-19.800 Y0.000
G1 X-20.200 Y0.000
G1 X-20.200 Y1.400
G1 X-17.595 Y1.400
G1 X-17.595 Y-1.400
G1 X-20.200 Y-1.400
G1 X-20.200 Y0.000
G1 X-20.600 Y0.000
G1 X-20.600 Y1.800
G1 X-17.195 Y1.800
G1 X-17.195 Y-1.800
G1 X-20.600 Y-1.800
G1 X-20.600 Y0.000
G1 X-21.000 Y0.000
G1 X-21.000 Y2.200
G1 X-16.795 Y2.200
G1 X-16.795 Y-2.200
G1 X-21.000 Y-2.200
G1 X-21.000 Y0.000
G1 X-21.400 Y0.000
G1 X-21.400 Y2.600
G1 X-16.395 Y2.600
G1 X-16.395 Y-2.600
G1 X-21.400 Y-2.600
G1 X-21.400 Y0.000
G1 X-21.800 Y0.000
G1 X-21.800 Y3.000
G1 X-15.995 Y3.000
G1 X-15.995 Y-3.000
G1 X-21.800 Y-3.000
G1 X-21.800 Y0.000
G1 X-22.200 Y0.000
G1 X-22.200 Y3.400
G1 X-15.595 Y3.400
G1 X-15.595 Y-3.400
G1 X-22.200 Y-3.400
G1 X-22.200 Y0.000
G1 X-22.600 Y0.000
G1 X-22.600 Y3.800
G1 X-15.195 Y3.800
G1 X-15.195 Y-3.800
G1 X-22.600 Y-3.800
G1 X-22.600 Y0.000
G1 X-23.000 Y0.000
G1 X-23.000 Y4.200
G1 X-14.795 Y4.200
G1 X-14.795 Y-4.200
G1 X-23.000 Y-4.200
G1 X-23.000 Y0.000
G1 X-23.400 Y0.000
G1 X-23.400 Y4.600
G1 X-14.395 Y4.600
G1 X-14.395 Y-4.600
G1 X-23.400 Y-4.600
G1 X-23.400 Y0.000
G1 X-23.800 Y0.000
G1 X-23.800 Y5.000
G1 X-13.995 Y5.000
G1 X-13.995 Y-5.000
G1 X-23.800 Y-5.000
G1 X-23.800 Y0.000 Z5.100
M9
G1 Z10.000
G1 X0.000 Y27.800
G1 Z1.500
M7
G4 P150
G1 X0.000 Y27.400 Z1.500
G1 X-8.600 Y27.400
G1 X-8.600 Y11.249
G1 X8.600 Y11.249
G1 X8.600 Y27.400
G1 X0.000 Y27.400
G1 X0.000 Y27.000
G1 X-8.200 Y27.000
G1 X-8.200 Y11.649
G1 X8.200 Y11.649
G1 X8.200 Y27.000
G1 X0.000 Y27.000
G1 X0.000 Y26.600
G1 X-7.800 Y26.600
G1 X-7.800 Y12.049
G1 X7.800 Y12.049
G1 X7.800 Y26.600
G1 X0.000 Y26.600
G1 X0.000 Y26.200
G1 X-7.400 Y26.200
G1 X-7.400 Y12.449
G1 X7.400 Y12.449
G1 X7.400 Y26.200
G1 X0.000 Y26.200
G1 X0.000 Y25.800
G1 X-7.000 Y25.800
G1 X-7.000 Y12.849
G1 X7.000 Y12.849
G1 X7.000 Y25.800
G1 X0.000 Y25.800
G1 X0.000 Y25.400
G1 X-6.600 Y25.400
G1 X-6.600 Y13.249
G1 X6.600 Y13.249
G1 X6.600 Y25.400
G1 X0.000 Y25.400
G1 X0.000 Y25.000
G1 X-6.200 Y25.000
G1 X-6.200 Y13.649
G1 X6.200 Y13.649
G1 X6.200 Y25.000
G1 X0.000 Y25.000
G1 X0.000 Y24.600
G1 X-5.800 Y24.600
G1 X-5.800 Y14.049
G1 X5.800 Y14.049
G1 X5.800 Y24.600
G1 X0.000 Y24.600
G1 X0.000 Y24.200
G1 X-5.400 Y24.200
G1 X-5.400 Y14.449
G1 X5.400 Y14.449
G1 X5.400 Y24.200
G1 X0.000 Y24.200
G1 X0.000 Y23.800
G1 X-5.000 Y23.800
G1 X-5.000 Y14.849
G1 X5.000 Y14.849
G1 X5.000 Y23.800
G1 X0.000 Y23.800
G1 X0.000 Y23.400
G1 X-4.600 Y23.400
G1 X-4.600 Y15.249
G1 X4.600 Y15.249
G1 X4.600 Y23.400
G1 X0.000 Y23.400
G1 X0.000 Y23.000
G1 X-4.200 Y23.000
G1 X-4.200 Y15.649
G1 X4.200 Y15.649
G1 X4.200 Y23.000
G1 X0.000 Y23.000
G1 X0.000 Y22.600
G1 X-3.800 Y22.600
G1 X-3.800 Y16.049
G1 X3.800 Y16.049
G1 X3.800 Y22.600
G1 X0.000 Y22.600
G1 X0.000 Y22.200
G1 X-3.400 Y22.200
G1 X-3.400 Y16.449
G1 X3.400 Y16.449
G1 X3.400 Y22.200
G1 X0.000 Y22.200
G1 X0.000 Y21.800
G1 X-3.000 Y21.800
G1 X-3.000 Y16.849
G1 X3.000 Y16.849
G1 X3.000 Y21.800
G1 X0.000 Y21.800
G1 X0.000 Y21.400
G1 X-2.600 Y21.400
G1 X-2.600 Y17.249
G1 X2.600 Y17.249
G1 X2.600 Y21.400
G1 X0.000 Y21.400
G1 X0.000 Y21.000
G1 X-2.200 Y21.000
G1 X-2.200 Y17.649
G1 X2.200 Y17.649
G1 X2.200 Y21.000
G1 X0.000 Y21.000
G1 X0.000 Y20.600
G1 X-1.800 Y20.600
G1 X-1.800 Y18.049
G1 X1.800 Y18.049
G1 X1.800 Y20.600
G1 X0.000 Y20.600
G1 X0.000 Y20.200
G1 X-1.400 Y20.200
G1 X-1.400 Y18.449
G1 X1.400 Y18.449
G1 X1.400 Y20.200
G1 X0.000 Y20.200
G1 X0.000 Y19.800
G1 X-1.000 Y19.800
G1 X-1.000 Y18.849
G1 X1.000 Y18.849
G1 X1.000 Y19.800
G1 X0.000 Y19.800
G1 X0.000 Y19.400
G1 X-0.600 Y19.400
G1 X-0.600 Y19.249
G1 X0.600 Y19.249
G1 X0.600 Y19.400
G1 X0.000 Y19.400
G1 X0.000 Y19.000
G1 X0.000 Y19.000 Z1.900
G1 X0.000 Y19.000
G1 X0.000 Y19.400
G1 X0.600 Y19.400
G1 X0.600 Y19.707
G1 X-0.600 Y19.707
G1 X-0.600 Y19.400
G1 X0.000 Y19.400
G1 X0.000 Y19.800
G1 X1.000 Y19.800
G1 X1.000 Y19.307
G1 X-1.000 Y19.307
G1 X-1.000 Y19.800
G1 X0.000 Y19.800
G1 X0.000 Y20.200
G1 X1.400 Y20.200
G1 X1.400 Y18.907
G1 X-1.400 Y18.907
G1 X-1.400 Y20.200
G1 X0.000 Y20.200
G1 X0.000 Y20.600
G1 X1.800 Y20.600
G1 X1.800 Y18.507
G1 X-1.800 Y18.507
G1 X-1.800 Y20.600
G1 X0.000 Y20.600
G1 X0.000 Y21.000
G1 X2.200 Y21.000
G1 X2.200 Y18.107
G1 X-2.200 Y18.107
G1 X-2.200 Y21.000
G1 X0.000 Y21.000
G1 X0.000 Y21.400
G1 X2.600 Y21.400
G1 X2.600 Y17.707
G1 X-2.600 Y17.707
G1 X-2.600 Y21.400
G1 X0.000 Y21.400
G1 X0.000 Y21.800
G1 X3.000 Y21.800
G1 X3.000 Y17.307
G1 X-3.000 Y17.307
G1 X-3.000 Y21.800
G1 X0.000 Y21.800
G1 X0.000 Y22.200
G1 X3.400 Y22.200
G1 X3.400 Y16.907
G1 X-3.400 Y16.907
G1 X-3.400 Y22.200
G1 X0.000 Y22.200
G1 X0.000 Y22.600
G1 X3.800 Y22.600
G1 X3.800 Y16.507
G1 X-3.800 Y16.507
G1 X-3.800 Y22.600
G1 X0.000 Y22.600
G1 X0.000 Y23.000
G1 X4.200 Y23.000
G1 X4.200 Y16.107
G1 X-4.200 Y16.107
G1 X-4.200 Y23.000
G1 X0.000 Y23.000
G1 X0.000 Y23.400
G1 X4.600 Y23.400
G1 X4.600 Y15.707
G1 X-4.600 Y15.707
G1 X-4.600 Y23.400
G1 X0.000 Y23.400
G1 X0.000 Y23.800
G1 X5.000 Y23.800
G1 X5.000 Y15.307
G1 X-5.000 Y15.307
G1 X-5.000 Y23.800
G1 X0.000 Y23.800
G1 X0.000 Y24.200
G1 X5.400 Y24.200
G1 X5.400 Y14.907
G1 X-5.400 Y14.907
G1 X-5.400 Y24.200
G1 X0.000 Y24.200
G1 X0.000 Y24.600
G1 X5.800 Y24.600
G1 X5.800 Y14.507
G1 X-5.800 Y14.507
G1 X-5.800 Y24.600
G1 X0.000 Y24.600
G1 X0.000 Y25.000
G1 X6.200 Y25.000
G1 X6.200 Y14.107
G1 X-6.200 Y14.107
G1 X-6.200 Y25.000
G1 X0.000 Y25.000
G1 X0.000 Y25.400
G1 X6.600 Y25.400
G1 X6.600 Y13.707
G1 X-6.600 Y13.707
G1 X-6.600 Y25.400
G1 X0.000 Y25.400
G1 X0.000 Y25.800
G1 X7.000 Y25.800
G1 X7.000 Y13.307
G1 X-7.000 Y13.307
G1 X-7.000 Y25.800
G1 X0.000 Y25.800
G1 X0.000 Y26.200
G1 X7.400 Y26.200
G1 X7.400 Y12.907
G1 X-7.400 Y12.907
G1 X-7.400 Y26.200
G1 X0.000 Y26.200
G1 X0.000 Y26.600
G1 X7.800 Y26.600
G1 X7.800 Y12.507
G1 X-7.800 Y12.507
G1 X-7.800 Y26.600
G1 X0.000 Y26.600
G1 X0.000 Y27.000
G1 X8.200 Y27.000
G1 X8.200 Y12.107
G1 X-8.200 Y12.107
G1 X-8.200 Y27.000
G1 X0.000 Y27.000 Z1.900
G1 X0.000 Y26.600 Z2.300
G1 X-7.800 Y26.600
G1 X-7.800 Y12.646
G1 X7.800 Y12.646
G1 X7.800 Y26.600
G1 X0.000 Y26.600
G1 X0.000 Y26.200
G1 X-7.400 Y26.200
G1 X-7.400 Y13.046
G1 X7.400 Y13.046
G1 X7.400 Y26.200
G1 X0.000 Y26.200
G1 X0.000 Y25.800
G1 X-7.000 Y25.800
G1 X-7.000 Y13.446
G1 X7.000 Y13.446
G1 X7.000 Y25.800
G1 X0.000 Y25.800
G1 X0.000 Y25.400
G1 X-6.600 Y25.400
G1 X-6.600 Y13.846
G1 X6.600 Y13.846
G1 X6.600 Y25.400
G1 X0.000 Y25.400
G1 X0.000 Y25.000
G1 X-6.200 Y25.000
G1 X-6.200 Y14.246
G1 X6.200 Y14.246
G1 X6.200 Y25.000
G1 X0.000 Y25.000
G1 X0.000 Y24.600
G1 X-5.800 Y24.600
G1 X-5.800 Y14.646
G1 X5.800 Y14.646
G1 X5.800 Y24.600
G1 X0.000 Y24.600
G1 X0.000 Y24.200
G1 X-5.400 Y24.200
G1 X-5.400 Y15.046
G1 X5.400 Y15.046
G1 X5.400 Y24.200
G1 X0.000 Y24.200
G1 X0.000 Y23.800
G1 X-5.000 Y23.800
G1 X-5.000 Y15.446
G1 X5.000 Y15.446
G1 X5.000 Y23.800
G1 X0.000 Y23.800
G1 X0.000 Y23.400
G1 X-4.600 Y23.400
G1 X-4.600 Y15.846
G1 X4.600 Y15.846
G1 X4.600 Y23.400
G1 X0.000 Y23.400
G1 X0.000 Y23.000
G1 X-4.200 Y23.000
G1 X-4.200 Y16.246
G1 X4.200 Y16.246
G1 X4.200 Y23.000
G1 X0.000 Y23.000
G1 X0.000 Y22.600
G1 X-3.800 Y22.600
G1 X-3.800 Y16.646
G1 X3.800 Y16.646
G1 X3.800 Y22.600
G1 X0.000 Y22.600
G1 X0.000 Y22.200
G1 X-3.400 Y22.200
G1 X-3.400 Y17.046
G1 X3.400 Y17.046
G1 X3.400 Y22.200
G1 X0.000 Y22.200
G1 X0.000 Y21.800
G1 X-3.000 Y21.800
G1 X-3.000 Y17.446
G1 X3.000 Y17.446
G1 X3.000 Y21.800
G1 X0.000 Y21.800
G1 X0.000 Y21.400
G1 X-2.600 Y21.400
G1 X-2.600 Y17.846
G1 X2.600 Y17.846
G1 X2.600 Y21.400
G1 X0.000 Y21.400
G1 X0.000 Y21.000
G1 X-2.200 Y21.000
G1 X-2.200 Y18.246
G1 X2.200 Y18.246
G1 X2.200 Y21.000
G1 X0.000 Y21.000
G1 X0.000 Y20.600
G1 X-1.800 Y20.600
G1 X-1.800 Y18.646
G1 X1.800 Y18.646
G1 X1.800 Y20.600
G1 X0.000 Y20.600
G1 X0.000 Y20.200
G1 X-1.400 Y20.200
G1 X-1.400 Y19.046
G1 X1.400 Y19.046
G1 X1.400 Y20.200
G1 X0.000 Y20.200
G1 X0.000 Y19.800
G1 X-1.000 Y19.800
G1 X-1.000 Y19.446
G1 X1.000 Y19.446
G1 X1.000 Y19.800
G1 X0.000 Y19.800
G1 X0.000 Y19.400
G1 X0.000 Y19.400 Z2.700
G1 X0.000 Y19.400
G1 X0.000 Y19.800
G1 X1.000 Y19.800
G1 X1.000 Y19.440
G1 X-1.000 Y19.440
G1 X-1.000 Y19.800
G1 X0.000 Y19.800
G1 X0.000 Y20.200
G1 X1.400 Y20.200
G1 X1.400 Y19.040
G1 X-1.400 Y19.040
G1 X-1.400 Y20.200
G1 X0.000 Y20.200
G1 X0.000 Y20.600
G1 X1.800 Y20.600
G1 X1.800 Y18.640
G1 X-1.800 Y18.640
G1 X-1.800 Y20.600
G1 X0.000 Y20.600
G1 X0.000 Y21.000
G1 X2.200 Y21.000
G1 X2.200 Y18.240
G1 X-2.200 Y18.240
G1 X-2.200 Y21.000
G1 X0.000 Y21.000
G1 X0.000 Y21.400
G1 X2.600 Y21.400
G1 X2.600 Y17.840
G1 X-2.600 Y17.840
G1 X-2.600 Y21.400
G1 X0.000 Y21.400
G1 X0.000 Y21.800
G1 X3.000 Y21.800
G1 X3.000 Y17.440
G1 X-3.000 Y17.440
G1 X-3.000 Y21.800
G1 X0.000 Y21.800
G1 X0.000 Y22.200
G1 X3.400 Y22.200
G1 X3.400 Y17.040
G1 X-3.400 Y17.040
G1 X-3.400 Y22.200
G1 X0.000 Y22.200
G1 X0.000 Y22.600
G1 X3.800 Y22.600
G1 X3.800 Y16.640
G1 X-3.800 Y16.640
G1 X-3.800 Y22.600
G1 X0.000 Y22.600
G1 X0.000 Y23.000
G1 X4.200 Y23.000
G1 X4.200 Y16.240
G1 X-4.200 Y16.240
G1 X-4.200 Y23.000
G1 X0.000 Y23.000
G1 X0.000 Y23.400
G1 X4.600 Y23.400
G1 X4.600 Y15.840
G1 X-4.600 Y15.840
G1 X-4.600 Y23.400
G1 X0.000 Y23.400
G1 X0.000 Y23.800
G1 X5.000 Y23.800
G1 X5.000 Y15.440
G1 X-5.000 Y15.440
G1 X-5.000 Y23.800
G1 X0.000 Y23.800
G1 X0.000 Y24.200
G1 X5.400 Y24.200
G1 X5.400 Y15.040
G1 X-5.400 Y15.040
G1 X-5.400 Y24.200
G1 X0.000 Y24.200
G1 X0.000 Y24.600
G1 X5.800 Y24.600
G1 X5.800 Y14.640
G1 X-5.800 Y14.640
G1 X-5.800 Y24.600
G1 X0.000 Y24.600
G1 X0.000 Y25.000
G1 X6.200 Y25.000
G1 X6.200 Y14.240
G1 X-6.200 Y14.240
G1 X-6.200 Y25.000
G1 X0.000 Y25.000
G1 X0.000 Y25.400
G1 X6.600 Y25.400
G1 X6.600 Y13.840
G1 X-6.600 Y13.840
G1 X-6.600 Y25.400
G1 X0.000 Y25.400
G1 X0.000 Y25.800
G1 X7.000 Y25.800
G1 X7.000 Y13.440
G1 X-7.000 Y13.440
G1 X-7.000 Y25.800
G1 X0.000 Y25.800
G1 X0.000 Y26.200
G1 X7.400 Y26.200
G1 X7.400 Y13.040
G1 X-7.400 Y13.040
G1 X-7.400 Y26.200
G1 X0.000 Y26.200 Z2.700
G1 X0.000 Y25.800 Z3.100
G1 X-7.000 Y25.800
G1 X-7.000 Y13.341
G1 X7.000 Y13.341
G1 X7.000 Y25.800
G1 X0.000 Y25.800
G1 X0.000 Y25.400
G1 X-6.600 Y25.400
G1 X-6.600 Y13.741
G1 X6.600 Y13.741
G1 X6.600 Y25.400
G1 X0.000 Y25.400
G1 X0.000 Y25.000
G1 X-6.200 Y25.000
G1 X-6.200 Y14.141
G1 X6.200 Y14.141
G1 X6.200 Y25.000
G1 X0.000 Y25.000
G1 X0.000 Y24.600
G1 X-5.800 Y24.600
G1 X-5.800 Y14.541
G1 X5.800 Y14.541
G1 X5.800 Y24.600
G1 X0.000 Y24.600
G1 X0.000 Y24.200
G1 X-5.400 Y24.200
G1 X-5.400 Y14.941
G1 X5.400 Y14.941
G1 X5.400 Y24.200
G1 X0.000 Y24.200
G1 X0.000 Y23.800
G1 X-5.000 Y23.800
G1 X-5.000 Y15.341
G1 X5.000 Y15.341
G1 X5.000 Y23.800
G1 X0.000 Y23.800
G1 X0.000 Y23.400
G1 X-4.600 Y23.400
G1 X-4.600 Y15.741
G1 X4.600 Y15.741
G1 X4.600 Y23.400
G1 X0.000 Y23.400
G1 X0.000 Y23.000
G1 X-4.200 Y23.000
G1 X-4.200 Y16.141
G1 X4.200 Y16.141
G1 X4.200 Y23.000
G1 X0.000 Y23.000
G1 X0.000 Y22.600
G1 X-3.800 Y22.600
G1 X-3.800 Y16.541
G1 X3.800 Y16.541
G1 X3.800 Y22.600
G1 X0.000 Y22.600
G1 X0.000 Y22.200
G1 X-3.400 Y22.200
G1 X-3.400 Y16.941
G1 X3.400 Y16.941
G1 X3.400 Y22.200
G1 X0.000 Y22.200
G1 X0.000 Y21.800
G1 X-3.000 Y21.800
G1 X-3.000 Y17.341
G1 X3.000 Y17.341
G1 X3.000 Y21.800
G1 X0.000 Y21.800
G1 X0.000 Y21.400
G1 X-2.600 Y21.400
G1 X-2.600 Y17.741
G1 X2.600 Y17.741
G1 X2.600 Y21.400
G1 X0.000 Y21.400
G1 X0.000 Y21.000
G1 X-2.200 Y21.000
G1 X-2.200 Y18.141
G1 X2.200 Y18.141
G1 X2.200 Y21.000
G1 X0.000 Y21.000
G1 X0.000 Y20.600
G1 X-1.800 Y20.600
G1 X-1.800 Y18.541
G1 X1.800 Y18.541
G1 X1.800 Y20.600
G1 X0.000 Y20.600
G1 X0.000 Y20.200
G1 X-1.400 Y20.200
G1 X-1.400 Y18.941
G1 X1.400 Y18.941
G1 X1.400 Y20.200
G1 X0.000 Y20.200
G1 X0.000 Y19.800
G1 X-1.000 Y19.800
G1 X-1.000 Y19.341
G1 X1.000 Y19.341
G1 X1.000 Y19.800
G1 X0.000 Y19.800
G1 X0.000 Y19.400
G1 X-0.600 Y19.400
G1 X-0.600 Y19.741
G1 X0.600 Y19.741
G1 X0.600 Y19.400
G1 X0.000 Y19.400
G1 X0.000 Y19.000
G1 X0.000 Y19.000 Z3.500
G1 X0.000 Y19.000
G1 X0.000 Y19.400
G1 X0.600 Y19.400
G1 X0.600 Y19.572
G1 X-0.600 Y19.572
G1 X-0.600 Y19.400
G1 X0.000 Y19.400
G1 X0.000 Y19.800
G1 X1.000 Y19.800
G1 X1.000 Y19.172
G1 X-1.000 Y19.172
G1 X-1.000 Y19.800
G1 X0.000 Y19.800
G1 X0.000 Y20.200
G1 X1.400 Y20.200
G1 X1.400 Y18.772
G1 X-1.400 Y18.772
G1 X-1.400 Y20.200
G1 X0.000 Y20.200
G1 X0.000 Y20.600
G1 X1.800 Y20.600
G1 X1.800 Y18.372
G1 X-1.800 Y18.372
G1 X-1.800 Y20.600
G1 X0.000 Y20.600
G1 X0.000 Y21.000
G1 X2.200 Y21.000
G1 X2.200 Y17.972
G1 X-2.200 Y17.972
G1 X-2.200 Y21.000
G1 X0.000 Y21.000
G1 X0.000 Y21.400
G1 X2.600 Y21.400
G1 X2.600 Y17.572
G1 X-2.600 Y17.572
G1 X-2.600 Y21.400
G1 X0.000 Y21.400
G1 X0.000 Y21.800
G1 X3.000 Y21.800
G1 X3.000 Y17.172
G1 X-3.000 Y17.172
G1 X-3.000 Y21.800
G1 X0.000 Y21.800
G1 X0.000 Y22.200
G1 X3.400 Y22.200
G1 X3.400 Y16.772
G1 X-3.400 Y16.772
G1 X-3.400 Y22.200
G1 X0.000 Y22.200
G1 X0.000 Y22.600
G1 X3.800 Y22.600
G1 X3.800 Y16.372
G1 X-3.800 Y16.372
G1 X-3.800 Y22.600
G1 X0.000 Y22.600
G1 X0.000 Y23.000
G1 X4.200 Y23.000
G1 X4.200 Y15.972
G1 X-4.200 Y15.972
G1 X-4.200 Y23.000
G1 X0.000 Y23.000
G1 X0.000 Y23.400
G1 X4.600 Y23.400
G1 X4.600 Y15.572
G1 X-4.600 Y15.572
G1 X-4.600 Y23.400
G1 X0.000 Y23.400
G1 X0.000 Y23.800
G1 X5.000 Y23.800
G1 X5.000 Y15.172
G1 X-5.000 Y15.172
G1 X-5.000 Y23.800
G1 X0.000 Y23.800
G1 X0.000 Y24.200
G1 X5.400 Y24.200
G1 X5.400 Y14.772
G1 X-5.400 Y14.772
G1 X-5.400 Y24.200
G1 X0.000 Y24.200
G1 X0.000 Y24.600
G1 X5.800 Y24.600
G1 X5.800 Y14.372
G1 X-5.800 Y14.372
G1 X-5.800 Y24.600
G1 X0.000 Y24.600
G1 X0.000 Y25.000
G1 X6.200 Y25.000
G1 X6.200 Y13.972
G1 X-6.200 Y13.972
G1 X-6.200 Y25.000
G1 X0.000 Y25.000
G1 X0.000 Y25.400
G1 X6.600 Y25.400
G1 X6.600 Y13.572
G1 X-6.600 Y13.572
G1 X-6.600 Y25.400
G1 X0.000 Y25.400 Z3.500
G1 X0.000 Y25.000 Z3.900
G1 X-6.200 Y25.000
G1 X-6.200 Y13.747
G1 X6.200 Y13.747
G1 X6.200 Y25.000
G1 X0.000 Y25.000
G1 X0.000 Y24.600
G1 X-5.800 Y24.600
G1 X-5.800 Y14.147
G1 X5.800 Y14.147
G1 X5.800 Y24.600
G1 X0.000 Y24.600
G1 X0.000 Y24.200
G1 X-5.400 Y24.200
G1 X-5.400 Y14.547
G1 X5.400 Y14.547
G1 X5.400 Y24.200
G1 X0.000 Y24.200
G1 X0.000 Y23.800
G1 X-5.000 Y23.800
G1 X-5.000 Y14.947
G1 X5.000 Y14.947
G1 X5.000 Y23.800
G1 X0.000 Y23.800
G1 X0.000 Y23.400
G1 X-4.600 Y23.400
G1 X-4.600 Y15.347
G1 X4.600 Y15.347
G1 X4.600 Y23.400
G1 X0.000 Y23.400
G1 X0.000 Y23.000
G1 X-4.200 Y23.000
G1 X-4.200 Y15.747
G1 X4.200 Y15.747
G1 X4.200 Y23.000
G1 X0.000 Y23.000
G1 X0.000 Y22.600
G1 X-3.800 Y22.600
G1 X-3.800 Y16.147
G1 X3.800 Y16.147
G1 X3.800 Y22.600
G1 X0.000 Y22.600
G1 X0.000 Y22.200
G1 X-3.400 Y22.200
G1 X-3.400 Y16.547
G1 X3.400 Y16.547
G1 X3.400 Y22.200
G1 X0.000 Y22.200
G1 X0.000 Y21.800
G1 X-3.000 Y21.800
G1 X-3.000 Y16.947
G1 X3.000 Y16.947
G1 X3.000 Y21.800
G1 X0.000 Y21.800
G1 X0.000 Y21.400
G1 X-2.600 Y21.400
G1 X-2.600 Y17.347
G1 X2.600 Y17.347
G1 X2.600 Y21.400
G1 X0.000 Y21.400
G1 X0.000 Y21.000
G1 X-2.200 Y21.000
G1 X-2.200 Y17.747
G1 X2.200 Y17.747
G1 X2.200 Y21.000
G1 X0.000 Y21.000
G1 X0.000 Y20.600
G1 X-1.800 Y20.600
G1 X-1.800 Y18.147
G1 X1.800 Y18.147
G1 X1.800 Y20.600
G1 X0.000 Y20.600
G1 X0.000 Y20.200
G1 X-1.400 Y20.200
G1 X-1.400 Y18.547
G1 X1.400 Y18.547
G1 X1.400 Y20.200
G1 X0.000 Y20.200
G1 X0.000 Y19.800
G1 X-1.000 Y19.800
G1 X-1.000 Y18.947
G1 X1.000 Y18.947
G1 X1.000 Y19.800
G1 X0.000 Y19.800
G1 X0.000 Y19.400
G1 X-0.600 Y19.400
G1 X-0.600 Y19.347
G1 X0.600 Y19.347
G1 X0.600 Y19.400
G1 X0.000 Y19.400
G1 X0.000 Y19.000
G1 X0.000 Y19.000 Z4.300
G1 X0.000 Y19.000
G1 X0.000 Y19.400
G1 X0.600 Y19.400
G1 X0.600 Y19.073
G1 X-0.600 Y19.073
G1 X-0.600 Y19.400
G1 X0.000 Y19.400
G1 X0.000 Y19.800
G1 X1.000 Y19.800
G1 X1.000 Y18.673
G1 X-1.000 Y18.673
G1 X-1.000 Y19.800
G1 X0.000 Y19.800
G1 X0.000 Y20.200
G1 X1.400 Y20.200
G1 X1.400 Y18.273
G1 X-1.400 Y18.273
G1 X-1.400 Y20.200
G1 X0.000 Y20.200
G1 X0.000 Y20.600
G1 X1.800 Y20.600
G1 X1.800 Y17.873
G1 X-1.800 Y17.873
G1 X-1.800 Y20.600
G1 X0.000 Y20.600
G1 X0.000 Y21.000
G1 X2.200 Y21.000
G1 X2.200 Y17.473
G1 X-2.200 Y17.473
G1 X-2.200 Y21.000
G1 X0.000 Y21.000
G1 X0.000 Y21.400
G1 X2.600 Y21.400
G1 X2.600 Y17.073
G1 X-2.600 Y17.073
G1 X-2.600 Y21.400
G1 X0.000 Y21.400
G1 X0.000 Y21.800
G1 X3.000 Y21.800
G1 X3.000 Y16.673
G1 X-3.000 Y16.673
G1 X-3.000 Y21.800
G1 X0.000 Y21.800
G1 X0.000 Y22.200
G1 X3.400 Y22.200
G1 X3.400 Y16.273
G1 X-3.400 Y16.273
G1 X-3.400 Y22.200
G1 X0.000 Y22.200
G1 X0.000 Y22.600
G1 X3.800 Y22.600
G1 X3.800 Y15.873
G1 X-3.800 Y15.873
G1 X-3.800 Y22.600
G1 X0.000 Y22.600
G1 X0.000 Y23.000
G1 X4.200 Y23.000
G1 X4.200 Y15.473
G1 X-4.200 Y15.473
G1 X-4.200 Y23.000
G1 X0.000 Y23.000
G1 X0.000 Y23.400
G1 X4.600 Y23.400
G1 X4.600 Y15.073
G1 X-4.600 Y15.073
G1 X-4.600 Y23.400
G1 X0.000 Y23.400
G1 X0.000 Y23.800
G1 X5.000 Y23.800
G1 X5.000 Y14.673
G1 X-5.000 Y14.673
G1 X-5.000 Y23.800
G1 X0.000 Y23.800
G1 X0.000 Y24.200
G1 X5.400 Y24.200
G1 X5.400 Y14.273
G1 X-5.400 Y14.273
G1 X-5.400 Y24.200
G1 X0.000 Y24.200
G1 X0.000 Y24.600
G1 X5.800 Y24.600
G1 X5.800 Y13.873
G1 X-5.800 Y13.873
G1 X-5.800 Y24.600
G1 X0.000 Y24.600 Z4.300
G1 X0.000 Y24.200 Z4.700
G1 X-5.400 Y24.200
G1 X-5.400 Y13.955
G1 X5.400 Y13.955
G1 X5.400 Y24.200
G1 X0.000 Y24.200
G1 X0.000 Y23.800
G1 X-5.000 Y23.800
G1 X-5.000 Y14.355
G1 X5.000 Y14.355
G1 X5.000 Y23.800
G1 X0.000 Y23.800
G1 X0.000 Y23.400
G1 X-4.600 Y23.400
G1 X-4.600 Y14.755
G1 X4.600 Y14.755
G1 X4.600 Y23.400
G1 X0.000 Y23.400
G1 X0.000 Y23.000
G1 X-4.200 Y23.000
G1 X-4.200 Y15.155
G1 X4.200 Y15.155
G1 X4.200 Y23.000
G1 X0.000 Y23.000
G1 X0.000 Y22.600
G1 X-3.800 Y22.600
G1 X-3.800 Y15.555
G1 X3.800 Y15.555
G1 X3.800 Y22.600
G1 X0.000 Y22.600
G1 X0.000 Y22.200
G1 X-3.400 Y22.200
G1 X-3.400 Y15.955
G1 X3.400 Y15.955
G1 X3.400 Y22.200
G1 X0.000 Y22.200
G1 X0.000 Y21.800
G1 X-3.000 Y21.800
G1 X-3.000 Y16.355
G1 X3.000 Y16.355
G1 X3.000 Y21.800
G1 X0.000 Y21.800
G1 X0.000 Y21.400
G1 X-2.600 Y21.400
G1 X-2.600 Y16.755
G1 X2.600 Y16.755
G1 X2.600 Y21.400
G1 X0.000 Y21.400
G1 X0.000 Y21.000
G1 X-2.200 Y21.000
G1 X-2.200 Y17.155
G1 X2.200 Y17.155
G1 X2.200 Y21.000
G1 X0.000 Y21.000
G1 X0.000 Y20.600
G1 X-1.800 Y20.600
G1 X-1.800 Y17.555
G1 X1.800 Y17.555
G1 X1.800 Y20.600
G1 X0.000 Y20.600
G1 X0.000 Y20.200
G1 X-1.400 Y20.200
G1 X-1.400 Y17.955
G1 X1.400 Y17.955
G1 X1.400 Y20.200
G1 X0.000 Y20.200
G1 X0.000 Y19.800
G1 X-1.000 Y19.800
G1 X-1.000 Y18.355
G1 X1.000 Y18.355
G1 X1.000 Y19.800
G1 X0.000 Y19.800
G1 X0.000 Y19.400
G1 X-0.600 Y19.400
G1 X-0.600 Y18.755
G1 X0.600 Y18.755
G1 X0.600 Y19.400
G1 X0.000 Y19.400
G1 X0.000 Y19.000
G1 X-0.200 Y19.000
G1 X-0.200 Y19.155
G1 X0.200 Y19.155
G1 X0.200 Y19.000
G1 X0.000 Y19.000
G1 X0.000 Y18.600
G1 X0.000 Y18.600 Z5.100
G1 X0.000 Y18.600
G1 X0.000 Y19.000
G1 X0.200 Y19.000
G1 X0.200 Y18.795
G1 X-0.200 Y18.795
G1 X-0.200 Y19.000
G1 X0.000 Y19.000
G1 X0.000 Y19.400
G1 X0.600 Y19.400
G1 X0.600 Y18.395
G1 X-0.600 Y18.395
G1 X-0.600 Y19.400
G1 X0.000 Y19.400
G1 X0.000 Y19.800
G1 X1.000 Y19.800
G1 X1.000 Y17.995
G1 X-1.000 Y17.995
G1 X-1.000 Y19.800
G1 X0.000 Y19.800
G1 X0.000 Y20.200
G1 X1.400 Y20.200
G1 X1.400 Y17.595
G1 X-1.400 Y17.595
G1 X-1.400 Y20.200
G1 X0.000 Y20.200
G1 X0.000 Y20.600
G1 X1.800 Y20.600
G1 X1.800 Y17.195
G1 X-1.800 Y17.195
G1 X-1.800 Y20.600
G1 X0.000 Y20.600
G1 X0.000 Y21.000
G1 X2.200 Y21.000
G1 X2.200 Y16.795
G1 X-2.200 Y16.795
G1 X-2.200 Y21.000
G1 X0.000 Y21.000
G1 X0.000 Y21.400
G1 X2.600 Y21.400
G1 X2.600 Y16.395
G1 X-2.600 Y16.395
G1 X-2.600 Y21.400
G1 X0.000 Y21.400
G1 X0.000 Y21.800
G1 X3.000 Y21.800
G1 X3.000 Y15.995
G1 X-3.000 Y15.995
G1 X-3.000 Y21.800
G1 X0.000 Y21.800
G1 X0.000 Y22.200
G1 X3.400 Y22.200
G1 X3.400 Y15.595
G1 X-3.400 Y15.595
G1 X-3.400 Y22.200
G1 X0.000 Y22.200
G1 X0.000 Y22.600
G1 X3.800 Y22.600
G1 X3.800 Y15.195
G1 X-3.800 Y15.195
G1 X-3.800 Y22.600
G1 X0.000 Y22.600
G1 X0.000 Y23.000
G1 X4.200 Y23.000
G1 X4.200 Y14.795
G1 X-4.200 Y14.795
G1 X-4.200 Y23.000
G1 X0.000 Y23.000
G1 X0.000 Y23.400
G1 X4.600 Y23.400
G1 X4.600 Y14.395
G1 X-4.600 Y14.395
G1 X-4.600 Y23.400
G1 X0.000 Y23.400
G1 X0.000 Y23.800
G1 X5.000 Y23.800
G1 X5.000 Y13.995
G1 X-5.000 Y13.995
G1 X-5.000 Y23.800
G1 X0.000 Y23.800 Z5.100
M9
G1 Z10.000
G1 X18.800 Y-27.800
G1 Z1.500
M7
G4 P150
G1 X18.800 Y-27.400 Z1.500
G1 X27.400 Y-27.400
G1 X27.400 Y-11.249
G1 X10.200 Y-11.249
G1 X10.200 Y-27.400
G1 X18.800 Y-27.400
G1 X18.800 Y-27.000
G1 X27.000 Y-27.000
G1 X27.000 Y-11.649
G1 X10.600 Y-11.649
G1 X10.600 Y-27.000
G1 X18.800 Y-27.000
G1 X18.800 Y-26.600
G1 X26.600 Y-26.600
G1 X26.600 Y-12.049
G1 X11.000 Y-12.049
G1 X11.000 Y-26.600
G1 X18.800 Y-26.600
G1 X18.800 Y-26.200
G1 X26.200 Y-26.200
G1 X26.200 Y-12.449
G1 X11.400 Y-12.449
G1 X11.400 Y-26.200
G1 X18.800 Y-26.200
G1 X18.800 Y-25.800
G1 X25.800 Y-25.800
G1 X25.800 Y-12.849
G1 X11.800 Y-12.849
G1 X11.800 Y-25.800
G1 X18.800 Y-25.800
G1 X18.800 Y-25.400
G1 X25.400 Y-25.400
G1 X25.400 Y-13.249
G1 X12.200 Y-13.249
G1 X12.200 Y-25.400
G1 X18.800 Y-25.400
G1 X18.800 Y-25.000
G1 X25.000 Y-25.000
G1 X25.000 Y-13.649
G1 X12.600 Y-13.649
G1 X12.600 Y-25.000
G1 X18.800 Y-25.000
G1 X18.800 Y-24.600
G1 X24.600 Y-24.600
G1 X24.600 Y-14.049
G1 X13.000 Y-14.049
G1 X13.000 Y-24.600
G1 X18.800 Y-24.600
G1 X18.800 Y-24.200
G1 X24.200 Y-24.200
G1 X24.200 Y-14.449
G1 X13.400 Y-14.449
G1 X13.400 Y-24.200
G1 X18.800 Y-24.200
G1 X18.800 Y-23.800
G1 X23.800 Y-23.800
G1 X23.800 Y-14.849
G1 X13.800 Y-14.849
G1 X13.800 Y-23.800
G1 X18.800 Y-23.800
G1 X18.800 Y-23.400
G1 X23.400 Y-23.400
G1 X23.400 Y-15.249
G1 X14.200 Y-15.249
G1 X14.200 Y-23.400
G1 X18.800 Y-23.400
G1 X18.800 Y-23.000
G1 X23.000 Y-23.000
G1 X23.000 Y-15.649
G1 X14.600 Y-15.649
G1 X14.600 Y-23.000
G1 X18.800 Y-23.000
G1 X18.800 Y-22.600
G1 X22.600 Y-22.600
G1 X22.600 Y-16.049
G1 X15.000 Y-16.049
G1 X15.000 Y-22.600
G1 X18.800 Y-22.600
G1 X18.800 Y-22.200
G1 X22.200 Y-22.200
G1 X22.200 Y-16.449
G1 X15.400 Y-16.449
G1 X15.400 Y-22.200
G1 X18.800 Y-22.200
G1 X18.800 Y-21.800
G1 X21.800 Y-21.800
G1 X21.800 Y-16.849
G1 X15.800 Y-16.849
G1 X15.800 Y-21.800
G1 X18.800 Y-21.800
G1 X18.800 Y-21.400
G1 X21.400 Y-21.400
G1 X21.400 Y-17.249
G1 X16.200 Y-17.249
G1 X16.200 Y-21.400
G1 X18.800 Y-21.400
G1 X18.800 Y-21.000
G1 X21.000 Y-21.000
G1 X21.000 Y-17.649
G1 X16.600 Y-17.649
G1 X16.600 Y-21.000
G1 X18.800 Y-21.000
G1 X18.800 Y-20.600
G1 X20.600 Y-20.600
G1 X20.600 Y-18.049
G1 X17.000 Y-18.049
G1 X17.000 Y-20.600
G1 X18.800 Y-20.600
G1 X18.800 Y-20.200
G1 X20.200 Y-20.200
G1 X20.200 Y-18.449
G1 X17.400 Y-18.449
G1 X17.400 Y-20.200
G1 X18.800 Y-20.200
G1 X18.800 Y-19.800
G1 X19.800 Y-19.800
G1 X19.800 Y-18.849
G1 X17.800 Y-18.849
G1 X17.800 Y-19.800
G1 X18.800 Y-19.800
G1 X18.800 Y-19.400
G1 X19.400 Y-19.400
G1 X19.400 Y-19.249
G1 X18.200 Y-19.249
G1 X18.200 Y-19.400
G1 X18.800 Y-19.400
G1 X18.800 Y-19.000
G1 X18.800 Y-19.000 Z1.900
G1 X18.800 Y-19.000
G1 X18.800 Y-19.400
G1 X18.200 Y-19.400
G1 X18.200 Y-19.707
G1 X19.400 Y-19.707
G1 X19.400 Y-19.400
G1 X18.800 Y-19.400
G1 X18.800 Y-19.800
G1 X17.800 Y-19.800
G1 X17.800 Y-19.307
G1 X19.800 Y-19.307
G1 X19.800 Y-19.800
G1 X18.800 Y-19.800
G1 X18.800 Y-20.200
G1 X17.400 Y-20.200
G1 X17.400 Y-18.907
G1 X20.200 Y-18.907
G1 X20.200 Y-20.200
G1 X18.800 Y-20.200
G1 X18.800 Y-20.600
G1 X17.000 Y-20.600
G1 X17.000 Y-18.507
G1 X20.600 Y-18.507
G1 X20.600 Y-20.600
G1 X18.800 Y-20.600
G1 X18.800 Y-21.000
G1 X16.600 Y-21.000
G1 X16.600 Y-18.107
G1 X21.000 Y-18.107
G1 X21.000 Y-21.000
G1 X18.800 Y-21.000
G1 X18.800 Y-21.400
G1 X16.200 Y-21.400
G1 X16.200 Y-17.707
G1 X21.400 Y-17.707
G1 X21.400 Y-21.400
G1 X18.800 Y-21.400
G1 X18.800 Y-21.800
G1 X15.800 Y-21.800
G1 X15.800 Y-17.307
G1 X21.800 Y-17.307
G1 X21.800 Y-21.800
G1 X18.800 Y-21.800
G1 X18.800 Y-22.200
G1 X15.400 Y-22.200
G1 X15.400 Y-16.907
G1 X22.200 Y-16.907
G1 X22.200 Y-22.200
G1 X18.800 Y-22.200
G1 X18.800 Y-22.600
G1 X15.000 Y-22.600
G1 X15.000 Y-16.507
G1 X22.600 Y-16.507
G1 X22.600 Y-22.600
G1 X18.800 Y-22.600
G1 X18.800 Y-23.000
G1 X14.600 Y-23.000
G1 X14.600 Y-16.107
G1 X23.000 Y-16.107
G1 X23.000 Y-23.000
G1 X18.800 Y-23.000
G1 X18.800 Y-23.400
G1 X14.200 Y-23.400
G1 X14.200 Y-15.707
G1 X23.400 Y-15.707
G1 X23.400 Y-23.400
G1 X18.800 Y-23.400
G1 X18.800 Y-23.800
G1 X13.800 Y-23.800
G1 X13.800 Y-15.307
G1 X23.800 Y-15.307
G1 X23.800 Y-23.800
G1 X18.800 Y-23.800
G1 X18.800 Y-24.200
G1 X13.400 Y-24.200
G1 X13.400 Y-14.907
G1 X24.200 Y-14.907
G1 X24.200 Y-24.200
G1 X18.800 Y-24.200
G1 X18.800 Y-24.600
G1 X13.000 Y-24.600
G1 X13.000 Y-14.507
G1 X24.600 Y-14.507
G1 X24.600 Y-24.600
G1 X18.800 Y-24.600
G1 X18.800 Y-25.000
G1 X12.600 Y-25.000
G1 X12.600 Y-14.107
G1 X25.000 Y-14.107
G1 X25.000 Y-25.000
G1 X18.800 Y-25.000
G1 X18.800 Y-25.400
G1 X12.200 Y-25.400
G1 X12.200 Y-13.707
G1 X25.400 Y-13.707
G1 X25.400 Y-25.400
G1 X18.800 Y-25.400
G1 X18.800 Y-25.800
G1 X11.800 Y-25.800
G1 X11.800 Y-13.307
G1 X25.800 Y-13.307
G1 X25.800 Y-25.800
G1 X18.800 Y-25.800
G1 X18.800 Y-26.200
G1 X11.400 Y-26.200
G1 X11.400 Y-12.907
G1 X26.200 Y-12.907
G1 X26.200 Y-26.200
G1 X18.800 Y-26.200
G1 X18.800 Y-26.600
G1 X11.000 Y-26.600
G1 X11.000 Y-12.507
G1 X26.600 Y-12.507
G1 X26.600 Y-26.600
G1 X18.800 Y-26.600
G1 X18.800 Y-27.000
G1 X10.600 Y-27.000
G1 X10.600 Y-12.107
G1 X27.000 Y-12.107
G1 X27.000 Y-27.000
G1 X18.800 Y-27.000 Z1.900
G1 X18.800 Y-26.600 Z2.300
G1 X26.600 Y-26.600
G1 X26.600 Y-12.646
G1 X11.000 Y-12.646
G1 X11.000 Y-26.600
G1 X18.800 Y-26.600
G1 X18.800 Y-26.200
G1 X26.200 Y-26.200
G1 X26.200 Y-13.046
G1 X11.400 Y-13.046
G1 X11.400 Y-26.200
G1 X18.800 Y-26.200
G1 X18.800 Y-25.800
G1 X25.800 Y-25.800
G1 X25.800 Y-13.446
G1 X11.800 Y-13.446
G1 X11.800 Y-25.800
G1 X18.800 Y-25.800
G1 X18.800 Y-25.400
G1 X25.400 Y-25.400
G1 X25.400 Y-13.846
G1 X12.200 Y-13.846
G1 X12.200 Y-25.400
G1 X18.800 Y-25.400
G1 X18.800 Y-25.000
G1 X25.000 Y-25.000
G1 X25.000 Y-14.246
G1 X12.600 Y-14.246
G1 X12.600 Y-25.000
G1 X18.800 Y-25.000
G1 X18.800 Y-24.600
G1 X24.600 Y-24.600
G1 X24.600 Y-14.646
G1 X13.000 Y-14.646
G1 X13.000 Y-24.600
G1 X18.800 Y-24.600
G1 X18.800 Y-24.200
G1 X24.200 Y-24.200
G1 X24.200 Y-15.046
G1 X13.400 Y-15.046
G1 X13.400 Y-24.200
G1 X18.800 Y-24.200
G1 X18.800 Y-23.800
G1 X23.800 Y-23.800
G1 X23.800 Y-15.446
G1 X13.800 Y-15.446
G1 X13.800 Y-23.800
G1 X18.800 Y-23.800
G1 X18.800 Y-23.400
G1 X23.400 Y-23.400
G1 X23.400 Y-15.846
G1 X14.200 Y-15.846
G1 X14.200 Y-23.400
G1 X18.800 Y-23.400
G1 X18.800 Y-23.000
G1 X23.000 Y-23.000
G1 X23.000 Y-16.246
G1 X14.600 Y-16.246
G1 X14.600 Y-23.000
G1 X18.800 Y-23.000
G1 X18.800 Y-22.600
G1 X22.600 Y-22.600
G1 X22.600 Y-16.646
G1 X15.000 Y-16.646
G1 X15.000 Y-22.600
G1 X18.800 Y-22.600
G1 X18.800 Y-22.200
G1 X22.200 Y-22.200
G1 X22.200 Y-17.046
G1 X15.400 Y-17.046
G1 X15.400 Y-22.200
G1 X18.800 Y-22.200
G1 X18.800 Y-21.800
G1 X21.800 Y-21.800
G1 X21.800 Y-17.446
G1 X15.800 Y-17.446
G1 X15.800 Y-21.800
G1 X18.800 Y-21.800
G1 X18.800 Y-21.400
G1 X21.400 Y-21.400
G1 X21.400 Y-17.846
G1 X16.200 Y-17.846
G1 X16.200 Y-21.400
G1 X18.800 Y-21.400
G1 X18.800 Y-21.000
G1 X21.000 Y-21.000
G1 X21.000 Y-18.246
G1 X16.600 Y-18.246
G1 X16.600 Y-21.000
G1 X18.800 Y-21.000
G1 X18.800 Y-20.600
G1 X20.600 Y-20.600
G1 X20.600 Y-18.646
G1 X17.000 Y-18.646
G1 X17.000 Y-20.600
G1 X18.800 Y-20.600
G1 X18.800 Y-20.200
G1 X20.200 Y-20.200
G1 X20.200 Y-19.046
G1 X17.400 Y-19.046
G1 X17.400 Y-20.200
G1 X18.800 Y-20.200
G1 X18.800 Y-19.800
G1 X19.800 Y-19.800
G1 X19.800 Y-19.446
G1 X17.800 Y-19.446
G1 X17.800 Y-19.800
G1 X18.800 Y-19.800
G1 X18.800 Y-19.400
G1 X18.800 Y-19.400 Z2.700
G1 X18.800 Y-19.400
G1 X18.800 Y-19.800
G1 X17.800 Y-19.800
G1 X17.800 Y-19.440
G1 X19.800 Y-19.440
G1 X19.800 Y-19.800
G1 X18.800 Y-19.800
G1 X18.800 Y-20.200
G1 X17.400 Y-20.200
G1 X17.400 Y-19.040
G1 X20.200 Y-19.040
G1 X20.200 Y-20.200
G1 X18.800 Y-20.200
G1 X18.800 Y-20.600
G1 X17.000 Y-20.600
G1 X17.000 Y-18.640
G1 X20.600 Y-18.640
G1 X20.600 Y-20.600
G1 X18.800 Y-20.600
G1 X18.800 Y-21.000
G1 X16.600 Y-21.000
G1 X16.600 Y-18.240
G1 X21.000 Y-18.240
G1 X21.000 Y-21.000
G1 X18.800 Y-21.000
G1 X18.800 Y-21.400
G1 X16.200 Y-21.400
G1 X16.200 Y-17.840
G1 X21.400 Y-17.840
G1 X21.400 Y-21.400
G1 X18.800 Y-21.400
G1 X18.800 Y-21.800
G1 X15.800 Y-21.800
G1 X15.800 Y-17.440
G1 X21.800 Y-17.440
G1 X21.800 Y-21.800
G1 X18.800 Y-21.800
G1 X18.800 Y-22.200
G1 X15.400 Y-22.200
G1 X15.400 Y-17.040
G1 X22.200 Y-17.040
G1 X22.200 Y-22.200
G1 X18.800 Y-22.200
G1 X18.800 Y-22.600
G1 X15.000 Y-22.600
G1 X15.000 Y-16.640
G1 X22.600 Y-16.640
G1 X22.600 Y-22.600
G1 X18.800 Y-22.600
G1 X18.800 Y-23.000
G1 X14.600 Y-23.000
G1 X14.600 Y-16.240
G1 X23.000 Y-16.240
G1 X23.000 Y-23.000
G1 X18.800 Y-23.000
G1 X18.800 Y-23.400
G1 X14.200 Y-23.400
G1 X14.200 Y-15.840
G1 X23.400 Y-15.840
G1 X23.400 Y-23.400
G1 X18.800 Y-23.400
G1 X18.800 Y-23.800
G1 X13.800 Y-23.800
G1 X13.800 Y-15.440
G1 X23.800 Y-15.440
G1 X23.800 Y-23.800
G1 X18.800 Y-23.800
G1 X18.800 Y-24.200
G1 X13.400 Y-24.200
G1 X13.400 Y-15.040
G1 X24.200 Y-15.040
G1 X24.200 Y-24.200
G1 X18.800 Y-24.200
G1 X18.800 Y-24.600
G1 X13.000 Y-24.600
G1 X13.000 Y-14.640
G1 X24.600 Y-14.640
G1 X24.600 Y-24.600
G1 X18.800 Y-24.600
G1 X18.800 Y-25.000
G1 X12.600 Y-25.000
G1 X12.600 Y-14.240
G1 X25.000 Y-14.240
G1 X25.000 Y-25.000
G1 X18.800 Y-25.000
G1 X18.800 Y-25.400
G1 X12.200 Y-25.400
G1 X12.200 Y-13.840
G1 X25.400 Y-13.840
G1 X25.400 Y-25.400
G1 X18.800 Y-25.400
G1 X18.800 Y-25.800
G1 X11.800 Y-25.800
G1 X11.800 Y-13.440
G1 X25.800 Y-13.440
G1 X25.800 Y-25.800
G1 X18.800 Y-25.800
G1 X18.800 Y-26.200
G1 X11.400 Y-26.200
G1 X11.400 Y-13.040
G1 X26.200 Y-13.040
G1 X26.200 Y-26.200
G1 X18.800 Y-26.200 Z2.700
G1 X18.800 Y-25.800 Z3.100
G1 X25.800 Y-25.800
G1 X25.800 Y-13.341
G1 X11.800 Y-13.341
G1 X11.800 Y-25.800
G1 X18.800 Y-25.800
G1 X18.800 Y-25.400
G1 X25.400 Y-25.400
G1 X25.400 Y-13.741
G1 X12.200 Y-13.741
G1 X12.200 Y-25.400
G1 X18.800 Y-25.400
G1 X18.800 Y-25.000
G1 X25.000 Y-25.000
G1 X25.000 Y-14.141
G1 X12.600 Y-14.141
G1 X12.600 Y-25.000
G1 X18.800 Y-25.000
G1 X18.800 Y-24.600
G1 X24.600 Y-24.600
G1 X24.600 Y-14.541
G1 X13.000 Y-14.541
G1 X13.000 Y-24.600
G1 X18.800 Y-24.600
G1 X18.800 Y-24.200
G1 X24.200 Y-24.200
G1 X24.200 Y-14.941
G1 X13.400 Y-14.941
G1 X13.400 Y-24.200
G1 X18.800 Y-24.200
G1 X18.800 Y-23.800
G1 X23.800 Y-23.800
G1 X23.800 Y-15.341
G1 X13.800 Y-15.341
G1 X13.800 Y-23.800
G1 X18.800 Y-23.800
G1 X18.800 Y-23.400
G1 X23.400 Y-23.400
G1 X23.400 Y-15.741
G1 X14.200 Y-15.741
G1 X14.200 Y-23.400
G1 X18.800 Y-23.400
G1 X18.800 Y-23.000
G1 X23.000 Y-23.000
G1 X23.000 Y-16.141
G1 X14.600 Y-16.141
G1 X14.600 Y-23.000
G1 X18.800 Y-23.000
G1 X18.800 Y-22.600
G1 X22.600 Y-22.600
G1 X22.600 Y-16.541
G1 X15.000 Y-16.541
G1 X15.000 Y-22.600
G1 X18.800 Y-22.600
G1 X18.800 Y-22.200
G1 X22.200 Y-22.200
G1 X22.200 Y-16.941
G1 X15.400 Y-16.941
G1 X15.400 Y-22.200
G1 X18.800 Y-22.200
G1 X18.800 Y-21.800
G1 X21.800 Y-21.800
G1 X21.800 Y-17.341
G1 X15.800 Y-17.341
G1 X15.800 Y-21.800
G1 X18.800 Y-21.800
G1 X18.800 Y-21.400
G1 X21.400 Y-21.400
G1 X21.400 Y-17.741
G1 X16.200 Y-17.741
G1 X16.200 Y-21.400
G1 X18.800 Y-21.400
G1 X18.800 Y-21.000
G1 X21.000 Y-21.000
G1 X21.000 Y-18.141
G1 X16.600 Y-18.141
G1 X16.600 Y-21.000
G1 X18.800 Y-21.000
G1 X18.800 Y-20.600
G1 X20.600 Y-20.600
G1 X20.600 Y-18.541
G1 X17.000 Y-18.541
G1 X17.000 Y-20.600
G1 X18.800 Y-20.600
G1 X18.800 Y-20.200
G1 X20.200 Y-20.200
G1 X20.200 Y-18.941
G1 X17.400 Y-18.941
G1 X17.400 Y-20.200
G1 X18.800 Y-20.200
G1 X18.800 Y-19.800
G1 X19.800 Y-19.800
G1 X19.800 Y-19.341
G1 X17.800 Y-19.341
G1 X17.800 Y-19.800
G1 X18.800 Y-19.800
G1 X18.800 Y-19.400
G1 X19.400 Y-19.400
G1 X19.400 Y-19.741
G1 X18.200 Y-19.741
G1 X18.200 Y-19.400
G1 X18.800 Y-19.400
G1 X18.800 Y-19.000
G1 X18.800 Y-19.000 Z3.500
G1 X18.800 Y-19.000
G1 X18.800 Y-19.400
G1 X18.200 Y-19.400
G1 X18.200 Y-19.572
G1 X19.400 Y-19.572
G1 X19.400 Y-19.400
G1 X18.800 Y-19.400
G1 X18.800 Y-19.800
G1 X17.800 Y-19.800
G1 X17.800 Y-19.172
G1 X19.800 Y-19.172
G1 X19.800 Y-19.800
G1 X18.800 Y-19.800
G1 X18.800 Y-20.200
G1 X17.400 Y-20.200
G1 X17.400 Y-18.772
G1 X20.200 Y-18.772
G1 X20.200 Y-20.200
G1 X18.800 Y-20.200
G1 X18.800 Y-20.600
G1 X17.000 Y-20.600
G1 X17.000 Y-18.372
G1 X20.600 Y-18.372
G1 X20.600 Y-20.600
G1 X18.800 Y-20.600
G1 X18.800 Y-21.000
G1 X16.600 Y-21.000
G1 X16.600 Y-17.972
G1 X21.000 Y-17.972
G1 X21.000 Y-21.000
G1 X18.800 Y-21.000
G1 X18.800 Y-21.400
G1 X16.200 Y-21.400
G1 X16.200 Y-17.572
G1 X21.400 Y-17.572
G1 X21.400 Y-21.400
G1 X18.800 Y-21.400
G1 X18.800 Y-21.800
G1 X15.800 Y-21.800
G1 X15.800 Y-17.172
G1 X21.800 Y-17.172
G1 X21.800 Y-21.800
G1 X18.800 Y-21.800
G1 X18.800 Y-22.200
G1 X15.400 Y-22.200
G1 X15.400 Y-16.772
G1 X22.200 Y-16.772
G1 X22.200 Y-22.200
G1 X18.800 Y-22.200
G1 X18.800 Y-22.600
G1 X15.000 Y-22.600
G1 X15.000 Y-16.372
G1 X22.600 Y-16.372
G1 X22.600 Y-22.600
G1 X18.800 Y-22.600
G1 X18.800 Y-23.000
G1 X14.600 Y-23.000
G1 X14.600 Y-15.972
G1 X23.000 Y-15.972
G1 X23.000 Y-23.000
G1 X18.800 Y-23.000
G1 X18.800 Y-23.400
G1 X14.200 Y-23.400
G1 X14.200 Y-15.572
G1 X23.400 Y-15.572
G1 X23.400 Y-23.400
G1 X18.800 Y-23.400
G1 X18.800 Y-23.800
G1 X13.800 Y-23.800
G1 X13.800 Y-15.172
G1 X23.800 Y-15.172
G1 X23.800 Y-23.800
G1 X18.800 Y-23.800
G1 X18.800 Y-24.200
G1 X13.400 Y-24.200
G1 X13.400 Y-14.772
G1 X24.200 Y-14.772
G1 X24.200 Y-24.200
G1 X18.800 Y-24.200
G1 X18.800 Y-24.600
G1 X13.000 Y-24.600
G1 X13.000 Y-14.372
G1 X24.600 Y-14.372
G1 X24.600 Y-24.600
G1 X18.800 Y-24.600
G1 X18.800 Y-25.000
G1 X12.600 Y-25.000
G1 X12.600 Y-13.972
G1 X25.000 Y-13.972
G1 X25.000 Y-25.000
G1 X18.800 Y-25.000
G1 X18.800 Y-25.400
G1 X12.200 Y-25.400
G1 X12.200 Y-13.572
G1 X25.400 Y-13.572
G1 X25.400 Y-25.400
G1 X18.800 Y-25.400 Z3.500
G1 X18.800 Y-25.000 Z3.900
G1 X25.000 Y-25.000
G1 X25.000 Y-13.747
G1 X12.600 Y-13.747
G1 X12.600 Y-25.000
G1 X18.800 Y-25.000
G1 X18.800 Y-24.600
G1 X24.600 Y-24.600
G1 X24.600 Y-14.147
G1 X13.000 Y-14.147
G1 X13.000 Y-24.600
G1 X18.800 Y-24.600
G1 X18.800 Y-24.200
G1 X24.200 Y-24.200
G1 X24.200 Y-14.547
G1 X13.400 Y-14.547
G1 X13.400 Y-24.200
G1 X18.800 Y-24.200
G1 X18.800 Y-23.800
G1 X23.800 Y-23.800
G1 X23.800 Y-14.947
G1 X13.800 Y-14.947
G1 X13.800 Y-23.800
G1 X18.800 Y-23.800
G1 X18.800 Y-23.400
G1 X23.400 Y-23.400
G1 X23.400 Y-15.347
G1 X14.200 Y-15.347
G1 X14.200 Y-23.400
G1 X18.800 Y-23.400
G1 X18.800 Y-23.000
G1 X23.000 Y-23.000
G1 X23.000 Y-15.747
G1 X14.600 Y-15.747
G1 X14.600 Y-23.000
G1 X18.800 Y-23.000
G1 X18.800 Y-22.600
G1 X22.600 Y-22.600
G1 X22.600 Y-16.147
G1 X15.000 Y-16.147
G1 X15.000 Y-22.600
G1 X18.800 Y-22.600
G1 X18.800 Y-22.200
G1 X22.200 Y-22.200
G1 X22.200 Y-16.547
G1 X15.400 Y-16.547
G1 X15.400 Y-22.200
G1 X18.800 Y-22.200
G1 X18.800 Y-21.800
G1 X21.800 Y-21.800
G1 X21.800 Y-16.947
G1 X15.800 Y-16.947
G1 X15.800 Y-21.800
G1 X18.800 Y-21.800
G1 X18.800 Y-21.400
G1 X21.400 Y-21.400
G1 X21.400 Y-17.347
G1 X16.200 Y-17.347
G1 X16.200 Y-21.400
G1 X18.800 Y-21.400
G1 X18.800 Y-21.000
G1 X21.000 Y-21.000
G1 X21.000 Y-17.747
G1 X16.600 Y-17.747
G1 X16.600 Y-21.000
G1 X18.800 Y-21.000
G1 X18.800 Y-20.600
G1 X20.600 Y-20.600
G1 X20.600 Y-18.147
G1 X17.000 Y-18.147
G1 X17.000 Y-20.600
G1 X18.800 Y-20.600
G1 X18.800 Y-20.200
G1 X20.200 Y-20.200
G1 X20.200 Y-18.547
G1 X17.400 Y-18.547
G1 X17.400 Y-20.200
G1 X18.800 Y-20.200
G1 X18.800 Y-19.800
G1 X19.800 Y-19.800
G1 X19.800 Y-18.947
G1 X17.800 Y-18.947
G1 X17.800 Y-19.800
G1 X18.800 Y-19.800
G1 X18.800 Y-19.400
G1 X19.400 Y-19.400
G1 X19.400 Y-19.347
G1 X18.200 Y-19.347
G1 X18.200 Y-19.400
G1 X18.800 Y-19.400
G1 X18.800 Y-19.000
G1 X18.800 Y-19.000 Z4.300
G1 X18.800 Y-19.000
G1 X18.800 Y-19.400
G1 X18.200 Y-19.400
G1 X18.200 Y-19.073
G1 X19.400 Y-19.073
G1 X19.400 Y-19.400
G1 X18.800 Y-19.400
G1 X18.800 Y-19.800
G1 X17.800 Y-19.800
G1 X17.800 Y-18.673
G1 X19.800 Y-18.673
G1 X19.800 Y-19.800
G1 X18.800 Y-19.800
G1 X18.800 Y-20.200
G1 X17.400 Y-20.200
G1 X17.400 Y-18.273
G1 X20.200 Y-18.273
G1 X20.200 Y-20.200
G1 X18.800 Y-20.200
G1 X18.800 Y-20.600
G1 X17.000 Y-20.600
G1 X17.000 Y-17.873
G1 X20.600 Y-17.873
G1 X20.600 Y-20.600
G1 X18.800 Y-20.600
G1 X18.800 Y-21.000
G1 X16.600 Y-21.000
G1 X16.600 Y-17.473
G1 X21.000 Y-17.473
G1 X21.000 Y-21.000
G1 X18.800 Y-21.000
G1 X18.800 Y-21.400
G1 X16.200 Y-21.400
G1 X16.200 Y-17.073
G1 X21.400 Y-17.073
G1 X21.400 Y-21.400
G1 X18.800 Y-21.400
G1 X18.800 Y-21.800
G1 X15.800 Y-21.800
G1 X15.800 Y-16.673
G1 X21.800 Y-16.673
G1 X21.800 Y-21.800
G1 X18.800 Y-21.800
G1 X18.800 Y-22.200
G1 X15.400 Y-22.200
G1 X15.400 Y-16.273
G1 X22.200 Y-16.273
G1 X22.200 Y-22.200
G1 X18.800 Y-22.200
G1 X18.800 Y-22.600
G1 X15.000 Y-22.600
G1 X15.000 Y-15.873
G1 X22.600 Y-15.873
G1 X22.600 Y-22.600
G1 X18.800 Y-22.600
G1 X18.800 Y-23.000
G1 X14.600 Y-23.000
G1 X14.600 Y-15.473
G1 X23.000 Y-15.473
G1 X23.000 Y-23.000
G1 X18.800 Y-23.000
G1 X18.800 Y-23.400
G1 X14.200 Y-23.400
G1 X14.200 Y-15.073
G1 X23.400 Y-15.073
G1 X23.400 Y-23.400
G1 X18.800 Y-23.400
G1 X18.800 Y-23.800
G1 X13.800 Y-23.800
G1 X13.800 Y-14.673
G1 X23.800 Y-14.673
G1 X23.800 Y-23.800
G1 X18.800 Y-23.800
G1 X18.800 Y-24.200
G1 X13.400 Y-24.200
G1 X13.400 Y-14.273
G1 X24.200 Y-14.273
G1 X24.200 Y-24.200
G1 X18.800 Y-24.200
G1 X18.800 Y-24.600
G1 X13.000 Y-24.600
G1 X13.000 Y-13.873
G1 X24.600 Y-13.873
G1 X24.600 Y-24.600
G1 X18.800 Y-24.600 Z4.300
G1 X18.800 Y-24.200 Z4.700
G1 X24.200 Y-24.200
G1 X24.200 Y-13.955
G1 X13.400 Y-13.955
G1 X13.400 Y-24.200
G1 X18.800 Y-24.200
G1 X18.800 Y-23.800
G1 X23.800 Y-23.800
G1 X23.800 Y-14.355
G1 X13.800 Y-14.355
G1 X13.800 Y-23.800
G1 X18.800 Y-23.800
G1 X18.800 Y-23.400
G1 X23.400 Y-23.400
G1 X23.400 Y-14.755
G1 X14.200 Y-14.755
G1 X14.200 Y-23.400
G1 X18.800 Y-23.400
G1 X18.800 Y-23.000
G1 X23.000 Y-23.000
G1 X23.000 Y-15.155
G1 X14.600 Y-15.155
G1 X14.600 Y-23.000
G1 X18.800 Y-23.000
G1 X18.800 Y-22.600
G1 X22.600 Y-22.600
G1 X22.600 Y-15.555
G1 X15.000 Y-15.555
G1 X15.000 Y-22.600
G1 X18.800 Y-22.600
G1 X18.800 Y-22.200
G1 X22.200 Y-22.200
G1 X22.200 Y-15.955
G1 X15.400 Y-15.955
G1 X15.400 Y-22.200
G1 X18.800 Y-22.200
G1 X18.800 Y-21.800
G1 X21.800 Y-21.800
G1 X21.800 Y-16.355
G1 X15.800 Y-16.355
G1 X15.800 Y-21.800
G1 X18.800 Y-21.800
G1 X18.800 Y-21.400
G1 X21.400 Y-21.400
G1 X21.400 Y-16.755
G1 X16.200 Y-16.755
G1 X16.200 Y-21.400
G1 X18.800 Y-21.400
G1 X18.800 Y-21.000
G1 X21.000 Y-21.000
G1 X21.000 Y-17.155
G1 X16.600 Y-17.155
G1 X16.600 Y-21.000
G1 X18.800 Y-21.000
G1 X18.800 Y-20.600
G1 X20.600 Y-20.600
G1 X20.600 Y-17.555
G1 X17.000 Y-17.555
G1 X17.000 Y-20.600
G1 X18.800 Y-20.600
G1 X18.800 Y-20.200
G1 X20.200 Y-20.200
G1 X20.200 Y-17.955
G1 X17.400 Y-17.955
G1 X17.400 Y-20.200
G1 X18.800 Y-20.200
G1 X18.800 Y-19.800
G1 X19.800 Y-19.800
G1 X19.800 Y-18.355
G1 X17.800 Y-18.355
G1 X17.800 Y-19.800
G1 X18.800 Y-19.800
G1 X18.800 Y-19.400
G1 X19.400 Y-19.400
G1 X19.400 Y-18.755
G1 X18.200 Y-18.755
G1 X18.200 Y-19.400
G1 X18.800 Y-19.400
G1 X18.800 Y-19.000
G1 X19.000 Y-19.000
G1 X19.000 Y-19.155
G1 X18.600 Y-19.155
G1 X18.600 Y-19.000
G1 X18.800 Y-19.000
G1 X18.800 Y-18.600
G1 X18.800 Y-18.600 Z5.100
G1 X18.800 Y-18.600
G1 X18.800 Y-19.000
G1 X18.600 Y-19.000
G1 X18.600 Y-18.795
G1 X19.000 Y-18.795
G1 X19.000 Y-19.000
G1 X18.800 Y-19.000
G1 X18.800 Y-19.400
G1 X18.200 Y-19.400
G1 X18.200 Y-18.395
G1 X19.400 Y-18.395
G1 X19.400 Y-19.400
G1 X18.800 Y-19.400
G1 X18.800 Y-19.800
G1 X17.800 Y-19.800
G1 X17.800 Y-17.995
G1 X19.800 Y-17.995
G1 X19.800 Y-19.800
G1 X18.800 Y-19.800
G1 X18.800 Y-20.200
G1 X17.400 Y-20.200
G1 X17.400 Y-17.595
G1 X20.200 Y-17.595
G1 X20.200 Y-20.200
G1 X18.800 Y-20.200
G1 X18.800 Y-20.600
G1 X17.000 Y-20.600
G1 X17.000 Y-17.195
G1 X20.600 Y-17.195
G1 X20.600 Y-20.600
G1 X18.800 Y-20.600
G1 X18.800 Y-21.000
G1 X16.600 Y-21.000
G1 X16.600 Y-16.795
G1 X21.000 Y-16.795
G1 X21.000 Y-21.000
G1 X18.800 Y-21.000
G1 X18.800 Y-21.400
G1 X16.200 Y-21.400
G1 X16.200 Y-16.395
G1 X21.400 Y-16.395
G1 X21.400 Y-21.400
G1 X18.800 Y-21.400
G1 X18.800 Y-21.800
G1 X15.800 Y-21.800
G1 X15.800 Y-15.995
G1 X21.800 Y-15.995
G1 X21.800 Y-21.800
G1 X18.800 Y-21.800
G1 X18.800 Y-22.200
G1 X15.400 Y-22.200
G1 X15.400 Y-15.595
G1 X22.200 Y-15.595
G1 X22.200 Y-22.200
G1 X18.800 Y-22.200
G1 X18.800 Y-22.600
G1 X15.000 Y-22.600
G1 X15.000 Y-15.195
G1 X22.600 Y-15.195
G1 X22.600 Y-22.600
G1 X18.800 Y-22.600
G1 X18.800 Y-23.000
G1 X14.600 Y-23.000
G1 X14.600 Y-14.795
G1 X23.000 Y-14.795
G1 X23.000 Y-23.000
G1 X18.800 Y-23.000
G1 X18.800 Y-23.400
G1 X14.200 Y-23.400
G1 X14.200 Y-14.395
G1 X23.400 Y-14.395
G1 X23.400 Y-23.400
G1 X18.800 Y-23.400
G1 X18.800 Y-23.800
G1 X13.800 Y-23.800
G1 X13.800 Y-13.995
G1 X23.800 Y-13.995
G1 X23.800 Y-23.800
G1 X18.800 Y-23.800 Z5.100
M9
G1 Z10.000
G1 X46.600 Y0.000
G1 Z1.500
M7
G4 P150
G1 X46.200 Y0.000 Z1.500
G1 X46.200 Y8.600
G1 X30.049 Y8.600
G1 X30.049 Y-8.600
G1 X46.200 Y-8.600
G1 X46.200 Y0.000
G1 X45.800 Y0.000
G1 X45.800 Y8.200
G1 X30.449 Y8.200
G1 X30.449 Y-8.200
G1 X45.800 Y-8.200
G1 X45.800 Y0.000
G1 X45.400 Y0.000
G1 X45.400 Y7.800
G1 X30.849 Y7.800
G1 X30.849 Y-7.800
G1 X45.400 Y-7.800
G1 X45.400 Y0.000
G1 X45.000 Y0.000
G1 X45.000 Y7.400
G1 X31.249 Y7.400
G1 X31.249 Y-7.400
G1 X45.000 Y-7.400
G1 X45.000 Y0.000
G1 X44.600 Y0.000
G1 X44.600 Y7.000
G1 X31.649 Y7.000
G1 X31.649 Y-7.000
G1 X44.600 Y-7.000
G1 X44.600 Y0.000
G1 X44.200 Y0.000
G1 X44.200 Y6.600
G1 X32.049 Y6.600
G1 X32.049 Y-6.600
G1 X44.200 Y-6.600
G1 X44.200 Y0.000
G1 X43.800 Y0.000
G1 X43.800 Y6.200
G1 X32.449 Y6.200
G1 X32.449 Y-6.200
G1 X43.800 Y-6.200
G1 X43.800 Y0.000
G1 X43.400 Y0.000
G1 X43.400 Y5.800
G1 X32.849 Y5.800
G1 X32.849 Y-5.800
G1 X43.400 Y-5.800
G1 X43.400 Y0.000
G1 X43.000 Y0.000
G1 X43.000 Y5.400
G1 X33.249 Y5.400
G1 X33.249 Y-5.400
G1 X43.000 Y-5.400
G1 X43.000 Y0.000
G1 X42.600 Y0.000
G1 X42.600 Y5.000
G1 X33.649 Y5.000
G1 X33.649 Y-5.000
G1 X42.600 Y-5.000
G1 X42.600 Y0.000
G1 X42.200 Y0.000
G1 X42.200 Y4.600
G1 X34.049 Y4.600
G1 X34.049 Y-4.600
G1 X42.200 Y-4.600
G1 X42.200 Y0.000
G1 X41.800 Y0.000
G1 X41.800 Y4.200
G1 X34.449 Y4.200
G1 X34.449 Y-4.200
G1 X41.800 Y-4.200
G1 X41.800 Y0.000
G1 X41.400 Y0.000
G1 X41.400 Y3.800
G1 X34.849 Y3.800
G1 X34.849 Y-3.800
G1 X41.400 Y-3.800
G1 X41.400 Y0.000
G1 X41.000 Y0.000
G1 X41.000 Y3.400
G1 X35.249 Y3.400
G1 X35.249 Y-3.400
G1 X41.000 Y-3.400
G1 X41.000 Y0.000
G1 X40.600 Y0.000
G1 X40.600 Y3.000
G1 X35.649 Y3.000
G1 X35.649 Y-3.000
G1 X40.600 Y-3.000
G1 X40.600 Y0.000
G1 X40.200 Y0.000
G1 X40.200 Y2.600
G1 X36.049 Y2.600
G1 X36.049 Y-2.600
G1 X40.200 Y-2.600
G1 X40.200 Y0.000
G1 X39.800 Y0.000
G1 X39.800 Y2.200
G1 X36.449 Y2.200
G1 X36.449 Y-2.200
G1 X39.800 Y-2.200
G1 X39.800 Y0.000
G1 X39.400 Y0.000
G1 X39.400 Y1.800
G1 X36.849 Y1.800
G1 X36.849 Y-1.800
G1 X39.400 Y-1.800
G1 X39.400 Y0.000
G1 X39.000 Y0.000
G1 X39.000 Y1.400
G1 X37.249 Y1.400
G1 X37.249 Y-1.400
G1 X39.000 Y-1.400
G1 X39.000 Y0.000
G1 X38.600 Y0.000
G1 X38.600 Y1.000
G1 X37.649 Y1.000
G1 X37.649 Y-1.000
G1 X38.600 Y-1.000
G1 X38.600 Y0.000
G1 X38.200 Y0.000
G1 X38.200 Y0.600
G1 X38.049 Y0.600
G1 X38.049 Y-0.600
G1 X38.200 Y-0.600
G1 X38.200 Y0.000
G1 X37.800 Y0.000
G1 X37.800 Y0.000 Z1.900
G1 X37.800 Y0.000
G1 X38.200 Y0.000
G1 X38.200 Y-0.600
G1 X38.507 Y-0.600
G1 X38.507 Y0.600
G1 X38.200 Y0.600
G1 X38.200 Y0.000
G1 X38.600 Y0.000
G1 X38.600 Y-1.000
G1 X38.107 Y-1.000
G1 X38.107 Y1.000
G1 X38.600 Y1.000
G1 X38.600 Y0.000
G1 X39.000 Y0.000
G1 X39.000 Y-1.400
G1 X37.707 Y-1.400
G1 X37.707 Y1.400
G1 X39.000 Y1.400
G1 X39.000 Y0.000
G1 X39.400 Y0.000
G1 X39.400 Y-1.800
G1 X37.307 Y-1.800
G1 X37.307 Y1.800
G1 X39.400 Y1.800
G1 X39.400 Y0.000
G1 X39.800 Y0.000
G1 X39.800 Y-2.200
G1 X36.907 Y-2.200
G1 X36.907 Y2.200
G1 X39.800 Y2.200
G1 X39.800 Y0.000
G1 X40.200 Y0.000
G1 X40.200 Y-2.600
G1 X36.507 Y-2.600
G1 X36.507 Y2.600
G1 X40.200 Y2.600
G1 X40.200 Y0.000
G1 X40.600 Y0.000
G1 X40.600 Y-3.000
G1 X36.107 Y-3.000
G1 X36.107 Y3.000
G1 X40.600 Y3.000
G1 X40.600 Y0.000
G1 X41.000 Y0.000
G1 X41.000 Y-3.400
G1 X35.707 Y-3.400
G1 X35.707 Y3.400
G1 X41.000 Y3.400
G1 X41.000 Y0.000
G1 X41.400 Y0.000
G1 X41.400 Y-3.800
G1 X35.307 Y-3.800
G1 X35.307 Y3.800
G1 X41.400 Y3.800
G1 X41.400 Y0.000
G1 X41.800 Y0.000
G1 X41.800 Y-4.200
G1 X34.907 Y-4.200
G1 X34.907 Y4.200
G1 X41.800 Y4.200
G1 X41.800 Y0.000
G1 X42.200 Y0.000
G1 X42.200 Y-4.600
G1 X34.507 Y-4.600
G1 X34.507 Y4.600
G1 X42.200 Y4.600
G1 X42.200 Y0.000
G1 X42.600 Y0.000
G1 X42.600 Y-5.000
G1 X34.107 Y-5.000
G1 X34.107 Y5.000
G1 X42.600 Y5.000
G1 X42.600 Y0.000
G1 X43.000 Y0.000
G1 X43.000 Y-5.400
G1 X33.707 Y-5.400
G1 X33.707 Y5.400
G1 X43.000 Y5.400
G1 X43.000 Y0.000
G1 X43.400 Y0.000
G1 X43.400 Y-5.800
G1 X33.307 Y-5.800
G1 X33.307 Y5.800
G1 X43.400 Y5.800
G1 X43.400 Y0.000
G1 X43.800 Y0.000
G1 X43.800 Y-6.200
G1 X32.907 Y-6.200
G1 X32.907 Y6.200
G1 X43.800 Y6.200
G1 X43.800 Y0.000
G1 X44.200 Y0.000
G1 X44.200 Y-6.600
G1 X32.507 Y-6.600
G1 X32.507 Y6.600
G1 X44.200 Y6.600
G1 X44.200 Y0.000
G1 X44.600 Y0.000
G1 X44.600 Y-7.000
G1 X32.107 Y-7.000
G1 X32.107 Y7.000
G1 X44.600 Y7.000
G1 X44.600 Y0.000
G1 X45.000 Y0.000
G1 X45.000 Y-7.400
G1 X31.707 Y-7.400
G1 X31.707 Y7.400
G1 X45.000 Y7.400
G1 X45.000 Y0.000
G1 X45.400 Y0.000
G1 X45.400 Y-7.800
G1 X31.307 Y-7.800
G1 X31.307 Y7.800
G1 X45.400 Y7.800
G1 X45.400 Y0.000
G1 X45.800 Y0.000
G1 X45.800 Y-8.200
G1 X30.907 Y-8.200
G1 X30.907 Y8.200
G1 X45.800 Y8.200
G1 X45.800 Y0.000 Z1.900
G1 X45.400 Y0.000 Z2.300
G1 X45.400 Y7.800
G1 X31.446 Y7.800
G1 X31.446 Y-7.800
G1 X45.400 Y-7.800
G1 X45.400 Y0.000
G1 X45.000 Y0.000
G1 X45.000 Y7.400
G1 X31.846 Y7.400
G1 X31.846 Y-7.400
G1 X45.000 Y-7.400
G1 X45.000 Y0.000
G1 X44.600 Y0.000
G1 X44.600 Y7.000
G1 X32.246 Y7.000
G1 X32.246 Y-7.000
G1 X44.600 Y-7.000
G1 X44.600 Y0.000
G1 X44.200 Y0.000
G1 X44.200 Y6.600
G1 X32.646 Y6.600
G1 X32.646 Y-6.600
G1 X44.200 Y-6.600
G1 X44.200 Y0.000
G1 X43.800 Y0.000
G1 X43.800 Y6.200
G1 X33.046 Y6.200
G1 X33.046 Y-6.200
G1 X43.800 Y-6.200
G1 X43.800 Y0.000
G1 X43.400 Y0.000
G1 X43.400 Y5.800
G1 X33.446 Y5.800
G1 X33.446 Y-5.800
G1 X43.400 Y-5.800
G1 X43.400 Y0.000
G1 X43.000 Y0.000
G1 X43.000 Y5.400
G1 X33.846 Y5.400
G1 X33.846 Y-5.400
G1 X43.000 Y-5.400
G1 X43.000 Y0.000
G1 X42.600 Y0.000
G1 X42.600 Y5.000
G1 X34.246 Y5.000
G1 X34.246 Y-5.000
G1 X42.600 Y-5.000
G1 X42.600 Y0.000
G1 X42.200 Y0.000
G1 X42.200 Y4.600
G1 X34.646 Y4.600
G1 X34.646 Y-4.600
G1 X42.200 Y-4.600
G1 X42.200 Y0.000
G1 X41.800 Y0.000
G1 X41.800 Y4.200
G1 X35.046 Y4.200
G1 X35.046 Y-4.200
G1 X41.800 Y-4.200
G1 X41.800 Y0.000
G1 X41.400 Y0.000
G1 X41.400 Y3.800
G1 X35.446 Y3.800
G1 X35.446 Y-3.800
G1 X41.400 Y-3.800
G1 X41.400 Y0.000
G1 X41.000 Y0.000
G1 X41.000 Y3.400
G1 X35.846 Y3.400
G1 X35.846 Y-3.400
G1 X41.000 Y-3.400
G1 X41.000 Y0.000
G1 X40.600 Y0.000
G1 X40.600 Y3.000
G1 X36.246 Y3.000
G1 X36.246 Y-3.000
G1 X40.600 Y-3.000
G1 X40.600 Y0.000
G1 X40.200 Y0.000
G1 X40.200 Y2.600
G1 X36.646 Y2.600
G1 X36.646 Y-2.600
G1 X40.200 Y-2.600
G1 X40.200 Y0.000
G1 X39.800 Y0.000
G1 X39.800 Y2.200
G1 X37.046 Y2.200
G1 X37.046 Y-2.200
G1 X39.800 Y-2.200
G1 X39.800 Y0.000
G1 X39.400 Y0.000
G1 X39.400 Y1.800
G1 X37.446 Y1.800
G1 X37.446 Y-1.800
G1 X39.400 Y-1.800
G1 X39.400 Y0.000
G1 X39.000 Y0.000
G1 X39.000 Y1.400
G1 X37.846 Y1.400
G1 X37.846 Y-1.400
G1 X39.000 Y-1.400
G1 X39.000 Y0.000
G1 X38.600 Y0.000
G1 X38.600 Y1.000
G1 X38.246 Y1.000
G1 X38.246 Y-1.000
G1 X38.600 Y-1.000
G1 X38.600 Y0.000
G1 X38.200 Y0.000
G1 X38.200 Y0.000 Z2.700
G1 X38.200 Y0.000
G1 X38.600 Y0.000
G1 X38.600 Y-1.000
G1 X38.240 Y-1.000
G1 X38.240 Y1.000
G1 X38.600 Y1.000
G1 X38.600 Y0.000
G1 X39.000 Y0.000
G1 X39.000 Y-1.400
G1 X37.840 Y-1.400
G1 X37.840 Y1.400
G1 X39.000 Y1.400
G1 X39.000 Y0.000
G1 X39.400 Y0.000
G1 X39.400 Y-1.800
G1 X37.440 Y-1.800
G1 X37.440 Y1.800
G1 X39.400 Y1.800
G1 X39.400 Y0.000
G1 X39.800 Y0.000
G1 X39.800 Y-2.200
G1 X37.040 Y-2.200
G1 X37.040 Y2.200
G1 X39.800 Y2.200
G1 X39.800 Y0.000
G1 X40.200 Y0.000
G1 X40.200 Y-2.600
G1 X36.640 Y-2.600
G1 X36.640 Y2.600
G1 X40.200 Y2.600
G1 X40.200 Y0.000
G1 X40.600 Y0.000
G1 X40.600 Y-3.000
G1 X36.240 Y-3.000
G1 X36.240 Y3.000
G1 X40.600 Y3.000
G1 X40.600 Y0.000
G1 X41.000 Y0.000
G1 X41.000 Y-3.400
G1 X35.840 Y-3.400
G1 X35.840 Y3.400
G1 X41.000 Y3.400
G1 X41.000 Y0.000
G1 X41.400 Y0.000
G1 X41.400 Y-3.800
G1 X35.440 Y-3.800
G1 X35.440 Y3.800
G1 X41.400 Y3.800
G1 X41.400 Y0.000
G1 X41.800 Y0.000
G1 X41.800 Y-4.200
G1 X35.040 Y-4.200
G1 X35.040 Y4.200
G1 X41.800 Y4.200
G1 X41.800 Y0.000
G1 X42.200 Y0.000
G1 X42.200 Y-4.600
G1 X34.640 Y-4.600
G1 X34.640 Y4.600
G1 X42.200 Y4.600
G1 X42.200 Y0.000
G1 X42.600 Y0.000
G1 X42.600 Y-5.000
G1 X34.240 Y-5.000
G1 X34.240 Y5.000
G1 X42.600 Y5.000
G1 X42.600 Y0.000
G1 X43.000 Y0.000
G1 X43.000 Y-5.400
G1 X33.840 Y-5.400
G1 X33.840 Y5.400
G1 X43.000 Y5.400
G1 X43.000 Y0.000
G1 X43.400 Y0.000
G1 X43.400 Y-5.800
G1 X33.440 Y-5.800
G1 X33.440 Y5.800
G1 X43.400 Y5.800
G1 X43.400 Y0.000
G1 X43.800 Y0.000
G1 X43.800 Y-6.200
G1 X33.040 Y-6.200
G1 X33.040 Y6.200
G1 X43.800 Y6.200
G1 X43.800 Y0.000
G1 X44.200 Y0.000
G1 X44.200 Y-6.600
G1 X32.640 Y-6.600
G1 X32.640 Y6.600
G1 X44.200 Y6.600
G1 X44.200 Y0.000
G1 X44.600 Y0.000
G1 X44.600 Y-7.000
G1 X32.240 Y-7.000
G1 X32.240 Y7.000
G1 X44.600 Y7.000
G1 X44.600 Y0.000
G1 X45.000 Y0.000
G1 X45.000 Y-7.400
G1 X31.840 Y-7.400
G1 X31.840 Y7.400
G1 X45.000 Y7.400
G1 X45.000 Y0.000 Z2.700
G1 X44.600 Y0.000 Z3.100
G1 X44.600 Y7.000
G1 X32.141 Y7.000
G1 X32.141 Y-7.000
G1 X44.600 Y-7.000
G1 X44.600 Y0.000
G1 X44.200 Y0.000
G1 X44.200 Y6.600
G1 X32.541 Y6.600
G1 X32.541 Y-6.600
G1 X44.200 Y-6.600
G1 X44.200 Y0.000
G1 X43.800 Y0.000
G1 X43.800 Y6.200
G1 X32.941 Y6.200
G1 X32.941 Y-6.200
G1 X43.800 Y-6.200
G1 X43.800 Y0.000
G1 X43.400 Y0.000
G1 X43.400 Y5.800
G1 X33.341 Y5.800
G1 X33.341 Y-5.800
G1 X43.400 Y-5.800
G1 X43.400 Y0.000
G1 X43.000 Y0.000
G1 X43.000 Y5.400
G1 X33.741 Y5.400
G1 X33.741 Y-5.400
G1 X43.000 Y-5.400
G1 X43.000 Y0.000
G1 X42.600 Y0.000
G1 X42.600 Y5.000
G1 X34.141 Y5.000
G1 X34.141 Y-5.000
G1 X42.600 Y-5.000
G1 X42.600 Y0.000
G1 X42.200 Y0.000
G1 X42.200 Y4.600
G1 X34.541 Y4.600
G1 X34.541 Y-4.600
G1 X42.200 Y-4.600
G1 X42.200 Y0.000
G1 X41.800 Y0.000
G1 X41.800 Y4.200
G1 X34.941 Y4.200
G1 X34.941 Y-4.200
G1 X41.800 Y-4.200
G1 X41.800 Y0.000
G1 X41.400 Y0.000
G1 X41.400 Y3.800
G1 X35.341 Y3.800
G1 X35.341 Y-3.800
G1 X41.400 Y-3.800
G1 X41.400 Y0.000
G1 X41.000 Y0.000
G1 X41.000 Y3.400
G1 X35.741 Y3.400
G1 X35.741 Y-3.400
G1 X41.000 Y-3.400
G1 X41.000 Y0.000
G1 X40.600 Y0.000
G1 X40.600 Y3.000
G1 X36.141 Y3.000
G1 X36.141 Y-3.000
G1 X40.600 Y-3.000
G1 X40.600 Y0.000
G1 X40.200 Y0.000
G1 X40.200 Y2.600
G1 X36.541 Y2.600
G1 X36.541 Y-2.600
G1 X40.200 Y-2.600
G1 X40.200 Y0.000
G1 X39.800 Y0.000
G1 X39.800 Y2.200
G1 X36.941 Y2.200
G1 X36.941 Y-2.200
G1 X39.800 Y-2.200
G1 X39.800 Y0.000
G1 X39.400 Y0.000
G1 X39.400 Y1.800
G1 X37.341 Y1.800
G1 X37.341 Y-1.800
G1 X39.400 Y-1.800
G1 X39.400 Y0.000
G1 X39.000 Y0.000
G1 X39.000 Y1.400
G1 X37.741 Y1.400
G1 X37.741 Y-1.400
G1 X39.000 Y-1.400
G1 X39.000 Y0.000
G1 X38.600 Y0.000
G1 X38.600 Y1.000
G1 X38.141 Y1.000
G1 X38.141 Y-1.000
G1 X38.600 Y-1.000
G1 X38.600 Y0.000
G1 X38.200 Y0.000
G1 X38.200 Y0.600
G1 X38.541 Y0.600
G1 X38.541 Y-0.600
G1 X38.200 Y-0.600
G1 X38.200 Y0.000
G1 X37.800 Y0.000
G1 X37.800 Y0.000 Z3.500
G1 X37.800 Y0.000
G1 X38.200 Y0.000
G1 X38.200 Y-0.600
G1 X38.372 Y-0.600
G1 X38.372 Y0.600
G1 X38.200 Y0.600
G1 X38.200 Y0.000
G1 X38.600 Y0.000
G1 X38.600 Y-1.000
G1 X37.972 Y-1.000
G1 X37.972 Y1.000
G1 X38.600 Y1.000
G1 X38.600 Y0.000
G1 X39.000 Y0.000
G1 X39.000 Y-1.400
G1 X37.572 Y-1.400
G1 X37.572 Y1.400
G1 X39.000 Y1.400
G1 X39.000 Y0.000
G1 X39.400 Y0.000
G1 X39.400 Y-1.800
G1 X37.172 Y-1.800
G1 X37.172 Y1.800
G1 X39.400 Y1.800
G1 X39.400 Y0.000
G1 X39.800 Y0.000
G1 X39.800 Y-2.200
G1 X36.772 Y-2.200
G1 X36.772 Y2.200
G1 X39.800 Y2.200
G1 X39.800 Y0.000
G1 X40.200 Y0.000
G1 X40.200 Y-2.600
G1 X36.372 Y-2.600
G1 X36.372 Y2.600
G1 X40.200 Y2.600
G1 X40.200 Y0.000
G1 X40.600 Y0.000
G1 X40.600 Y-3.000
G1 X35.972 Y-3.000
G1 X35.972 Y3.000
G1 X40.600 Y3.000
G1 X40.600 Y0.000
G1 X41.000 Y0.000
G1 X41.000 Y-3.400
G1 X35.572 Y-3.400
G1 X35.572 Y3.400
G1 X41.000 Y3.400
G1 X41.000 Y0.000
G1 X41.400 Y0.000
G1 X41.400 Y-3.800
G1 X35.172 Y-3.800
G1 X35.172 Y3.800
G1 X41.400 Y3.800
G1 X41.400 Y0.000
G1 X41.800 Y0.000
G1 X41.800 Y-4.200
G1 X34.772 Y-4.200
G1 X34.772 Y4.200
G1 X41.800 Y4.200
G1 X41.800 Y0.000
G1 X42.200 Y0.000
G1 X42.200 Y-4.600
G1 X34.372 Y-4.600
G1 X34.372 Y4.600
G1 X42.200 Y4.600
G1 X42.200 Y0.000
G1 X42.600 Y0.000
G1 X42.600 Y-5.000
G1 X33.972 Y-5.000
G1 X33.972 Y5.000
G1 X42.600 Y5.000
G1 X42.600 Y0.000
G1 X43.000 Y0.000
G1 X43.000 Y-5.400
G1 X33.572 Y-5.400
G1 X33.572 Y5.400
G1 X43.000 Y5.400
G1 X43.000 Y0.000
G1 X43.400 Y0.000
G1 X43.400 Y-5.800
G1 X33.172 Y-5.800
G1 X33.172 Y5.800
G1 X43.400 Y5.800
G1 X43.400 Y0.000
G1 X43.800 Y0.000
G1 X43.800 Y-6.200
G1 X32.772 Y-6.200
G1 X32.772 Y6.200
G1 X43.800 Y6.200
G1 X43.800 Y0.000
G1 X44.200 Y0.000
G1 X44.200 Y-6.600
G1 X32.372 Y-6.600
G1 X32.372 Y6.600
G1 X44.200 Y6.600
G1 X44.200 Y0.000 Z3.500
G1 X43.800 Y0.000 Z3.900
G1 X43.800 Y6.200
G1 X32.547 Y6.200
G1 X32.547 Y-6.200
G1 X43.800 Y-6.200
G1 X43.800 Y0.000
G1 X43.400 Y0.000
G1 X43.400 Y5.800
G1 X32.947 Y5.800
G1 X32.947 Y-5.800
G1 X43.400 Y-5.800
G1 X43.400 Y0.000
G1 X43.000 Y0.000
G1 X43.000 Y5.400
G1 X33.347 Y5.400
G1 X33.347 Y-5.400
G1 X43.000 Y-5.400
G1 X43.000 Y0.000
G1 X42.600 Y0.000
G1 X42.600 Y5.000
G1 X33.747 Y5.000
G1 X33.747 Y-5.000
G1 X42.600 Y-5.000
G1 X42.600 Y0.000
G1 X42.200 Y0.000
G1 X42.200 Y4.600
G1 X34.147 Y4.600
G1 X34.147 Y-4.600
G1 X42.200 Y-4.600
G1 X42.200 Y0.000
G1 X41.800 Y0.000
G1 X41.800 Y4.200
G1 X34.547 Y4.200
G1 X34.547 Y-4.200
G1 X41.800 Y-4.200
G1 X41.800 Y0.000
G1 X41.400 Y0.000
G1 X41.400 Y3.800
G1 X34.947 Y3.800
G1 X34.947 Y-3.800
G1 X41.400 Y-3.800
G1 X41.400 Y0.000
G1 X41.000 Y0.000
G1 X41.000 Y3.400
G1 X35.347 Y3.400
G1 X35.347 Y-3.400
G1 X41.000 Y-3.400
G1 X41.000 Y0.000
G1 X40.600 Y0.000
G1 X40.600 Y3.000
G1 X35.747 Y3.000
G1 X35.747 Y-3.000
G1 X40.600 Y-3.000
G1 X40.600 Y0.000
G1 X40.200 Y0.000
G1 X40.200 Y2.600
G1 X36.147 Y2.600
G1 X36.147 Y-2.600
G1 X40.200 Y-2.600
G1 X40.200 Y0.000
G1 X39.800 Y0.000
G1 X39.800 Y2.200
G1 X36.547 Y2.200
G1 X36.547 Y-2.200
G1 X39.800 Y-2.200
G1 X39.800 Y0.000
G1 X39.400 Y0.000
G1 X39.400 Y1.800
G1 X36.947 Y1.800
G1 X36.947 Y-1.800
G1 X39.400 Y-1.800
G1 X39.400 Y0.000
G1 X39.000 Y0.000
G1 X39.000 Y1.400
G1 X37.347 Y1.400
G1 X37.347 Y-1.400
G1 X39.000 Y-1.400
G1 X39.000 Y0.000
G1 X38.600 Y0.000
G1 X38.600 Y1.000
G1 X37.747 Y1.000
G1 X37.747 Y-1.000
G1 X38.600 Y-1.000
G1 X38.600 Y0.000
G1 X38.200 Y0.000
G1 X38.200 Y0.600
G1 X38.147 Y0.600
G1 X38.147 Y-0.600
G1 X38.200 Y-0.600
G1 X38.200 Y0.000
G1 X37.800 Y0.000
G1 X37.800 Y0.000 Z4.300
G1 X37.800 Y0.000
G1 X38.200 Y0.000
G1 X38.200 Y-0.600
G1 X37.873 Y-0.600
G1 X37.873 Y0.600
G1 X38.200 Y0.600
G1 X38.200 Y0.000
G1 X38.600 Y0.000
G1 X38.600 Y-1.000
G1 X37.473 Y-1.000
G1 X37.473 Y1.000
G1 X38.600 Y1.000
G1 X38.600 Y0.000
G1 X39.000 Y0.000
G1 X39.000 Y-1.400
G1 X37.073 Y-1.400
G1 X37.073 Y1.400
G1 X39.000 Y1.400
G1 X39.000 Y0.000
G1 X39.400 Y0.000
G1 X39.400 Y-1.800
G1 X36.673 Y-1.800
G1 X36.673 Y1.800
G1 X39.400 Y1.800
G1 X39.400 Y0.000
G1 X39.800 Y0.000
G1 X39.800 Y-2.200
G1 X36.273 Y-2.200
G1 X36.273 Y2.200
G1 X39.800 Y2.200
G1 X39.800 Y0.000
G1 X40.200 Y0.000
G1 X40.200 Y-2.600
G1 X35.873 Y-2.600
G1 X35.873 Y2.600
G1 X40.200 Y2.600
G1 X40.200 Y0.000
G1 X40.600 Y0.000
G1 X40.600 Y-3.000
G1 X35.473 Y-3.000
G1 X35.473 Y3.000
G1 X40.600 Y3.000
G1 X40.600 Y0.000
G1 X41.000 Y0.000
G1 X41.000 Y-3.400
G1 X35.073 Y-3.400
G1 X35.073 Y3.400
G1 X41.000 Y3.400
G1 X41.000 Y0.000
G1 X41.400 Y0.000
G1 X41.400 Y-3.800
G1 X34.673 Y-3.800
G1 X34.673 Y3.800
G1 X41.400 Y3.800
G1 X41.400 Y0.000
G1 X41.800 Y0.000
G1 X41.800 Y-4.200
G1 X34.273 Y-4.200
G1 X34.273 Y4.200
G1 X41.800 Y4.200
G1 X41.800 Y0.000
G1 X42.200 Y0.000
G1 X42.200 Y-4.600
G1 X33.873 Y-4.600
G1 X33.873 Y4.600
G1 X42.200 Y4.600
G1 X42.200 Y0.000
G1 X42.600 Y0.000
G1 X42.600 Y-5.000
G1 X33.473 Y-5.000
G1 X33.473 Y5.000
G1 X42.600 Y5.000
G1 X42.600 Y0.000
G1 X43.000 Y0.000
G1 X43.000 Y-5.400
G1 X33.073 Y-5.400
G1 X33.073 Y5.400
G1 X43.000 Y5.400
G1 X43.000 Y0.000
G1 X43.400 Y0.000
G1 X43.400 Y-5.800
G1 X32.673 Y-5.800
G1 X32.673 Y5.800
G1 X43.400 Y5.800
G1 X43.400 Y0.000 Z4.300
G1 X43.000 Y0.000 Z4.700
G1 X43.000 Y5.400
G1 X32.755 Y5.400
G1 X32.755 Y-5.400
G1 X43.000 Y-5.400
G1 X43.000 Y0.000
G1 X42.600 Y0.000
G1 X42.600 Y5.000
G1 X33.155 Y5.000
G1 X33.155 Y-5.000
G1 X42.600 Y-5.000
G1 X42.600 Y0.000
G1 X42.200 Y0.000
G1 X42.200 Y4.600
G1 X33.555 Y4.600
G1 X33.555 Y-4.600
G1 X42.200 Y-4.600
G1 X42.200 Y0.000
G1 X41.800 Y0.000
G1 X41.800 Y4.200
G1 X33.955 Y4.200
G1 X33.955 Y-4.200
G1 X41.800 Y-4.200
G1 X41.800 Y0.000
G1 X41.400 Y0.000
G1 X41.400 Y3.800
G1 X34.355 Y3.800
G1 X34.355 Y-3.800
G1 X41.400 Y-3.800
G1 X41.400 Y0.000
G1 X41.000 Y0.000
G1 X41.000 Y3.400
G1 X34.755 Y3.400
G1 X34.755 Y-3.400
G1 X41.000 Y-3.400
G1 X41.000 Y0.000
G1 X40.600 Y0.000
G1 X40.600 Y3.000
G1 X35.155 Y3.000
G1 X35.155 Y-3.000
G1 X40.600 Y-3.000
G1 X40.600 Y0.000
G1 X40.200 Y0.000
G1 X40.200 Y2.600
G1 X35.555 Y2.600
G1 X35.555 Y-2.600
G1 X40.200 Y-2.600
G1 X40.200 Y0.000
G1 X39.800 Y0.000
G1 X39.800 Y2.200
G1 X35.955 Y2.200
G1 X35.955 Y-2.200
G1 X39.800 Y-2.200
G1 X39.800 Y0.000
G1 X39.400 Y0.000
G1 X39.400 Y1.800
G1 X36.355 Y1.800
G1 X36.355 Y-1.800
G1 X39.400 Y-1.800
G1 X39.400 Y0.000
G1 X39.000 Y0.000
G1 X39.000 Y1.400
G1 X36.755 Y1.400
G1 X36.755 Y-1.400
G1 X39.000 Y-1.400
G1 X39.000 Y0.000
G1 X38.600 Y0.000
G1 X38.600 Y1.000
G1 X37.155 Y1.000
G1 X37.155 Y-1.000
G1 X38.600 Y-1.000
G1 X38.600 Y0.000
G1 X38.200 Y0.000
G1 X38.200 Y0.600
G1 X37.555 Y0.600
G1 X37.555 Y-0.600
G1 X38.200 Y-0.600
G1 X38.200 Y0.000
G1 X37.800 Y0.000
G1 X37.800 Y0.200
G1 X37.955 Y0.200
G1 X37.955 Y-0.200
G1 X37.800 Y-0.200
G1 X37.800 Y0.000
G1 X37.400 Y0.000
G1 X37.400 Y0.000 Z5.100
G1 X37.400 Y0.000
G1 X37.800 Y0.000
G1 X37.800 Y-0.200
G1 X37.595 Y-0.200
G1 X37.595 Y0.200
G1 X37.800 Y0.200
G1 X37.800 Y0.000
G1 X38.200 Y0.000
G1 X38.200 Y-0.600
G1 X37.195 Y-0.600
G1 X37.195 Y0.600
G1 X38.200 Y0.600
G1 X38.200 Y0.000
G1 X38.600 Y0.000
G1 X38.600 Y-1.000
G1 X36.795 Y-1.000
G1 X36.795 Y1.000
G1 X38.600 Y1.000
G1 X38.600 Y0.000
G1 X39.000 Y0.000
G1 X39.000 Y-1.400
G1 X36.395 Y-1.400
G1 X36.395 Y1.400
G1 X39.000 Y1.400
G1 X39.000 Y0.000
G1 X39.400 Y0.000
G1 X39.400 Y-1.800
G1 X35.995 Y-1.800
G1 X35.995 Y1.800
G1 X39.400 Y1.800
G1 X39.400 Y0.000
G1 X39.800 Y0.000
G1 X39.800 Y-2.200
G1 X35.595 Y-2.200
G1 X35.595 Y2.200
G1 X39.800 Y2.200
G1 X39.800 Y0.000
G1 X40.200 Y0.000
G1 X40.200 Y-2.600
G1 X35.195 Y-2.600
G1 X35.195 Y2.600
G1 X40.200 Y2.600
G1 X40.200 Y0.000
G1 X40.600 Y0.000
G1 X40.600 Y-3.000
G1 X34.795 Y-3.000
G1 X34.795 Y3.000
G1 X40.600 Y3.000
G1 X40.600 Y0.000
G1 X41.000 Y0.000
G1 X41.000 Y-3.400
G1 X34.395 Y-3.400
G1 X34.395 Y3.400
G1 X41.000 Y3.400
G1 X41.000 Y0.000
G1 X41.400 Y0.000
G1 X41.400 Y-3.800
G1 X33.995 Y-3.800
G1 X33.995 Y3.800
G1 X41.400 Y3.800
G1 X41.400 Y0.000
G1 X41.800 Y0.000
G1 X41.800 Y-4.200
G1 X33.595 Y-4.200
G1 X33.595 Y4.200
G1 X41.800 Y4.200
G1 X41.800 Y0.000
G1 X42.200 Y0.000
G1 X42.200 Y-4.600
G1 X33.195 Y-4.600
G1 X33.195 Y4.600
G1 X42.200 Y4.600
G1 X42.200 Y0.000
G1 X42.600 Y0.000
G1 X42.600 Y-5.000
G1 X32.795 Y-5.000
G1 X32.795 Y5.000
G1 X42.600 Y5.000
G1 X42.600 Y0.000 Z5.100
M9
G1 Z10.000
G1 X-9.000 Y0.000
G1 Z1.500
M7
G4 P150
G1 X-7.551 Y0.000 Z1.500
G1 X-7.551 Y-8.600
G1 X7.551 Y-8.600
G1 X7.551 Y7.551
G1 X-7.551 Y7.551
G1 X-7.551 Y-0.000
G1 X-7.151 Y0.000
G1 X-7.151 Y-8.200
G1 X7.151 Y-8.200
G1 X7.151 Y7.151
G1 X-7.151 Y7.151
G1 X-7.151 Y-0.000
G1 X-6.751 Y0.000
G1 X-6.751 Y-7.800
G1 X6.751 Y-7.800
G1 X6.751 Y6.751
G1 X-6.751 Y6.751
G1 X-6.751 Y-0.000
G1 X-6.351 Y0.000
G1 X-6.351 Y-7.400
G1 X6.351 Y-7.400
G1 X6.351 Y6.351
G1 X-6.351 Y6.351
G1 X-6.351 Y-0.000
G1 X-5.951 Y0.000
G1 X-5.951 Y-7.000
G1 X5.951 Y-7.000
G1 X5.951 Y5.951
G1 X-5.951 Y5.951
G1 X-5.951 Y-0.000
G1 X-5.551 Y0.000
G1 X-5.551 Y-6.600
G1 X5.551 Y-6.600
G1 X5.551 Y5.551
G1 X-5.551 Y5.551
G1 X-5.551 Y-0.000
G1 X-5.151 Y0.000
G1 X-5.151 Y-6.200
G1 X5.151 Y-6.200
G1 X5.151 Y5.151
G1 X-5.151 Y5.151
G1 X-5.151 Y-0.000
G1 X-4.751 Y0.000
G1 X-4.751 Y-5.800
G1 X4.751 Y-5.800
G1 X4.751 Y4.751
G1 X-4.751 Y4.751
G1 X-4.751 Y-0.000
G1 X-4.351 Y0.000
G1 X-4.351 Y-5.400
G1 X4.351 Y-5.400
G1 X4.351 Y4.351
G1 X-4.351 Y4.351
G1 X-4.351 Y-0.000
G1 X-3.951 Y0.000
G1 X-3.951 Y-5.000
G1 X3.951 Y-5.000
G1 X3.951 Y3.951
G1 X-3.951 Y3.951
G1 X-3.951 Y0.000
G1 X-3.551 Y0.000
G1 X-3.551 Y-4.600
G1 X3.551 Y-4.600
G1 X3.551 Y3.551
G1 X-3.551 Y3.551
G1 X-3.551 Y0.000
G1 X-3.151 Y0.000
G1 X-3.151 Y-4.200
G1 X3.151 Y-4.200
G1 X3.151 Y3.151
G1 X-3.151 Y3.151
G1 X-3.151 Y-0.000
G1 X-2.751 Y0.000
G1 X-2.751 Y-3.800
G1 X2.751 Y-3.800
G1 X2.751 Y2.751
G1 X-2.751 Y2.751
G1 X-2.751 Y0.000
G1 X-2.351 Y0.000
G1 X-2.351 Y-3.400
G1 X2.351 Y-3.400
G1 X2.351 Y2.351
G1 X-2.351 Y2.351
G1 X-2.351 Y-0.000
G1 X-1.951 Y0.000
G1 X-1.951 Y-3.000
G1 X1.951 Y-3.000
G1 X1.951 Y1.951
G1 X-1.951 Y1.951
G1 X-1.951 Y0.000
G1 X-1.551 Y0.000
G1 X-1.551 Y-2.600
G1 X1.551 Y-2.600
G1 X1.551 Y1.551
G1 X-1.551 Y1.551
G1 X-1.551 Y-0.000
G1 X-1.151 Y0.000
G1 X-1.151 Y-2.200
G1 X1.151 Y-2.200
G1 X1.151 Y1.151
G1 X-1.151 Y1.151
G1 X-1.151 Y0.000
G1 X-0.751 Y0.000
G1 X-0.751 Y-1.800
G1 X0.751 Y-1.800
G1 X0.751 Y0.751
G1 X-0.751 Y0.751
G1 X-0.751 Y0.000
G1 X-0.351 Y0.000
G1 X-0.351 Y-1.400
G1 X0.351 Y-1.400
G1 X0.351 Y0.351
G1 X-0.351 Y0.351
G1 X-0.351 Y0.000
G1 X0.049 Y0.000
G1 X0.107 Y0.000 Z1.900
G1 X0.107 Y0.000
G1 X-0.293 Y0.000
G1 X-0.293 Y0.293
G1 X0.293 Y0.293
G1 X0.293 Y-1.800
G1 X-0.293 Y-1.800
G1 X-0.293 Y0.000
G1 X-0.693 Y0.000
G1 X-0.693 Y0.693
G1 X0.693 Y0.693
G1 X0.693 Y-2.200
G1 X-0.693 Y-2.200
G1 X-0.693 Y0.000
G1 X-1.093 Y0.000
G1 X-1.093 Y1.093
G1 X1.093 Y1.093
G1 X1.093 Y-2.600
G1 X-1.093 Y-2.600
G1 X-1.093 Y0.000
G1 X-1.493 Y0.000
G1 X-1.493 Y1.493
G1 X1.493 Y1.493
G1 X1.493 Y-3.000
G1 X-1.493 Y-3.000
G1 X-1.493 Y0.000
G1 X-1.893 Y0.000
G1 X-1.893 Y1.893
G1 X1.893 Y1.893
G1 X1.893 Y-3.400
G1 X-1.893 Y-3.400
G1 X-1.893 Y0.000
G1 X-2.293 Y0.000
G1 X-2.293 Y2.293
G1 X2.293 Y2.293
G1 X2.293 Y-3.800
G1 X-2.293 Y-3.800
G1 X-2.293 Y0.000
G1 X-2.693 Y0.000
G1 X-2.693 Y2.693
G1 X2.693 Y2.693
G1 X2.693 Y-4.200
G1 X-2.693 Y-4.200
G1 X-2.693 Y0.000
G1 X-3.093 Y-0.000
G1 X-3.093 Y3.093
G1 X3.093 Y3.093
G1 X3.093 Y-4.600
G1 X-3.093 Y-4.600
G1 X-3.093 Y0.000
G1 X-3.493 Y0.000
G1 X-3.493 Y3.493
G1 X3.493 Y3.493
G1 X3.493 Y-5.000
G1 X-3.493 Y-5.000
G1 X-3.493 Y0.000
G1 X-3.893 Y0.000
G1 X-3.893 Y3.893
G1 X3.893 Y3.893
G1 X3.893 Y-5.400
G1 X-3.893 Y-5.400
G1 X-3.893 Y0.000
G1 X-4.293 Y-0.000
G1 X-4.293 Y4.293
G1 X4.293 Y4.293
G1 X4.293 Y-5.800
G1 X-4.293 Y-5.800
G1 X-4.293 Y0.000
G1 X-4.693 Y-0.000
G1 X-4.693 Y4.693
G1 X4.693 Y4.693
G1 X4.693 Y-6.200
G1 X-4.693 Y-6.200
G1 X-4.693 Y0.000
G1 X-5.093 Y-0.000
G1 X-5.093 Y5.093
G1 X5.093 Y5.093
G1 X5.093 Y-6.600
G1 X-5.093 Y-6.600
G1 X-5.093 Y0.000
G1 X-5.493 Y-0.000
G1 X-5.493 Y5.493
G1 X5.493 Y5.493
G1 X5.493 Y-7.000
G1 X-5.493 Y-7.000
G1 X-5.493 Y0.000
G1 X-5.893 Y-0.000
G1 X-5.893 Y5.893
G1 X5.893 Y5.893
G1 X5.893 Y-7.400
G1 X-5.893 Y-7.400
G1 X-5.893 Y0.000
G1 X-6.293 Y-0.000
G1 X-6.293 Y6.293
G1 X6.293 Y6.293
G1 X6.293 Y-7.800
G1 X-6.293 Y-7.800
G1 X-6.293 Y0.000
G1 X-6.693 Y-0.000
G1 X-6.693 Y6.693
G1 X6.693 Y6.693
G1 X6.693 Y-8.200
G1 X-6.693 Y-8.200
G1 X-6.693 Y0.000 Z1.900
G1 X-6.154 Y0.000 Z2.300
G1 X-6.154 Y-7.800
G1 X6.154 Y-7.800
G1 X6.154 Y6.154
G1 X-6.154 Y6.154
G1 X-6.154 Y-0.000
G1 X-5.754 Y0.000
G1 X-5.754 Y-7.400
G1 X5.754 Y-7.400
G1 X5.754 Y5.754
G1 X-5.754 Y5.754
G1 X-5.754 Y-0.000
G1 X-5.354 Y0.000
G1 X-5.354 Y-7.000
G1 X5.354 Y-7.000
G1 X5.354 Y5.354
G1 X-5.354 Y5.354
G1 X-5.354 Y-0.000
G1 X-4.954 Y0.000
G1 X-4.954 Y-6.600
G1 X4.954 Y-6.600
G1 X4.954 Y4.954
G1 X-4.954 Y4.954
G1 X-4.954 Y-0.000
G1 X-4.554 Y0.000
G1 X-4.554 Y-6.200
G1 X4.554 Y-6.200
G1 X4.554 Y4.554
G1 X-4.554 Y4.554
G1 X-4.554 Y-0.000
G1 X-4.154 Y0.000
G1 X-4.154 Y-5.800
G1 X4.154 Y-5.800
G1 X4.154 Y4.154
G1 X-4.154 Y4.154
G1 X-4.154 Y-0.000
G1 X-3.754 Y0.000
G1 X-3.754 Y-5.400
G1 X3.754 Y-5.400
G1 X3.754 Y3.754
G1 X-3.754 Y3.754
G1 X-3.754 Y0.000
G1 X-3.354 Y0.000
G1 X-3.354 Y-5.000
G1 X3.354 Y-5.000
G1 X3.354 Y3.354
G1 X-3.354 Y3.354
G1 X-3.354 Y0.000
G1 X-2.954 Y0.000
G1 X-2.954 Y-4.600
G1 X2.954 Y-4.600
G1 X2.954 Y2.954
G1 X-2.954 Y2.954
G1 X-2.954 Y-0.000
G1 X-2.554 Y0.000
G1 X-2.554 Y-4.200
G1 X2.554 Y-4.200
G1 X2.554 Y2.554
G1 X-2.554 Y2.554
G1 X-2.554 Y0.000
G1 X-2.154 Y0.000
G1 X-2.154 Y-3.800
G1 X2.154 Y-3.800
G1 X2.154 Y2.154
G1 X-2.154 Y2.154
G1 X-2.154 Y0.000
G1 X-1.754 Y0.000
G1 X-1.754 Y-3.400
G1 X1.754 Y-3.400
G1 X1.754 Y1.754
G1 X-1.754 Y1.754
G1 X-1.754 Y0.000
G1 X-1.354 Y0.000
G1 X-1.354 Y-3.000
G1 X1.354 Y-3.000
G1 X1.354 Y1.354
G1 X-1.354 Y1.354
G1 X-1.354 Y0.000
G1 X-0.954 Y0.000
G1 X-0.954 Y-2.600
G1 X0.954 Y-2.600
G1 X0.954 Y0.954
G1 X-0.954 Y0.954
G1 X-0.954 Y0.000
G1 X-0.554 Y0.000
G1 X-0.554 Y-2.200
G1 X0.554 Y-2.200
G1 X0.554 Y0.554
G1 X-0.554 Y0.554
G1 X-0.554 Y0.000
G1 X-0.154 Y0.000
G1 X-0.154 Y-1.800
G1 X0.154 Y-1.800
G1 X0.154 Y0.154
G1 X-0.154 Y0.154
G1 X-0.154 Y0.000
G1 X0.246 Y0.000
G1 X0.240 Y0.000 Z2.700
G1 X0.240 Y0.000
G1 X-0.160 Y0.000
G1 X-0.160 Y0.160
G1 X0.160 Y0.160
G1 X0.160 Y-1.800
G1 X-0.160 Y-1.800
G1 X-0.160 Y0.000
G1 X-0.560 Y0.000
G1 X-0.560 Y0.560
G1 X0.560 Y0.560
G1 X0.560 Y-2.200
G1 X-0.560 Y-2.200
G1 X-0.560 Y0.000
G1 X-0.960 Y0.000
G1 X-0.960 Y0.960
G1 X0.960 Y0.960
G1 X0.960 Y-2.600
G1 X-0.960 Y-2.600
G1 X-0.960 Y0.000
G1 X-1.360 Y0.000
G1 X-1.360 Y1.360
G1 X1.360 Y1.360
G1 X1.360 Y-3.000
G1 X-1.360 Y-3.000
G1 X-1.360 Y0.000
G1 X-1.760 Y0.000
G1 X-1.760 Y1.760
G1 X1.760 Y1.760
G1 X1.760 Y-3.400
G1 X-1.760 Y-3.400
G1 X-1.760 Y0.000
G1 X-2.160 Y0.000
G1 X-2.160 Y2.160
G1 X2.160 Y2.160
G1 X2.160 Y-3.800
G1 X-2.160 Y-3.800
G1 X-2.160 Y0.000
G1 X-2.560 Y0.000
G1 X-2.560 Y2.560
G1 X2.560 Y2.560
G1 X2.560 Y-4.200
G1 X-2.560 Y-4.200
G1 X-2.560 Y0.000
G1 X-2.960 Y0.000
G1 X-2.960 Y2.960
G1 X2.960 Y2.960
G1 X2.960 Y-4.600
G1 X-2.960 Y-4.600
G1 X-2.960 Y0.000
G1 X-3.360 Y-0.000
G1 X-3.360 Y3.360
G1 X3.360 Y3.360
G1 X3.360 Y-5.000
G1 X-3.360 Y-5.000
G1 X-3.360 Y0.000
G1 X-3.760 Y-0.000
G1 X-3.760 Y3.760
G1 X3.760 Y3.760
G1 X3.760 Y-5.400
G1 X-3.760 Y-5.400
G1 X-3.760 Y0.000
G1 X-4.160 Y0.000
G1 X-4.160 Y4.160
G1 X4.160 Y4.160
G1 X4.160 Y-5.800
G1 X-4.160 Y-5.800
G1 X-4.160 Y0.000
G1 X-4.560 Y0.000
G1 X-4.560 Y4.560
G1 X4.560 Y4.560
G1 X4.560 Y-6.200
G1 X-4.560 Y-6.200
G1 X-4.560 Y0.000
G1 X-4.960 Y0.000
G1 X-4.960 Y4.960
G1 X4.960 Y4.960
G1 X4.960 Y-6.600
G1 X-4.960 Y-6.600
G1 X-4.960 Y0.000
G1 X-5.360 Y0.000
G1 X-5.360 Y5.360
G1 X5.360 Y5.360
G1 X5.360 Y-7.000
G1 X-5.360 Y-7.000
G1 X-5.360 Y0.000
G1 X-5.760 Y0.000
G1 X-5.760 Y5.760
G1 X5.760 Y5.760
G1 X5.760 Y-7.400
G1 X-5.760 Y-7.400
G1 X-5.760 Y0.000 Z2.700
M9
G1 Z10.000
G1 X-0.600 Y0.600
G1 Z1.500
M7
G4 P150
G1 X-0.800 Y0.800 Z3.100
G1 X-0.800 Y5.459
G1 X-5.459 Y5.459
G1 X-5.459 Y0.800
G1 X-0.800 Y0.800
G1 X-1.200 Y1.200
G1 X-1.200 Y5.059
G1 X-5.059 Y5.059
G1 X-5.059 Y1.200
G1 X-1.200 Y1.200
G1 X-1.600 Y1.600
G1 X-1.600 Y4.659
G1 X-4.659 Y4.659
G1 X-4.659 Y1.600
G1 X-1.600 Y1.600
G1 X-2.000 Y2.000
G1 X-2.000 Y4.259
G1 X-4.259 Y4.259
G1 X-4.259 Y2.000
G1 X-2.000 Y2.000
G1 X-2.400 Y2.400
G1 X-2.400 Y3.859
G1 X-3.859 Y3.859
G1 X-3.859 Y2.400
G1 X-2.400 Y2.400
G1 X-2.800 Y2.800
G1 X-2.800 Y3.459
G1 X-3.459 Y3.459
G1 X-3.459 Y2.800
G1 X-2.800 Y2.800
G1 X-3.200 Y3.200
G1 X-3.200 Y3.059
G1 X-3.059 Y3.059
G1 X-3.059 Y3.200
G1 X-3.200 Y3.200
G1 X-2.800 Y2.800
G1 X-2.800 Y2.800 Z3.500
G1 X-2.800 Y2.800
G1 X-3.200 Y3.200
G1 X-2.828 Y3.200
G1 X-2.828 Y2.828
G1 X-3.200 Y2.828
G1 X-3.200 Y3.200
G1 X-2.800 Y2.800
G1 X-3.228 Y2.800
G1 X-3.228 Y3.228
G1 X-2.800 Y3.228
G1 X-2.800 Y2.800
G1 X-2.400 Y2.400
G1 X-3.628 Y2.400
G1 X-3.628 Y3.628
G1 X-2.400 Y3.628
G1 X-2.400 Y2.400
G1 X-2.000 Y2.000
G1 X-4.028 Y2.000
G1 X-4.028 Y4.028
G1 X-2.000 Y4.028
G1 X-2.000 Y2.000
G1 X-1.600 Y1.600
G1 X-4.428 Y1.600
G1 X-4.428 Y4.428
G1 X-1.600 Y4.428
G1 X-1.600 Y1.600
G1 X-1.200 Y1.200
G1 X-4.828 Y1.200
G1 X-4.828 Y4.828
G1 X-1.200 Y4.828
G1 X-1.200 Y1.200
G1 X-0.800 Y0.800
G1 X-5.228 Y0.800
G1 X-5.228 Y5.228
G1 X-0.800 Y5.228
G1 X-0.800 Y0.800 Z3.500
G1 X-0.800 Y0.800 Z3.900
G1 X-0.800 Y5.053
G1 X-5.053 Y5.053
G1 X-5.053 Y0.800
G1 X-0.800 Y0.800
G1 X-1.200 Y1.200
G1 X-1.200 Y4.653
G1 X-4.653 Y4.653
G1 X-4.653 Y1.200
G1 X-1.200 Y1.200
G1 X-1.600 Y1.600
G1 X-1.600 Y4.253
G1 X-4.253 Y4.253
G1 X-4.253 Y1.600
G1 X-1.600 Y1.600
G1 X-2.000 Y2.000
G1 X-2.000 Y3.853
G1 X-3.853 Y3.853
G1 X-3.853 Y2.000
G1 X-2.000 Y2.000
G1 X-2.400 Y2.400
G1 X-2.400 Y3.453
G1 X-3.453 Y3.453
G1 X-3.453 Y2.400
G1 X-2.400 Y2.400
G1 X-2.800 Y2.800
G1 X-2.800 Y3.053
G1 X-3.053 Y3.053
G1 X-3.053 Y2.800
G1 X-2.800 Y2.800
G1 X-3.200 Y3.200
M9
G1 Z10.000
G1 X0.600 Y0.600
G1 Z1.500
M7
G4 P150
G1 X0.800 Y0.800 Z3.100
G1 X5.459 Y0.800
G1 X5.459 Y5.459
G1 X0.800 Y5.459
G1 X0.800 Y0.800
G1 X1.200 Y1.200
G1 X5.059 Y1.200
G1 X5.059 Y5.059
G1 X1.200 Y5.059
G1 X1.200 Y1.200
G1 X1.600 Y1.600
G1 X4.659 Y1.600
G1 X4.659 Y4.659
G1 X1.600 Y4.659
G1 X1.600 Y1.600
G1 X2.000 Y2.000
G1 X4.259 Y2.000
G1 X4.259 Y4.259
G1 X2.000 Y4.259
G1 X2.000 Y2.000
G1 X2.400 Y2.400
G1 X3.859 Y2.400
G1 X3.859 Y3.859
G1 X2.400 Y3.859
G1 X2.400 Y2.400
G1 X2.800 Y2.800
G1 X3.459 Y2.800
G1 X3.459 Y3.459
G1 X2.800 Y3.459
G1 X2.800 Y2.800
G1 X3.200 Y3.200
G1 X3.059 Y3.200
G1 X3.059 Y3.059
G1 X3.200 Y3.059
G1 X3.200 Y3.200
G1 X2.800 Y2.800
G1 X2.800 Y2.800 Z3.500
G1 X2.800 Y2.800
G1 X3.200 Y3.200
G1 X3.200 Y2.828
G1 X2.828 Y2.828
G1 X2.828 Y3.200
G1 X3.200 Y3.200
G1 X2.800 Y2.800
G1 X2.800 Y3.228
G1 X3.228 Y3.228
G1 X3.228 Y2.800
G1 X2.800 Y2.800
G1 X2.400 Y2.400
G1 X2.400 Y3.628
G1 X3.628 Y3.628
G1 X3.628 Y2.400
G1 X2.400 Y2.400
G1 X2.000 Y2.000
G1 X2.000 Y4.028
G1 X4.028 Y4.028
G1 X4.028 Y2.000
G1 X2.000 Y2.000
G1 X1.600 Y1.600
G1 X1.600 Y4.428
G1 X4.428 Y4.428
G1 X4.428 Y1.600
G1 X1.600 Y1.600
G1 X1.200 Y1.200
G1 X1.200 Y4.828
G1 X4.828 Y4.828
G1 X4.828 Y1.200
G1 X1.200 Y1.200
G1 X0.800 Y0.800
G1 X0.800 Y5.228
G1 X5.228 Y5.228
G1 X5.228 Y0.800
G1 X0.800 Y0.800 Z3.500
G1 X0.800 Y0.800 Z3.900
G1 X5.053 Y0.800
G1 X5.053 Y5.053
G1 X0.800 Y5.053
G1 X0.800 Y0.800
G1 X1.200 Y1.200
G1 X4.653 Y1.200
G1 X4.653 Y4.653
G1 X1.200 Y4.653
G1 X1.200 Y1.200
G1 X1.600 Y1.600
G1 X4.253 Y1.600
G1 X4.253 Y4.253
G1 X1.600 Y4.253
G1 X1.600 Y1.600
G1 X2.000 Y2.000
G1 X3.853 Y2.000
G1 X3.853 Y3.853
G1 X2.000 Y3.853
G1 X2.000 Y2.000
G1 X2.400 Y2.400
G1 X3.453 Y2.400
G1 X3.453 Y3.453
G1 X2.400 Y3.453
G1 X2.400 Y2.400
G1 X2.800 Y2.800
G1 X3.053 Y2.800
G1 X3.053 Y3.053
G1 X2.800 Y3.053
G1 X2.800 Y2.800
G1 X3.200 Y3.200
M9
G1 Z10.000
G1 X-5.500 Y-0.600
G1 Z1.500
M7
G4 P150
G1 X-5.459 Y-0.800 Z3.100
G1 X-5.459 Y-7.000
G1 X5.459 Y-7.000
G1 X5.459 Y-0.800
G1 X-5.459 Y-0.800
G1 X-5.059 Y-1.200
G1 X-5.059 Y-6.600
G1 X5.059 Y-6.600
G1 X5.059 Y-1.200
G1 X-5.059 Y-1.200
G1 X-4.659 Y-1.600
G1 X-4.659 Y-6.200
G1 X4.659 Y-6.200
G1 X4.659 Y-1.600
G1 X-4.659 Y-1.600
G1 X-4.259 Y-2.000
G1 X-4.259 Y-5.800
G1 X4.259 Y-5.800
G1 X4.259 Y-2.000
G1 X-4.259 Y-2.000
G1 X-3.859 Y-2.400
G1 X-3.859 Y-5.400
G1 X3.859 Y-5.400
G1 X3.859 Y-2.400
G1 X-3.859 Y-2.400
G1 X-3.459 Y-2.800
G1 X-3.459 Y-5.000
G1 X3.459 Y-5.000
G1 X3.459 Y-2.800
G1 X-3.459 Y-2.800
G1 X-3.059 Y-3.200
G1 X-3.059 Y-4.600
G1 X3.059 Y-4.600
G1 X3.059 Y-3.200
G1 X-3.059 Y-3.200
G1 X-2.659 Y-3.600
G1 X-2.659 Y-4.200
G1 X2.659 Y-4.200
G1 X2.659 Y-3.600
G1 X-2.659 Y-3.600
G1 X-2.259 Y-4.000
G1 X-2.259 Y-3.800
G1 X2.259 Y-3.800
G1 X2.259 Y-4.000
G1 X-2.259 Y-4.000
G1 X-2.659 Y-4.400
G1 X-2.028 Y-4.000 Z3.500
G1 X-2.028 Y-4.000
G1 X-2.428 Y-3.600
G1 X2.428 Y-3.600
G1 X2.428 Y-3.800
G1 X-2.428 Y-3.800
G1 X-2.428 Y-3.600
G1 X-2.828 Y-3.200
G1 X2.828 Y-3.200
G1 X2.828 Y-4.200
G1 X-2.828 Y-4.200
G1 X-2.828 Y-3.200
G1 X-3.228 Y-2.800
G1 X3.228 Y-2.800
G1 X3.228 Y-4.600
G1 X-3.228 Y-4.600
G1 X-3.228 Y-2.800
G1 X-3.628 Y-2.400
G1 X3.628 Y-2.400
G1 X3.628 Y-5.000
G1 X-3.628 Y-5.000
G1 X-3.628 Y-2.400
G1 X-4.028 Y-2.000
G1 X4.028 Y-2.000
G1 X4.028 Y-5.400
G1 X-4.028 Y-5.400
G1 X-4.028 Y-2.000
G1 X-4.428 Y-1.600
G1 X4.428 Y-1.600
G1 X4.428 Y-5.800
G1 X-4.428 Y-5.800
G1 X-4.428 Y-1.600
G1 X-4.828 Y-1.200
G1 X4.828 Y-1.200
G1 X4.828 Y-6.200
G1 X-4.828 Y-6.200
G1 X-4.828 Y-1.200
G1 X-5.228 Y-0.800
G1 X5.228 Y-0.800
G1 X5.228 Y-6.600
G1 X-5.228 Y-6.600
G1 X-5.228 Y-0.800 Z3.500
G1 X-5.053 Y-0.800 Z3.900
G1 X-5.053 Y-6.200
G1 X5.053 Y-6.200
G1 X5.053 Y-0.800
G1 X-5.053 Y-0.800
G1 X-4.653 Y-1.200
G1 X-4.653 Y-5.800
G1 X4.653 Y-5.800
G1 X4.653 Y-1.200
G1 X-4.653 Y-1.200
G1 X-4.253 Y-1.600
G1 X-4.253 Y-5.400
G1 X4.253 Y-5.400
G1 X4.253 Y-1.600
G1 X-4.253 Y-1.600
G1 X-3.853 Y-2.000
G1 X-3.853 Y-5.000
G1 X3.853 Y-5.000
G1 X3.853 Y-2.000
G1 X-3.853 Y-2.000
G1 X-3.453 Y-2.400
G1 X-3.453 Y-4.600
G1 X3.453 Y-4.600
G1 X3.453 Y-2.400
G1 X-3.453 Y-2.400
G1 X-3.053 Y-2.800
G1 X-3.053 Y-4.200
G1 X3.053 Y-4.200
G1 X3.053 Y-2.800
G1 X-3.053 Y-2.800
G1 X-2.653 Y-3.200
G1 X-2.653 Y-3.800
G1 X2.653 Y-3.800
G1 X2.653 Y-3.200
G1 X-2.653 Y-3.200
G1 X-2.253 Y-3.600
G1 X-2.253 Y-3.400
G1 X2.253 Y-3.400
G1 X2.253 Y-3.600
G1 X-2.253 Y-3.600
G1 X-2.653 Y-4.000
M9
G1 Z10.000
G1 X9.800 Y0.000
G1 Z1.500
M7
G4 P150
G1 X11.249 Y0.000 Z1.500
G1 X11.249 Y-7.551
G1 X26.351 Y-7.551
G1 X26.351 Y8.600
G1 X11.249 Y8.600
G1 X11.249 Y0.000
G1 X11.649 Y0.000
G1 X11.649 Y-7.151
G1 X25.951 Y-7.151
G1 X25.951 Y8.200
G1 X11.649 Y8.200
G1 X11.649 Y-0.000
G1 X12.049 Y0.000
G1 X12.049 Y-6.751
G1 X25.551 Y-6.751
G1 X25.551 Y7.800
G1 X12.049 Y7.800
G1 X12.049 Y-0.000
G1 X12.449 Y0.000
G1 X12.449 Y-6.351
G1 X25.151 Y-6.351
G1 X25.151 Y7.400
G1 X12.449 Y7.400
G1 X12.449 Y-0.000
G1 X12.849 Y0.000
G1 X12.849 Y-5.951
G1 X24.751 Y-5.951
G1 X24.751 Y7.000
G1 X12.849 Y7.000
G1 X12.849 Y-0.000
G1 X13.249 Y0.000
G1 X13.249 Y-5.551
G1 X24.351 Y-5.551
G1 X24.351 Y6.600
G1 X13.249 Y6.600
G1 X13.249 Y-0.000
G1 X13.649 Y0.000
G1 X13.649 Y-5.151
G1 X23.951 Y-5.151
G1 X23.951 Y6.200
G1 X13.649 Y6.200
G1 X13.649 Y-0.000
G1 X14.049 Y0.000
G1 X14.049 Y-4.751
G1 X23.551 Y-4.751
G1 X23.551 Y5.800
G1 X14.049 Y5.800
G1 X14.049 Y-0.000
G1 X14.449 Y0.000
G1 X14.449 Y-4.351
G1 X23.151 Y-4.351
G1 X23.151 Y5.400
G1 X14.449 Y5.400
G1 X14.449 Y-0.000
G1 X14.849 Y0.000
G1 X14.849 Y-3.951
G1 X22.751 Y-3.951
G1 X22.751 Y5.000
G1 X14.849 Y5.000
G1 X14.849 Y0.000
G1 X15.249 Y0.000
G1 X15.249 Y-3.551
G1 X22.351 Y-3.551
G1 X22.351 Y4.600
G1 X15.249 Y4.600
G1 X15.249 Y0.000
G1 X15.649 Y0.000
G1 X15.649 Y-3.151
G1 X21.951 Y-3.151
G1 X21.951 Y4.200
G1 X15.649 Y4.200
G1 X15.649 Y0.000
G1 X16.049 Y0.000
G1 X16.049 Y-2.751
G1 X21.551 Y-2.751
G1 X21.551 Y3.800
G1 X16.049 Y3.800
G1 X16.049 Y0.000
G1 X16.449 Y0.000
G1 X16.449 Y-2.351
G1 X21.151 Y-2.351
G1 X21.151 Y3.400
G1 X16.449 Y3.400
G1 X16.449 Y-0.000
G1 X16.849 Y0.000
G1 X16.849 Y-1.951
G1 X20.751 Y-1.951
G1 X20.751 Y3.000
G1 X16.849 Y3.000
G1 X16.849 Y0.000
G1 X17.249 Y0.000
G1 X17.249 Y-1.551
G1 X20.351 Y-1.551
G1 X20.351 Y2.600
G1 X17.249 Y2.600
G1 X17.249 Y-0.000
G1 X17.649 Y0.000
G1 X17.649 Y-1.151
G1 X19.951 Y-1.151
G1 X19.951 Y2.200
G1 X17.649 Y2.200
G1 X17.649 Y0.000
G1 X18.049 Y0.000
G1 X18.049 Y-0.751
G1 X19.551 Y-0.751
G1 X19.551 Y1.800
G1 X18.049 Y1.800
G1 X18.049 Y0.000
G1 X18.449 Y0.000
G1 X18.449 Y-0.351
G1 X19.151 Y-0.351
G1 X19.151 Y1.400
G1 X18.449 Y1.400
G1 X18.449 Y0.000
G1 X18.849 Y0.000
G1 X18.907 Y0.000 Z1.900
G1 X18.907 Y0.000
G1 X18.507 Y0.000
G1 X18.507 Y1.800
G1 X19.093 Y1.800
G1 X19.093 Y-0.293
G1 X18.507 Y-0.293
G1 X18.507 Y0.000
G1 X18.107 Y0.000
G1 X18.107 Y2.200
G1 X19.493 Y2.200
G1 X19.493 Y-0.693
G1 X18.107 Y-0.693
G1 X18.107 Y0.000
G1 X17.707 Y0.000
G1 X17.707 Y2.600
G1 X19.893 Y2.600
G1 X19.893 Y-1.093
G1 X17.707 Y-1.093
G1 X17.707 Y0.000
G1 X17.307 Y0.000
G1 X17.307 Y3.000
G1 X20.293 Y3.000
G1 X20.293 Y-1.493
G1 X17.307 Y-1.493
G1 X17.307 Y0.000
G1 X16.907 Y0.000
G1 X16.907 Y3.400
G1 X20.693 Y3.400
G1 X20.693 Y-1.893
G1 X16.907 Y-1.893
G1 X16.907 Y0.000
G1 X16.507 Y0.000
G1 X16.507 Y3.800
G1 X21.093 Y3.800
G1 X21.093 Y-2.293
G1 X16.507 Y-2.293
G1 X16.507 Y0.000
G1 X16.107 Y0.000
G1 X16.107 Y4.200
G1 X21.493 Y4.200
G1 X21.493 Y-2.693
G1 X16.107 Y-2.693
G1 X16.107 Y0.000
G1 X15.707 Y0.000
G1 X15.707 Y4.600
G1 X21.893 Y4.600
G1 X21.893 Y-3.093
G1 X15.707 Y-3.093
G1 X15.707 Y0.000
G1 X15.307 Y0.000
G1 X15.307 Y5.000
G1 X22.293 Y5.000
G1 X22.293 Y-3.493
G1 X15.307 Y-3.493
G1 X15.307 Y0.000
G1 X14.907 Y0.000
G1 X14.907 Y5.400
G1 X22.693 Y5.400
G1 X22.693 Y-3.893
G1 X14.907 Y-3.893
G1 X14.907 Y0.000
G1 X14.507 Y-0.000
G1 X14.507 Y5.800
G1 X23.093 Y5.800
G1 X23.093 Y-4.293
G1 X14.507 Y-4.293
G1 X14.507 Y0.000
G1 X14.107 Y-0.000
G1 X14.107 Y6.200
G1 X23.493 Y6.200
G1 X23.493 Y-4.693
G1 X14.107 Y-4.693
G1 X14.107 Y0.000
G1 X13.707 Y-0.000
G1 X13.707 Y6.600
G1 X23.893 Y6.600
G1 X23.893 Y-5.093
G1 X13.707 Y-5.093
G1 X13.707 Y0.000
G1 X13.307 Y-0.000
G1 X13.307 Y7.000
G1 X24.293 Y7.000
G1 X24.293 Y-5.493
G1 X13.307 Y-5.493
G1 X13.307 Y0.000
G1 X12.907 Y-0.000
G1 X12.907 Y7.400
G1 X24.693 Y7.400
G1 X24.693 Y-5.893
G1 X12.907 Y-5.893
G1 X12.907 Y0.000
G1 X12.507 Y-0.000
G1 X12.507 Y7.800
G1 X25.093 Y7.800
G1 X25.093 Y-6.293
G1 X12.507 Y-6.293
G1 X12.507 Y0.000
G1 X12.107 Y-0.000
G1 X12.107 Y8.200
G1 X25.493 Y8.200
G1 X25.493 Y-6.693
G1 X12.107 Y-6.693
G1 X12.107 Y0.000 Z1.900
G1 X12.646 Y0.000 Z2.300
G1 X12.646 Y-6.154
G1 X24.954 Y-6.154
G1 X24.954 Y7.800
G1 X12.646 Y7.800
G1 X12.646 Y-0.000
G1 X13.046 Y0.000
G1 X13.046 Y-5.754
G1 X24.554 Y-5.754
G1 X24.554 Y7.400
G1 X13.046 Y7.400
G1 X13.046 Y-0.000
G1 X13.446 Y0.000
G1 X13.446 Y-5.354
G1 X24.154 Y-5.354
G1 X24.154 Y7.000
G1 X13.446 Y7.000
G1 X13.446 Y-0.000
G1 X13.846 Y0.000
G1 X13.846 Y-4.954
G1 X23.754 Y-4.954
G1 X23.754 Y6.600
G1 X13.846 Y6.600
G1 X13.846 Y-0.000
G1 X14.246 Y0.000
G1 X14.246 Y-4.554
G1 X23.354 Y-4.554
G1 X23.354 Y6.200
G1 X14.246 Y6.200
G1 X14.246 Y-0.000
G1 X14.646 Y0.000
G1 X14.646 Y-4.154
G1 X22.954 Y-4.154
G1 X22.954 Y5.800
G1 X14.646 Y5.800
G1 X14.646 Y-0.000
G1 X15.046 Y0.000
G1 X15.046 Y-3.754
G1 X22.554 Y-3.754
G1 X22.554 Y5.400
G1 X15.046 Y5.400
G1 X15.046 Y0.000
G1 X15.446 Y0.000
G1 X15.446 Y-3.354
G1 X22.154 Y-3.354
G1 X22.154 Y5.000
G1 X15.446 Y5.000
G1 X15.446 Y0.000
G1 X15.846 Y0.000
G1 X15.846 Y-2.954
G1 X21.754 Y-2.954
G1 X21.754 Y4.600
G1 X15.846 Y4.600
G1 X15.846 Y-0.000
G1 X16.246 Y0.000
G1 X16.246 Y-2.554
G1 X21.354 Y-2.554
G1 X21.354 Y4.200
G1 X16.246 Y4.200
G1 X16.246 Y0.000
G1 X16.646 Y0.000
G1 X16.646 Y-2.154
G1 X20.954 Y-2.154
G1 X20.954 Y3.800
G1 X16.646 Y3.800
G1 X16.646 Y0.000
G1 X17.046 Y0.000
G1 X17.046 Y-1.754
G1 X20.554 Y-1.754
G1 X20.554 Y3.400
G1 X17.046 Y3.400
G1 X17.046 Y0.000
G1 X17.446 Y0.000
G1 X17.446 Y-1.354
G1 X20.154 Y-1.354
G1 X20.154 Y3.000
G1 X17.446 Y3.000
G1 X17.446 Y0.000
G1 X17.846 Y0.000
G1 X17.846 Y-0.954
G1 X19.754 Y-0.954
G1 X19.754 Y2.600
G1 X17.846 Y2.600
G1 X17.846 Y0.000
G1 X18.246 Y0.000
G1 X18.246 Y-0.554
G1 X19.354 Y-0.554
G1 X19.354 Y2.200
G1 X18.246 Y2.200
G1 X18.246 Y0.000
G1 X18.646 Y0.000
G1 X18.646 Y-0.154
G1 X18.954 Y-0.154
G1 X18.954 Y1.800
G1 X18.646 Y1.800
G1 X18.646 Y0.000
G1 X19.046 Y0.000
G1 X19.040 Y0.000 Z2.700
G1 X19.040 Y0.000
G1 X18.640 Y0.000
G1 X18.640 Y1.800
G1 X18.960 Y1.800
G1 X18.960 Y-0.160
G1 X18.640 Y-0.160
G1 X18.640 Y0.000
G1 X18.240 Y0.000
G1 X18.240 Y2.200
G1 X19.360 Y2.200
G1 X19.360 Y-0.560
G1 X18.240 Y-0.560
G1 X18.240 Y0.000
G1 X17.840 Y0.000
G1 X17.840 Y2.600
G1 X19.760 Y2.600
G1 X19.760 Y-0.960
G1 X17.840 Y-0.960
G1 X17.840 Y0.000
G1 X17.440 Y0.000
G1 X17.440 Y3.000
G1 X20.160 Y3.000
G1 X20.160 Y-1.360
G1 X17.440 Y-1.360
G1 X17.440 Y0.000
G1 X17.040 Y0.000
G1 X17.040 Y3.400
G1 X20.560 Y3.400
G1 X20.560 Y-1.760
G1 X17.040 Y-1.760
G1 X17.040 Y0.000
G1 X16.640 Y0.000
G1 X16.640 Y3.800
G1 X20.960 Y3.800
G1 X20.960 Y-2.160
G1 X16.640 Y-2.160
G1 X16.640 Y0.000
G1 X16.240 Y0.000
G1 X16.240 Y4.200
G1 X21.360 Y4.200
G1 X21.360 Y-2.560
G1 X16.240 Y-2.560
G1 X16.240 Y0.000
G1 X15.840 Y0.000
G1 X15.840 Y4.600
G1 X21.760 Y4.600
G1 X21.760 Y-2.960
G1 X15.840 Y-2.960
G1 X15.840 Y0.000
G1 X15.440 Y-0.000
G1 X15.440 Y5.000
G1 X22.160 Y5.000
G1 X22.160 Y-3.360
G1 X15.440 Y-3.360
G1 X15.440 Y0.000
G1 X15.040 Y-0.000
G1 X15.040 Y5.400
G1 X22.560 Y5.400
G1 X22.560 Y-3.760
G1 X15.040 Y-3.760
G1 X15.040 Y0.000
G1 X14.640 Y0.000
G1 X14.640 Y5.800
G1 X22.960 Y5.800
G1 X22.960 Y-4.160
G1 X14.640 Y-4.160
G1 X14.640 Y0.000
G1 X14.240 Y0.000
G1 X14.240 Y6.200
G1 X23.360 Y6.200
G1 X23.360 Y-4.560
G1 X14.240 Y-4.560
G1 X14.240 Y0.000
G1 X13.840 Y0.000
G1 X13.840 Y6.600
G1 X23.760 Y6.600
G1 X23.760 Y-4.960
G1 X13.840 Y-4.960
G1 X13.840 Y0.000
G1 X13.440 Y0.000
G1 X13.440 Y7.000
G1 X24.160 Y7.000
G1 X24.160 Y-5.360
G1 X13.440 Y-5.360
G1 X13.440 Y0.000
G1 X13.040 Y0.000
G1 X13.040 Y7.400
G1 X24.560 Y7.400
G1 X24.560 Y-5.760
G1 X13.040 Y-5.760
G1 X13.040 Y0.000 Z2.700
M9
G1 Z10.000
G1 X19.400 Y-0.600
G1 Z1.500
M7
G4 P150
G1 X19.600 Y-0.800 Z3.100
G1 X19.600 Y-5.459
G1 X24.259 Y-5.459
G1 X24.259 Y-0.800
G1 X19.600 Y-0.800
G1 X20.000 Y-1.200
G1 X20.000 Y-5.059
G1 X23.859 Y-5.059
G1 X23.859 Y-1.200
G1 X20.000 Y-1.200
G1 X20.400 Y-1.600
G1 X20.400 Y-4.659
G1 X23.459 Y-4.659
G1 X23.459 Y-1.600
G1 X20.400 Y-1.600
G1 X20.800 Y-2.000
G1 X20.800 Y-4.259
G1 X23.059 Y-4.259
G1 X23.059 Y-2.000
G1 X20.800 Y-2.000
G1 X21.200 Y-2.400
G1 X21.200 Y-3.859
G1 X22.659 Y-3.859
G1 X22.659 Y-2.400
G1 X21.200 Y-2.400
G1 X21.600 Y-2.800
G1 X21.600 Y-3.459
G1 X22.259 Y-3.459
G1 X22.259 Y-2.800
G1 X21.600 Y-2.800
G1 X22.000 Y-3.200
G1 X22.000 Y-3.059
G1 X21.859 Y-3.059
G1 X21.859 Y-3.200
G1 X22.000 Y-3.200
G1 X21.600 Y-2.800
G1 X21.600 Y-2.800 Z3.500
G1 X21.600 Y-2.800
G1 X22.000 Y-3.200
G1 X21.628 Y-3.200
G1 X21.628 Y-2.828
G1 X22.000 Y-2.828
G1 X22.000 Y-3.200
G1 X21.600 Y-2.800
G1 X22.028 Y-2.800
G1 X22.028 Y-3.228
G1 X21.600 Y-3.228
G1 X21.600 Y-2.800
G1 X21.200 Y-2.400
G1 X22.428 Y-2.400
G1 X22.428 Y-3.628
G1 X21.200 Y-3.628
G1 X21.200 Y-2.400
G1 X20.800 Y-2.000
G1 X22.828 Y-2.000
G1 X22.828 Y-4.028
G1 X20.800 Y-4.028
G1 X20.800 Y-2.000
G1 X20.400 Y-1.600
G1 X23.228 Y-1.600
G1 X23.228 Y-4.428
G1 X20.400 Y-4.428
G1 X20.400 Y-1.600
G1 X20.000 Y-1.200
G1 X23.628 Y-1.200
G1 X23.628 Y-4.828
G1 X20.000 Y-4.828
G1 X20.000 Y-1.200
G1 X19.600 Y-0.800
G1 X24.028 Y-0.800
G1 X24.028 Y-5.228
G1 X19.600 Y-5.228
G1 X19.600 Y-0.800 Z3.500
G1 X19.600 Y-0.800 Z3.900
G1 X19.600 Y-5.053
G1 X23.853 Y-5.053
G1 X23.853 Y-0.800
G1 X19.600 Y-0.800
G1 X20.000 Y-1.200
G1 X20.000 Y-4.653
G1 X23.453 Y-4.653
G1 X23.453 Y-1.200
G1 X20.000 Y-1.200
G1 X20.400 Y-1.600
G1 X20.400 Y-4.253
G1 X23.053 Y-4.253
G1 X23.053 Y-1.600
G1 X20.400 Y-1.600
G1 X20.800 Y-2.000
G1 X20.800 Y-3.853
G1 X22.653 Y-3.853
G1 X22.653 Y-2.000
G1 X20.800 Y-2.000
G1 X21.200 Y-2.400
G1 X21.200 Y-3.453
G1 X22.253 Y-3.453
G1 X22.253 Y-2.400
G1 X21.200 Y-2.400
G1 X21.600 Y-2.800
G1 X21.600 Y-3.053
G1 X21.853 Y-3.053
G1 X21.853 Y-2.800
G1 X21.600 Y-2.800
G1 X22.000 Y-3.200
M9
G1 Z10.000
G1 X18.200 Y-0.600
G1 Z1.500
M7
G4 P150
G1 X18.000 Y-0.800 Z3.100
G1 X13.341 Y-0.800
G1 X13.341 Y-5.459
G1 X18.000 Y-5.459
G1 X18.000 Y-0.800
G1 X17.600 Y-1.200
G1 X13.741 Y-1.200
G1 X13.741 Y-5.059
G1 X17.600 Y-5.059
G1 X17.600 Y-1.200
G1 X17.200 Y-1.600
G1 X14.141 Y-1.600
G1 X14.141 Y-4.659
G1 X17.200 Y-4.659
G1 X17.200 Y-1.600
G1 X16.800 Y-2.000
G1 X14.541 Y-2.000
G1 X14.541 Y-4.259
G1 X16.800 Y-4.259
G1 X16.800 Y-2.000
G1 X16.400 Y-2.400
G1 X14.941 Y-2.400
G1 X14.941 Y-3.859
G1 X16.400 Y-3.859
G1 X16.400 Y-2.400
G1 X16.000 Y-2.800
G1 X15.341 Y-2.800
G1 X15.341 Y-3.459
G1 X16.000 Y-3.459
G1 X16.000 Y-2.800
G1 X15.600 Y-3.200
G1 X15.741 Y-3.200
G1 X15.741 Y-3.059
G1 X15.600 Y-3.059
G1 X15.600 Y-3.200
G1 X16.000 Y-2.800
G1 X16.000 Y-2.800 Z3.500
G1 X16.000 Y-2.800
G1 X15.600 Y-3.200
G1 X15.600 Y-2.828
G1 X15.972 Y-2.828
G1 X15.972 Y-3.200
G1 X15.600 Y-3.200
G1 X16.000 Y-2.800
G1 X16.000 Y-3.228
G1 X15.572 Y-3.228
G1 X15.572 Y-2.800
G1 X16.000 Y-2.800
G1 X16.400 Y-2.400
G1 X16.400 Y-3.628
G1 X15.172 Y-3.628
G1 X15.172 Y-2.400
G1 X16.400 Y-2.400
G1 X16.800 Y-2.000
G1 X16.800 Y-4.028
G1 X14.772 Y-4.028
G1 X14.772 Y-2.000
G1 X16.800 Y-2.000
G1 X17.200 Y-1.600
G1 X17.200 Y-4.428
G1 X14.372 Y-4.428
G1 X14.372 Y-1.600
G1 X17.200 Y-1.600
G1 X17.600 Y-1.200
G1 X17.600 Y-4.828
G1 X13.972 Y-4.828
G1 X13.972 Y-1.200
G1 X17.600 Y-1.200
G1 X18.000 Y-0.800
G1 X18.000 Y-5.228
G1 X13.572 Y-5.228
G1 X13.572 Y-0.800
G1 X18.000 Y-0.800 Z3.500
G1 X18.000 Y-0.800 Z3.900
G1 X13.747 Y-0.800
G1 X13.747 Y-5.053
G1 X18.000 Y-5.053
G1 X18.000 Y-0.800
G1 X17.600 Y-1.200
G1 X14.147 Y-1.200
G1 X14.147 Y-4.653
G1 X17.600 Y-4.653
G1 X17.600 Y-1.200
G1 X17.200 Y-1.600
G1 X14.547 Y-1.600
G1 X14.547 Y-4.253
G1 X17.200 Y-4.253
G1 X17.200 Y-1.600
G1 X16.800 Y-2.000
G1 X14.947 Y-2.000
G1 X14.947 Y-3.853
G1 X16.800 Y-3.853
G1 X16.800 Y-2.000
G1 X16.400 Y-2.400
G1 X15.347 Y-2.400
G1 X15.347 Y-3.453
G1 X16.400 Y-3.453
G1 X16.400 Y-2.400
G1 X16.000 Y-2.800
G1 X15.747 Y-2.800
G1 X15.747 Y-3.053
G1 X16.000 Y-3.053
G1 X16.000 Y-2.800
G1 X15.600 Y-3.200
M9
G1 Z10.000
G1 X24.300 Y0.600
G1 Z1.500
M7
G4 P150
G1 X24.259 Y0.800 Z3.100
G1 X24.259 Y7.000
G1 X13.341 Y7.000
G1 X13.341 Y0.800
G1 X24.259 Y0.800
G1 X23.859 Y1.200
G1 X23.859 Y6.600
G1 X13.741 Y6.600
G1 X13.741 Y1.200
G1 X23.859 Y1.200
G1 X23.459 Y1.600
G1 X23.459 Y6.200
G1 X14.141 Y6.200
G1 X14.141 Y1.600
G1 X23.459 Y1.600
G1 X23.059 Y2.000
G1 X23.059 Y5.800
G1 X14.541 Y5.800
G1 X14.541 Y2.000
G1 X23.059 Y2.000
G1 X22.659 Y2.400
G1 X22.659 Y5.400
G1 X14.941 Y5.400
G1 X14.941 Y2.400
G1 X22.659 Y2.400
G1 X22.259 Y2.800
G1 X22.259 Y5.000
G1 X15.341 Y5.000
G1 X15.341 Y2.800
G1 X22.259 Y2.800
G1 X21.859 Y3.200
G1 X21.859 Y4.600
G1 X15.741 Y4.600
G1 X15.741 Y3.200
G1 X21.859 Y3.200
G1 X21.459 Y3.600
G1 X21.459 Y4.200
G1 X16.141 Y4.200
G1 X16.141 Y3.600
G1 X21.459 Y3.600
G1 X21.059 Y4.000
G1 X21.059 Y3.800
G1 X16.541 Y3.800
G1 X16.541 Y4.000
G1 X21.059 Y4.000
G1 X21.459 Y4.400
G1 X20.828 Y4.000 Z3.500
G1 X20.828 Y4.000
G1 X21.228 Y3.600
G1 X16.372 Y3.600
G1 X16.372 Y3.800
G1 X21.228 Y3.800
G1 X21.228 Y3.600
G1 X21.628 Y3.200
G1 X15.972 Y3.200
G1 X15.972 Y4.200
G1 X21.628 Y4.200
G1 X21.628 Y3.200
G1 X22.028 Y2.800
G1 X15.572 Y2.800
G1 X15.572 Y4.600
G1 X22.028 Y4.600
G1 X22.028 Y2.800
G1 X22.428 Y2.400
G1 X15.172 Y2.400
G1 X15.172 Y5.000
G1 X22.428 Y5.000
G1 X22.428 Y2.400
G1 X22.828 Y2.000
G1 X14.772 Y2.000
G1 X14.772 Y5.400
G1 X22.828 Y5.400
G1 X22.828 Y2.000
G1 X23.228 Y1.600
G1 X14.372 Y1.600
G1 X14.372 Y5.800
G1 X23.228 Y5.800
G1 X23.228 Y1.600
G1 X23.628 Y1.200
G1 X13.972 Y1.200
G1 X13.972 Y6.200
G1 X23.628 Y6.200
G1 X23.628 Y1.200
G1 X24.028 Y0.800
G1 X13.572 Y0.800
G1 X13.572 Y6.600
G1 X24.028 Y6.600
G1 X24.028 Y0.800 Z3.500
G1 X23.853 Y0.800 Z3.900
G1 X23.853 Y6.200
G1 X13.747 Y6.200
G1 X13.747 Y0.800
G1 X23.853 Y0.800
G1 X23.453 Y1.200
G1 X23.453 Y5.800
G1 X14.147 Y5.800
G1 X14.147 Y1.200
G1 X23.453 Y1.200
G1 X23.053 Y1.600
G1 X23.053 Y5.400
G1 X14.547 Y5.400
G1 X14.547 Y1.600
G1 X23.053 Y1.600
G1 X22.653 Y2.000
G1 X22.653 Y5.000
G1 X14.947 Y5.000
G1 X14.947 Y2.000
G1 X22.653 Y2.000
G1 X22.253 Y2.400
G1 X22.253 Y4.600
G1 X15.347 Y4.600
G1 X15.347 Y2.400
G1 X22.253 Y2.400
G1 X21.853 Y2.800
G1 X21.853 Y4.200
G1 X15.747 Y4.200
G1 X15.747 Y2.800
G1 X21.853 Y2.800
G1 X21.453 Y3.200
G1 X21.453 Y3.800
G1 X16.147 Y3.800
G1 X16.147 Y3.200
G1 X21.453 Y3.200
G1 X21.053 Y3.600
G1 X21.053 Y3.400
G1 X16.547 Y3.400
G1 X16.547 Y3.600
G1 X21.053 Y3.600
G1 X21.453 Y4.000

;Finish
M9
G1 Z10.000
G28 X-100 Y-100;Home