;layer_height = 0.4
;line_width = 0.4
;layer_count = 10
;mesh = bird_base
G21 ;start of the code
G1 Z15 F300
G28 X0 Y0 ;Home
G92 X0 Y0 ;Consider this as current
G0 X50 Y50 F3000 ;Go-to Offset
G92 X0 Y0 ;Reset

G0 F3600 X-19.000 Y-16.000 Z0.300 ;Go to start position
M7
G4 P150


M9
G1 Z10.000
G1 X-19.000 Y-16.000
G1 Z0.300
M7
G4 P150
G1 X-18.800 Y-15.800 Z0.300
G1 X-18.800 Y-15.800
G1 X18.800 Y-15.800
G1 X18.810 Y-9.810
G1 X24.800 Y-9.800
G1 X24.800 Y9.800
G1 X18.810 Y9.810
G1 X18.800 Y15.800
G1 X-18.800 Y15.800
G1 X-18.800 Y5.800
G1 X-24.800 Y5.800
G1 X-24.800 Y-5.800
G1 X-18.800 Y-5.800
G1 X-18.800 Y-15.800
G1 X-18.400 Y-15.400
G1 X18.401 Y-15.400
G1 X18.411 Y-9.411
G1 X24.400 Y-9.401
G1 X24.400 Y9.401
G1 X18.411 Y9.411
G1 X18.401 Y15.400
G1 X-18.400 Y15.400
G1 X-18.400 Y5.400
G1 X-24.400 Y5.400
G1 X-24.400 Y-5.400
G1 X-18.400 Y-5.400
G1 X-18.400 Y-15.400
G1 X-18.000 Y-15.000
G1 X18.002 Y-15.000
G1 X18.012 Y-9.012
G1 X24.000 Y-9.002
G1 X24.000 Y9.002
G1 X18.012 Y9.012
G1 X18.002 Y15.000
G1 X-18.000 Y15.000
G1 X-18.000 Y5.000
G1 X-24.000 Y5.000
G1 X-24.000 Y-5.000
G1 X-18.000 Y-5.000
G1 X-18.000 Y-15.000
G1 X-17.600 Y-14.600
G1 X17.602 Y-14.600
G1 X17.612 Y-8.612
G1 X23.600 Y-8.602
G1 X23.600 Y8.602
G1 X17.612 Y8.612
G1 X17.602 Y14.600
G1 X-17.600 Y14.600
G1 X-17.600 Y4.600
G1 X-23.600 Y4.600
G1 X-23.600 Y-4.600
G1 X-17.600 Y-4.600
G1 X-17.600 Y-14.600
G1 X-17.200 Y-14.200
G1 X17.203 Y-14.200
G1 X17.213 Y-8.213
G1 X23.200 Y-8.203
G1 X23.200 Y8.203
G1 X17.213 Y8.213
G1 X17.203 Y14.200
G1 X-17.200 Y14.200
G1 X-17.200 Y4.200
G1 X-23.200 Y4.200
G1 X-23.200 Y-4.200
G1 X-17.200 Y-4.200
G1 X-17.200 Y-14.200
G1 X-16.800 Y-13.800
G1 X16.804 Y-13.800
G1 X16.814 Y-7.814
G1 X22.800 Y-7.804
G1 X22.800 Y7.804
G1 X16.814 Y7.814
G1 X16.804 Y13.800
G1 X-16.800 Y13.800
G1 X-16.800 Y3.800
G1 X-22.800 Y3.800
G1 X-22.800 Y-3.800
G1 X-16.800 Y-3.800
G1 X-16.800 Y-13.800
G1 X-16.400 Y-13.400
G1 X16.404 Y-13.400
G1 X16.414 Y-7.414
G1 X22.400 Y-7.404
G1 X22.400 Y7.404
G1 X16.414 Y7.414
G1 X16.404 Y13.400
G1 X-16.400 Y13.400
G1 X-16.400 Y3.400
G1 X-22.400 Y3.400
G1 X-22.400 Y-3.400
G1 X-16.400 Y-3.400
G1 X-16.400 Y-13.400
G1 X-16.000 Y-13.000
G1 X16.005 Y-13.000
G1 X16.015 Y-7.015
G1 X22.000 Y-7.005
G1 X22.000 Y7.005
G1 X16.015 Y7.015
G1 X16.005 Y13.000
G1 X-16.000 Y13.000
G1 X-16.000 Y3.000
G1 X-22.000 Y3.000
G1 X-22.000 Y-3.000
G1 X-16.000 Y-3.000
G1 X-16.000 Y-13.000
G1 X-15.600 Y-12.600
G1 X15.606 Y-12.600
G1 X15.616 Y-6.616
G1 X21.600 Y-6.606
G1 X21.600 Y6.606
G1 X15.616 Y6.616
G1 X15.606 Y12.600
G1 X-15.600 Y12.600
G1 X-15.600 Y2.600
G1 X-21.600 Y2.600
G1 X-21.600 Y-2.600
G1 X-15.600 Y-2.600
G1 X-15.600 Y-12.600
G1 X-15.200 Y-12.200
G1 X15.206 Y-12.200
G1 X15.216 Y-6.216
G1 X21.200 Y-6.206
G1 X21.200 Y6.206
G1 X15.216 Y6.216
G1 X15.206 Y12.200
G1 X-15.200 Y12.200
G1 X-15.200 Y2.200
G1 X-21.200 Y2.200
G1 X-21.200 Y-2.200
G1 X-15.200 Y-2.200
G1 X-15.200 Y-12.200
G1 X-14.800 Y-11.800
G1 X14.807 Y-11.800
G1 X14.817 Y-5.817
G1 X20.800 Y-5.807
G1 X20.800 Y5.807
G1 X14.817 Y5.817
G1 X14.807 Y11.800
G1 X-14.800 Y11.800
G1 X-14.800 Y1.800
G1 X-20.800 Y1.800
G1 X-20.800 Y-1.800
G1 X-14.800 Y-1.800
G1 X-14.800 Y-11.800
G1 X-14.400 Y-11.400
G1 X14.408 Y-11.400
G1 X14.418 Y-5.418
G1 X20.400 Y-5.408
G1 X20.400 Y5.408
G1 X14.418 Y5.418
G1 X14.408 Y11.400
G1 X-14.400 Y11.400
G1 X-14.400 Y1.400
G1 X-20.400 Y1.400
G1 X-20.400 Y-1.400
G1 X-14.400 Y-1.400
G1 X-14.400 Y-11.400
G1 X-14.000 Y-11.000
G1 X14.008 Y-11.000
G1 X14.018 Y-5.018
G1 X20.000 Y-5.008
G1 X20.000 Y5.008
G1 X14.018 Y5.018
G1 X14.008 Y11.000
G1 X-14.000 Y11.000
G1 X-14.000 Y1.000
G1 X-20.000 Y1.000
G1 X-20.000 Y-1.000
G1 X-14.000 Y-1.000
G1 X-14.000 Y-11.000
G1 X-13.600 Y-10.600
G1 X13.609 Y-10.600
G1 X13.619 Y-4.619
G1 X19.600 Y-4.609
G1 X19.600 Y4.609
G1 X13.619 Y4.619
G1 X13.609 Y10.600
G1 X-13.600 Y10.600
G1 X-13.600 Y0.600
G1 X-19.600 Y0.600
G1 X-19.600 Y-0.600
G1 X-13.600 Y-0.600
G1 X-13.600 Y-10.600
G1 X-13.200 Y-10.200
G1 X13.210 Y-10.200
G1 X13.220 Y-4.220
G1 X19.200 Y-4.210
G1 X19.200 Y4.210
G1 X13.220 Y4.220
G1 X13.210 Y10.200
G1 X-13.200 Y10.200
G1 X-13.200 Y0.200
G1 X-19.200 Y0.200
G1 X-19.200 Y-0.200
G1 X-13.200 Y-0.200
G1 X-13.200 Y-10.200
G1 X-12.800 Y-9.800
G1 X12.810 Y-9.800
G1 X12.820 Y-3.820
G1 X18.800 Y-3.810
G1 X18.800 Y3.810
G1 X12.820 Y3.820
G1 X12.810 Y9.800
G1 X-12.800 Y9.800
G1 X-12.800 Y-9.800
G1 X-12.400 Y-9.400
G1 X12.411 Y-9.400
G1 X12.421 Y-3.421
G1 X18.400 Y-3.411
G1 X18.400 Y3.411
G1 X12.421 Y3.421
G1 X12.411 Y9.400
G1 X-12.400 Y9.400
G1 X-12.400 Y-9.400
G1 X-12.000 Y-9.000
G1 X12.012 Y-9.000
G1 X12.022 Y-3.022
G1 X18.000 Y-3.012
G1 X18.000 Y3.012
G1 X12.022 Y3.022
G1 X12.012 Y9.000
G1 X-12.000 Y9.000
G1 X-12.000 Y-9.000
G1 X-11.600 Y-8.600
G1 X11.612 Y-8.600
G1 X11.622 Y-2.622
G1 X17.600 Y-2.612
G1 X17.600 Y2.612
G1 X11.622 Y2.622
G1 X11.612 Y8.600
G1 X-11.600 Y8.600
G1 X-11.600 Y-8.600
G1 X-11.200 Y-8.200
G1 X11.213 Y-8.200
G1 X11.223 Y-2.223
G1 X17.200 Y-2.213
G1 X17.200 Y2.213
G1 X11.223 Y2.223
G1 X11.213 Y8.200
G1 X-11.200 Y8.200
G1 X-11.200 Y-8.200
G1 X-10.800 Y-7.800
G1 X10.814 Y-7.800
G1 X10.824 Y-1.824
G1 X16.800 Y-1.814
G1 X16.800 Y1.814
G1 X10.824 Y1.824
G1 X10.814 Y7.800
G1 X-10.800 Y7.800
G1 X-10.800 Y-7.800
G1 X-10.400 Y-7.400
G1 X10.414 Y-7.400
G1 X10.424 Y-1.424
G1 X16.400 Y-1.414
G1 X16.400 Y1.414
G1 X10.424 Y1.424
G1 X10.414 Y7.400
G1 X-10.400 Y7.400
G1 X-10.400 Y-7.400
G1 X-10.000 Y-7.000
G1 X10.015 Y-7.000
G1 X10.025 Y-1.025
G1 X16.000 Y-1.015
G1 X16.000 Y1.015
G1 X10.025 Y1.025
G1 X10.015 Y7.000
G1 X-10.000 Y7.000
G1 X-10.000 Y-7.000
G1 X-9.600 Y-6.600
G1 X9.616 Y-6.600
G1 X9.626 Y-0.626
G1 X15.600 Y-0.616
G1 X15.600 Y0.616
G1 X9.626 Y0.626
G1 X9.616 Y6.600
G1 X-9.600 Y6.600
G1 X-9.600 Y-6.600
G1 X-9.200 Y-6.200
G1 X9.216 Y-6.200
G1 X9.226 Y-0.226
G1 X15.200 Y-0.216
G1 X15.200 Y0.216
G1 X9.226 Y0.226
G1 X9.216 Y6.200
G1 X-9.200 Y6.200
G1 X-9.200 Y-6.200
G1 X-8.800 Y-5.800
G1 X8.817 Y-5.800
G1 X8.827 Y0.000
G1 X8.817 Y5.800
G1 X-8.800 Y5.800
G1 X-8.800 Y-5.800
G1 X-8.400 Y-5.400
G1 X8.418 Y-5.400
G1 X8.427 Y0.000
G1 X8.418 Y5.400
G1 X-8.400 Y5.400
G1 X-8.400 Y-5.400
G1 X-8.000 Y-5.000
G1 X8.018 Y-5.000
G1 X8.027 Y0.000
G1 X8.018 Y5.000
G1 X-8.000 Y5.000
G1 X-8.000 Y-5.000
G1 X-7.600 Y-4.600
G1 X7.619 Y-4.600
G1 X7.627 Y0.000
G1 X7.619 Y4.600
G1 X-7.600 Y4.600
G1 X-7.600 Y-4.600
G1 X-7.200 Y-4.200
G1 X7.220 Y-4.200
G1 X7.227 Y0.000
G1 X7.220 Y4.200
G1 X-7.200 Y4.200
G1 X-7.200 Y-4.200
G1 X-6.800 Y-3.800
G1 X6.820 Y-3.800
G1 X6.827 Y0.000
G1 X6.820 Y3.800
G1 X-6.800 Y3.800
G1 X-6.800 Y-3.800
G1 X-6.400 Y-3.400
G1 X6.421 Y-3.400
G1 X6.427 Y0.000
G1 X6.421 Y3.400
G1 X-6.400 Y3.400
G1 X-6.400 Y-3.400
G1 X-6.000 Y-3.000
G1 X6.022 Y-3.000
G1 X6.027 Y0.000
G1 X6.022 Y3.000
G1 X-6.000 Y3.000
G1 X-6.000 Y-3.000
G1 X-5.600 Y-2.600
G1 X5.622 Y-2.600
G1 X5.627 Y0.000
G1 X5.622 Y2.600
G1 X-5.600 Y2.600
G1 X-5.600 Y-2.600
G1 X-5.200 Y-2.200
G1 X5.223 Y-2.200
G1 X5.227 Y0.000
G1 X5.223 Y2.200
G1 X-5.200 Y2.200
G1 X-5.200 Y-2.200
G1 X-4.800 Y-1.800
G1 X4.824 Y-1.800
G1 X4.827 Y0.000
G1 X4.824 Y1.800
G1 X-4.800 Y1.800
G1 X-4.800 Y-1.800
G1 X-4.400 Y-1.400
G1 X4.424 Y-1.400
G1 X4.427 Y0.000
G1 X4.424 Y1.400
G1 X-4.400 Y1.400
G1 X-4.400 Y-1.400
G1 X-4.000 Y-1.000
G1 X4.025 Y-1.000
G1 X4.027 Y0.000
G1 X4.025 Y1.000
G1 X-4.000 Y1.000
G1 X-4.000 Y-1.000
G1 X-3.600 Y-0.600
G1 X3.626 Y-0.600
G1 X3.627 Y0.000
G1 X3.626 Y0.600
G1 X-3.600 Y0.600
G1 X-3.600 Y-0.600
G1 X-3.200 Y-0.200
G1 X3.226 Y-0.200
G1 X3.227 Y0.000
G1 X3.226 Y0.200
G1 X-3.200 Y0.200
G1 X-3.200 Y-0.200
M9
G1 Z10.000
G1 X-25.800 Y6.000
G1 Z0.300
M7
G4 P150
G1 X-26.000 Y5.800 Z0.300
G1 X-26.000 Y5.800
G1 X-31.761 Y5.800
G1 X-46.261 Y0.000
G1 X-31.761 Y-5.800
G1 X-26.000 Y-5.800
G1 X-26.000 Y5.800
G1 X-26.400 Y5.400
G1 X-31.684 Y5.400
G1 X-45.184 Y0.000
G1 X-31.684 Y-5.400
G1 X-26.400 Y-5.400
G1 X-26.400 Y5.400
G1 X-26.800 Y5.000
G1 X-31.607 Y5.000
G1 X-44.107 Y0.000
G1 X-31.607 Y-5.000
G1 X-26.800 Y-5.000
G1 X-26.800 Y5.000
G1 X-27.200 Y4.600
G1 X-31.530 Y4.600
G1 X-43.030 Y0.000
G1 X-31.530 Y-4.600
G1 X-27.200 Y-4.600
G1 X-27.200 Y4.600
G1 X-27.600 Y4.200
G1 X-31.453 Y4.200
G1 X-41.953 Y0.000
G1 X-31.453 Y-4.200
G1 X-27.600 Y-4.200
G1 X-27.600 Y4.200
G1 X-28.000 Y3.800
G1 X-31.376 Y3.800
G1 X-40.876 Y0.000
G1 X-31.376 Y-3.800
G1 X-28.000 Y-3.800
G1 X-28.000 Y3.800
G1 X-28.400 Y3.400
G1 X-31.299 Y3.400
G1 X-39.799 Y0.000
G1 X-31.299 Y-3.400
G1 X-28.400 Y-3.400
G1 X-28.400 Y3.400
G1 X-28.800 Y3.000
G1 X-31.222 Y3.000
G1 X-38.722 Y0.000
G1 X-31.222 Y-3.000
G1 X-28.800 Y-3.000
G1 X-28.800 Y3.000
G1 X-29.200 Y2.600
G1 X-31.145 Y2.600
G1 X-37.645 Y0.000
G1 X-31.145 Y-2.600
G1 X-29.200 Y-2.600
G1 X-29.200 Y2.600
G1 X-29.600 Y2.200
G1 X-31.068 Y2.200
G1 X-36.568 Y0.000
G1 X-31.068 Y-2.200
G1 X-29.600 Y-2.200
G1 X-29.600 Y2.200
G1 X-30.000 Y1.800
G1 X-30.991 Y1.800
G1 X-35.491 Y0.000
G1 X-30.991 Y-1.800
G1 X-30.000 Y-1.800
G1 X-30.000 Y1.800
G1 X-30.400 Y1.400
G1 X-30.914 Y1.400
G1 X-34.414 Y0.000
G1 X-30.914 Y-1.400
G1 X-30.400 Y-1.400
G1 X-30.400 Y1.400
G1 X-30.800 Y1.000
G1 X-30.837 Y1.000
G1 X-33.337 Y0.000
G1 X-30.837 Y-1.000
G1 X-30.800 Y-1.000
G1 X-30.800 Y1.000
G1 X-31.200 Y0.424
G1 X-32.260 Y0.000
G1 X-31.200 Y-0.424
G1 X-31.200 Y0.424
M9
G1 Z10.000
G1 X-19.000 Y-16.800
G1 Z0.300
M7
G4 P150
G1 X-18.800 Y-17.000 Z0.300
G1 X-18.800 Y-17.000
G1 X-18.800 Y-22.747
G1 X-14.810 Y-29.747
G1 X-14.800 Y-52.928
G1 X0.000 Y-70.688
G1 X14.800 Y-52.928
G1 X14.810 Y-29.747
G1 X18.800 Y-22.747
G1 X18.800 Y-17.000
G1 X-18.800 Y-17.000
G1 X-18.400 Y-17.400
G1 X-18.400 Y-22.641
G1 X-14.410 Y-29.641
G1 X-14.400 Y-52.783
G1 X0.000 Y-70.063
G1 X14.400 Y-52.783
G1 X14.410 Y-29.641
G1 X18.400 Y-22.641
G1 X18.400 Y-17.400
G1 X-18.400 Y-17.400
G1 X-18.000 Y-17.800
G1 X-18.000 Y-22.535
G1 X-14.010 Y-29.535
G1 X-14.000 Y-52.638
G1 X0.000 Y-69.438
G1 X14.000 Y-52.638
G1 X14.010 Y-29.535
G1 X18.000 Y-22.535
G1 X18.000 Y-17.800
G1 X-18.000 Y-17.800
G1 X-17.600 Y-18.200
G1 X-17.600 Y-22.429
G1 X-13.610 Y-29.429
G1 X-13.600 Y-52.493
G1 X0.000 Y-68.813
G1 X13.600 Y-52.493
G1 X13.610 Y-29.429
G1 X17.600 Y-22.429
G1 X17.600 Y-18.200
G1 X-17.600 Y-18.200
G1 X-17.200 Y-18.600
G1 X-17.200 Y-22.323
G1 X-13.210 Y-29.323
G1 X-13.200 Y-52.348
G1 X0.000 Y-68.188
G1 X13.200 Y-52.348
G1 X13.210 Y-29.323
G1 X17.200 Y-22.323
G1 X17.200 Y-18.600
G1 X-17.200 Y-18.600
G1 X-16.800 Y-19.000
G1 X-16.800 Y-22.217
G1 X-12.810 Y-29.217
G1 X-12.800 Y-52.203
G1 X0.000 Y-67.563
G1 X12.800 Y-52.203
G1 X12.810 Y-29.217
G1 X16.800 Y-22.217
G1 X16.800 Y-19.000
G1 X-16.800 Y-19.000
G1 X-16.400 Y-19.400
G1 X-16.400 Y-22.111
G1 X-12.410 Y-29.111
G1 X-12.400 Y-52.058
G1 X0.000 Y-66.939
G1 X12.400 Y-52.058
G1 X12.410 Y-29.111
G1 X16.400 Y-22.111
G1 X16.400 Y-19.400
G1 X-16.400 Y-19.400
G1 X-16.000 Y-19.800
G1 X-16.000 Y-22.005
G1 X-12.010 Y-29.004
G1 X-12.000 Y-51.913
G1 X0.000 Y-66.314
G1 X12.000 Y-51.913
G1 X12.010 Y-29.004
G1 X16.000 Y-22.005
G1 X16.000 Y-19.800
G1 X-16.000 Y-19.800
G1 X-15.600 Y-20.200
G1 X-15.600 Y-21.899
G1 X-11.610 Y-28.898
G1 X-11.601 Y-51.768
G1 X0.000 Y-65.689
G1 X11.601 Y-51.768
G1 X11.610 Y-28.898
G1 X15.600 Y-21.899
G1 X15.600 Y-20.200
G1 X-15.600 Y-20.200
G1 X-15.200 Y-20.600
G1 X-15.200 Y-21.793
G1 X-11.210 Y-28.792
G1 X-11.201 Y-51.623
G1 X0.000 Y-65.064
G1 X11.201 Y-51.623
G1 X11.210 Y-28.792
G1 X15.200 Y-21.793
G1 X15.200 Y-20.600
G1 X-15.200 Y-20.600
G1 X-14.800 Y-21.000
G1 X-14.800 Y-21.687
G1 X-10.810 Y-28.686
G1 X-10.801 Y-51.479
G1 X0.000 Y-64.439
G1 X10.801 Y-51.479
G1 X10.810 Y-28.686
G1 X14.800 Y-21.687
G1 X14.800 Y-21.000
G1 X-14.800 Y-21.000
G1 X-14.400 Y-21.400
G1 X-14.400 Y-21.581
G1 X-10.411 Y-28.580
G1 X-10.401 Y-51.334
G1 X0.000 Y-63.815
G1 X10.401 Y-51.334
G1 X10.411 Y-28.580
G1 X14.400 Y-21.581
G1 X14.400 Y-21.400
G1 X-14.400 Y-21.400
G1 X-13.815 Y-21.800
G1 X-10.011 Y-28.474
G1 X-10.001 Y-51.189
G1 X0.000 Y-63.190
G1 X10.001 Y-51.189
G1 X10.011 Y-28.474
G1 X13.815 Y-21.800
G1 X-13.815 Y-21.800
G1 X-13.126 Y-22.200
G1 X-9.611 Y-28.368
G1 X-9.601 Y-51.044
G1 X0.000 Y-62.565
G1 X9.601 Y-51.044
G1 X9.611 Y-28.368
G1 X13.126 Y-22.200
G1 X-13.126 Y-22.200
G1 X-12.438 Y-22.600
G1 X-9.211 Y-28.262
G1 X-9.201 Y-50.899
G1 X0.000 Y-61.940
G1 X9.201 Y-50.899
G1 X9.211 Y-28.262
G1 X12.438 Y-22.600
G1 X-12.438 Y-22.600
G1 X-11.750 Y-23.000
G1 X-8.811 Y-28.156
G1 X-8.801 Y-50.754
G1 X0.000 Y-61.315
G1 X8.801 Y-50.754
G1 X8.811 Y-28.156
G1 X11.750 Y-23.000
G1 X-11.750 Y-23.000
G1 X-11.061 Y-23.400
G1 X-8.411 Y-28.050
G1 X-8.401 Y-50.609
G1 X0.000 Y-60.690
G1 X8.401 Y-50.609
G1 X8.411 Y-28.050
G1 X11.061 Y-23.400
G1 X-11.061 Y-23.400
G1 X-10.373 Y-23.800
G1 X-8.011 Y-27.944
G1 X-8.001 Y-50.464
G1 X0.000 Y-60.066
G1 X8.001 Y-50.464
G1 X8.011 Y-27.944
G1 X10.373 Y-23.800
G1 X-10.373 Y-23.800
G1 X-9.684 Y-24.200
G1 X-7.611 Y-27.838
G1 X-7.601 Y-50.319
G1 X0.000 Y-59.441
G1 X7.601 Y-50.319
G1 X7.611 Y-27.838
G1 X9.684 Y-24.200
G1 X-9.684 Y-24.200
G1 X-8.996 Y-24.600
G1 X-7.211 Y-27.732
G1 X-7.201 Y-50.175
G1 X0.000 Y-58.816
G1 X7.201 Y-50.175
G1 X7.211 Y-27.732
G1 X8.996 Y-24.600
G1 X-8.996 Y-24.600
G1 X-8.307 Y-25.000
G1 X-6.811 Y-27.625
G1 X-6.801 Y-50.030
G1 X0.000 Y-58.191
G1 X6.801 Y-50.030
G1 X6.811 Y-27.625
G1 X8.307 Y-25.000
G1 X-8.307 Y-25.000
G1 X-7.619 Y-25.400
G1 X-6.411 Y-27.519
G1 X-6.401 Y-49.885
G1 X0.000 Y-57.566
G1 X6.401 Y-49.885
G1 X6.411 Y-27.519
G1 X7.619 Y-25.400
G1 X-7.619 Y-25.400
G1 X-6.931 Y-25.800
G1 X-6.011 Y-27.413
G1 X-6.001 Y-49.740
G1 X0.000 Y-56.942
G1 X6.001 Y-49.740
G1 X6.011 Y-27.413
G1 X6.931 Y-25.800
G1 X-6.931 Y-25.800
G1 X-6.242 Y-26.200
G1 X-5.611 Y-27.307
G1 X-5.601 Y-49.595
G1 X0.000 Y-56.317
G1 X5.601 Y-49.595
G1 X5.611 Y-27.307
G1 X6.242 Y-26.200
G1 X-6.242 Y-26.200
G1 X-5.554 Y-26.600
G1 X-5.211 Y-27.201
G1 X-5.202 Y-49.450
G1 X0.000 Y-55.692
G1 X5.202 Y-49.450
G1 X5.211 Y-27.201
G1 X5.554 Y-26.600
G1 X-5.554 Y-26.600
G1 X-4.865 Y-27.000
G1 X-4.811 Y-27.095
G1 X-4.802 Y-49.305
G1 X0.000 Y-55.067
G1 X4.802 Y-49.305
G1 X4.811 Y-27.095
G1 X4.865 Y-27.000
G1 X-4.865 Y-27.000
G1 X-4.411 Y-27.400
G1 X-4.402 Y-49.160
G1 X0.000 Y-54.442
G1 X4.402 Y-49.160
G1 X4.411 Y-27.400
G1 X-4.411 Y-27.400
G1 X-4.011 Y-27.800
G1 X-4.002 Y-49.015
G1 X0.000 Y-53.817
G1 X4.002 Y-49.015
G1 X4.011 Y-27.800
G1 X-4.011 Y-27.800
G1 X-3.611 Y-28.200
G1 X-3.602 Y-48.870
G1 X0.000 Y-53.193
G1 X3.602 Y-48.870
G1 X3.611 Y-28.200
G1 X-3.611 Y-28.200
G1 X-3.211 Y-28.600
G1 X-3.202 Y-48.726
G1 X0.000 Y-52.568
G1 X3.202 Y-48.726
G1 X3.211 Y-28.600
G1 X-3.211 Y-28.600
G1 X-2.810 Y-29.000
G1 X-2.802 Y-48.581
G1 X0.000 Y-51.943
G1 X2.802 Y-48.581
G1 X2.810 Y-29.000
G1 X-2.810 Y-29.000
G1 X-2.410 Y-29.400
G1 X-2.402 Y-48.436
G1 X0.000 Y-51.318
G1 X2.402 Y-48.436
G1 X2.410 Y-29.400
G1 X-2.410 Y-29.400
G1 X-2.010 Y-29.800
G1 X-2.002 Y-48.291
G1 X0.000 Y-50.693
G1 X2.002 Y-48.291
G1 X2.010 Y-29.800
G1 X-2.010 Y-29.800
G1 X-1.610 Y-30.200
G1 X-1.602 Y-48.146
G1 X0.000 Y-50.069
G1 X1.602 Y-48.146
G1 X1.610 Y-30.200
G1 X-1.610 Y-30.200
G1 X-1.210 Y-30.600
G1 X-1.202 Y-48.001
G1 X0.000 Y-49.444
G1 X1.202 Y-48.001
G1 X1.210 Y-30.600
G1 X-1.210 Y-30.600
G1 X-0.809 Y-31.000
G1 X-0.802 Y-47.856
G1 X0.000 Y-48.819
G1 X0.802 Y-47.856
G1 X0.809 Y-31.000
G1 X-0.809 Y-31.000
G1 X-0.409 Y-31.400
G1 X-0.402 Y-47.711
G1 X0.000 Y-48.194
G1 X0.402 Y-47.711
G1 X0.409 Y-31.400
G1 X-0.409 Y-31.400
G1 X-0.009 Y-31.800
G1 X-0.002 Y-47.566
G1 X0.000 Y-47.569
G1 X0.002 Y-47.566
G1 X0.009 Y-31.800
G1 X-0.009 Y-31.800
M9
G1 Z10.000
G1 X-19.000 Y16.800
G1 Z0.300
M7
G4 P150
G1 X-18.800 Y17.000 Z0.300
G1 X-18.800 Y17.000
G1 X18.800 Y17.000
G1 X18.800 Y22.747
G1 X14.810 Y29.747
G1 X14.800 Y52.928
G1 X0.000 Y70.688
G1 X-14.800 Y52.928
G1 X-14.810 Y29.747
G1 X-18.800 Y22.747
G1 X-18.800 Y17.000
G1 X-18.400 Y17.400
G1 X18.400 Y17.400
G1 X18.400 Y22.641
G1 X14.410 Y29.641
G1 X14.400 Y52.783
G1 X0.000 Y70.063
G1 X-14.400 Y52.783
G1 X-14.410 Y29.641
G1 X-18.400 Y22.641
G1 X-18.400 Y17.400
G1 X-18.000 Y17.800
G1 X18.000 Y17.800
G1 X18.000 Y22.535
G1 X14.010 Y29.535
G1 X14.000 Y52.638
G1 X0.000 Y69.438
G1 X-14.000 Y52.638
G1 X-14.010 Y29.535
G1 X-18.000 Y22.535
G1 X-18.000 Y17.800
G1 X-17.600 Y18.200
G1 X17.600 Y18.200
G1 X17.600 Y22.429
G1 X13.610 Y29.429
G1 X13.600 Y52.493
G1 X0.000 Y68.813
G1 X-13.600 Y52.493
G1 X-13.610 Y29.429
G1 X-17.600 Y22.429
G1 X-17.600 Y18.200
G1 X-17.200 Y18.600
G1 X17.200 Y18.600
G1 X17.200 Y22.323
G1 X13.210 Y29.323
G1 X13.200 Y52.348
G1 X0.000 Y68.188
G1 X-13.200 Y52.348
G1 X-13.210 Y29.323
G1 X-17.200 Y22.323
G1 X-17.200 Y18.600
G1 X-16.800 Y19.000
G1 X16.800 Y19.000
G1 X16.800 Y22.217
G1 X12.810 Y29.217
G1 X12.800 Y52.203
G1 X0.000 Y67.563
G1 X-12.800 Y52.203
G1 X-12.810 Y29.217
G1 X-16.800 Y22.217
G1 X-16.800 Y19.000
G1 X-16.400 Y19.400
G1 X16.400 Y19.400
G1 X16.400 Y22.111
G1 X12.410 Y29.111
G1 X12.400 Y52.058
G1 X0.000 Y66.939
G1 X-12.400 Y52.058
G1 X-12.410 Y29.111
G1 X-16.400 Y22.111
G1 X-16.400 Y19.400
G1 X-16.000 Y19.800
G1 X16.000 Y19.800
G1 X16.000 Y22.005
G1 X12.010 Y29.004
G1 X12.000 Y51.913
G1 X0.000 Y66.314
G1 X-12.000 Y51.913
G1 X-12.010 Y29.004
G1 X-16.000 Y22.005
G1 X-16.000 Y19.800
G1 X-15.600 Y20.200
G1 X15.600 Y20.200
G1 X15.600 Y21.899
G1 X11.610 Y28.898
G1 X11.601 Y51.768
G1 X0.000 Y65.689
G1 X-11.601 Y51.768
G1 X-11.610 Y28.898
G1 X-15.600 Y21.899
G1 X-15.600 Y20.200
G1 X-15.200 Y20.600
G1 X15.200 Y20.600
G1 X15.200 Y21.793
G1 X11.210 Y28.792
G1 X11.201 Y51.623
G1 X0.000 Y65.064
G1 X-11.201 Y51.623
G1 X-11.210 Y28.792
G1 X-15.200 Y21.793
G1 X-15.200 Y20.600
G1 X-14.800 Y21.000
G1 X14.800 Y21.000
G1 X14.800 Y21.687
G1 X10.810 Y28.686
G1 X10.801 Y51.479
G1 X0.000 Y64.439
G1 X-10.801 Y51.479
G1 X-10.810 Y28.686
G1 X-14.800 Y21.687
G1 X-14.800 Y21.000
G1 X-14.400 Y21.400
G1 X14.400 Y21.400
G1 X14.400 Y21.581
G1 X10.411 Y28.580
G1 X10.401 Y51.334
G1 X0.000 Y63.815
G1 X-10.401 Y51.334
G1 X-10.411 Y28.580
G1 X-14.400 Y21.581
G1 X-14.400 Y21.400
G1 X-13.815 Y21.800
G1 X13.815 Y21.800
G1 X10.011 Y28.474
G1 X10.001 Y51.189
G1 X0.000 Y63.190
G1 X-10.001 Y51.189
G1 X-10.011 Y28.474
G1 X-13.815 Y21.800
G1 X-13.126 Y22.200
G1 X13.126 Y22.200
G1 X9.611 Y28.368
G1 X9.601 Y51.044
G1 X0.000 Y62.565
G1 X-9.601 Y51.044
G1 X-9.611 Y28.368
G1 X-13.126 Y22.200
G1 X-12.438 Y22.600
G1 X12.438 Y22.600
G1 X9.211 Y28.262
G1 X9.201 Y50.899
G1 X-0.000 Y61.940
G1 X-9.201 Y50.899
G1 X-9.211 Y28.262
G1 X-12.438 Y22.600
G1 X-11.750 Y23.000
G1 X11.750 Y23.000
G1 X8.811 Y28.156
G1 X8.801 Y50.754
G1 X0.000 Y61.315
G1 X-8.801 Y50.754
G1 X-8.811 Y28.156
G1 X-11.750 Y23.000
G1 X-11.061 Y23.400
G1 X11.061 Y23.400
G1 X8.411 Y28.050
G1 X8.401 Y50.609
G1 X-0.000 Y60.690
G1 X-8.401 Y50.609
G1 X-8.411 Y28.050
G1 X-11.061 Y23.400
G1 X-10.373 Y23.800
G1 X10.373 Y23.800
G1 X8.011 Y27.944
G1 X8.001 Y50.464
G1 X0.000 Y60.066
G1 X-8.001 Y50.464
G1 X-8.011 Y27.944
G1 X-10.373 Y23.800
G1 X-9.684 Y24.200
G1 X9.684 Y24.200
G1 X7.611 Y27.838
G1 X7.601 Y50.319
G1 X0.000 Y59.441
G1 X-7.601 Y50.319
G1 X-7.611 Y27.838
G1 X-9.684 Y24.200
G1 X-8.996 Y24.600
G1 X8.996 Y24.600
G1 X7.211 Y27.732
G1 X7.201 Y50.175
G1 X-0.000 Y58.816
G1 X-7.201 Y50.175
G1 X-7.211 Y27.732
G1 X-8.996 Y24.600
G1 X-8.307 Y25.000
G1 X8.307 Y25.000
G1 X6.811 Y27.625
G1 X6.801 Y50.030
G1 X0.000 Y58.191
G1 X-6.801 Y50.030
G1 X-6.811 Y27.625
G1 X-8.307 Y25.000
G1 X-7.619 Y25.400
G1 X7.619 Y25.400
G1 X6.411 Y27.519
G1 X6.401 Y49.885
G1 X0.000 Y57.566
G1 X-6.401 Y49.885
G1 X-6.411 Y27.519
G1 X-7.619 Y25.400
G1 X-6.931 Y25.800
G1 X6.931 Y25.800
G1 X6.011 Y27.413
G1 X6.001 Y49.740
G1 X0.000 Y56.942
G1 X-6.001 Y49.740
G1 X-6.011 Y27.413
G1 X-6.931 Y25.800
G1 X-6.242 Y26.200
G1 X6.242 Y26.200
G1 X5.611 Y27.307
G1 X5.601 Y49.595
G1 X0.000 Y56.317
G1 X-5.601 Y49.595
G1 X-5.611 Y27.307
G1 X-6.242 Y26.200
G1 X-5.554 Y26.600
G1 X5.554 Y26.600
G1 X5.211 Y27.201
G1 X5.202 Y49.450
G1 X0.000 Y55.692
G1 X-5.202 Y49.450
G1 X-5.211 Y27.201
G1 X-5.554 Y26.600
G1 X-4.865 Y27.000
G1 X4.865 Y27.000
G1 X4.811 Y27.095
G1 X4.802 Y49.305
G1 X0.000 Y55.067
G1 X-4.802 Y49.305
G1 X-4.811 Y27.095
G1 X-4.865 Y27.000
G1 X-4.411 Y27.400
G1 X4.411 Y27.400
G1 X4.402 Y49.160
G1 X0.000 Y54.442
G1 X-4.402 Y49.160
G1 X-4.411 Y27.400
G1 X-4.011 Y27.800
G1 X4.011 Y27.800
G1 X4.002 Y49.015
G1 X0.000 Y53.817
G1 X-4.002 Y49.015
G1 X-4.011 Y27.800
G1 X-3.611 Y28.200
G1 X3.611 Y28.200
G1 X3.602 Y48.870
G1 X0.000 Y53.193
G1 X-3.602 Y48.870
G1 X-3.611 Y28.200
G1 X-3.211 Y28.600
G1 X3.211 Y28.600
G1 X3.202 Y48.726
G1 X0.000 Y52.568
G1 X-3.202 Y48.726
G1 X-3.211 Y28.600
G1 X-2.810 Y29.000
G1 X2.810 Y29.000
G1 X2.802 Y48.581
G1 X-0.000 Y51.943
G1 X-2.802 Y48.581
G1 X-2.810 Y29.000
G1 X-2.410 Y29.400
G1 X2.410 Y29.400
G1 X2.402 Y48.436
G1 X0.000 Y51.318
G1 X-2.402 Y48.436
G1 X-2.410 Y29.400
G1 X-2.010 Y29.800
G1 X2.010 Y29.800
G1 X2.002 Y48.291
G1 X0.000 Y50.693
G1 X-2.002 Y48.291
G1 X-2.010 Y29.800
G1 X-1.610 Y30.200
G1 X1.610 Y30.200
G1 X1.602 Y48.146
G1 X0.000 Y50.069
G1 X-1.602 Y48.146
G1 X-1.610 Y30.200
G1 X-1.210 Y30.600
G1 X1.210 Y30.600
G1 X1.202 Y48.001
G1 X0.000 Y49.444
G1 X-1.202 Y48.001
G1 X-1.210 Y30.600
G1 X-0.809 Y31.000
G1 X0.809 Y31.000
G1 X0.802 Y47.856
G1 X0.000 Y48.819
G1 X-0.802 Y47.856
G1 X-0.809 Y31.000
G1 X-0.409 Y31.400
G1 X0.409 Y31.400
G1 X0.402 Y47.711
G1 X0.000 Y48.194
G1 X-0.402 Y47.711
G1 X-0.409 Y31.400
G1 X-0.009 Y31.800
G1 X0.009 Y31.800
G1 X0.002 Y47.566
G1 X0.000 Y47.569
G1 X-0.002 Y47.566
G1 X-0.009 Y31.800
M9
G1 Z10.000
G1 X25.800 Y-10.000
G1 Z0.300
M7
G4 P150
G1 X26.000 Y-9.800 Z0.300
G1 X26.000 Y-9.800
G1 X31.783 Y-9.800
G1 X52.783 Y-6.100
G1 X65.560 Y-6.100
G1 X75.400 Y-1.967
G1 X75.400 Y1.967
G1 X65.560 Y6.100
G1 X52.783 Y6.100
G1 X31.783 Y9.800
G1 X26.000 Y9.800
G1 X26.000 Y-9.800
G1 X26.400 Y-9.400
G1 X31.748 Y-9.400
G1 X52.748 Y-5.700
G1 X65.479 Y-5.700
G1 X75.000 Y-1.701
G1 X75.000 Y1.701
G1 X65.479 Y5.700
G1 X52.748 Y5.700
G1 X31.748 Y9.400
G1 X26.400 Y9.400
G1 X26.400 Y-9.400
G1 X26.800 Y-9.000
G1 X31.713 Y-9.000
G1 X52.713 Y-5.300
G1 X65.399 Y-5.300
G1 X74.600 Y-1.435
G1 X74.600 Y1.435
G1 X65.399 Y5.300
G1 X52.713 Y5.300
G1 X31.713 Y9.000
G1 X26.800 Y9.000
G1 X26.800 Y-9.000
G1 X27.200 Y-8.600
G1 X31.678 Y-8.600
G1 X52.678 Y-4.900
G1 X65.318 Y-4.900
G1 X74.200 Y-1.170
G1 X74.200 Y1.170
G1 X65.318 Y4.900
G1 X52.678 Y4.900
G1 X31.678 Y8.600
G1 X27.200 Y8.600
G1 X27.200 Y-8.600
G1 X27.600 Y-8.200
G1 X31.643 Y-8.200
G1 X52.643 Y-4.500
G1 X65.237 Y-4.500
G1 X73.800 Y-0.904
G1 X73.800 Y0.904
G1 X65.237 Y4.500
G1 X52.643 Y4.500
G1 X31.643 Y8.200
G1 X27.600 Y8.200
G1 X27.600 Y-8.200
G1 X28.000 Y-7.800
G1 X31.608 Y-7.800
G1 X52.608 Y-4.100
G1 X65.157 Y-4.100
G1 X73.400 Y-0.638
G1 X73.400 Y0.638
G1 X65.157 Y4.100
G1 X52.608 Y4.100
G1 X31.608 Y7.800
G1 X28.000 Y7.800
G1 X28.000 Y-7.800
G1 X28.400 Y-7.400
G1 X31.573 Y-7.400
G1 X52.573 Y-3.700
G1 X65.076 Y-3.700
G1 X73.000 Y-0.372
G1 X73.000 Y0.372
G1 X65.076 Y3.700
G1 X52.573 Y3.700
G1 X31.573 Y7.400
G1 X28.400 Y7.400
G1 X28.400 Y-7.400
G1 X28.800 Y-7.000
G1 X31.538 Y-7.000
G1 X52.538 Y-3.300
G1 X64.996 Y-3.300
G1 X72.600 Y-0.106
G1 X72.600 Y0.106
G1 X64.996 Y3.300
G1 X52.538 Y3.300
G1 X31.538 Y7.000
G1 X28.800 Y7.000
G1 X28.800 Y-7.000
G1 X29.200 Y-6.600
G1 X31.503 Y-6.600
G1 X52.503 Y-2.900
G1 X64.915 Y-2.900
G1 X71.820 Y0.000
G1 X64.915 Y2.900
G1 X52.503 Y2.900
G1 X31.503 Y6.600
G1 X29.200 Y6.600
G1 X29.200 Y-6.600
G1 X29.600 Y-6.200
G1 X31.468 Y-6.200
G1 X52.468 Y-2.500
G1 X64.834 Y-2.500
G1 X70.787 Y0.000
G1 X64.834 Y2.500
G1 X52.468 Y2.500
G1 X31.468 Y6.200
G1 X29.600 Y6.200
G1 X29.600 Y-6.200
G1 X30.000 Y-5.800
G1 X31.433 Y-5.800
G1 X52.433 Y-2.100
G1 X64.754 Y-2.100
G1 X69.754 Y0.000
G1 X64.754 Y2.100
G1 X52.433 Y2.100
G1 X31.433 Y5.800
G1 X30.000 Y5.800
G1 X30.000 Y-5.800
G1 X30.400 Y-5.400
G1 X31.398 Y-5.400
G1 X52.398 Y-1.700
G1 X64.673 Y-1.700
G1 X68.721 Y0.000
G1 X64.673 Y1.700
G1 X52.398 Y1.700
G1 X31.398 Y5.400
G1 X30.400 Y5.400
G1 X30.400 Y-5.400
G1 X30.800 Y-5.000
G1 X31.363 Y-5.000
G1 X52.363 Y-1.300
G1 X64.593 Y-1.300
G1 X67.688 Y0.000
G1 X64.593 Y1.300
G1 X52.363 Y1.300
G1 X31.363 Y5.000
G1 X30.800 Y5.000
G1 X30.800 Y-5.000
G1 X31.200 Y-4.600
G1 X31.328 Y-4.600
G1 X52.328 Y-0.900
G1 X64.512 Y-0.900
G1 X66.655 Y-0.000
G1 X64.512 Y0.900
G1 X52.328 Y0.900
G1 X31.328 Y4.600
G1 X31.200 Y4.600
G1 X31.200 Y-4.600
G1 X31.600 Y-4.146
G1 X52.293 Y-0.500
G1 X64.431 Y-0.500
G1 X65.622 Y0.000
G1 X64.431 Y0.500
G1 X52.293 Y0.500
G1 X31.600 Y4.146
G1 X31.600 Y-4.146
G1 X32.000 Y-3.669
G1 X52.258 Y-0.100
G1 X64.351 Y-0.100
G1 X64.589 Y0.000
G1 X64.351 Y0.100
G1 X52.258 Y0.100
G1 X32.000 Y3.669
G1 X32.000 Y-3.669
G1 X32.400 Y-3.193
G1 X50.520 Y0.000
G1 X32.400 Y3.193
G1 X32.400 Y-3.193
G1 X32.800 Y-2.716
G1 X48.215 Y0.000
G1 X32.800 Y2.716
G1 X32.800 Y-2.716
G1 X33.200 Y-2.239
G1 X45.910 Y0.000
G1 X33.200 Y2.239
G1 X33.200 Y-2.239
G1 X33.600 Y-1.763
G1 X43.605 Y0.000
G1 X33.600 Y1.763
G1 X33.600 Y-1.763
G1 X34.000 Y-1.286
G1 X41.299 Y0.000
G1 X34.000 Y1.286
G1 X34.000 Y-1.286
G1 X34.400 Y-0.809
G1 X38.994 Y0.000
G1 X34.400 Y0.809
G1 X34.400 Y-0.809
G1 X34.800 Y-0.333
G1 X36.689 Y0.000
G1 X34.800 Y0.333
G1 X34.800 Y-0.333
M9
G1 Z10.000
G1 X0.000 Y0.000
G1 Z0.700
M7
G4 P150
G1 X-0.000 Y-17.765 Z0.700
G1 X-0.000 Y-17.765
G1 X0.000 Y17.765
G1 X0.000 Y17.765
G1 X0.004 Y17.758
G1 X0.018 Y0.000
G1 X0.004 Y-17.758
G1 X0.000 Y-17.765
G1 X-0.000 Y-17.765
G1 X-0.400 Y-17.871
G1 X-0.400 Y17.871
G1 X0.000 Y18.573
G1 X0.404 Y17.864
G1 X0.418 Y0.000
G1 X0.404 Y-17.864
G1 X0.000 Y-18.573
G1 X-0.400 Y-17.871
G1 X-0.800 Y-17.977
G1 X-0.800 Y17.977
G1 X0.000 Y19.381
G1 X0.804 Y17.971
G1 X0.818 Y0.000
G1 X0.804 Y-17.971
G1 X0.000 Y-19.381
G1 X-0.800 Y-17.977
G1 X-1.200 Y-18.083
G1 X-1.200 Y18.083
G1 X0.000 Y20.188
G1 X1.204 Y18.077
G1 X1.218 Y0.000
G1 X1.204 Y-18.077
G1 X0.000 Y-20.188
G1 X-1.200 Y-18.083
G1 X-1.600 Y-18.189
G1 X-1.600 Y18.189
G1 X0.000 Y20.996
G1 X1.604 Y18.183
G1 X1.618 Y0.000
G1 X1.604 Y-18.183
G1 X0.000 Y-20.996
G1 X-1.600 Y-18.189
G1 X-2.000 Y-18.295
G1 X-2.000 Y18.295
G1 X0.000 Y21.804
G1 X2.004 Y18.289
G1 X2.018 Y0.000
G1 X2.004 Y-18.289
G1 X0.000 Y-21.804
G1 X-2.000 Y-18.295
G1 X-2.400 Y-18.401
G1 X-2.400 Y18.401
G1 X0.000 Y22.612
G1 X2.403 Y18.395
G1 X2.418 Y0.000
G1 X2.403 Y-18.395
G1 X0.000 Y-22.612
G1 X-2.400 Y-18.401
G1 X-2.800 Y-18.507
G1 X-2.800 Y18.507
G1 X0.000 Y23.419
G1 X2.803 Y18.501
G1 X2.818 Y0.000
G1 X2.803 Y-18.501
G1 X0.000 Y-23.419
G1 X-2.800 Y-18.507
G1 X-3.200 Y-18.613
G1 X-3.200 Y18.613
G1 X0.000 Y24.227
G1 X3.203 Y18.607
G1 X3.218 Y0.000
G1 X3.203 Y-18.607
G1 X-0.000 Y-24.227
G1 X-3.200 Y-18.613
G1 X-3.600 Y-18.719
G1 X-3.600 Y18.719
G1 X0.000 Y25.035
G1 X3.603 Y18.714
G1 X3.618 Y0.000
G1 X3.603 Y-18.714
G1 X-0.000 Y-25.035
G1 X-3.600 Y-18.719
G1 X-4.000 Y-18.825
G1 X-4.000 Y18.825
G1 X-0.012 Y25.822
G1 X-0.002 Y47.566
G1 X0.000 Y47.569
G1 X0.002 Y47.566
G1 X0.012 Y25.822
G1 X4.003 Y18.820
G1 X4.018 Y0.000
G1 X4.003 Y-18.820
G1 X0.012 Y-25.822
G1 X0.002 Y-47.566
G1 X-0.000 Y-47.569
G1 X-0.002 Y-47.566
G1 X-0.012 Y-25.822
G1 X-4.000 Y-18.825
G1 X-4.400 Y-18.931
G1 X-4.400 Y18.931
G1 X-0.412 Y25.928
G1 X-0.402 Y47.711
G1 X-0.000 Y48.194
G1 X0.402 Y47.711
G1 X0.412 Y25.928
G1 X4.403 Y18.926
G1 X4.418 Y0.000
G1 X4.403 Y-18.926
G1 X0.412 Y-25.928
G1 X0.402 Y-47.711
G1 X-0.000 Y-48.194
G1 X-0.402 Y-47.711
G1 X-0.412 Y-25.928
G1 X-4.400 Y-18.931
G1 X-4.800 Y-19.037
G1 X-4.800 Y19.037
G1 X-0.812 Y26.034
G1 X-0.802 Y47.856
G1 X0.000 Y48.819
G1 X0.802 Y47.856
G1 X0.812 Y26.034
G1 X4.803 Y19.032
G1 X4.818 Y0.000
G1 X4.803 Y-19.032
G1 X0.812 Y-26.034
G1 X0.802 Y-47.856
G1 X0.000 Y-48.819
G1 X-0.802 Y-47.856
G1 X-0.812 Y-26.034
G1 X-4.800 Y-19.037
G1 X-5.200 Y-19.143
G1 X-5.200 Y19.143
G1 X-1.212 Y26.140
G1 X-1.202 Y48.001
G1 X0.000 Y49.444
G1 X1.202 Y48.001
G1 X1.212 Y26.140
G1 X5.203 Y19.138
G1 X5.218 Y0.000
G1 X5.203 Y-19.138
G1 X1.212 Y-26.140
G1 X1.202 Y-48.001
G1 X0.000 Y-49.444
G1 X-1.202 Y-48.001
G1 X-1.212 Y-26.140
G1 X-5.200 Y-19.143
G1 X-5.600 Y-19.249
G1 X-5.600 Y19.249
G1 X-1.612 Y26.246
G1 X-1.602 Y48.146
G1 X-0.000 Y50.069
G1 X1.602 Y48.146
G1 X1.612 Y26.246
G1 X5.603 Y19.244
G1 X5.618 Y0.000
G1 X5.603 Y-19.244
G1 X1.612 Y-26.246
G1 X1.602 Y-48.146
G1 X-0.000 Y-50.069
G1 X-1.602 Y-48.146
G1 X-1.612 Y-26.246
G1 X-5.600 Y-19.249
G1 X-6.000 Y-19.355
G1 X-6.000 Y19.355
G1 X-2.011 Y26.353
G1 X-2.002 Y48.291
G1 X0.000 Y50.693
G1 X2.002 Y48.291
G1 X2.011 Y26.353
G1 X6.003 Y19.350
G1 X6.018 Y0.000
G1 X6.003 Y-19.350
G1 X2.011 Y-26.353
G1 X2.002 Y-48.291
G1 X0.000 Y-50.693
G1 X-2.002 Y-48.291
G1 X-2.011 Y-26.353
G1 X-6.000 Y-19.355
G1 X-6.400 Y-19.461
G1 X-6.400 Y19.461
G1 X-2.411 Y26.459
G1 X-2.402 Y48.436
G1 X0.000 Y51.318
G1 X2.402 Y48.436
G1 X2.411 Y26.459
G1 X6.403 Y19.457
G1 X6.418 Y0.000
G1 X6.403 Y-19.457
G1 X2.411 Y-26.459
G1 X2.402 Y-48.436
G1 X0.000 Y-51.318
G1 X-2.402 Y-48.436
G1 X-2.411 Y-26.459
G1 X-6.400 Y-19.461
G1 X-6.800 Y-19.567
G1 X-6.800 Y19.567
G1 X-2.811 Y26.565
G1 X-2.802 Y48.581
G1 X0.000 Y51.943
G1 X2.802 Y48.581
G1 X2.811 Y26.565
G1 X6.803 Y19.563
G1 X6.818 Y0.000
G1 X6.803 Y-19.563
G1 X2.811 Y-26.565
G1 X2.802 Y-48.581
G1 X0.000 Y-51.943
G1 X-2.802 Y-48.581
G1 X-2.811 Y-26.565
G1 X-6.800 Y-19.567
G1 X-7.200 Y-19.673
G1 X-7.200 Y19.673
G1 X-3.211 Y26.671
G1 X-3.202 Y48.726
G1 X0.000 Y52.568
G1 X3.202 Y48.726
G1 X3.211 Y26.671
G1 X7.202 Y19.669
G1 X7.218 Y0.000
G1 X7.202 Y-19.669
G1 X3.211 Y-26.671
G1 X3.202 Y-48.726
G1 X0.000 Y-52.568
G1 X-3.202 Y-48.726
G1 X-3.211 Y-26.671
G1 X-7.200 Y-19.673
G1 X-7.600 Y-19.779
G1 X-7.600 Y19.779
G1 X-3.611 Y26.777
G1 X-3.602 Y48.870
G1 X0.000 Y53.193
G1 X3.602 Y48.870
G1 X3.611 Y26.777
G1 X7.602 Y19.775
G1 X7.618 Y0.000
G1 X7.602 Y-19.775
G1 X3.611 Y-26.777
G1 X3.602 Y-48.870
G1 X0.000 Y-53.193
G1 X-3.602 Y-48.870
G1 X-3.611 Y-26.777
G1 X-7.600 Y-19.779
G1 X-8.000 Y-19.885
G1 X-8.000 Y19.885
G1 X-4.011 Y26.883
G1 X-4.002 Y49.015
G1 X0.000 Y53.817
G1 X4.002 Y49.015
G1 X4.011 Y26.883
G1 X8.002 Y19.881
G1 X8.018 Y0.000
G1 X8.002 Y-19.881
G1 X4.011 Y-26.883
G1 X4.002 Y-49.015
G1 X0.000 Y-53.817
G1 X-4.002 Y-49.015
G1 X-4.011 Y-26.883
G1 X-8.000 Y-19.885
G1 X-8.400 Y-19.991
G1 X-8.400 Y19.991
G1 X-4.411 Y26.989
G1 X-4.402 Y49.160
G1 X0.000 Y54.442
G1 X4.402 Y49.160
G1 X4.411 Y26.989
G1 X8.402 Y19.987
G1 X8.418 Y0.000
G1 X8.402 Y-19.987
G1 X4.411 Y-26.989
G1 X4.402 Y-49.160
G1 X0.000 Y-54.442
G1 X-4.402 Y-49.160
G1 X-4.411 Y-26.989
G1 X-8.400 Y-19.991
G1 X-8.800 Y-20.097
G1 X-8.800 Y20.097
G1 X-4.811 Y27.095
G1 X-4.802 Y49.305
G1 X0.000 Y55.067
G1 X4.802 Y49.305
G1 X4.811 Y27.095
G1 X8.802 Y20.093
G1 X8.818 Y0.000
G1 X8.802 Y-20.093
G1 X4.811 Y-27.095
G1 X4.802 Y-49.305
G1 X0.000 Y-55.067
G1 X-4.802 Y-49.305
G1 X-4.811 Y-27.095
G1 X-8.800 Y-20.097
G1 X-9.200 Y-20.203
G1 X-9.200 Y20.203
G1 X-5.211 Y27.201
G1 X-5.202 Y49.450
G1 X0.000 Y55.692
G1 X5.202 Y49.450
G1 X5.211 Y27.201
G1 X9.202 Y20.200
G1 X9.218 Y0.218
G1 X30.939 Y0.201
G1 X32.078 Y-0.000
G1 X30.939 Y-0.201
G1 X9.218 Y-0.218
G1 X9.202 Y-20.200
G1 X5.211 Y-27.201
G1 X5.202 Y-49.450
G1 X0.000 Y-55.692
G1 X-5.202 Y-49.450
G1 X-5.211 Y-27.201
G1 X-9.200 Y-20.203
G1 X-9.600 Y-20.309
G1 X-9.600 Y20.309
G1 X-5.611 Y27.307
G1 X-5.601 Y49.595
G1 X0.000 Y56.317
G1 X5.601 Y49.595
G1 X5.611 Y27.307
G1 X9.602 Y20.306
G1 X9.617 Y0.617
G1 X30.975 Y0.601
G1 X34.384 Y-0.000
G1 X30.975 Y-0.601
G1 X9.617 Y-0.617
G1 X9.602 Y-20.306
G1 X5.611 Y-27.307
G1 X5.601 Y-49.595
G1 X0.000 Y-56.317
G1 X-5.601 Y-49.595
G1 X-5.611 Y-27.307
G1 X-9.600 Y-20.309
G1 X-10.000 Y-20.415
G1 X-10.000 Y20.415
G1 X-6.011 Y27.413
G1 X-6.001 Y49.740
G1 X0.000 Y56.942
G1 X6.001 Y49.740
G1 X6.011 Y27.413
G1 X10.002 Y20.412
G1 X10.017 Y1.017
G1 X31.010 Y1.001
G1 X36.689 Y0.000
G1 X31.010 Y-1.001
G1 X10.017 Y-1.017
G1 X10.002 Y-20.412
G1 X6.011 Y-27.413
G1 X6.001 Y-49.740
G1 X0.000 Y-56.942
G1 X-6.001 Y-49.740
G1 X-6.011 Y-27.413
G1 X-10.000 Y-20.415
G1 X-10.400 Y-20.521
G1 X-10.400 Y20.521
G1 X-6.411 Y27.519
G1 X-6.401 Y49.885
G1 X0.000 Y57.566
G1 X6.401 Y49.885
G1 X6.411 Y27.519
G1 X10.402 Y20.518
G1 X10.417 Y1.417
G1 X31.045 Y1.401
G1 X38.994 Y-0.000
G1 X31.045 Y-1.401
G1 X10.417 Y-1.417
G1 X10.402 Y-20.518
G1 X6.411 Y-27.519
G1 X6.401 Y-49.885
G1 X0.000 Y-57.566
G1 X-6.401 Y-49.885
G1 X-6.411 Y-27.519
G1 X-10.400 Y-20.521
G1 X-10.800 Y-20.627
G1 X-10.800 Y20.627
G1 X-6.811 Y27.625
G1 X-6.801 Y50.030
G1 X0.000 Y58.191
G1 X6.801 Y50.030
G1 X6.811 Y27.625
G1 X10.802 Y20.624
G1 X10.816 Y1.816
G1 X31.080 Y1.801
G1 X41.299 Y0.000
G1 X31.080 Y-1.801
G1 X10.816 Y-1.816
G1 X10.802 Y-20.624
G1 X6.811 Y-27.625
G1 X6.801 Y-50.030
G1 X0.000 Y-58.191
G1 X-6.801 Y-50.030
G1 X-6.811 Y-27.625
G1 X-10.800 Y-20.627
G1 X-11.200 Y-20.733
G1 X-11.200 Y20.733
G1 X-7.211 Y27.732
G1 X-7.201 Y50.175
G1 X0.000 Y58.816
G1 X7.201 Y50.175
G1 X7.211 Y27.732
G1 X11.202 Y20.730
G1 X11.216 Y2.216
G1 X31.115 Y2.201
G1 X43.605 Y-0.000
G1 X31.115 Y-2.201
G1 X11.216 Y-2.216
G1 X11.202 Y-20.730
G1 X7.211 Y-27.732
G1 X7.201 Y-50.175
G1 X0.000 Y-58.816
G1 X-7.201 Y-50.175
G1 X-7.211 Y-27.732
G1 X-11.200 Y-20.733
G1 X-11.600 Y-20.839
G1 X-11.600 Y20.839
G1 X-7.611 Y27.838
G1 X-7.601 Y50.319
G1 X0.000 Y59.441
G1 X7.601 Y50.319
G1 X7.611 Y27.838
G1 X11.602 Y20.836
G1 X11.616 Y2.616
G1 X31.150 Y2.601
G1 X45.910 Y0.000
G1 X31.150 Y-2.601
G1 X11.616 Y-2.616
G1 X11.602 Y-20.836
G1 X7.611 Y-27.838
G1 X7.601 Y-50.319
G1 X0.000 Y-59.441
G1 X-7.601 Y-50.319
G1 X-7.611 Y-27.838
G1 X-11.600 Y-20.839
G1 X-12.000 Y-20.945
G1 X-12.000 Y20.945
G1 X-8.011 Y27.944
G1 X-8.001 Y50.464
G1 X0.000 Y60.066
G1 X8.001 Y50.464
G1 X8.011 Y27.944
G1 X12.001 Y20.943
G1 X12.015 Y3.015
G1 X31.185 Y3.000
G1 X48.215 Y-0.000
G1 X31.185 Y-3.000
G1 X12.015 Y-3.015
G1 X12.001 Y-20.943
G1 X8.011 Y-27.944
G1 X8.001 Y-50.464
G1 X0.000 Y-60.066
G1 X-8.001 Y-50.464
G1 X-8.011 Y-27.944
G1 X-12.000 Y-20.945
G1 X-12.400 Y-21.051
G1 X-12.400 Y21.051
G1 X-8.411 Y28.050
G1 X-8.401 Y50.609
G1 X0.000 Y60.690
G1 X8.401 Y50.609
G1 X8.411 Y28.050
G1 X12.401 Y21.049
G1 X12.415 Y3.415
G1 X31.220 Y3.400
G1 X50.520 Y0.000
G1 X31.220 Y-3.400
G1 X12.415 Y-3.415
G1 X12.401 Y-21.049
G1 X8.411 Y-28.050
G1 X8.401 Y-50.609
G1 X0.000 Y-60.690
G1 X-8.401 Y-50.609
G1 X-8.411 Y-28.050
G1 X-12.400 Y-21.051
G1 X-12.800 Y-21.157
G1 X-12.800 Y21.157
G1 X-8.811 Y28.156
G1 X-8.801 Y50.754
G1 X0.000 Y61.315
G1 X8.801 Y50.754
G1 X8.811 Y28.156
G1 X12.801 Y21.155
G1 X12.815 Y3.815
G1 X31.256 Y3.800
G1 X52.258 Y0.100
G1 X64.351 Y0.100
G1 X64.589 Y-0.000
G1 X64.351 Y-0.100
G1 X52.258 Y-0.100
G1 X31.256 Y-3.800
G1 X12.815 Y-3.815
G1 X12.801 Y-21.155
G1 X8.811 Y-28.156
G1 X8.801 Y-50.754
G1 X0.000 Y-61.315
G1 X-8.801 Y-50.754
G1 X-8.811 Y-28.156
G1 X-12.800 Y-21.157
G1 X-13.200 Y-21.263
G1 X-13.200 Y-0.200
G1 X-30.683 Y-0.200
G1 X-31.183 Y0.000
G1 X-30.683 Y0.200
G1 X-13.200 Y0.200
G1 X-13.200 Y21.263
G1 X-9.211 Y28.262
G1 X-9.201 Y50.899
G1 X0.000 Y61.940
G1 X9.201 Y50.899
G1 X9.211 Y28.262
G1 X13.201 Y21.261
G1 X13.215 Y4.215
G1 X31.291 Y4.200
G1 X52.293 Y0.500
G1 X64.431 Y0.500
G1 X65.622 Y0.000
G1 X64.431 Y-0.500
G1 X52.293 Y-0.500
G1 X31.291 Y-4.200
G1 X13.215 Y-4.215
G1 X13.201 Y-21.261
G1 X9.211 Y-28.262
G1 X9.201 Y-50.899
G1 X0.000 Y-61.940
G1 X-9.201 Y-50.899
G1 X-9.211 Y-28.262
G1 X-13.200 Y-21.263
G1 X-13.600 Y-21.369
G1 X-13.600 Y-0.600
G1 X-30.760 Y-0.600
G1 X-32.260 Y-0.000
G1 X-30.760 Y0.600
G1 X-13.600 Y0.600
G1 X-13.600 Y21.369
G1 X-9.611 Y28.368
G1 X-9.601 Y51.044
G1 X0.000 Y62.565
G1 X9.601 Y51.044
G1 X9.611 Y28.368
G1 X13.601 Y21.367
G1 X13.614 Y4.614
G1 X31.326 Y4.600
G1 X52.328 Y0.900
G1 X64.512 Y0.900
G1 X66.655 Y-0.000
G1 X64.512 Y-0.900
G1 X52.328 Y-0.900
G1 X31.326 Y-4.600
G1 X13.614 Y-4.614
G1 X13.601 Y-21.367
G1 X9.611 Y-28.368
G1 X9.601 Y-51.044
G1 X0.000 Y-62.565
G1 X-9.601 Y-51.044
G1 X-9.611 Y-28.368
G1 X-13.600 Y-21.369
G1 X-14.000 Y-21.475
G1 X-14.000 Y-1.000
G1 X-30.837 Y-1.000
G1 X-33.337 Y0.000
G1 X-30.837 Y1.000
G1 X-14.000 Y1.000
G1 X-14.000 Y21.475
G1 X-10.011 Y28.474
G1 X-10.001 Y51.189
G1 X0.000 Y63.190
G1 X10.001 Y51.189
G1 X10.011 Y28.474
G1 X14.001 Y21.473
G1 X14.014 Y5.014
G1 X31.361 Y5.000
G1 X52.363 Y1.300
G1 X64.593 Y1.300
G1 X67.688 Y0.000
G1 X64.593 Y-1.300
G1 X52.363 Y-1.300
G1 X31.361 Y-5.000
G1 X14.014 Y-5.014
G1 X14.001 Y-21.473
G1 X10.011 Y-28.474
G1 X10.001 Y-51.189
G1 X0.000 Y-63.190
G1 X-10.001 Y-51.189
G1 X-10.011 Y-28.474
G1 X-14.000 Y-21.475
G1 X-14.400 Y-21.581
G1 X-14.400 Y-1.400
G1 X-30.914 Y-1.400
G1 X-34.414 Y-0.000
G1 X-30.914 Y1.400
G1 X-14.400 Y1.400
G1 X-14.400 Y21.581
G1 X-10.411 Y28.580
G1 X-10.401 Y51.334
G1 X0.000 Y63.815
G1 X10.401 Y51.334
G1 X10.411 Y28.580
G1 X14.401 Y21.579
G1 X14.414 Y5.414
G1 X31.396 Y5.400
G1 X52.398 Y1.700
G1 X64.673 Y1.700
G1 X68.721 Y-0.000
G1 X64.673 Y-1.700
G1 X52.398 Y-1.700
G1 X31.396 Y-5.400
G1 X14.414 Y-5.414
G1 X14.401 Y-21.579
G1 X10.411 Y-28.580
G1 X10.401 Y-51.334
G1 X0.000 Y-63.815
G1 X-10.401 Y-51.334
G1 X-10.411 Y-28.580
G1 X-14.400 Y-21.581
G1 X-14.800 Y-21.687
G1 X-14.800 Y-1.800
G1 X-30.991 Y-1.800
G1 X-35.491 Y0.000
G1 X-30.991 Y1.800
G1 X-14.800 Y1.800
G1 X-14.800 Y21.687
G1 X-10.810 Y28.686
G1 X-10.801 Y51.479
G1 X0.000 Y64.439
G1 X10.801 Y51.479
G1 X10.810 Y28.686
G1 X14.801 Y21.686
G1 X14.813 Y5.813
G1 X31.431 Y5.800
G1 X52.433 Y2.100
G1 X64.754 Y2.100
G1 X69.754 Y0.000
G1 X64.754 Y-2.100
G1 X52.433 Y-2.100
G1 X31.431 Y-5.800
G1 X14.813 Y-5.813
G1 X14.801 Y-21.686
G1 X10.810 Y-28.686
G1 X10.801 Y-51.479
G1 X0.000 Y-64.439
G1 X-10.801 Y-51.479
G1 X-10.810 Y-28.686
G1 X-14.800 Y-21.687
G1 X-15.200 Y-21.793
G1 X-15.200 Y-2.200
G1 X-31.068 Y-2.200
G1 X-36.568 Y0.000
G1 X-31.068 Y2.200
G1 X-15.200 Y2.200
G1 X-15.200 Y21.793
G1 X-11.210 Y28.792
G1 X-11.201 Y51.623
G1 X0.000 Y65.064
G1 X11.201 Y51.623
G1 X11.210 Y28.792
G1 X15.201 Y21.792
G1 X15.213 Y6.213
G1 X31.466 Y6.200
G1 X52.468 Y2.500
G1 X64.834 Y2.500
G1 X70.787 Y0.000
G1 X64.834 Y-2.500
G1 X52.468 Y-2.500
G1 X31.466 Y-6.200
G1 X15.213 Y-6.213
G1 X15.201 Y-21.792
G1 X11.210 Y-28.792
G1 X11.201 Y-51.623
G1 X0.000 Y-65.064
G1 X-11.201 Y-51.623
G1 X-11.210 Y-28.792
G1 X-15.200 Y-21.793
G1 X-15.600 Y-21.899
G1 X-15.600 Y-2.600
G1 X-31.145 Y-2.600
G1 X-37.645 Y-0.000
G1 X-31.145 Y2.600
G1 X-15.600 Y2.600
G1 X-15.600 Y21.899
G1 X-11.610 Y28.898
G1 X-11.601 Y51.768
G1 X0.000 Y65.689
G1 X11.601 Y51.768
G1 X11.610 Y28.898
G1 X15.601 Y21.898
G1 X15.613 Y6.613
G1 X31.501 Y6.600
G1 X52.503 Y2.900
G1 X64.915 Y2.900
G1 X71.820 Y0.000
G1 X64.915 Y-2.900
G1 X52.503 Y-2.900
G1 X31.501 Y-6.600
G1 X15.613 Y-6.613
G1 X15.601 Y-21.898
G1 X11.610 Y-28.898
G1 X11.601 Y-51.768
G1 X0.000 Y-65.689
G1 X-11.601 Y-51.768
G1 X-11.610 Y-28.898
G1 X-15.600 Y-21.899
G1 X-16.000 Y-22.005
G1 X-16.000 Y-3.000
G1 X-31.222 Y-3.000
G1 X-38.722 Y0.000
G1 X-31.222 Y3.000
G1 X-16.000 Y3.000
G1 X-16.000 Y22.005
G1 X-12.010 Y29.004
G1 X-12.000 Y51.913
G1 X0.000 Y66.314
G1 X12.000 Y51.913
G1 X12.010 Y29.004
G1 X16.001 Y22.004
G1 X16.012 Y7.012
G1 X31.537 Y7.000
G1 X52.538 Y3.300
G1 X64.996 Y3.300
G1 X72.600 Y0.106
G1 X72.600 Y-0.106
G1 X64.996 Y-3.300
G1 X52.538 Y-3.300
G1 X31.537 Y-7.000
G1 X16.012 Y-7.012
G1 X16.001 Y-22.004
G1 X12.010 Y-29.004
G1 X12.000 Y-51.913
G1 X0.000 Y-66.314
G1 X-12.000 Y-51.913
G1 X-12.010 Y-29.004
G1 X-16.000 Y-22.005
G1 X-16.400 Y-22.111
G1 X-16.400 Y-3.400
G1 X-31.299 Y-3.400
G1 X-39.799 Y0.000
G1 X-31.299 Y3.400
G1 X-16.400 Y3.400
G1 X-16.400 Y22.111
G1 X-12.410 Y29.111
G1 X-12.400 Y52.058
G1 X0.000 Y66.939
G1 X12.400 Y52.058
G1 X12.410 Y29.111
G1 X16.401 Y22.110
G1 X16.412 Y7.412
G1 X31.572 Y7.400
G1 X52.573 Y3.700
G1 X65.076 Y3.700
G1 X73.000 Y0.372
G1 X73.000 Y-0.372
G1 X65.076 Y-3.700
G1 X52.573 Y-3.700
G1 X31.572 Y-7.400
G1 X16.412 Y-7.412
G1 X16.401 Y-22.110
G1 X12.410 Y-29.111
G1 X12.400 Y-52.058
G1 X0.000 Y-66.939
G1 X-12.400 Y-52.058
G1 X-12.410 Y-29.111
G1 X-16.400 Y-22.111
G1 X-16.800 Y-22.217
G1 X-16.800 Y-3.800
G1 X-31.376 Y-3.800
G1 X-40.876 Y-0.000
G1 X-31.376 Y3.800
G1 X-16.800 Y3.800
G1 X-16.800 Y22.217
G1 X-12.810 Y29.217
G1 X-12.800 Y52.203
G1 X0.000 Y67.563
G1 X12.800 Y52.203
G1 X12.810 Y29.217
G1 X16.800 Y22.216
G1 X16.812 Y7.812
G1 X31.607 Y7.800
G1 X52.608 Y4.100
G1 X65.157 Y4.100
G1 X73.400 Y0.638
G1 X73.400 Y-0.638
G1 X65.157 Y-4.100
G1 X52.608 Y-4.100
G1 X31.607 Y-7.800
G1 X16.812 Y-7.812
G1 X16.800 Y-22.216
G1 X12.810 Y-29.217
G1 X12.800 Y-52.203
G1 X0.000 Y-67.563
G1 X-12.800 Y-52.203
G1 X-12.810 Y-29.217
G1 X-16.800 Y-22.217
G1 X-17.200 Y-22.323
G1 X-17.200 Y-4.200
G1 X-31.453 Y-4.200
G1 X-41.953 Y0.000
G1 X-31.453 Y4.200
G1 X-17.200 Y4.200
G1 X-17.200 Y22.323
G1 X-13.210 Y29.323
G1 X-13.200 Y52.348
G1 X0.000 Y68.188
G1 X13.200 Y52.348
G1 X13.210 Y29.323
G1 X17.200 Y22.322
G1 X17.211 Y8.211
G1 X31.642 Y8.200
G1 X52.643 Y4.500
G1 X65.237 Y4.500
G1 X73.800 Y0.904
G1 X73.800 Y-0.904
G1 X65.237 Y-4.500
G1 X52.643 Y-4.500
G1 X31.642 Y-8.200
G1 X17.211 Y-8.211
G1 X17.200 Y-22.322
G1 X13.210 Y-29.323
G1 X13.200 Y-52.348
G1 X0.000 Y-68.188
G1 X-13.200 Y-52.348
G1 X-13.210 Y-29.323
G1 X-17.200 Y-22.323
G1 X-17.600 Y-22.429
G1 X-17.600 Y-4.600
G1 X-31.530 Y-4.600
G1 X-43.030 Y-0.000
G1 X-31.530 Y4.600
G1 X-17.600 Y4.600
G1 X-17.600 Y22.429
G1 X-13.610 Y29.429
G1 X-13.600 Y52.493
G1 X0.000 Y68.813
G1 X13.600 Y52.493
G1 X13.610 Y29.429
G1 X17.600 Y22.429
G1 X17.611 Y8.611
G1 X31.677 Y8.600
G1 X52.678 Y4.900
G1 X65.318 Y4.900
G1 X74.200 Y1.170
G1 X74.200 Y-1.170
G1 X65.318 Y-4.900
G1 X52.678 Y-4.900
G1 X31.677 Y-8.600
G1 X17.611 Y-8.611
G1 X17.600 Y-22.429
G1 X13.610 Y-29.429
G1 X13.600 Y-52.493
G1 X0.000 Y-68.813
G1 X-13.600 Y-52.493
G1 X-13.610 Y-29.429
G1 X-17.600 Y-22.429
G1 X-18.000 Y-22.535
G1 X-18.000 Y-5.000
G1 X-31.607 Y-5.000
G1 X-44.107 Y0.000
G1 X-31.607 Y5.000
G1 X-18.000 Y5.000
G1 X-18.000 Y22.535
G1 X-14.010 Y29.535
G1 X-14.000 Y52.638
G1 X0.000 Y69.438
G1 X14.000 Y52.638
G1 X14.010 Y29.535
G1 X18.000 Y22.535
G1 X18.011 Y9.011
G1 X31.712 Y9.000
G1 X52.713 Y5.300
G1 X65.399 Y5.300
G1 X74.600 Y1.435
G1 X74.600 Y-1.435
G1 X65.399 Y-5.300
G1 X52.713 Y-5.300
G1 X31.712 Y-9.000
G1 X18.011 Y-9.011
G1 X18.000 Y-22.535
G1 X14.010 Y-29.535
G1 X14.000 Y-52.638
G1 X0.000 Y-69.438
G1 X-14.000 Y-52.638
G1 X-14.010 Y-29.535
G1 X-18.000 Y-22.535
G1 X-18.400 Y-22.641
G1 X-18.400 Y-5.400
G1 X-31.684 Y-5.400
G1 X-45.184 Y-0.000
G1 X-31.684 Y5.400
G1 X-18.400 Y5.400
G1 X-18.400 Y22.641
G1 X-14.410 Y29.641
G1 X-14.400 Y52.783
G1 X0.000 Y70.063
G1 X14.400 Y52.783
G1 X14.410 Y29.641
G1 X18.400 Y22.641
G1 X18.410 Y9.410
G1 X31.747 Y9.400
G1 X52.748 Y5.700
G1 X65.479 Y5.700
G1 X75.000 Y1.701
G1 X75.000 Y-1.701
G1 X65.479 Y-5.700
G1 X52.748 Y-5.700
G1 X31.747 Y-9.400
G1 X18.410 Y-9.410
G1 X18.400 Y-22.641
G1 X14.410 Y-29.641
G1 X14.400 Y-52.783
G1 X0.000 Y-70.063
G1 X-14.400 Y-52.783
G1 X-14.410 Y-29.641
G1 X-18.400 Y-22.641
G1 X-18.800 Y-22.747
G1 X-18.800 Y-5.800
G1 X-31.761 Y-5.800
G1 X-46.261 Y0.000
G1 X-31.761 Y5.800
G1 X-18.800 Y5.800
G1 X-18.800 Y22.747
G1 X-14.810 Y29.747
G1 X-14.800 Y52.928
G1 X0.000 Y70.688
G1 X14.800 Y52.928
G1 X14.810 Y29.747
G1 X18.800 Y22.747
G1 X18.810 Y9.810
G1 X31.782 Y9.800
G1 X52.783 Y6.100
G1 X65.560 Y6.100
G1 X75.400 Y1.967
G1 X75.400 Y-1.967
G1 X65.560 Y-6.100
G1 X52.783 Y-6.100
G1 X31.782 Y-9.800
G1 X18.810 Y-9.810
G1 X18.800 Y-22.747
G1 X14.810 Y-29.747
G1 X14.800 Y-52.928
G1 X0.000 Y-70.688
G1 X-14.800 Y-52.928
G1 X-14.810 Y-29.747
G1 X-18.800 Y-22.747
G1 X-18.800 Y-22.747 Z0.700
M9
G1 Z10.000
G1 X0.000 Y-15.509
G1 Z1.100
M7
G4 P150
G1 X0.000 Y-15.309 Z1.100
G1 X0.000 Y-15.309
G1 X18.800 Y-15.299
G1 X18.810 Y-9.810
G1 X24.300 Y-9.800
G1 X24.300 Y9.800
G1 X18.810 Y9.810
G1 X18.800 Y15.300
G1 X-18.800 Y15.300
G1 X-18.800 Y5.800
G1 X-24.445 Y5.800
G1 X-24.445 Y-5.800
G1 X-18.800 Y-5.800
G1 X-18.800 Y-15.299
G1 X-0.000 Y-15.309
G1 X0.000 Y-14.909
G1 X18.401 Y-14.899
G1 X18.411 Y-9.411
G1 X23.900 Y-9.401
G1 X23.900 Y9.401
G1 X18.411 Y9.411
G1 X18.401 Y14.900
G1 X-18.400 Y14.900
G1 X-18.400 Y5.400
G1 X-24.045 Y5.400
G1 X-24.045 Y-5.400
G1 X-18.400 Y-5.400
G1 X-18.400 Y-14.899
G1 X0.000 Y-14.909
G1 X0.000 Y-14.509
G1 X18.002 Y-14.500
G1 X18.012 Y-9.012
G1 X23.500 Y-9.002
G1 X23.500 Y9.002
G1 X18.012 Y9.012
G1 X18.002 Y14.500
G1 X-18.000 Y14.500
G1 X-18.000 Y5.000
G1 X-23.645 Y5.000
G1 X-23.645 Y-5.000
G1 X-18.000 Y-5.000
G1 X-18.000 Y-14.500
G1 X0.000 Y-14.509
G1 X0.000 Y-14.109
G1 X17.603 Y-14.100
G1 X17.613 Y-8.613
G1 X23.100 Y-8.603
G1 X23.100 Y8.603
G1 X17.613 Y8.613
G1 X17.603 Y14.100
G1 X-17.600 Y14.100
G1 X-17.600 Y4.600
G1 X-23.245 Y4.600
G1 X-23.245 Y-4.600
G1 X-17.600 Y-4.600
G1 X-17.600 Y-14.100
G1 X0.000 Y-14.109
G1 X0.000 Y-13.709
G1 X17.203 Y-13.700
G1 X17.213 Y-8.213
G1 X22.700 Y-8.203
G1 X22.700 Y8.203
G1 X17.213 Y8.213
G1 X17.203 Y13.700
G1 X-17.200 Y13.700
G1 X-17.200 Y4.200
G1 X-22.845 Y4.200
G1 X-22.845 Y-4.200
G1 X-17.200 Y-4.200
G1 X-17.200 Y-13.700
G1 X0.000 Y-13.709
G1 X-0.000 Y-13.309
G1 X16.804 Y-13.300
G1 X16.814 Y-7.814
G1 X22.300 Y-7.804
G1 X22.300 Y7.804
G1 X16.814 Y7.814
G1 X16.804 Y13.300
G1 X-16.800 Y13.300
G1 X-16.800 Y3.800
G1 X-22.445 Y3.800
G1 X-22.445 Y-3.800
G1 X-16.800 Y-3.800
G1 X-16.800 Y-13.300
G1 X0.000 Y-13.309
G1 X-0.000 Y-12.909
G1 X16.405 Y-12.900
G1 X16.415 Y-7.415
G1 X21.900 Y-7.405
G1 X21.900 Y7.405
G1 X16.415 Y7.415
G1 X16.405 Y12.900
G1 X-16.400 Y12.900
G1 X-16.400 Y3.400
G1 X-22.045 Y3.400
G1 X-22.045 Y-3.400
G1 X-16.400 Y-3.400
G1 X-16.400 Y-12.900
G1 X-0.000 Y-12.909
G1 X-0.000 Y-12.509
G1 X16.005 Y-12.501
G1 X16.015 Y-7.015
G1 X21.500 Y-7.005
G1 X21.500 Y7.005
G1 X16.015 Y7.015
G1 X16.005 Y12.500
G1 X-16.000 Y12.500
G1 X-16.000 Y3.000
G1 X-21.645 Y3.000
G1 X-21.645 Y-3.000
G1 X-16.000 Y-3.000
G1 X-16.000 Y-12.501
G1 X-0.000 Y-12.509
G1 X-0.000 Y-12.109
G1 X15.606 Y-12.101
G1 X15.616 Y-6.616
G1 X21.100 Y-6.606
G1 X21.100 Y6.606
G1 X15.616 Y6.616
G1 X15.606 Y12.100
G1 X-15.600 Y12.100
G1 X-15.600 Y2.600
G1 X-21.245 Y2.600
G1 X-21.245 Y-2.600
G1 X-15.600 Y-2.600
G1 X-15.600 Y-12.101
G1 X-0.000 Y-12.109
G1 X-0.000 Y-11.709
G1 X15.207 Y-11.701
G1 X15.217 Y-6.217
G1 X20.700 Y-6.207
G1 X20.700 Y6.207
G1 X15.217 Y6.217
G1 X15.207 Y11.700
G1 X-15.200 Y11.700
G1 X-15.200 Y2.200
G1 X-20.845 Y2.200
G1 X-20.845 Y-2.200
G1 X-15.200 Y-2.200
G1 X-15.200 Y-11.701
G1 X-0.000 Y-11.709
G1 X-0.000 Y-11.309
G1 X14.808 Y-11.301
G1 X14.818 Y-5.818
G1 X20.300 Y-5.808
G1 X20.300 Y5.808
G1 X14.818 Y5.818
G1 X14.808 Y11.300
G1 X-14.800 Y11.300
G1 X-14.800 Y1.800
G1 X-20.445 Y1.800
G1 X-20.445 Y-1.800
G1 X-14.800 Y-1.800
G1 X-14.800 Y-11.301
G1 X-0.000 Y-11.309
G1 X-0.000 Y-10.909
G1 X14.408 Y-10.901
G1 X14.418 Y-5.418
G1 X19.900 Y-5.408
G1 X19.900 Y5.408
G1 X14.418 Y5.418
G1 X14.408 Y10.900
G1 X-14.400 Y10.900
G1 X-14.400 Y1.400
G1 X-20.045 Y1.400
G1 X-20.045 Y-1.400
G1 X-14.400 Y-1.400
G1 X-14.400 Y-10.901
G1 X0.000 Y-10.909
G1 X0.000 Y-10.509
G1 X14.009 Y-10.502
G1 X14.019 Y-5.019
G1 X19.500 Y-5.009
G1 X19.500 Y5.009
G1 X14.019 Y5.019
G1 X14.009 Y10.500
G1 X-14.000 Y10.500
G1 X-14.000 Y1.000
G1 X-19.645 Y1.000
G1 X-19.645 Y-1.000
G1 X-14.000 Y-1.000
G1 X-14.000 Y-10.502
G1 X0.000 Y-10.509
G1 X0.000 Y-10.109
G1 X13.610 Y-10.102
G1 X13.620 Y-4.620
G1 X19.100 Y-4.610
G1 X19.100 Y4.610
G1 X13.620 Y4.620
G1 X13.610 Y10.100
G1 X-13.600 Y10.100
G1 X-13.600 Y0.600
G1 X-19.245 Y0.600
G1 X-19.245 Y-0.600
G1 X-13.600 Y-0.600
G1 X-13.600 Y-10.102
G1 X0.000 Y-10.109
G1 X0.000 Y-9.709
G1 X13.211 Y-9.702
G1 X13.221 Y-4.221
G1 X18.700 Y-4.211
G1 X18.700 Y4.211
G1 X13.221 Y4.221
G1 X13.211 Y9.700
G1 X-13.200 Y9.700
G1 X-13.200 Y0.200
G1 X-18.845 Y0.200
G1 X-18.845 Y-0.200
G1 X-13.200 Y-0.200
G1 X-13.200 Y-9.702
G1 X0.000 Y-9.709
G1 X0.000 Y-9.309
G1 X12.811 Y-9.302
G1 X12.821 Y-3.821
G1 X18.300 Y-3.811
G1 X18.300 Y3.811
G1 X12.821 Y3.821
G1 X12.811 Y9.300
G1 X-12.800 Y9.300
G1 X-12.800 Y-9.302
G1 X0.000 Y-9.309
G1 X0.000 Y-8.909
G1 X12.412 Y-8.902
G1 X12.422 Y-3.422
G1 X17.900 Y-3.412
G1 X17.900 Y3.412
G1 X12.422 Y3.422
G1 X12.412 Y8.900
G1 X-12.400 Y8.900
G1 X-12.400 Y-8.902
G1 X0.000 Y-8.909
G1 X0.000 Y-8.509
G1 X12.013 Y-8.503
G1 X12.023 Y-3.023
G1 X17.500 Y-3.013
G1 X17.500 Y3.013
G1 X12.023 Y3.023
G1 X12.013 Y8.500
G1 X-12.000 Y8.500
G1 X-12.000 Y-8.503
G1 X0.000 Y-8.509
G1 X0.000 Y-8.109
G1 X11.613 Y-8.103
G1 X11.623 Y-2.623
G1 X17.100 Y-2.613
G1 X17.100 Y2.613
G1 X11.623 Y2.623
G1 X11.613 Y8.100
G1 X-11.600 Y8.100
G1 X-11.600 Y-8.103
G1 X0.000 Y-8.109
G1 X0.000 Y-7.709
G1 X11.214 Y-7.703
G1 X11.224 Y-2.224
G1 X16.700 Y-2.214
G1 X16.700 Y2.214
G1 X11.224 Y2.224
G1 X11.214 Y7.700
G1 X-11.200 Y7.700
G1 X-11.200 Y-7.703
G1 X0.000 Y-7.709
G1 X0.000 Y-7.309
G1 X10.815 Y-7.303
G1 X10.825 Y-1.825
G1 X16.300 Y-1.815
G1 X16.300 Y1.815
G1 X10.825 Y1.825
G1 X10.815 Y7.300
G1 X-10.800 Y7.300
G1 X-10.800 Y-7.303
G1 X0.000 Y-7.309
G1 X0.000 Y-6.909
G1 X10.416 Y-6.904
G1 X10.426 Y-1.426
G1 X15.900 Y-1.416
G1 X15.900 Y1.416
G1 X10.426 Y1.426
G1 X10.416 Y6.900
G1 X-10.400 Y6.900
G1 X-10.400 Y-6.904
G1 X0.000 Y-6.909
G1 X0.000 Y-6.509
G1 X10.016 Y-6.504
G1 X10.026 Y-1.026
G1 X15.500 Y-1.016
G1 X15.500 Y1.016
G1 X10.026 Y1.026
G1 X10.016 Y6.500
G1 X-10.000 Y6.500
G1 X-10.000 Y-6.504
G1 X0.000 Y-6.509
G1 X0.000 Y-6.109
G1 X9.617 Y-6.104
G1 X9.627 Y-0.627
G1 X15.100 Y-0.617
G1 X15.100 Y0.617
G1 X9.627 Y0.627
G1 X9.617 Y6.100
G1 X-9.600 Y6.100
G1 X-9.600 Y-6.104
G1 X0.000 Y-6.109
G1 X0.000 Y-5.709
G1 X9.218 Y-5.704
G1 X9.228 Y-0.228
G1 X14.700 Y-0.218
G1 X14.700 Y0.218
G1 X9.228 Y0.228
G1 X9.218 Y5.700
G1 X-9.200 Y5.700
G1 X-9.200 Y-5.704
G1 X0.000 Y-5.709
G1 X0.000 Y-5.309
G1 X8.819 Y-5.304
G1 X8.828 Y-0.001
G1 X8.819 Y5.300
G1 X-8.800 Y5.300
G1 X-8.800 Y-5.304
G1 X0.000 Y-5.309
G1 X0.000 Y-4.909
G1 X8.419 Y-4.905
G1 X8.428 Y-0.001
G1 X8.419 Y4.900
G1 X-8.400 Y4.900
G1 X-8.400 Y-4.905
G1 X0.000 Y-4.909
G1 X0.000 Y-4.509
G1 X8.020 Y-4.505
G1 X8.028 Y-0.001
G1 X8.020 Y4.500
G1 X-8.000 Y4.500
G1 X-8.000 Y-4.505
G1 X0.000 Y-4.509
G1 X0.000 Y-4.109
G1 X7.621 Y-4.105
G1 X7.628 Y-0.001
G1 X7.621 Y4.100
G1 X-7.600 Y4.100
G1 X-7.600 Y-4.105
G1 X0.000 Y-4.109
G1 X0.000 Y-3.709
G1 X7.221 Y-3.705
G1 X7.228 Y-0.001
G1 X7.221 Y3.700
G1 X-7.200 Y3.700
G1 X-7.200 Y-3.705
G1 X0.000 Y-3.709
G1 X0.000 Y-3.309
G1 X6.822 Y-3.305
G1 X6.828 Y-0.001
G1 X6.822 Y3.300
G1 X-6.800 Y3.300
G1 X-6.800 Y-3.305
G1 X0.000 Y-3.309
G1 X0.000 Y-2.909
G1 X6.423 Y-2.906
G1 X6.428 Y-0.001
G1 X6.423 Y2.900
G1 X-6.400 Y2.900
G1 X-6.400 Y-2.906
G1 X0.000 Y-2.909
G1 X0.000 Y-2.509
G1 X6.024 Y-2.506
G1 X6.028 Y-0.001
G1 X6.024 Y2.500
G1 X-6.000 Y2.500
G1 X-6.000 Y-2.506
G1 X0.000 Y-2.509
G1 X0.000 Y-2.109
G1 X5.624 Y-2.106
G1 X5.628 Y-0.001
G1 X5.624 Y2.100
G1 X-5.600 Y2.100
G1 X-5.600 Y-2.106
G1 X0.000 Y-2.109
G1 X0.000 Y-1.709
G1 X5.225 Y-1.706
G1 X5.228 Y-0.001
G1 X5.225 Y1.700
G1 X-5.200 Y1.700
G1 X-5.200 Y-1.706
G1 X0.000 Y-1.709
G1 X0.000 Y-1.309
G1 X4.826 Y-1.306
G1 X4.828 Y-0.001
G1 X4.826 Y1.300
G1 X-4.800 Y1.300
G1 X-4.800 Y-1.306
G1 X0.000 Y-1.309
G1 X0.000 Y-0.909
G1 X4.427 Y-0.907
G1 X4.428 Y-0.001
G1 X4.427 Y0.900
G1 X-4.400 Y0.900
G1 X-4.400 Y-0.907
G1 X0.000 Y-0.909
G1 X0.000 Y-0.509
G1 X4.027 Y-0.507
G1 X4.028 Y-0.001
G1 X4.027 Y0.500
G1 X-4.000 Y0.500
G1 X-4.000 Y-0.507
G1 X0.000 Y-0.509
G1 X0.000 Y-0.109
G1 X3.628 Y-0.107
G1 X3.628 Y-0.001
G1 X3.628 Y0.100
G1 X-3.600 Y0.100
G1 X-3.600 Y-0.107
G1 X0.000 Y-0.109
G1 X-4.400 Y-0.211 Z1.500
G1 X-4.400 Y-0.211
G1 X-4.400 Y0.200
G1 X4.426 Y0.199
G1 X4.427 Y0.000
G1 X4.426 Y-0.207
G1 X-4.400 Y-0.211
G1 X-4.800 Y-0.612
G1 X-4.800 Y0.600
G1 X4.826 Y0.599
G1 X4.827 Y0.000
G1 X4.826 Y-0.606
G1 X-4.800 Y-0.612
G1 X-5.200 Y-1.012
G1 X-5.200 Y1.000
G1 X5.225 Y0.999
G1 X5.227 Y0.000
G1 X5.225 Y-1.006
G1 X-5.200 Y-1.012
G1 X-5.600 Y-1.412
G1 X-5.600 Y1.400
G1 X5.624 Y1.399
G1 X5.627 Y0.000
G1 X5.624 Y-1.406
G1 X-5.600 Y-1.412
G1 X-6.000 Y-1.812
G1 X-6.000 Y1.800
G1 X6.024 Y1.799
G1 X6.027 Y0.000
G1 X6.024 Y-1.806
G1 X-6.000 Y-1.812
G1 X-6.400 Y-2.212
G1 X-6.400 Y2.200
G1 X6.423 Y2.199
G1 X6.427 Y0.000
G1 X6.423 Y-2.206
G1 X-6.400 Y-2.212
G1 X-6.800 Y-2.613
G1 X-6.800 Y2.600
G1 X6.822 Y2.599
G1 X6.827 Y0.000
G1 X6.822 Y-2.605
G1 X-6.800 Y-2.613
G1 X-7.200 Y-3.013
G1 X-7.200 Y3.000
G1 X7.222 Y2.999
G1 X7.227 Y0.000
G1 X7.222 Y-3.005
G1 X-7.200 Y-3.013
G1 X-7.600 Y-3.413
G1 X-7.600 Y3.400
G1 X7.621 Y3.399
G1 X7.627 Y0.000
G1 X7.621 Y-3.405
G1 X-7.600 Y-3.413
G1 X-8.000 Y-3.813
G1 X-8.000 Y3.800
G1 X8.020 Y3.799
G1 X8.027 Y0.000
G1 X8.020 Y-3.805
G1 X-8.000 Y-3.813
G1 X0.000 Y-4.209
G1 X-8.400 Y-4.205
G1 X-8.400 Y-3.933
G1 X-8.400 Y-3.933
G1 X-8.400 Y4.200
G1 X8.420 Y4.199
G1 X8.427 Y0.000
G1 X8.420 Y-4.205
G1 X0.000 Y-4.209
G1 X0.000 Y-4.609
G1 X-8.800 Y-4.604
G1 X-8.800 Y-3.621
G1 X-8.800 Y-3.621
G1 X-8.800 Y4.600
G1 X8.819 Y4.599
G1 X8.827 Y0.000
G1 X8.819 Y-4.604
G1 X0.000 Y-4.609
G1 X0.000 Y-5.009
G1 X-9.200 Y-5.004
G1 X-9.200 Y-3.309
G1 X-9.200 Y-3.309
G1 X-9.200 Y5.000
G1 X9.218 Y4.999
G1 X9.226 Y0.226
G1 X14.000 Y0.218
G1 X14.000 Y-0.218
G1 X9.226 Y-0.226
G1 X9.218 Y-5.004
G1 X0.000 Y-5.009
G1 X0.000 Y-5.409
G1 X-9.600 Y-5.404
G1 X-9.600 Y-2.996
G1 X-9.600 Y-2.996
G1 X-9.600 Y5.400
G1 X9.618 Y5.399
G1 X9.626 Y0.626
G1 X14.400 Y0.618
G1 X14.400 Y-0.618
G1 X9.626 Y-0.626
G1 X9.618 Y-5.404
G1 X0.000 Y-5.409
G1 X0.000 Y-5.809
G1 X-10.000 Y-5.804
G1 X-10.000 Y-2.684
G1 X-10.000 Y-2.684
G1 X-10.000 Y5.800
G1 X10.017 Y5.799
G1 X10.025 Y1.025
G1 X14.800 Y1.017
G1 X14.800 Y-1.017
G1 X10.025 Y-1.025
G1 X10.017 Y-5.804
G1 X0.000 Y-5.809
G1 X0.000 Y-6.209
G1 X-10.400 Y-6.204
G1 X-10.400 Y-2.372
G1 X-10.400 Y-2.372
G1 X-10.400 Y6.200
G1 X10.416 Y6.199
G1 X10.424 Y1.424
G1 X15.200 Y1.416
G1 X15.200 Y-1.416
G1 X10.424 Y-1.424
G1 X10.416 Y-6.204
G1 X0.000 Y-6.209
G1 X0.000 Y-6.609
G1 X-10.800 Y-6.603
G1 X-10.800 Y-2.059
G1 X-10.800 Y-2.059
G1 X-10.800 Y6.600
G1 X10.816 Y6.599
G1 X10.824 Y1.824
G1 X15.600 Y1.816
G1 X15.600 Y-1.816
G1 X10.824 Y-1.824
G1 X10.816 Y-6.603
G1 X0.000 Y-6.609
G1 X0.000 Y-7.009
G1 X-11.200 Y-7.003
G1 X-11.200 Y-1.706
G1 X-11.200 Y-1.706
G1 X-11.200 Y7.000
G1 X11.215 Y6.999
G1 X11.223 Y2.223
G1 X16.000 Y2.215
G1 X16.000 Y-2.215
G1 X11.223 Y-2.223
G1 X11.215 Y-7.003
G1 X0.000 Y-7.009
G1 X0.000 Y-7.409
G1 X-11.600 Y-7.403
G1 X-11.600 Y-1.353
G1 X-11.600 Y-1.353
G1 X-11.600 Y7.400
G1 X11.614 Y7.399
G1 X11.622 Y2.622
G1 X16.400 Y2.614
G1 X16.400 Y-2.614
G1 X11.622 Y-2.622
G1 X11.614 Y-7.403
G1 X0.000 Y-7.409
G1 X0.000 Y-7.809
G1 X-12.000 Y-7.803
G1 X-12.000 Y-1.000
G1 X-12.000 Y-1.000
G1 X-12.000 Y7.800
G1 X12.014 Y7.799
G1 X12.022 Y3.022
G1 X16.800 Y3.014
G1 X16.800 Y-3.014
G1 X12.022 Y-3.022
G1 X12.014 Y-7.803
G1 X0.000 Y-7.809
G1 X0.000 Y-8.209
G1 X-12.400 Y-8.202
G1 X-12.400 Y-0.600
G1 X-12.400 Y-0.600
G1 X-12.400 Y8.200
G1 X12.413 Y8.199
G1 X12.421 Y3.421
G1 X17.200 Y3.413
G1 X17.200 Y-3.413
G1 X12.421 Y-3.421
G1 X12.413 Y-8.202
G1 X0.000 Y-8.209
G1 X0.000 Y-8.609
G1 X-12.800 Y-8.602
G1 X-12.800 Y-0.200
G1 X-12.800 Y-0.200
G1 X-12.800 Y8.600
G1 X12.812 Y8.599
G1 X12.820 Y3.820
G1 X17.600 Y3.812
G1 X17.600 Y-3.812
G1 X12.820 Y-3.820
G1 X12.812 Y-8.602
G1 X0.000 Y-8.609
G1 X0.000 Y-9.009
G1 X-13.200 Y-9.002
G1 X-13.200 Y-0.200
G1 X-18.348 Y-0.200
G1 X-18.348 Y0.200
G1 X-13.200 Y0.200
G1 X-13.200 Y9.000
G1 X13.212 Y8.999
G1 X13.220 Y4.220
G1 X18.000 Y4.212
G1 X18.000 Y-4.212
G1 X13.220 Y-4.220
G1 X13.212 Y-9.002
G1 X0.000 Y-9.009
G1 X0.000 Y-9.409
G1 X-13.600 Y-9.402
G1 X-13.600 Y-0.600
G1 X-18.748 Y-0.600
G1 X-18.748 Y0.600
G1 X-13.600 Y0.600
G1 X-13.600 Y9.400
G1 X13.611 Y9.399
G1 X13.619 Y4.619
G1 X18.400 Y4.611
G1 X18.400 Y-4.611
G1 X13.619 Y-4.619
G1 X13.611 Y-9.402
G1 X0.000 Y-9.409
G1 X0.000 Y-9.809
G1 X-14.000 Y-9.802
G1 X-14.000 Y-1.000
G1 X-19.148 Y-1.000
G1 X-19.148 Y1.000
G1 X-14.000 Y1.000
G1 X-14.000 Y9.800
G1 X14.010 Y9.799
G1 X14.018 Y5.018
G1 X18.800 Y5.010
G1 X18.800 Y-5.010
G1 X14.018 Y-5.018
G1 X14.010 Y-9.802
G1 X0.000 Y-9.809
G1 X0.000 Y-10.209
G1 X-14.400 Y-10.201
G1 X-14.400 Y-1.400
G1 X-19.548 Y-1.400
G1 X-19.548 Y1.400
G1 X-14.400 Y1.400
G1 X-14.400 Y10.200
G1 X14.410 Y10.199
G1 X14.418 Y5.418
G1 X19.200 Y5.410
G1 X19.200 Y-5.410
G1 X14.418 Y-5.418
G1 X14.410 Y-10.201
G1 X0.000 Y-10.209
G1 X0.000 Y-10.609
G1 X-14.800 Y-10.601
G1 X-14.800 Y-1.800
G1 X-19.948 Y-1.800
G1 X-19.948 Y1.800
G1 X-14.800 Y1.800
G1 X-14.800 Y10.600
G1 X14.809 Y10.599
G1 X14.817 Y5.817
G1 X19.600 Y5.809
G1 X19.600 Y-5.809
G1 X14.817 Y-5.817
G1 X14.809 Y-10.601
G1 X0.000 Y-10.609
G1 X0.000 Y-11.009
G1 X-15.200 Y-11.001
G1 X-15.200 Y-2.200
G1 X-20.348 Y-2.200
G1 X-20.348 Y2.200
G1 X-15.200 Y2.200
G1 X-15.200 Y11.000
G1 X15.208 Y10.999
G1 X15.216 Y6.216
G1 X20.000 Y6.208
G1 X20.000 Y-6.208
G1 X15.216 Y-6.216
G1 X15.208 Y-11.001
G1 X0.000 Y-11.009
G1 X0.000 Y-11.409
G1 X-15.600 Y-11.401
G1 X-15.600 Y-2.600
G1 X-20.748 Y-2.600
G1 X-20.748 Y2.600
G1 X-15.600 Y2.600
G1 X-15.600 Y11.400
G1 X15.608 Y11.399
G1 X15.616 Y6.616
G1 X20.400 Y6.608
G1 X20.400 Y-6.608
G1 X15.616 Y-6.616
G1 X15.608 Y-11.401
G1 X0.000 Y-11.409
G1 X0.000 Y-11.809
G1 X-16.000 Y-11.801
G1 X-16.000 Y-3.000
G1 X-21.148 Y-3.000
G1 X-21.148 Y3.000
G1 X-16.000 Y3.000
G1 X-16.000 Y11.800
G1 X16.007 Y11.799
G1 X16.015 Y7.015
G1 X20.800 Y7.007
G1 X20.800 Y-7.007
G1 X16.015 Y-7.015
G1 X16.007 Y-11.801
G1 X0.000 Y-11.809
G1 X0.000 Y-12.209
G1 X-16.400 Y-12.200
G1 X-16.400 Y-3.400
G1 X-21.548 Y-3.400
G1 X-21.548 Y3.400
G1 X-16.400 Y3.400
G1 X-16.400 Y12.200
G1 X16.406 Y12.199
G1 X16.414 Y7.414
G1 X21.200 Y7.406
G1 X21.200 Y-7.406
G1 X16.414 Y-7.414
G1 X16.406 Y-12.200
G1 X0.000 Y-12.209
G1 X0.000 Y-12.609
G1 X-16.800 Y-12.600
G1 X-16.800 Y-3.800
G1 X-21.948 Y-3.800
G1 X-21.948 Y3.800
G1 X-16.800 Y3.800
G1 X-16.800 Y12.600
G1 X16.806 Y12.599
G1 X16.814 Y7.814
G1 X21.600 Y7.806
G1 X21.600 Y-7.806
G1 X16.814 Y-7.814
G1 X16.806 Y-12.600
G1 X0.000 Y-12.609
G1 X0.000 Y-13.009
G1 X-17.200 Y-13.000
G1 X-17.200 Y-4.200
G1 X-22.348 Y-4.200
G1 X-22.348 Y4.200
G1 X-17.200 Y4.200
G1 X-17.200 Y13.000
G1 X17.205 Y12.999
G1 X17.213 Y8.213
G1 X22.000 Y8.205
G1 X22.000 Y-8.205
G1 X17.213 Y-8.213
G1 X17.205 Y-13.000
G1 X0.000 Y-13.009
G1 X0.000 Y-13.409
G1 X-17.600 Y-13.400
G1 X-17.600 Y-4.600
G1 X-22.748 Y-4.600
G1 X-22.748 Y4.600
G1 X-17.600 Y4.600
G1 X-17.600 Y13.400
G1 X17.604 Y13.399
G1 X17.612 Y8.612
G1 X22.400 Y8.604
G1 X22.400 Y-8.604
G1 X17.612 Y-8.612
G1 X17.604 Y-13.400
G1 X0.000 Y-13.409
G1 X0.000 Y-13.809
G1 X-18.000 Y-13.800
G1 X-18.000 Y-5.000
G1 X-23.148 Y-5.000
G1 X-23.148 Y5.000
G1 X-18.000 Y5.000
G1 X-18.000 Y13.800
G1 X18.004 Y13.799
G1 X18.012 Y9.012
G1 X22.800 Y9.004
G1 X22.800 Y-9.004
G1 X18.012 Y-9.012
G1 X18.004 Y-13.800
G1 X0.000 Y-13.809
G1 X0.000 Y-14.209
G1 X-18.400 Y-14.199
G1 X-18.400 Y-5.400
G1 X-23.548 Y-5.400
G1 X-23.548 Y5.400
G1 X-18.400 Y5.400
G1 X-18.400 Y14.200
G1 X18.403 Y14.199
G1 X18.411 Y9.411
G1 X23.200 Y9.403
G1 X23.200 Y-9.403
G1 X18.411 Y-9.411
G1 X18.403 Y-14.199
G1 X0.000 Y-14.209
G1 X0.000 Y-14.609
G1 X-18.800 Y-14.599
G1 X-18.800 Y-5.800
G1 X-23.948 Y-5.800
G1 X-23.948 Y5.800
G1 X-18.800 Y5.800
G1 X-18.800 Y14.600
G1 X18.802 Y14.599
G1 X18.810 Y9.810
G1 X23.600 Y9.802
G1 X23.600 Y-9.802
G1 X18.810 Y-9.810
G1 X18.802 Y-14.599
G1 X0.000 Y-14.609
G1 X0.000 Y-14.609 Z1.500
G1 X0.000 Y-13.164 Z1.900
G1 X0.000 Y-13.164
G1 X18.804 Y-13.154
G1 X18.810 Y-9.810
G1 X22.154 Y-9.804
G1 X22.154 Y9.804
G1 X18.810 Y9.810
G1 X18.804 Y13.154
G1 X-18.800 Y13.154
G1 X-18.800 Y5.800
G1 X-22.921 Y5.800
G1 X-22.921 Y-5.800
G1 X-18.800 Y-5.800
G1 X-18.800 Y-13.154
G1 X0.000 Y-13.164
G1 X0.000 Y-12.764
G1 X18.405 Y-12.754
G1 X18.411 Y-9.411
G1 X21.754 Y-9.405
G1 X21.754 Y9.405
G1 X18.411 Y9.411
G1 X18.405 Y12.754
G1 X-18.400 Y12.754
G1 X-18.400 Y5.400
G1 X-22.521 Y5.400
G1 X-22.521 Y-5.400
G1 X-18.400 Y-5.400
G1 X-18.400 Y-12.754
G1 X0.000 Y-12.764
G1 X0.000 Y-12.364
G1 X18.006 Y-12.355
G1 X18.012 Y-9.012
G1 X21.354 Y-9.006
G1 X21.354 Y9.006
G1 X18.012 Y9.012
G1 X18.006 Y12.354
G1 X-18.000 Y12.354
G1 X-18.000 Y5.000
G1 X-22.121 Y5.000
G1 X-22.121 Y-5.000
G1 X-18.000 Y-5.000
G1 X-18.000 Y-12.355
G1 X0.000 Y-12.364
G1 X0.000 Y-11.964
G1 X17.607 Y-11.955
G1 X17.613 Y-8.613
G1 X20.954 Y-8.607
G1 X20.954 Y8.607
G1 X17.613 Y8.613
G1 X17.607 Y11.954
G1 X-17.600 Y11.954
G1 X-17.600 Y4.600
G1 X-21.721 Y4.600
G1 X-21.721 Y-4.600
G1 X-17.600 Y-4.600
G1 X-17.600 Y-11.955
G1 X0.000 Y-11.964
G1 X0.000 Y-11.564
G1 X17.207 Y-11.555
G1 X17.213 Y-8.213
G1 X20.554 Y-8.207
G1 X20.554 Y8.207
G1 X17.213 Y8.213
G1 X17.207 Y11.554
G1 X-17.200 Y11.554
G1 X-17.200 Y4.200
G1 X-21.321 Y4.200
G1 X-21.321 Y-4.200
G1 X-17.200 Y-4.200
G1 X-17.200 Y-11.555
G1 X0.000 Y-11.564
G1 X0.000 Y-11.164
G1 X16.808 Y-11.155
G1 X16.814 Y-7.814
G1 X20.154 Y-7.808
G1 X20.154 Y7.808
G1 X16.814 Y7.814
G1 X16.808 Y11.154
G1 X-16.800 Y11.154
G1 X-16.800 Y3.800
G1 X-20.921 Y3.800
G1 X-20.921 Y-3.800
G1 X-16.800 Y-3.800
G1 X-16.800 Y-11.155
G1 X0.000 Y-11.164
G1 X0.000 Y-10.764
G1 X16.409 Y-10.755
G1 X16.415 Y-7.415
G1 X19.754 Y-7.409
G1 X19.754 Y7.409
G1 X16.415 Y7.415
G1 X16.409 Y10.754
G1 X-16.400 Y10.754
G1 X-16.400 Y3.400
G1 X-20.521 Y3.400
G1 X-20.521 Y-3.400
G1 X-16.400 Y-3.400
G1 X-16.400 Y-10.755
G1 X0.000 Y-10.764
G1 X0.000 Y-10.364
G1 X16.009 Y-10.356
G1 X16.015 Y-7.015
G1 X19.354 Y-7.009
G1 X19.354 Y7.009
G1 X16.015 Y7.015
G1 X16.009 Y10.354
G1 X-16.000 Y10.354
G1 X-16.000 Y3.000
G1 X-20.121 Y3.000
G1 X-20.121 Y-3.000
G1 X-16.000 Y-3.000
G1 X-16.000 Y-10.356
G1 X0.000 Y-10.364
G1 X0.000 Y-9.964
G1 X15.610 Y-9.956
G1 X15.616 Y-6.616
G1 X18.954 Y-6.610
G1 X18.954 Y6.610
G1 X15.616 Y6.616
G1 X15.610 Y9.954
G1 X-15.600 Y9.954
G1 X-15.600 Y2.600
G1 X-19.721 Y2.600
G1 X-19.721 Y-2.600
G1 X-15.600 Y-2.600
G1 X-15.600 Y-9.956
G1 X0.000 Y-9.964
G1 X0.000 Y-9.564
G1 X15.211 Y-9.556
G1 X15.217 Y-6.217
G1 X18.554 Y-6.211
G1 X18.554 Y6.211
G1 X15.217 Y6.217
G1 X15.211 Y9.554
G1 X-15.200 Y9.554
G1 X-15.200 Y2.200
G1 X-19.321 Y2.200
G1 X-19.321 Y-2.200
G1 X-15.200 Y-2.200
G1 X-15.200 Y-9.556
G1 X0.000 Y-9.564
G1 X0.000 Y-9.164
G1 X14.812 Y-9.156
G1 X14.818 Y-5.818
G1 X18.154 Y-5.812
G1 X18.154 Y5.812
G1 X14.818 Y5.818
G1 X14.812 Y9.154
G1 X-14.800 Y9.154
G1 X-14.800 Y1.800
G1 X-18.921 Y1.800
G1 X-18.921 Y-1.800
G1 X-14.800 Y-1.800
G1 X-14.800 Y-9.156
G1 X0.000 Y-9.164
G1 X0.000 Y-8.764
G1 X14.412 Y-8.756
G1 X14.418 Y-5.418
G1 X17.754 Y-5.412
G1 X17.754 Y5.412
G1 X14.418 Y5.418
G1 X14.412 Y8.754
G1 X-14.400 Y8.754
G1 X-14.400 Y1.400
G1 X-18.521 Y1.400
G1 X-18.521 Y-1.400
G1 X-14.400 Y-1.400
G1 X-14.400 Y-8.756
G1 X0.000 Y-8.764
G1 X0.000 Y-8.364
G1 X14.013 Y-8.357
G1 X14.019 Y-5.019
G1 X17.354 Y-5.013
G1 X17.354 Y5.013
G1 X14.019 Y5.019
G1 X14.013 Y8.354
G1 X-14.000 Y8.354
G1 X-14.000 Y1.000
G1 X-18.121 Y1.000
G1 X-18.121 Y-1.000
G1 X-14.000 Y-1.000
G1 X-14.000 Y-8.357
G1 X0.000 Y-8.364
G1 X0.000 Y-7.964
G1 X13.614 Y-7.957
G1 X13.620 Y-4.620
G1 X16.954 Y-4.614
G1 X16.954 Y4.614
G1 X13.620 Y4.620
G1 X13.614 Y7.954
G1 X-13.600 Y7.954
G1 X-13.600 Y0.600
G1 X-17.721 Y0.600
G1 X-17.721 Y-0.600
G1 X-13.600 Y-0.600
G1 X-13.600 Y-7.957
G1 X0.000 Y-7.964
G1 X0.000 Y-7.564
G1 X13.214 Y-7.557
G1 X13.220 Y-4.220
G1 X16.554 Y-4.214
G1 X16.554 Y4.214
G1 X13.220 Y4.220
G1 X13.214 Y7.554
G1 X-13.200 Y7.554
G1 X-13.200 Y0.200
G1 X-17.321 Y0.200
G1 X-17.321 Y-0.200
G1 X-13.200 Y-0.200
G1 X-13.200 Y-7.557
G1 X0.000 Y-7.564
G1 X0.000 Y-7.164
G1 X12.815 Y-7.157
G1 X12.821 Y-3.821
G1 X16.154 Y-3.815
G1 X16.154 Y3.815
G1 X12.821 Y3.821
G1 X12.815 Y7.154
G1 X-12.800 Y7.154
G1 X-12.800 Y-0.200
G1 X-12.800 Y-0.200
G1 X-12.800 Y-7.157
G1 X0.000 Y-7.164
G1 X0.000 Y-6.764
G1 X12.416 Y-6.757
G1 X12.422 Y-3.422
G1 X15.754 Y-3.416
G1 X15.754 Y3.416
G1 X12.422 Y3.422
G1 X12.416 Y6.754
G1 X-12.400 Y6.754
G1 X-12.400 Y-0.600
G1 X-12.400 Y-0.600
G1 X-12.400 Y-6.757
G1 X0.000 Y-6.764
G1 X0.000 Y-6.364
G1 X12.017 Y-6.358
G1 X12.023 Y-3.023
G1 X15.354 Y-3.017
G1 X15.354 Y3.017
G1 X12.023 Y3.023
G1 X12.017 Y6.354
G1 X-12.000 Y6.354
G1 X-12.000 Y-1.000
G1 X-12.000 Y-1.000
G1 X-12.000 Y-6.358
G1 X0.000 Y-6.364
G1 X0.000 Y-5.964
G1 X11.617 Y-5.958
G1 X11.623 Y-2.623
G1 X14.954 Y-2.617
G1 X14.954 Y2.617
G1 X11.623 Y2.623
G1 X11.617 Y5.954
G1 X-11.600 Y5.954
G1 X-11.600 Y-1.353
G1 X-11.600 Y-1.353
G1 X-11.600 Y-5.958
G1 X0.000 Y-5.964
G1 X0.000 Y-5.564
G1 X11.218 Y-5.558
G1 X11.224 Y-2.224
G1 X14.554 Y-2.218
G1 X14.554 Y2.218
G1 X11.224 Y2.224
G1 X11.218 Y5.554
G1 X-11.200 Y5.554
G1 X-11.200 Y-1.706
G1 X-11.200 Y-1.706
G1 X-11.200 Y-5.558
G1 X0.000 Y-5.564
G1 X0.000 Y-5.164
G1 X10.819 Y-5.158
G1 X10.825 Y-1.825
G1 X14.154 Y-1.819
G1 X14.154 Y1.819
G1 X10.825 Y1.825
G1 X10.819 Y5.154
G1 X-10.800 Y5.154
G1 X-10.800 Y-2.059
G1 X-10.800 Y-2.059
G1 X-10.800 Y-5.158
G1 X0.000 Y-5.164
G1 X0.000 Y-4.764
G1 X10.419 Y-4.759
G1 X10.425 Y-1.425
G1 X13.754 Y-1.419
G1 X13.754 Y1.419
G1 X10.425 Y1.425
G1 X10.419 Y4.754
G1 X-10.400 Y4.754
G1 X-10.400 Y-2.372
G1 X-10.400 Y-2.372
G1 X-10.400 Y-4.759
G1 X0.000 Y-4.764
G1 X0.000 Y-4.364
G1 X10.020 Y-4.359
G1 X10.026 Y-1.026
G1 X13.354 Y-1.020
G1 X13.354 Y1.020
G1 X10.026 Y1.026
G1 X10.020 Y4.354
G1 X-10.000 Y4.354
G1 X-10.000 Y-2.684
G1 X-10.000 Y-2.684
G1 X-10.000 Y-4.359
G1 X0.000 Y-4.364
G1 X0.000 Y-3.964
G1 X9.621 Y-3.959
G1 X9.627 Y-0.627
G1 X12.954 Y-0.621
G1 X12.954 Y0.621
G1 X9.627 Y0.627
G1 X9.621 Y3.954
G1 X-9.600 Y3.954
G1 X-9.600 Y-2.996
G1 X-9.600 Y-2.996
G1 X-9.600 Y-3.959
G1 X0.000 Y-3.964
G1 X0.000 Y-3.564
G1 X9.222 Y-3.559
G1 X9.228 Y-0.228
G1 X12.554 Y-0.222
G1 X12.554 Y0.222
G1 X9.228 Y0.228
G1 X9.222 Y3.554
G1 X-9.200 Y3.554
G1 X-9.200 Y-3.309
G1 X-9.200 Y-3.309
G1 X-9.200 Y-3.559
G1 X0.000 Y-3.564
G1 X-8.800 Y-3.169
G1 X8.822 Y-3.159
G1 X8.828 Y-0.000
G1 X8.822 Y3.154
G1 X-8.800 Y3.154
G1 X-8.800 Y-3.169
G1 X-8.400 Y-2.768
G1 X8.423 Y-2.760
G1 X8.428 Y-0.000
G1 X8.423 Y2.754
G1 X-8.400 Y2.754
G1 X-8.400 Y-2.768
G1 X-8.000 Y-2.368
G1 X8.024 Y-2.360
G1 X8.028 Y-0.000
G1 X8.024 Y2.354
G1 X-8.000 Y2.354
G1 X-8.000 Y-2.368
G1 X-7.600 Y-1.968
G1 X7.624 Y-1.960
G1 X7.628 Y-0.000
G1 X7.624 Y1.954
G1 X-7.600 Y1.954
G1 X-7.600 Y-1.968
G1 X-7.200 Y-1.568
G1 X7.225 Y-1.560
G1 X7.228 Y-0.000
G1 X7.225 Y1.554
G1 X-7.200 Y1.554
G1 X-7.200 Y-1.568
G1 X-6.800 Y-1.168
G1 X6.826 Y-1.160
G1 X6.828 Y-0.000
G1 X6.826 Y1.154
G1 X-6.800 Y1.154
G1 X-6.800 Y-1.168
G1 X-6.400 Y-0.767
G1 X6.427 Y-0.761
G1 X6.428 Y-0.000
G1 X6.427 Y0.754
G1 X-6.400 Y0.754
G1 X-6.400 Y-0.767
G1 X-6.000 Y-0.367
G1 X6.027 Y-0.361
G1 X6.028 Y-0.000
G1 X6.027 Y0.354
G1 X-6.000 Y0.354
G1 X-6.000 Y-0.367
M9
G1 Z10.000
G1 X-9.000 Y-1.201
G1 Z2.300
M7
G4 P150
G1 X-9.200 Y-1.401 Z2.300
G1 X-9.200 Y-1.401
G1 X-22.672 Y-1.401
G1 X-22.672 Y-5.800
G1 X-18.800 Y-5.800
G1 X-18.800 Y-12.760
G1 X-9.200 Y-12.760
G1 X-9.200 Y-1.401
G1 X-9.600 Y-1.801
G1 X-22.272 Y-1.801
G1 X-22.272 Y-5.400
G1 X-18.400 Y-5.400
G1 X-18.400 Y-12.360
G1 X-9.600 Y-12.360
G1 X-9.600 Y-1.801
G1 X-10.000 Y-2.201
G1 X-21.872 Y-2.201
G1 X-21.872 Y-5.000
G1 X-18.000 Y-5.000
G1 X-18.000 Y-11.960
G1 X-10.000 Y-11.960
G1 X-10.000 Y-2.201
G1 X-10.400 Y-2.601
G1 X-21.472 Y-2.601
G1 X-21.472 Y-4.600
G1 X-17.600 Y-4.600
G1 X-17.600 Y-11.560
G1 X-10.400 Y-11.560
G1 X-10.400 Y-2.601
G1 X-10.800 Y-3.001
G1 X-21.072 Y-3.001
G1 X-21.072 Y-4.200
G1 X-17.200 Y-4.200
G1 X-17.200 Y-11.160
G1 X-10.800 Y-11.160
G1 X-10.800 Y-3.001
G1 X-11.200 Y-3.401
G1 X-20.672 Y-3.401
G1 X-20.672 Y-3.800
G1 X-16.800 Y-3.800
G1 X-16.800 Y-10.760
G1 X-11.200 Y-10.760
G1 X-11.200 Y-3.401
G1 X-11.600 Y-3.801
G1 X-16.400 Y-3.801
G1 X-16.400 Y-10.360
G1 X-11.600 Y-10.360
G1 X-11.600 Y-3.801
G1 X-12.000 Y-4.201
G1 X-16.000 Y-4.201
G1 X-16.000 Y-9.960
G1 X-12.000 Y-9.960
G1 X-12.000 Y-4.201
G1 X-12.400 Y-4.601
G1 X-15.600 Y-4.601
G1 X-15.600 Y-9.560
G1 X-12.400 Y-9.560
G1 X-12.400 Y-4.601
G1 X-12.800 Y-5.001
G1 X-15.200 Y-5.001
G1 X-15.200 Y-9.160
G1 X-12.800 Y-9.160
G1 X-12.800 Y-5.001
G1 X-13.200 Y-5.401
G1 X-14.800 Y-5.401
G1 X-14.800 Y-8.760
G1 X-13.200 Y-8.760
G1 X-13.200 Y-5.401
G1 X-13.600 Y-5.801
G1 X-14.400 Y-5.801
G1 X-14.400 Y-8.360
G1 X-13.600 Y-8.360
G1 X-13.600 Y-5.801
G1 X-14.000 Y-6.201
G1 X-14.000 Y-6.201
G1 X-14.000 Y-7.960
G1 X-14.000 Y-7.960
G1 X-14.000 Y-6.201
G1 X-14.000 Y-6.201 Z2.700
G1 X-14.000 Y-6.201
G1 X-14.000 Y-7.659
G1 X-14.000 Y-7.659
G1 X-14.000 Y-6.201
G1 X-14.000 Y-6.201
G1 X-13.600 Y-5.801
G1 X-13.600 Y-8.059
G1 X-14.400 Y-8.059
G1 X-14.400 Y-5.801
G1 X-13.600 Y-5.801
G1 X-13.200 Y-5.401
G1 X-13.200 Y-8.459
G1 X-14.800 Y-8.459
G1 X-14.800 Y-5.401
G1 X-13.200 Y-5.401
G1 X-12.800 Y-5.001
G1 X-12.800 Y-8.859
G1 X-15.200 Y-8.859
G1 X-15.200 Y-5.001
G1 X-12.800 Y-5.001
G1 X-12.400 Y-4.601
G1 X-12.400 Y-9.259
G1 X-15.600 Y-9.259
G1 X-15.600 Y-4.601
G1 X-12.400 Y-4.601
G1 X-12.000 Y-4.201
G1 X-12.000 Y-9.659
G1 X-16.000 Y-9.659
G1 X-16.000 Y-4.201
G1 X-12.000 Y-4.201
G1 X-11.600 Y-3.801
G1 X-11.600 Y-10.059
G1 X-16.400 Y-10.059
G1 X-16.400 Y-3.801
G1 X-11.600 Y-3.801
G1 X-11.200 Y-3.401
G1 X-11.200 Y-10.459
G1 X-16.800 Y-10.459
G1 X-16.800 Y-3.800
G1 X-20.461 Y-3.800
G1 X-20.461 Y-3.401
G1 X-11.200 Y-3.401
G1 X-10.800 Y-3.001
G1 X-10.800 Y-10.859
G1 X-17.200 Y-10.859
G1 X-17.200 Y-4.200
G1 X-20.861 Y-4.200
G1 X-20.861 Y-3.001
G1 X-10.800 Y-3.001
G1 X-10.400 Y-2.601
G1 X-10.400 Y-11.259
G1 X-17.600 Y-11.259
G1 X-17.600 Y-4.600
G1 X-21.261 Y-4.600
G1 X-21.261 Y-2.601
G1 X-10.400 Y-2.601
G1 X-10.000 Y-2.201
G1 X-10.000 Y-11.659
G1 X-18.000 Y-11.659
G1 X-18.000 Y-5.000
G1 X-21.661 Y-5.000
G1 X-21.661 Y-2.201
G1 X-10.000 Y-2.201
G1 X-9.600 Y-1.801
G1 X-9.600 Y-12.059
G1 X-18.400 Y-12.059
G1 X-18.400 Y-5.400
G1 X-22.061 Y-5.400
G1 X-22.061 Y-1.801
G1 X-9.600 Y-1.801
G1 X-9.200 Y-1.401
G1 X-9.200 Y-12.459
G1 X-18.800 Y-12.459
G1 X-18.800 Y-5.800
G1 X-22.461 Y-5.800
G1 X-22.461 Y-1.401
G1 X-9.200 Y-1.401
G1 X-9.200 Y-1.401 Z2.700
G1 X-9.200 Y-1.401 Z3.100
G1 X-9.200 Y-1.401
G1 X-22.299 Y-1.401
G1 X-22.299 Y-5.800
G1 X-18.800 Y-5.800
G1 X-18.800 Y-12.227
G1 X-9.200 Y-12.227
G1 X-9.200 Y-1.401
G1 X-9.600 Y-1.801
G1 X-21.899 Y-1.801
G1 X-21.899 Y-5.400
G1 X-18.400 Y-5.400
G1 X-18.400 Y-11.827
G1 X-9.600 Y-11.827
G1 X-9.600 Y-1.801
G1 X-10.000 Y-2.201
G1 X-21.499 Y-2.201
G1 X-21.499 Y-5.000
G1 X-18.000 Y-5.000
G1 X-18.000 Y-11.427
G1 X-10.000 Y-11.427
G1 X-10.000 Y-2.201
G1 X-10.400 Y-2.601
G1 X-21.099 Y-2.601
G1 X-21.099 Y-4.600
G1 X-17.600 Y-4.600
G1 X-17.600 Y-11.027
G1 X-10.400 Y-11.027
G1 X-10.400 Y-2.601
G1 X-10.800 Y-3.001
G1 X-20.699 Y-3.001
G1 X-20.699 Y-4.200
G1 X-17.200 Y-4.200
G1 X-17.200 Y-10.627
G1 X-10.800 Y-10.627
G1 X-10.800 Y-3.001
G1 X-11.200 Y-3.401
G1 X-20.299 Y-3.401
G1 X-20.299 Y-3.800
G1 X-16.800 Y-3.800
G1 X-16.800 Y-10.227
G1 X-11.200 Y-10.227
G1 X-11.200 Y-3.401
G1 X-11.600 Y-3.801
G1 X-16.400 Y-3.801
G1 X-16.400 Y-9.827
G1 X-11.600 Y-9.827
G1 X-11.600 Y-3.801
G1 X-12.000 Y-4.201
G1 X-16.000 Y-4.201
G1 X-16.000 Y-9.427
G1 X-12.000 Y-9.427
G1 X-12.000 Y-4.201
G1 X-12.400 Y-4.601
G1 X-15.600 Y-4.601
G1 X-15.600 Y-9.027
G1 X-12.400 Y-9.027
G1 X-12.400 Y-4.601
G1 X-12.800 Y-5.001
G1 X-15.200 Y-5.001
G1 X-15.200 Y-8.627
G1 X-12.800 Y-8.627
G1 X-12.800 Y-5.001
G1 X-13.200 Y-5.401
G1 X-14.800 Y-5.401
G1 X-14.800 Y-8.227
G1 X-13.200 Y-8.227
G1 X-13.200 Y-5.401
G1 X-13.600 Y-5.801
G1 X-14.400 Y-5.801
G1 X-14.400 Y-7.827
G1 X-13.600 Y-7.827
G1 X-13.600 Y-5.801
G1 X-14.000 Y-6.201
G1 X-14.000 Y-6.201
G1 X-14.000 Y-7.427
G1 X-14.000 Y-7.427
G1 X-14.000 Y-6.201
G1 X-14.000 Y-6.201 Z3.500
G1 X-14.000 Y-6.201
G1 X-14.000 Y-7.253
G1 X-14.000 Y-7.253
G1 X-14.000 Y-6.201
G1 X-14.000 Y-6.201
G1 X-13.600 Y-5.801
G1 X-13.600 Y-7.653
G1 X-14.400 Y-7.653
G1 X-14.400 Y-5.801
G1 X-13.600 Y-5.801
G1 X-13.200 Y-5.401
G1 X-13.200 Y-8.053
G1 X-14.800 Y-8.053
G1 X-14.800 Y-5.401
G1 X-13.200 Y-5.401
G1 X-12.800 Y-5.001
G1 X-12.800 Y-8.453
G1 X-15.200 Y-8.453
G1 X-15.200 Y-5.001
G1 X-12.800 Y-5.001
G1 X-12.400 Y-4.601
G1 X-12.400 Y-8.853
G1 X-15.600 Y-8.853
G1 X-15.600 Y-4.601
G1 X-12.400 Y-4.601
G1 X-12.000 Y-4.201
G1 X-12.000 Y-9.253
G1 X-16.000 Y-9.253
G1 X-16.000 Y-4.201
G1 X-12.000 Y-4.201
G1 X-11.600 Y-3.801
G1 X-11.600 Y-9.653
G1 X-16.400 Y-9.653
G1 X-16.400 Y-3.801
G1 X-11.600 Y-3.801
G1 X-11.200 Y-3.401
G1 X-11.200 Y-10.053
G1 X-16.800 Y-10.053
G1 X-16.800 Y-3.800
G1 X-20.177 Y-3.800
G1 X-20.177 Y-3.401
G1 X-11.200 Y-3.401
G1 X-10.800 Y-3.001
G1 X-10.800 Y-10.453
G1 X-17.200 Y-10.453
G1 X-17.200 Y-4.200
G1 X-20.577 Y-4.200
G1 X-20.577 Y-3.001
G1 X-10.800 Y-3.001
G1 X-10.400 Y-2.601
G1 X-10.400 Y-10.853
G1 X-17.600 Y-10.853
G1 X-17.600 Y-4.600
G1 X-20.977 Y-4.600
G1 X-20.977 Y-2.601
G1 X-10.400 Y-2.601
G1 X-10.000 Y-2.201
G1 X-10.000 Y-11.253
G1 X-18.000 Y-11.253
G1 X-18.000 Y-5.000
G1 X-21.377 Y-5.000
G1 X-21.377 Y-2.201
G1 X-10.000 Y-2.201
G1 X-9.600 Y-1.801
G1 X-9.600 Y-11.653
G1 X-18.400 Y-11.653
G1 X-18.400 Y-5.400
G1 X-21.777 Y-5.400
G1 X-21.777 Y-1.801
G1 X-9.600 Y-1.801
G1 X-9.200 Y-1.401
G1 X-9.200 Y-12.053
G1 X-18.800 Y-12.053
G1 X-18.800 Y-5.800
G1 X-22.177 Y-5.800
G1 X-22.177 Y-1.401
G1 X-9.200 Y-1.401
G1 X-9.200 Y-1.401 Z3.500
M9
G1 Z10.000
G1 X-9.000 Y1.201
G1 Z2.300
M7
G4 P150
G1 X-9.200 Y1.401 Z2.300
G1 X-9.200 Y1.401
G1 X-9.200 Y12.760
G1 X-18.800 Y12.760
G1 X-18.800 Y5.800
G1 X-22.672 Y5.800
G1 X-22.672 Y1.401
G1 X-9.200 Y1.401
G1 X-9.600 Y1.801
G1 X-9.600 Y12.360
G1 X-18.400 Y12.360
G1 X-18.400 Y5.400
G1 X-22.272 Y5.400
G1 X-22.272 Y1.801
G1 X-9.600 Y1.801
G1 X-10.000 Y2.201
G1 X-10.000 Y11.960
G1 X-18.000 Y11.960
G1 X-18.000 Y5.000
G1 X-21.872 Y5.000
G1 X-21.872 Y2.201
G1 X-10.000 Y2.201
G1 X-10.400 Y2.601
G1 X-10.400 Y11.560
G1 X-17.600 Y11.560
G1 X-17.600 Y4.600
G1 X-21.472 Y4.600
G1 X-21.472 Y2.601
G1 X-10.400 Y2.601
G1 X-10.800 Y3.001
G1 X-10.800 Y11.160
G1 X-17.200 Y11.160
G1 X-17.200 Y4.200
G1 X-21.072 Y4.200
G1 X-21.072 Y3.001
G1 X-10.800 Y3.001
G1 X-11.200 Y3.401
G1 X-11.200 Y10.760
G1 X-16.800 Y10.760
G1 X-16.800 Y3.800
G1 X-20.672 Y3.800
G1 X-20.672 Y3.401
G1 X-11.200 Y3.401
G1 X-11.600 Y3.801
G1 X-11.600 Y10.360
G1 X-16.400 Y10.360
G1 X-16.400 Y3.801
G1 X-11.600 Y3.801
G1 X-12.000 Y4.201
G1 X-12.000 Y9.960
G1 X-16.000 Y9.960
G1 X-16.000 Y4.201
G1 X-12.000 Y4.201
G1 X-12.400 Y4.601
G1 X-12.400 Y9.560
G1 X-15.600 Y9.560
G1 X-15.600 Y4.601
G1 X-12.400 Y4.601
G1 X-12.800 Y5.001
G1 X-12.800 Y9.160
G1 X-15.200 Y9.160
G1 X-15.200 Y5.001
G1 X-12.800 Y5.001
G1 X-13.200 Y5.401
G1 X-13.200 Y8.760
G1 X-14.800 Y8.760
G1 X-14.800 Y5.401
G1 X-13.200 Y5.401
G1 X-13.600 Y5.801
G1 X-13.600 Y8.360
G1 X-14.400 Y8.360
G1 X-14.400 Y5.801
G1 X-13.600 Y5.801
G1 X-14.000 Y6.201
G1 X-14.000 Y7.960
G1 X-14.000 Y7.960
G1 X-14.000 Y6.201
G1 X-14.000 Y6.201
G1 X-14.000 Y6.201 Z2.700
G1 X-14.000 Y6.201
G1 X-14.000 Y6.201
G1 X-14.000 Y7.659
G1 X-14.000 Y7.659
G1 X-14.000 Y6.201
G1 X-13.600 Y5.801
G1 X-14.400 Y5.801
G1 X-14.400 Y8.059
G1 X-13.600 Y8.059
G1 X-13.600 Y5.801
G1 X-13.200 Y5.401
G1 X-14.800 Y5.401
G1 X-14.800 Y8.459
G1 X-13.200 Y8.459
G1 X-13.200 Y5.401
G1 X-12.800 Y5.001
G1 X-15.200 Y5.001
G1 X-15.200 Y8.859
G1 X-12.800 Y8.859
G1 X-12.800 Y5.001
G1 X-12.400 Y4.601
G1 X-15.600 Y4.601
G1 X-15.600 Y9.259
G1 X-12.400 Y9.259
G1 X-12.400 Y4.601
G1 X-12.000 Y4.201
G1 X-16.000 Y4.201
G1 X-16.000 Y9.659
G1 X-12.000 Y9.659
G1 X-12.000 Y4.201
G1 X-11.600 Y3.801
G1 X-16.400 Y3.801
G1 X-16.400 Y10.059
G1 X-11.600 Y10.059
G1 X-11.600 Y3.801
G1 X-11.200 Y3.401
G1 X-20.461 Y3.401
G1 X-20.461 Y3.800
G1 X-16.800 Y3.800
G1 X-16.800 Y10.459
G1 X-11.200 Y10.459
G1 X-11.200 Y3.401
G1 X-10.800 Y3.001
G1 X-20.861 Y3.001
G1 X-20.861 Y4.200
G1 X-17.200 Y4.200
G1 X-17.200 Y10.859
G1 X-10.800 Y10.859
G1 X-10.800 Y3.001
G1 X-10.400 Y2.601
G1 X-21.261 Y2.601
G1 X-21.261 Y4.600
G1 X-17.600 Y4.600
G1 X-17.600 Y11.259
G1 X-10.400 Y11.259
G1 X-10.400 Y2.601
G1 X-10.000 Y2.201
G1 X-21.661 Y2.201
G1 X-21.661 Y5.000
G1 X-18.000 Y5.000
G1 X-18.000 Y11.659
G1 X-10.000 Y11.659
G1 X-10.000 Y2.201
G1 X-9.600 Y1.801
G1 X-22.061 Y1.801
G1 X-22.061 Y5.400
G1 X-18.400 Y5.400
G1 X-18.400 Y12.059
G1 X-9.600 Y12.059
G1 X-9.600 Y1.801
G1 X-9.200 Y1.401
G1 X-22.461 Y1.401
G1 X-22.461 Y5.800
G1 X-18.800 Y5.800
G1 X-18.800 Y12.459
G1 X-9.200 Y12.459
G1 X-9.200 Y1.401
G1 X-9.200 Y1.401 Z2.700
G1 X-9.200 Y1.401 Z3.100
G1 X-9.200 Y1.401
G1 X-9.200 Y12.227
G1 X-18.800 Y12.227
G1 X-18.800 Y5.800
G1 X-22.299 Y5.800
G1 X-22.299 Y1.401
G1 X-9.200 Y1.401
G1 X-9.600 Y1.801
G1 X-9.600 Y11.827
G1 X-18.400 Y11.827
G1 X-18.400 Y5.400
G1 X-21.899 Y5.400
G1 X-21.899 Y1.801
G1 X-9.600 Y1.801
G1 X-10.000 Y2.201
G1 X-10.000 Y11.427
G1 X-18.000 Y11.427
G1 X-18.000 Y5.000
G1 X-21.499 Y5.000
G1 X-21.499 Y2.201
G1 X-10.000 Y2.201
G1 X-10.400 Y2.601
G1 X-10.400 Y11.027
G1 X-17.600 Y11.027
G1 X-17.600 Y4.600
G1 X-21.099 Y4.600
G1 X-21.099 Y2.601
G1 X-10.400 Y2.601
G1 X-10.800 Y3.001
G1 X-10.800 Y10.627
G1 X-17.200 Y10.627
G1 X-17.200 Y4.200
G1 X-20.699 Y4.200
G1 X-20.699 Y3.001
G1 X-10.800 Y3.001
G1 X-11.200 Y3.401
G1 X-11.200 Y10.227
G1 X-16.800 Y10.227
G1 X-16.800 Y3.800
G1 X-20.299 Y3.800
G1 X-20.299 Y3.401
G1 X-11.200 Y3.401
G1 X-11.600 Y3.801
G1 X-11.600 Y9.827
G1 X-16.400 Y9.827
G1 X-16.400 Y3.801
G1 X-11.600 Y3.801
G1 X-12.000 Y4.201
G1 X-12.000 Y9.427
G1 X-16.000 Y9.427
G1 X-16.000 Y4.201
G1 X-12.000 Y4.201
G1 X-12.400 Y4.601
G1 X-12.400 Y9.027
G1 X-15.600 Y9.027
G1 X-15.600 Y4.601
G1 X-12.400 Y4.601
G1 X-12.800 Y5.001
G1 X-12.800 Y8.627
G1 X-15.200 Y8.627
G1 X-15.200 Y5.001
G1 X-12.800 Y5.001
G1 X-13.200 Y5.401
G1 X-13.200 Y8.227
G1 X-14.800 Y8.227
G1 X-14.800 Y5.401
G1 X-13.200 Y5.401
G1 X-13.600 Y5.801
G1 X-13.600 Y7.827
G1 X-14.400 Y7.827
G1 X-14.400 Y5.801
G1 X-13.600 Y5.801
G1 X-14.000 Y6.201
G1 X-14.000 Y7.427
G1 X-14.000 Y7.427
G1 X-14.000 Y6.201
G1 X-14.000 Y6.201
G1 X-14.000 Y6.201 Z3.500
G1 X-14.000 Y6.201
G1 X-14.000 Y6.201
G1 X-14.000 Y7.253
G1 X-14.000 Y7.253
G1 X-14.000 Y6.201
G1 X-13.600 Y5.801
G1 X-14.400 Y5.801
G1 X-14.400 Y7.653
G1 X-13.600 Y7.653
G1 X-13.600 Y5.801
G1 X-13.200 Y5.401
G1 X-14.800 Y5.401
G1 X-14.800 Y8.053
G1 X-13.200 Y8.053
G1 X-13.200 Y5.401
G1 X-12.800 Y5.001
G1 X-15.200 Y5.001
G1 X-15.200 Y8.453
G1 X-12.800 Y8.453
G1 X-12.800 Y5.001
G1 X-12.400 Y4.601
G1 X-15.600 Y4.601
G1 X-15.600 Y8.853
G1 X-12.400 Y8.853
G1 X-12.400 Y4.601
G1 X-12.000 Y4.201
G1 X-16.000 Y4.201
G1 X-16.000 Y9.253
G1 X-12.000 Y9.253
G1 X-12.000 Y4.201
G1 X-11.600 Y3.801
G1 X-16.400 Y3.801
G1 X-16.400 Y9.653
G1 X-11.600 Y9.653
G1 X-11.600 Y3.801
G1 X-11.200 Y3.401
G1 X-20.177 Y3.401
G1 X-20.177 Y3.800
G1 X-16.800 Y3.800
G1 X-16.800 Y10.053
G1 X-11.200 Y10.053
G1 X-11.200 Y3.401
G1 X-10.800 Y3.001
G1 X-20.577 Y3.001
G1 X-20.577 Y4.200
G1 X-17.200 Y4.200
G1 X-17.200 Y10.453
G1 X-10.800 Y10.453
G1 X-10.800 Y3.001
G1 X-10.400 Y2.601
G1 X-20.977 Y2.601
G1 X-20.977 Y4.600
G1 X-17.600 Y4.600
G1 X-17.600 Y10.853
G1 X-10.400 Y10.853
G1 X-10.400 Y2.601
G1 X-10.000 Y2.201
G1 X-21.377 Y2.201
G1 X-21.377 Y5.000
G1 X-18.000 Y5.000
G1 X-18.000 Y11.253
G1 X-10.000 Y11.253
G1 X-10.000 Y2.201
G1 X-9.600 Y1.801
G1 X-21.777 Y1.801
G1 X-21.777 Y5.400
G1 X-18.400 Y5.400
G1 X-18.400 Y11.653
G1 X-9.600 Y11.653
G1 X-9.600 Y1.801
G1 X-9.200 Y1.401
G1 X-22.177 Y1.401
G1 X-22.177 Y5.800
G1 X-18.800 Y5.800
G1 X-18.800 Y12.053
G1 X-9.200 Y12.053
G1 X-9.200 Y1.401
G1 X-9.200 Y1.401 Z3.500
M9
G1 Z10.000
G1 X6.600 Y-12.960
G1 Z2.300
M7
G4 P150
G1 X6.400 Y-12.760 Z2.300
G1 X6.400 Y-12.760
G1 X6.400 Y-1.399
G1 X-6.400 Y-1.399
G1 X-6.400 Y-12.760
G1 X6.400 Y-12.760
G1 X6.000 Y-12.360
G1 X6.000 Y-1.799
G1 X-6.000 Y-1.799
G1 X-6.000 Y-12.360
G1 X6.000 Y-12.360
G1 X5.600 Y-11.960
G1 X5.600 Y-2.199
G1 X-5.600 Y-2.199
G1 X-5.600 Y-11.960
G1 X5.600 Y-11.960
G1 X5.200 Y-11.560
G1 X5.200 Y-2.599
G1 X-5.200 Y-2.599
G1 X-5.200 Y-11.560
G1 X5.200 Y-11.560
G1 X4.800 Y-11.160
G1 X4.800 Y-2.999
G1 X-4.800 Y-2.999
G1 X-4.800 Y-11.160
G1 X4.800 Y-11.160
G1 X4.400 Y-10.760
G1 X4.400 Y-3.399
G1 X-4.400 Y-3.399
G1 X-4.400 Y-10.760
G1 X4.400 Y-10.760
G1 X4.000 Y-10.360
G1 X4.000 Y-3.799
G1 X-4.000 Y-3.799
G1 X-4.000 Y-10.360
G1 X4.000 Y-10.360
G1 X3.600 Y-9.960
G1 X3.600 Y-4.199
G1 X-3.600 Y-4.199
G1 X-3.600 Y-9.960
G1 X3.600 Y-9.960
G1 X3.200 Y-9.560
G1 X3.200 Y-4.599
G1 X-3.200 Y-4.599
G1 X-3.200 Y-9.560
G1 X3.200 Y-9.560
G1 X2.800 Y-9.160
G1 X2.800 Y-4.999
G1 X-2.800 Y-4.999
G1 X-2.800 Y-9.160
G1 X2.800 Y-9.160
G1 X2.400 Y-8.760
G1 X2.400 Y-5.399
G1 X-2.400 Y-5.399
G1 X-2.400 Y-8.760
G1 X2.400 Y-8.760
G1 X2.000 Y-8.360
G1 X2.000 Y-5.799
G1 X-2.000 Y-5.799
G1 X-2.000 Y-8.360
G1 X2.000 Y-8.360
G1 X1.600 Y-7.960
G1 X1.600 Y-6.199
G1 X-1.600 Y-6.199
G1 X-1.600 Y-7.960
G1 X1.600 Y-7.960
G1 X1.200 Y-7.560
G1 X1.200 Y-6.599
G1 X-1.200 Y-6.599
G1 X-1.200 Y-7.560
G1 X1.200 Y-7.560
G1 X0.800 Y-7.160
G1 X0.800 Y-6.999
G1 X-0.800 Y-6.999
G1 X-0.800 Y-7.160
G1 X0.800 Y-7.160
G1 X1.200 Y-7.259 Z2.700
G1 X1.200 Y-7.259
G1 X-1.200 Y-7.259
G1 X-1.200 Y-6.599
G1 X1.200 Y-6.599
G1 X1.200 Y-7.259
G1 X1.600 Y-7.659
G1 X-1.600 Y-7.659
G1 X-1.600 Y-6.199
G1 X1.600 Y-6.199
G1 X1.600 Y-7.659
G1 X2.000 Y-8.059
G1 X-2.000 Y-8.059
G1 X-2.000 Y-5.799
G1 X2.000 Y-5.799
G1 X2.000 Y-8.059
G1 X2.400 Y-8.459
G1 X-2.400 Y-8.459
G1 X-2.400 Y-5.399
G1 X2.400 Y-5.399
G1 X2.400 Y-8.459
G1 X2.800 Y-8.859
G1 X-2.800 Y-8.859
G1 X-2.800 Y-4.999
G1 X2.800 Y-4.999
G1 X2.800 Y-8.859
G1 X3.200 Y-9.259
G1 X-3.200 Y-9.259
G1 X-3.200 Y-4.599
G1 X3.200 Y-4.599
G1 X3.200 Y-9.259
G1 X3.600 Y-9.659
G1 X-3.600 Y-9.659
G1 X-3.600 Y-4.199
G1 X3.600 Y-4.199
G1 X3.600 Y-9.659
G1 X4.000 Y-10.059
G1 X-4.000 Y-10.059
G1 X-4.000 Y-3.799
G1 X4.000 Y-3.799
G1 X4.000 Y-10.059
G1 X4.400 Y-10.459
G1 X-4.400 Y-10.459
G1 X-4.400 Y-3.399
G1 X4.400 Y-3.399
G1 X4.400 Y-10.459
G1 X4.800 Y-10.859
G1 X-4.800 Y-10.859
G1 X-4.800 Y-2.999
G1 X4.800 Y-2.999
G1 X4.800 Y-10.859
G1 X5.200 Y-11.259
G1 X-5.200 Y-11.259
G1 X-5.200 Y-2.599
G1 X5.200 Y-2.599
G1 X5.200 Y-11.259
G1 X5.600 Y-11.659
G1 X-5.600 Y-11.659
G1 X-5.600 Y-2.199
G1 X5.600 Y-2.199
G1 X5.600 Y-11.659
G1 X6.000 Y-12.059
G1 X-6.000 Y-12.059
G1 X-6.000 Y-1.799
G1 X6.000 Y-1.799
G1 X6.000 Y-12.059
G1 X6.400 Y-12.459
G1 X-6.400 Y-12.459
G1 X-6.400 Y-1.399
G1 X6.400 Y-1.399
G1 X6.400 Y-12.459
G1 X6.400 Y-12.459 Z2.700
G1 X6.400 Y-12.227 Z3.100
G1 X6.400 Y-12.227
G1 X6.400 Y-1.399
G1 X-6.400 Y-1.399
G1 X-6.400 Y-12.227
G1 X6.400 Y-12.227
G1 X6.000 Y-11.827
G1 X6.000 Y-1.799
G1 X-6.000 Y-1.799
G1 X-6.000 Y-11.827
G1 X6.000 Y-11.827
G1 X5.600 Y-11.427
G1 X5.600 Y-2.199
G1 X-5.600 Y-2.199
G1 X-5.600 Y-11.427
G1 X5.600 Y-11.427
G1 X5.200 Y-11.027
G1 X5.200 Y-2.599
G1 X-5.200 Y-2.599
G1 X-5.200 Y-11.027
G1 X5.200 Y-11.027
G1 X4.800 Y-10.627
G1 X4.800 Y-2.999
G1 X-4.800 Y-2.999
G1 X-4.800 Y-10.627
G1 X4.800 Y-10.627
G1 X4.400 Y-10.227
G1 X4.400 Y-3.399
G1 X-4.400 Y-3.399
G1 X-4.400 Y-10.227
G1 X4.400 Y-10.227
G1 X4.000 Y-9.827
G1 X4.000 Y-3.799
G1 X-4.000 Y-3.799
G1 X-4.000 Y-9.827
G1 X4.000 Y-9.827
G1 X3.600 Y-9.427
G1 X3.600 Y-4.199
G1 X-3.600 Y-4.199
G1 X-3.600 Y-9.427
G1 X3.600 Y-9.427
G1 X3.200 Y-9.027
G1 X3.200 Y-4.599
G1 X-3.200 Y-4.599
G1 X-3.200 Y-9.027
G1 X3.200 Y-9.027
G1 X2.800 Y-8.627
G1 X2.800 Y-4.999
G1 X-2.800 Y-4.999
G1 X-2.800 Y-8.627
G1 X2.800 Y-8.627
G1 X2.400 Y-8.227
G1 X2.400 Y-5.399
G1 X-2.400 Y-5.399
G1 X-2.400 Y-8.227
G1 X2.400 Y-8.227
G1 X2.000 Y-7.827
G1 X2.000 Y-5.799
G1 X-2.000 Y-5.799
G1 X-2.000 Y-7.827
G1 X2.000 Y-7.827
G1 X1.600 Y-7.427
G1 X1.600 Y-6.199
G1 X-1.600 Y-6.199
G1 X-1.600 Y-7.427
G1 X1.600 Y-7.427
G1 X1.200 Y-7.027
G1 X1.200 Y-6.599
G1 X-1.200 Y-6.599
G1 X-1.200 Y-7.027
G1 X1.200 Y-7.027
G1 X1.200 Y-6.853 Z3.500
G1 X1.200 Y-6.853
G1 X-1.200 Y-6.853
G1 X-1.200 Y-6.599
G1 X1.200 Y-6.599
G1 X1.200 Y-6.853
G1 X1.600 Y-7.253
G1 X-1.600 Y-7.253
G1 X-1.600 Y-6.199
G1 X1.600 Y-6.199
G1 X1.600 Y-7.253
G1 X2.000 Y-7.653
G1 X-2.000 Y-7.653
G1 X-2.000 Y-5.799
G1 X2.000 Y-5.799
G1 X2.000 Y-7.653
G1 X2.400 Y-8.053
G1 X-2.400 Y-8.053
G1 X-2.400 Y-5.399
G1 X2.400 Y-5.399
G1 X2.400 Y-8.053
G1 X2.800 Y-8.453
G1 X-2.800 Y-8.453
G1 X-2.800 Y-4.999
G1 X2.800 Y-4.999
G1 X2.800 Y-8.453
G1 X3.200 Y-8.853
G1 X-3.200 Y-8.853
G1 X-3.200 Y-4.599
G1 X3.200 Y-4.599
G1 X3.200 Y-8.853
G1 X3.600 Y-9.253
G1 X-3.600 Y-9.253
G1 X-3.600 Y-4.199
G1 X3.600 Y-4.199
G1 X3.600 Y-9.253
G1 X4.000 Y-9.653
G1 X-4.000 Y-9.653
G1 X-4.000 Y-3.799
G1 X4.000 Y-3.799
G1 X4.000 Y-9.653
G1 X4.400 Y-10.053
G1 X-4.400 Y-10.053
G1 X-4.400 Y-3.399
G1 X4.400 Y-3.399
G1 X4.400 Y-10.053
G1 X4.800 Y-10.453
G1 X-4.800 Y-10.453
G1 X-4.800 Y-2.999
G1 X4.800 Y-2.999
G1 X4.800 Y-10.453
G1 X5.200 Y-10.853
G1 X-5.200 Y-10.853
G1 X-5.200 Y-2.599
G1 X5.200 Y-2.599
G1 X5.200 Y-10.853
G1 X5.600 Y-11.253
G1 X-5.600 Y-11.253
G1 X-5.600 Y-2.199
G1 X5.600 Y-2.199
G1 X5.600 Y-11.253
G1 X6.000 Y-11.653
G1 X-6.000 Y-11.653
G1 X-6.000 Y-1.799
G1 X6.000 Y-1.799
G1 X6.000 Y-11.653
G1 X6.400 Y-12.053
G1 X-6.400 Y-12.053
G1 X-6.400 Y-1.399
G1 X6.400 Y-1.399
G1 X6.400 Y-12.053
G1 X6.400 Y-12.053 Z3.500
M9
G1 Z10.000
G1 X-6.600 Y12.960
G1 Z2.300
M7
G4 P150
G1 X-6.400 Y12.760 Z2.300
G1 X-6.400 Y12.760
G1 X-6.400 Y1.399
G1 X6.400 Y1.399
G1 X6.400 Y12.760
G1 X-6.400 Y12.760
G1 X-6.000 Y12.360
G1 X-6.000 Y1.799
G1 X6.000 Y1.799
G1 X6.000 Y12.360
G1 X-6.000 Y12.360
G1 X-5.600 Y11.960
G1 X-5.600 Y2.199
G1 X5.600 Y2.199
G1 X5.600 Y11.960
G1 X-5.600 Y11.960
G1 X-5.200 Y11.560
G1 X-5.200 Y2.599
G1 X5.200 Y2.599
G1 X5.200 Y11.560
G1 X-5.200 Y11.560
G1 X-4.800 Y11.160
G1 X-4.800 Y2.999
G1 X4.800 Y2.999
G1 X4.800 Y11.160
G1 X-4.800 Y11.160
G1 X-4.400 Y10.760
G1 X-4.400 Y3.399
G1 X4.400 Y3.399
G1 X4.400 Y10.760
G1 X-4.400 Y10.760
G1 X-4.000 Y10.360
G1 X-4.000 Y3.799
G1 X4.000 Y3.799
G1 X4.000 Y10.360
G1 X-4.000 Y10.360
G1 X-3.600 Y9.960
G1 X-3.600 Y4.199
G1 X3.600 Y4.199
G1 X3.600 Y9.960
G1 X-3.600 Y9.960
G1 X-3.200 Y9.560
G1 X-3.200 Y4.599
G1 X3.200 Y4.599
G1 X3.200 Y9.560
G1 X-3.200 Y9.560
G1 X-2.800 Y9.160
G1 X-2.800 Y4.999
G1 X2.800 Y4.999
G1 X2.800 Y9.160
G1 X-2.800 Y9.160
G1 X-2.400 Y8.760
G1 X-2.400 Y5.399
G1 X2.400 Y5.399
G1 X2.400 Y8.760
G1 X-2.400 Y8.760
G1 X-2.000 Y8.360
G1 X-2.000 Y5.799
G1 X2.000 Y5.799
G1 X2.000 Y8.360
G1 X-2.000 Y8.360
G1 X-1.600 Y7.960
G1 X-1.600 Y6.199
G1 X1.600 Y6.199
G1 X1.600 Y7.960
G1 X-1.600 Y7.960
G1 X-1.200 Y7.560
G1 X-1.200 Y6.599
G1 X1.200 Y6.599
G1 X1.200 Y7.560
G1 X-1.200 Y7.560
G1 X-0.800 Y7.160
G1 X-0.800 Y6.999
G1 X0.800 Y6.999
G1 X0.800 Y7.160
G1 X-0.800 Y7.160
G1 X-1.200 Y7.259 Z2.700
G1 X-1.200 Y7.259
G1 X1.200 Y7.259
G1 X1.200 Y6.599
G1 X-1.200 Y6.599
G1 X-1.200 Y7.259
G1 X-1.600 Y7.659
G1 X1.600 Y7.659
G1 X1.600 Y6.199
G1 X-1.600 Y6.199
G1 X-1.600 Y7.659
G1 X-2.000 Y8.059
G1 X2.000 Y8.059
G1 X2.000 Y5.799
G1 X-2.000 Y5.799
G1 X-2.000 Y8.059
G1 X-2.400 Y8.459
G1 X2.400 Y8.459
G1 X2.400 Y5.399
G1 X-2.400 Y5.399
G1 X-2.400 Y8.459
G1 X-2.800 Y8.859
G1 X2.800 Y8.859
G1 X2.800 Y4.999
G1 X-2.800 Y4.999
G1 X-2.800 Y8.859
G1 X-3.200 Y9.259
G1 X3.200 Y9.259
G1 X3.200 Y4.599
G1 X-3.200 Y4.599
G1 X-3.200 Y9.259
G1 X-3.600 Y9.659
G1 X3.600 Y9.659
G1 X3.600 Y4.199
G1 X-3.600 Y4.199
G1 X-3.600 Y9.659
G1 X-4.000 Y10.059
G1 X4.000 Y10.059
G1 X4.000 Y3.799
G1 X-4.000 Y3.799
G1 X-4.000 Y10.059
G1 X-4.400 Y10.459
G1 X4.400 Y10.459
G1 X4.400 Y3.399
G1 X-4.400 Y3.399
G1 X-4.400 Y10.459
G1 X-4.800 Y10.859
G1 X4.800 Y10.859
G1 X4.800 Y2.999
G1 X-4.800 Y2.999
G1 X-4.800 Y10.859
G1 X-5.200 Y11.259
G1 X5.200 Y11.259
G1 X5.200 Y2.599
G1 X-5.200 Y2.599
G1 X-5.200 Y11.259
G1 X-5.600 Y11.659
G1 X5.600 Y11.659
G1 X5.600 Y2.199
G1 X-5.600 Y2.199
G1 X-5.600 Y11.659
G1 X-6.000 Y12.059
G1 X6.000 Y12.059
G1 X6.000 Y1.799
G1 X-6.000 Y1.799
G1 X-6.000 Y12.059
G1 X-6.400 Y12.459
G1 X6.400 Y12.459
G1 X6.400 Y1.399
G1 X-6.400 Y1.399
G1 X-6.400 Y12.459
G1 X-6.400 Y12.459 Z2.700
G1 X-6.400 Y12.227 Z3.100
G1 X-6.400 Y12.227
G1 X-6.400 Y1.399
G1 X6.400 Y1.399
G1 X6.400 Y12.227
G1 X-6.400 Y12.227
G1 X-6.000 Y11.827
G1 X-6.000 Y1.799
G1 X6.000 Y1.799
G1 X6.000 Y11.827
G1 X-6.000 Y11.827
G1 X-5.600 Y11.427
G1 X-5.600 Y2.199
G1 X5.600 Y2.199
G1 X5.600 Y11.427
G1 X-5.600 Y11.427
G1 X-5.200 Y11.027
G1 X-5.200 Y2.599
G1 X5.200 Y2.599
G1 X5.200 Y11.027
G1 X-5.200 Y11.027
G1 X-4.800 Y10.627
G1 X-4.800 Y2.999
G1 X4.800 Y2.999
G1 X4.800 Y10.627
G1 X-4.800 Y10.627
G1 X-4.400 Y10.227
G1 X-4.400 Y3.399
G1 X4.400 Y3.399
G1 X4.400 Y10.227
G1 X-4.400 Y10.227
G1 X-4.000 Y9.827
G1 X-4.000 Y3.799
G1 X4.000 Y3.799
G1 X4.000 Y9.827
G1 X-4.000 Y9.827
G1 X-3.600 Y9.427
G1 X-3.600 Y4.199
G1 X3.600 Y4.199
G1 X3.600 Y9.427
G1 X-3.600 Y9.427
G1 X-3.200 Y9.027
G1 X-3.200 Y4.599
G1 X3.200 Y4.599
G1 X3.200 Y9.027
G1 X-3.200 Y9.027
G1 X-2.800 Y8.627
G1 X-2.800 Y4.999
G1 X2.800 Y4.999
G1 X2.800 Y8.627
G1 X-2.800 Y8.627
G1 X-2.400 Y8.227
G1 X-2.400 Y5.399
G1 X2.400 Y5.399
G1 X2.400 Y8.227
G1 X-2.400 Y8.227
G1 X-2.000 Y7.827
G1 X-2.000 Y5.799
G1 X2.000 Y5.799
G1 X2.000 Y7.827
G1 X-2.000 Y7.827
G1 X-1.600 Y7.427
G1 X-1.600 Y6.199
G1 X1.600 Y6.199
G1 X1.600 Y7.427
G1 X-1.600 Y7.427
G1 X-1.200 Y7.027
G1 X-1.200 Y6.599
G1 X1.200 Y6.599
G1 X1.200 Y7.027
G1 X-1.200 Y7.027
G1 X-1.200 Y6.853 Z3.500
G1 X-1.200 Y6.853
G1 X1.200 Y6.853
G1 X1.200 Y6.599
G1 X-1.200 Y6.599
G1 X-1.200 Y6.853
G1 X-1.600 Y7.253
G1 X1.600 Y7.253
G1 X1.600 Y6.199
G1 X-1.600 Y6.199
G1 X-1.600 Y7.253
G1 X-2.000 Y7.653
G1 X2.000 Y7.653
G1 X2.000 Y5.799
G1 X-2.000 Y5.799
G1 X-2.000 Y7.653
G1 X-2.400 Y8.053
G1 X2.400 Y8.053
G1 X2.400 Y5.399
G1 X-2.400 Y5.399
G1 X-2.400 Y8.053
G1 X-2.800 Y8.453
G1 X2.800 Y8.453
G1 X2.800 Y4.999
G1 X-2.800 Y4.999
G1 X-2.800 Y8.453
G1 X-3.200 Y8.853
G1 X3.200 Y8.853
G1 X3.200 Y4.599
G1 X-3.200 Y4.599
G1 X-3.200 Y8.853
G1 X-3.600 Y9.253
G1 X3.600 Y9.253
G1 X3.600 Y4.199
G1 X-3.600 Y4.199
G1 X-3.600 Y9.253
G1 X-4.000 Y9.653
G1 X4.000 Y9.653
G1 X4.000 Y3.799
G1 X-4.000 Y3.799
G1 X-4.000 Y9.653
G1 X-4.400 Y10.053
G1 X4.400 Y10.053
G1 X4.400 Y3.399
G1 X-4.400 Y3.399
G1 X-4.400 Y10.053
G1 X-4.800 Y10.453
G1 X4.800 Y10.453
G1 X4.800 Y2.999
G1 X-4.800 Y2.999
G1 X-4.800 Y10.453
G1 X-5.200 Y10.853
G1 X5.200 Y10.853
G1 X5.200 Y2.599
G1 X-5.200 Y2.599
G1 X-5.200 Y10.853
G1 X-5.600 Y11.253
G1 X5.600 Y11.253
G1 X5.600 Y2.199
G1 X-5.600 Y2.199
G1 X-5.600 Y11.253
G1 X-6.000 Y11.653
G1 X6.000 Y11.653
G1 X6.000 Y1.799
G1 X-6.000 Y1.799
G1 X-6.000 Y11.653
G1 X-6.400 Y12.053
G1 X6.400 Y12.053
G1 X6.400 Y1.399
G1 X-6.400 Y1.399
G1 X-6.400 Y12.053
G1 X-6.400 Y12.053 Z3.500
M9
G1 Z10.000
G1 X8.999 Y-1.199
G1 Z2.300
M7
G4 P150
G1 X9.199 Y-1.399 Z2.300
G1 X9.199 Y-1.399
G1 X9.200 Y-12.760
G1 X18.805 Y-12.760
G1 X18.810 Y-9.810
G1 X21.760 Y-9.805
G1 X21.760 Y-1.399
G1 X9.199 Y-1.399
G1 X9.599 Y-1.799
G1 X9.600 Y-12.360
G1 X18.406 Y-12.360
G1 X18.411 Y-9.411
G1 X21.360 Y-9.406
G1 X21.360 Y-1.799
G1 X9.599 Y-1.799
G1 X9.999 Y-2.199
G1 X10.000 Y-11.960
G1 X18.007 Y-11.960
G1 X18.012 Y-9.012
G1 X20.960 Y-9.007
G1 X20.960 Y-2.199
G1 X9.999 Y-2.199
G1 X10.399 Y-2.599
G1 X10.400 Y-11.560
G1 X17.607 Y-11.560
G1 X17.612 Y-8.612
G1 X20.560 Y-8.607
G1 X20.560 Y-2.599
G1 X10.399 Y-2.599
G1 X10.799 Y-2.999
G1 X10.800 Y-11.160
G1 X17.208 Y-11.160
G1 X17.213 Y-8.213
G1 X20.160 Y-8.208
G1 X20.160 Y-2.999
G1 X10.799 Y-2.999
G1 X11.199 Y-3.399
G1 X11.200 Y-10.760
G1 X16.809 Y-10.760
G1 X16.814 Y-7.814
G1 X19.760 Y-7.809
G1 X19.760 Y-3.399
G1 X11.199 Y-3.399
G1 X11.599 Y-3.799
G1 X11.600 Y-10.360
G1 X16.409 Y-10.360
G1 X16.414 Y-7.414
G1 X19.360 Y-7.409
G1 X19.360 Y-3.799
G1 X11.599 Y-3.799
G1 X11.999 Y-4.199
G1 X12.000 Y-9.960
G1 X16.010 Y-9.960
G1 X16.015 Y-7.015
G1 X18.960 Y-7.010
G1 X18.960 Y-4.199
G1 X11.999 Y-4.199
G1 X12.399 Y-4.599
G1 X12.400 Y-9.560
G1 X15.611 Y-9.560
G1 X15.616 Y-6.616
G1 X18.560 Y-6.611
G1 X18.560 Y-4.599
G1 X12.399 Y-4.599
G1 X12.799 Y-4.999
G1 X12.800 Y-9.160
G1 X15.211 Y-9.160
G1 X15.216 Y-6.216
G1 X18.160 Y-6.211
G1 X18.160 Y-4.999
G1 X12.799 Y-4.999
G1 X13.199 Y-5.399
G1 X13.200 Y-8.760
G1 X14.812 Y-8.760
G1 X14.817 Y-5.817
G1 X17.760 Y-5.812
G1 X17.760 Y-5.399
G1 X13.199 Y-5.399
G1 X13.199 Y-5.399 Z2.700
G1 X13.199 Y-5.399
G1 X17.459 Y-5.399
G1 X17.459 Y-5.813
G1 X14.818 Y-5.818
G1 X14.813 Y-8.459
G1 X13.200 Y-8.459
G1 X13.199 Y-5.399
G1 X12.799 Y-4.999
G1 X17.859 Y-4.999
G1 X17.859 Y-6.212
G1 X15.217 Y-6.217
G1 X15.212 Y-8.859
G1 X12.800 Y-8.859
G1 X12.799 Y-4.999
G1 X12.399 Y-4.599
G1 X18.259 Y-4.599
G1 X18.259 Y-6.611
G1 X15.616 Y-6.616
G1 X15.611 Y-9.259
G1 X12.400 Y-9.259
G1 X12.399 Y-4.599
G1 X11.999 Y-4.199
G1 X18.659 Y-4.199
G1 X18.659 Y-7.011
G1 X16.016 Y-7.016
G1 X16.011 Y-9.659
G1 X12.000 Y-9.659
G1 X11.999 Y-4.199
G1 X11.599 Y-3.799
G1 X19.059 Y-3.799
G1 X19.059 Y-7.410
G1 X16.415 Y-7.415
G1 X16.410 Y-10.059
G1 X11.600 Y-10.059
G1 X11.599 Y-3.799
G1 X11.199 Y-3.399
G1 X19.459 Y-3.399
G1 X19.459 Y-7.809
G1 X16.814 Y-7.814
G1 X16.809 Y-10.459
G1 X11.200 Y-10.459
G1 X11.199 Y-3.399
G1 X10.799 Y-2.999
G1 X19.859 Y-2.999
G1 X19.859 Y-8.208
G1 X17.213 Y-8.213
G1 X17.208 Y-10.859
G1 X10.800 Y-10.859
G1 X10.799 Y-2.999
G1 X10.399 Y-2.599
G1 X20.259 Y-2.599
G1 X20.259 Y-8.608
G1 X17.613 Y-8.613
G1 X17.608 Y-11.259
G1 X10.400 Y-11.259
G1 X10.399 Y-2.599
G1 X9.999 Y-2.199
G1 X20.659 Y-2.199
G1 X20.659 Y-9.007
G1 X18.012 Y-9.012
G1 X18.007 Y-11.659
G1 X10.000 Y-11.659
G1 X9.999 Y-2.199
G1 X9.599 Y-1.799
G1 X21.059 Y-1.799
G1 X21.059 Y-9.406
G1 X18.411 Y-9.411
G1 X18.406 Y-12.059
G1 X9.600 Y-12.059
G1 X9.599 Y-1.799
G1 X9.199 Y-1.399
G1 X21.459 Y-1.399
G1 X21.459 Y-9.805
G1 X18.810 Y-9.810
G1 X18.805 Y-12.459
G1 X9.200 Y-12.459
G1 X9.199 Y-1.399
G1 X9.199 Y-1.399 Z2.700
G1 X9.199 Y-1.399 Z3.100
G1 X9.199 Y-1.399
G1 X9.200 Y-12.227
G1 X18.805 Y-12.227
G1 X18.810 Y-9.810
G1 X21.227 Y-9.805
G1 X21.227 Y-1.399
G1 X9.199 Y-1.399
G1 X9.599 Y-1.799
G1 X9.600 Y-11.827
G1 X18.406 Y-11.827
G1 X18.411 Y-9.411
G1 X20.827 Y-9.406
G1 X20.827 Y-1.799
G1 X9.599 Y-1.799
G1 X9.999 Y-2.199
G1 X10.000 Y-11.427
G1 X18.007 Y-11.427
G1 X18.012 Y-9.012
G1 X20.427 Y-9.007
G1 X20.427 Y-2.199
G1 X9.999 Y-2.199
G1 X10.399 Y-2.599
G1 X10.400 Y-11.027
G1 X17.608 Y-11.027
G1 X17.613 Y-8.613
G1 X20.027 Y-8.608
G1 X20.027 Y-2.599
G1 X10.399 Y-2.599
G1 X10.799 Y-2.999
G1 X10.800 Y-10.627
G1 X17.209 Y-10.627
G1 X17.214 Y-8.214
G1 X19.627 Y-8.209
G1 X19.627 Y-2.999
G1 X10.799 Y-2.999
G1 X11.199 Y-3.399
G1 X11.200 Y-10.227
G1 X16.810 Y-10.227
G1 X16.815 Y-7.815
G1 X19.227 Y-7.810
G1 X19.227 Y-3.399
G1 X11.199 Y-3.399
G1 X11.599 Y-3.799
G1 X11.600 Y-9.827
G1 X16.410 Y-9.827
G1 X16.415 Y-7.415
G1 X18.827 Y-7.410
G1 X18.827 Y-3.799
G1 X11.599 Y-3.799
G1 X11.999 Y-4.199
G1 X12.000 Y-9.427
G1 X16.011 Y-9.427
G1 X16.016 Y-7.016
G1 X18.427 Y-7.011
G1 X18.427 Y-4.199
G1 X11.999 Y-4.199
G1 X12.399 Y-4.599
G1 X12.400 Y-9.027
G1 X15.612 Y-9.027
G1 X15.617 Y-6.617
G1 X18.027 Y-6.612
G1 X18.027 Y-4.599
G1 X12.399 Y-4.599
G1 X12.799 Y-4.999
G1 X12.800 Y-8.627
G1 X15.213 Y-8.627
G1 X15.218 Y-6.218
G1 X17.627 Y-6.213
G1 X17.627 Y-4.999
G1 X12.799 Y-4.999
G1 X13.199 Y-5.399
G1 X13.200 Y-8.227
G1 X14.814 Y-8.227
G1 X14.819 Y-5.819
G1 X17.227 Y-5.814
G1 X17.227 Y-5.399
G1 X13.199 Y-5.399
G1 X13.199 Y-5.399 Z3.500
G1 X13.199 Y-5.399
G1 X17.053 Y-5.399
G1 X17.053 Y-5.813
G1 X14.817 Y-5.817
G1 X14.813 Y-8.053
G1 X13.200 Y-8.053
G1 X13.199 Y-5.399
G1 X12.799 Y-4.999
G1 X17.453 Y-4.999
G1 X17.453 Y-6.213
G1 X15.217 Y-6.217
G1 X15.213 Y-8.453
G1 X12.800 Y-8.453
G1 X12.799 Y-4.999
G1 X12.399 Y-4.599
G1 X17.853 Y-4.599
G1 X17.853 Y-6.612
G1 X15.616 Y-6.616
G1 X15.612 Y-8.853
G1 X12.400 Y-8.853
G1 X12.399 Y-4.599
G1 X11.999 Y-4.199
G1 X18.253 Y-4.199
G1 X18.253 Y-7.011
G1 X16.015 Y-7.015
G1 X16.011 Y-9.253
G1 X12.000 Y-9.253
G1 X11.999 Y-4.199
G1 X11.599 Y-3.799
G1 X18.653 Y-3.799
G1 X18.653 Y-7.411
G1 X16.415 Y-7.415
G1 X16.411 Y-9.653
G1 X11.600 Y-9.653
G1 X11.599 Y-3.799
G1 X11.199 Y-3.399
G1 X19.053 Y-3.399
G1 X19.053 Y-7.810
G1 X16.814 Y-7.814
G1 X16.810 Y-10.053
G1 X11.200 Y-10.053
G1 X11.199 Y-3.399
G1 X10.799 Y-2.999
G1 X19.453 Y-2.999
G1 X19.453 Y-8.209
G1 X17.213 Y-8.213
G1 X17.209 Y-10.453
G1 X10.800 Y-10.453
G1 X10.799 Y-2.999
G1 X10.399 Y-2.599
G1 X19.853 Y-2.599
G1 X19.853 Y-8.608
G1 X17.612 Y-8.612
G1 X17.608 Y-10.853
G1 X10.400 Y-10.853
G1 X10.399 Y-2.599
G1 X9.999 Y-2.199
G1 X20.253 Y-2.199
G1 X20.253 Y-9.008
G1 X18.012 Y-9.012
G1 X18.008 Y-11.253
G1 X10.000 Y-11.253
G1 X9.999 Y-2.199
G1 X9.599 Y-1.799
G1 X20.653 Y-1.799
G1 X20.653 Y-9.407
G1 X18.411 Y-9.411
G1 X18.407 Y-11.653
G1 X9.600 Y-11.653
G1 X9.599 Y-1.799
G1 X9.199 Y-1.399
G1 X21.053 Y-1.399
G1 X21.053 Y-9.806
G1 X18.810 Y-9.810
G1 X18.806 Y-12.053
G1 X9.200 Y-12.053
G1 X9.199 Y-1.399
G1 X9.199 Y-1.399 Z3.500
M9
G1 Z10.000
G1 X8.999 Y1.200
G1 Z2.300
M7
G4 P150
G1 X9.199 Y1.400 Z2.300
G1 X9.199 Y1.400
G1 X21.760 Y1.400
G1 X21.760 Y9.805
G1 X18.810 Y9.810
G1 X18.805 Y12.760
G1 X9.200 Y12.760
G1 X9.199 Y1.400
G1 X9.599 Y1.800
G1 X21.360 Y1.800
G1 X21.360 Y9.406
G1 X18.411 Y9.411
G1 X18.406 Y12.360
G1 X9.600 Y12.360
G1 X9.599 Y1.800
G1 X9.999 Y2.200
G1 X20.960 Y2.200
G1 X20.960 Y9.007
G1 X18.012 Y9.012
G1 X18.007 Y11.960
G1 X10.000 Y11.960
G1 X9.999 Y2.200
G1 X10.399 Y2.600
G1 X20.560 Y2.600
G1 X20.560 Y8.607
G1 X17.612 Y8.612
G1 X17.607 Y11.560
G1 X10.400 Y11.560
G1 X10.399 Y2.600
G1 X10.799 Y3.000
G1 X20.160 Y3.000
G1 X20.160 Y8.208
G1 X17.213 Y8.213
G1 X17.208 Y11.160
G1 X10.800 Y11.160
G1 X10.799 Y3.000
G1 X11.199 Y3.400
G1 X19.760 Y3.400
G1 X19.760 Y7.809
G1 X16.814 Y7.814
G1 X16.809 Y10.760
G1 X11.200 Y10.760
G1 X11.199 Y3.400
G1 X11.599 Y3.800
G1 X19.360 Y3.800
G1 X19.360 Y7.409
G1 X16.414 Y7.414
G1 X16.409 Y10.360
G1 X11.600 Y10.360
G1 X11.599 Y3.800
G1 X11.999 Y4.200
G1 X18.960 Y4.200
G1 X18.960 Y7.010
G1 X16.015 Y7.015
G1 X16.010 Y9.960
G1 X12.000 Y9.960
G1 X11.999 Y4.200
G1 X12.399 Y4.600
G1 X18.560 Y4.600
G1 X18.560 Y6.611
G1 X15.616 Y6.616
G1 X15.611 Y9.560
G1 X12.400 Y9.560
G1 X12.399 Y4.600
G1 X12.799 Y5.000
G1 X18.160 Y5.000
G1 X18.160 Y6.211
G1 X15.216 Y6.216
G1 X15.211 Y9.160
G1 X12.800 Y9.160
G1 X12.799 Y5.000
G1 X13.199 Y5.400
G1 X17.760 Y5.400
G1 X17.760 Y5.812
G1 X14.817 Y5.817
G1 X14.812 Y8.760
G1 X13.200 Y8.760
G1 X13.199 Y5.400
G1 X13.199 Y5.400 Z2.700
G1 X13.199 Y5.400
G1 X13.200 Y8.459
G1 X14.813 Y8.459
G1 X14.818 Y5.818
G1 X17.459 Y5.813
G1 X17.459 Y5.400
G1 X13.199 Y5.400
G1 X12.799 Y5.000
G1 X12.800 Y8.859
G1 X15.212 Y8.859
G1 X15.217 Y6.217
G1 X17.859 Y6.212
G1 X17.859 Y5.000
G1 X12.799 Y5.000
G1 X12.399 Y4.600
G1 X12.400 Y9.259
G1 X15.611 Y9.259
G1 X15.616 Y6.616
G1 X18.259 Y6.611
G1 X18.259 Y4.600
G1 X12.399 Y4.600
G1 X11.999 Y4.200
G1 X12.000 Y9.659
G1 X16.011 Y9.659
G1 X16.016 Y7.016
G1 X18.659 Y7.011
G1 X18.659 Y4.200
G1 X11.999 Y4.200
G1 X11.599 Y3.800
G1 X11.600 Y10.059
G1 X16.410 Y10.059
G1 X16.415 Y7.415
G1 X19.059 Y7.410
G1 X19.059 Y3.800
G1 X11.599 Y3.800
G1 X11.199 Y3.400
G1 X11.200 Y10.459
G1 X16.809 Y10.459
G1 X16.814 Y7.814
G1 X19.459 Y7.809
G1 X19.459 Y3.400
G1 X11.199 Y3.400
G1 X10.799 Y3.000
G1 X10.800 Y10.859
G1 X17.208 Y10.859
G1 X17.213 Y8.213
G1 X19.859 Y8.208
G1 X19.859 Y3.000
G1 X10.799 Y3.000
G1 X10.399 Y2.600
G1 X10.400 Y11.259
G1 X17.608 Y11.259
G1 X17.613 Y8.613
G1 X20.259 Y8.608
G1 X20.259 Y2.600
G1 X10.399 Y2.600
G1 X9.999 Y2.200
G1 X10.000 Y11.659
G1 X18.007 Y11.659
G1 X18.012 Y9.012
G1 X20.659 Y9.007
G1 X20.659 Y2.200
G1 X9.999 Y2.200
G1 X9.599 Y1.800
G1 X9.600 Y12.059
G1 X18.406 Y12.059
G1 X18.411 Y9.411
G1 X21.059 Y9.406
G1 X21.059 Y1.800
G1 X9.599 Y1.800
G1 X9.199 Y1.400
G1 X9.200 Y12.459
G1 X18.805 Y12.459
G1 X18.810 Y9.810
G1 X21.459 Y9.805
G1 X21.459 Y1.400
G1 X9.199 Y1.400
G1 X9.199 Y1.400 Z2.700
G1 X9.199 Y1.400 Z3.100
G1 X9.199 Y1.400
G1 X21.227 Y1.400
G1 X21.227 Y9.805
G1 X18.810 Y9.810
G1 X18.805 Y12.227
G1 X9.200 Y12.227
G1 X9.199 Y1.400
G1 X9.599 Y1.800
G1 X20.827 Y1.800
G1 X20.827 Y9.406
G1 X18.411 Y9.411
G1 X18.406 Y11.827
G1 X9.600 Y11.827
G1 X9.599 Y1.800
G1 X9.999 Y2.200
G1 X20.427 Y2.200
G1 X20.427 Y9.007
G1 X18.012 Y9.012
G1 X18.007 Y11.427
G1 X10.000 Y11.427
G1 X9.999 Y2.200
G1 X10.399 Y2.600
G1 X20.027 Y2.600
G1 X20.027 Y8.608
G1 X17.613 Y8.613
G1 X17.608 Y11.027
G1 X10.400 Y11.027
G1 X10.399 Y2.600
G1 X10.799 Y3.000
G1 X19.627 Y3.000
G1 X19.627 Y8.209
G1 X17.214 Y8.214
G1 X17.209 Y10.627
G1 X10.800 Y10.627
G1 X10.799 Y3.000
G1 X11.199 Y3.400
G1 X19.227 Y3.400
G1 X19.227 Y7.810
G1 X16.815 Y7.815
G1 X16.810 Y10.227
G1 X11.200 Y10.227
G1 X11.199 Y3.400
G1 X11.599 Y3.800
G1 X18.827 Y3.800
G1 X18.827 Y7.410
G1 X16.415 Y7.415
G1 X16.410 Y9.827
G1 X11.600 Y9.827
G1 X11.599 Y3.800
G1 X11.999 Y4.200
G1 X18.427 Y4.200
G1 X18.427 Y7.011
G1 X16.016 Y7.016
G1 X16.011 Y9.427
G1 X12.000 Y9.427
G1 X11.999 Y4.200
G1 X12.399 Y4.600
G1 X18.027 Y4.600
G1 X18.027 Y6.612
G1 X15.617 Y6.617
G1 X15.612 Y9.027
G1 X12.400 Y9.027
G1 X12.399 Y4.600
G1 X12.799 Y5.000
G1 X17.627 Y5.000
G1 X17.627 Y6.213
G1 X15.218 Y6.218
G1 X15.213 Y8.627
G1 X12.800 Y8.627
G1 X12.799 Y5.000
G1 X13.199 Y5.400
G1 X17.227 Y5.400
G1 X17.227 Y5.814
G1 X14.819 Y5.819
G1 X14.814 Y8.227
G1 X13.200 Y8.227
G1 X13.199 Y5.400
G1 X13.199 Y5.400 Z3.500
G1 X13.199 Y5.400
G1 X13.200 Y8.053
G1 X14.813 Y8.053
G1 X14.817 Y5.817
G1 X17.053 Y5.813
G1 X17.053 Y5.400
G1 X13.199 Y5.400
G1 X12.799 Y5.000
G1 X12.800 Y8.453
G1 X15.213 Y8.453
G1 X15.217 Y6.217
G1 X17.453 Y6.213
G1 X17.453 Y5.000
G1 X12.799 Y5.000
G1 X12.399 Y4.600
G1 X12.400 Y8.853
G1 X15.612 Y8.853
G1 X15.616 Y6.616
G1 X17.853 Y6.612
G1 X17.853 Y4.600
G1 X12.399 Y4.600
G1 X11.999 Y4.200
G1 X12.000 Y9.253
G1 X16.011 Y9.253
G1 X16.015 Y7.015
G1 X18.253 Y7.011
G1 X18.253 Y4.200
G1 X11.999 Y4.200
G1 X11.599 Y3.800
G1 X11.600 Y9.653
G1 X16.411 Y9.653
G1 X16.415 Y7.415
G1 X18.653 Y7.411
G1 X18.653 Y3.800
G1 X11.599 Y3.800
G1 X11.199 Y3.400
G1 X11.200 Y10.053
G1 X16.810 Y10.053
G1 X16.814 Y7.814
G1 X19.053 Y7.810
G1 X19.053 Y3.400
G1 X11.199 Y3.400
G1 X10.799 Y3.000
G1 X10.800 Y10.453
G1 X17.209 Y10.453
G1 X17.213 Y8.213
G1 X19.453 Y8.209
G1 X19.453 Y3.000
G1 X10.799 Y3.000
G1 X10.399 Y2.600
G1 X10.400 Y10.853
G1 X17.608 Y10.853
G1 X17.612 Y8.612
G1 X19.853 Y8.608
G1 X19.853 Y2.600
G1 X10.399 Y2.600
G1 X9.999 Y2.200
G1 X10.000 Y11.253
G1 X18.008 Y11.253
G1 X18.012 Y9.012
G1 X20.253 Y9.008
G1 X20.253 Y2.200
G1 X9.999 Y2.200
G1 X9.599 Y1.800
G1 X9.600 Y11.653
G1 X18.407 Y11.653
G1 X18.411 Y9.411
G1 X20.653 Y9.407
G1 X20.653 Y1.800
G1 X9.599 Y1.800
G1 X9.199 Y1.400
G1 X9.200 Y12.053
G1 X18.806 Y12.053
G1 X18.810 Y9.810
G1 X21.053 Y9.806
G1 X21.053 Y1.400
G1 X9.199 Y1.400
G1 X9.199 Y1.400 Z3.500
M9
G1 Z10.000
G1 X0.000 Y-17.299
G1 Z1.100
M7
G4 P150
G1 X0.000 Y-17.499 Z1.100
G1 X0.000 Y-17.499
G1 X-18.800 Y-17.500
G1 X-18.800 Y-22.747
G1 X-14.810 Y-29.747
G1 X-14.806 Y-31.605
G1 X14.806 Y-31.605
G1 X14.810 Y-29.747
G1 X18.800 Y-22.747
G1 X18.800 Y-17.500
G1 X0.000 Y-17.499
G1 X0.000 Y-17.899
G1 X-18.400 Y-17.900
G1 X-18.400 Y-22.641
G1 X-14.410 Y-29.640
G1 X-14.407 Y-31.205
G1 X14.407 Y-31.205
G1 X14.410 Y-29.640
G1 X18.400 Y-22.641
G1 X18.400 Y-17.900
G1 X0.000 Y-17.899
G1 X0.000 Y-18.299
G1 X-18.000 Y-18.300
G1 X-18.000 Y-22.535
G1 X-14.011 Y-29.534
G1 X-14.008 Y-30.805
G1 X14.008 Y-30.805
G1 X14.011 Y-29.534
G1 X18.000 Y-22.535
G1 X18.000 Y-18.300
G1 X0.000 Y-18.299
G1 X0.000 Y-18.699
G1 X-17.600 Y-18.700
G1 X-17.600 Y-22.429
G1 X-13.611 Y-29.428
G1 X-13.609 Y-30.405
G1 X13.609 Y-30.405
G1 X13.611 Y-29.428
G1 X17.600 Y-22.429
G1 X17.600 Y-18.700
G1 X0.000 Y-18.699
G1 X0.000 Y-19.099
G1 X-17.200 Y-19.100
G1 X-17.200 Y-22.323
G1 X-13.211 Y-29.321
G1 X-13.210 Y-30.005
G1 X13.210 Y-30.005
G1 X13.211 Y-29.321
G1 X17.200 Y-22.323
G1 X17.200 Y-19.100
G1 X0.000 Y-19.099
G1 X0.000 Y-19.499
G1 X-16.800 Y-19.500
G1 X-16.800 Y-22.217
G1 X-12.811 Y-29.215
G1 X-12.810 Y-29.605
G1 X12.810 Y-29.605
G1 X12.811 Y-29.215
G1 X16.800 Y-22.217
G1 X16.800 Y-19.500
G1 X0.000 Y-19.499
G1 X0.000 Y-19.899
G1 X-16.400 Y-19.900
G1 X-16.400 Y-22.111
G1 X-12.411 Y-29.109
G1 X-12.411 Y-29.205
G1 X12.411 Y-29.205
G1 X12.411 Y-29.109
G1 X16.400 Y-22.111
G1 X16.400 Y-19.900
G1 X0.000 Y-19.899
G1 X0.000 Y-20.299
G1 X-16.000 Y-20.300
G1 X-16.000 Y-22.005
G1 X-12.124 Y-28.805
G1 X12.124 Y-28.805
G1 X16.000 Y-22.005
G1 X16.000 Y-20.300
G1 X-0.000 Y-20.299
G1 X0.000 Y-20.699
G1 X-15.600 Y-20.700
G1 X-15.600 Y-21.899
G1 X-11.892 Y-28.405
G1 X11.892 Y-28.405
G1 X15.600 Y-21.899
G1 X15.600 Y-20.700
G1 X0.000 Y-20.699
G1 X0.000 Y-21.099
G1 X-15.200 Y-21.100
G1 X-15.200 Y-21.793
G1 X-11.659 Y-28.005
G1 X11.659 Y-28.005
G1 X15.200 Y-21.793
G1 X15.200 Y-21.100
G1 X-0.000 Y-21.099
G1 X0.000 Y-21.499
G1 X-14.800 Y-21.500
G1 X-14.800 Y-21.687
G1 X-11.427 Y-27.605
G1 X11.427 Y-27.605
G1 X14.800 Y-21.687
G1 X14.800 Y-21.500
G1 X0.000 Y-21.499
G1 X0.000 Y-21.899
G1 X-14.218 Y-21.900
G1 X-11.194 Y-27.205
G1 X11.194 Y-27.205
G1 X14.218 Y-21.900
G1 X-0.000 Y-21.899
G1 X0.000 Y-22.299
G1 X-13.530 Y-22.300
G1 X-10.962 Y-26.805
G1 X10.962 Y-26.805
G1 X13.530 Y-22.300
G1 X0.000 Y-22.299
G1 X0.000 Y-22.699
G1 X-12.842 Y-22.700
G1 X-10.730 Y-26.405
G1 X10.730 Y-26.405
G1 X12.842 Y-22.700
G1 X-0.000 Y-22.699
G1 X0.000 Y-23.099
G1 X-12.153 Y-23.100
G1 X-10.497 Y-26.005
G1 X10.497 Y-26.005
G1 X12.153 Y-23.100
G1 X0.000 Y-23.099
G1 X0.000 Y-23.499
G1 X-11.465 Y-23.500
G1 X-10.265 Y-25.605
G1 X10.265 Y-25.605
G1 X11.465 Y-23.500
G1 X-0.000 Y-23.499
G1 X0.000 Y-23.899
G1 X-10.776 Y-23.900
G1 X-10.032 Y-25.205
G1 X10.032 Y-25.205
G1 X10.776 Y-23.900
G1 X0.000 Y-23.899
G1 X0.000 Y-24.299
G1 X-10.088 Y-24.300
G1 X-9.800 Y-24.805
G1 X9.800 Y-24.805
G1 X10.088 Y-24.300
G1 X-0.000 Y-24.299
G1 X0.000 Y-24.599 Z1.500
G1 X0.000 Y-24.599
G1 X10.377 Y-24.600
G1 X10.009 Y-25.245
G1 X-10.009 Y-25.245
G1 X-10.377 Y-24.600
G1 X0.000 Y-24.599
G1 X0.000 Y-24.199
G1 X11.066 Y-24.200
G1 X10.242 Y-25.645
G1 X-10.242 Y-25.645
G1 X-11.066 Y-24.200
G1 X0.000 Y-24.199
G1 X0.000 Y-23.799
G1 X11.754 Y-23.800
G1 X10.474 Y-26.045
G1 X-10.474 Y-26.045
G1 X-11.754 Y-23.800
G1 X0.000 Y-23.799
G1 X0.000 Y-23.399
G1 X12.443 Y-23.400
G1 X10.707 Y-26.445
G1 X-10.707 Y-26.445
G1 X-12.443 Y-23.400
G1 X0.000 Y-23.399
G1 X0.000 Y-22.999
G1 X13.131 Y-23.000
G1 X10.939 Y-26.845
G1 X-10.939 Y-26.845
G1 X-13.131 Y-23.000
G1 X0.000 Y-22.999
G1 X0.000 Y-22.599
G1 X13.819 Y-22.600
G1 X11.172 Y-27.245
G1 X-11.172 Y-27.245
G1 X-13.819 Y-22.600
G1 X0.000 Y-22.599
G1 X-0.000 Y-22.199
G1 X14.508 Y-22.200
G1 X11.404 Y-27.645
G1 X-11.404 Y-27.645
G1 X-14.508 Y-22.200
G1 X0.000 Y-22.199
G1 X0.000 Y-21.799
G1 X15.196 Y-21.800
G1 X11.636 Y-28.045
G1 X-11.636 Y-28.045
G1 X-15.196 Y-21.800
G1 X0.000 Y-21.799
G1 X-0.000 Y-21.399
G1 X15.600 Y-21.400
G1 X15.600 Y-21.899
G1 X11.869 Y-28.445
G1 X-11.869 Y-28.445
G1 X-15.600 Y-21.899
G1 X-15.600 Y-21.400
G1 X0.000 Y-21.399
G1 X0.000 Y-20.999
G1 X16.000 Y-21.000
G1 X16.000 Y-22.005
G1 X12.101 Y-28.845
G1 X-12.101 Y-28.845
G1 X-16.000 Y-22.005
G1 X-16.000 Y-21.000
G1 X0.000 Y-20.999
G1 X0.000 Y-20.599
G1 X16.400 Y-20.600
G1 X16.400 Y-22.111
G1 X12.411 Y-29.109
G1 X12.411 Y-29.245
G1 X-12.411 Y-29.245
G1 X-12.411 Y-29.109
G1 X-16.400 Y-22.111
G1 X-16.400 Y-20.600
G1 X0.000 Y-20.599
G1 X0.000 Y-20.199
G1 X16.800 Y-20.200
G1 X16.800 Y-22.217
G1 X12.811 Y-29.215
G1 X12.810 Y-29.645
G1 X-12.810 Y-29.645
G1 X-12.811 Y-29.215
G1 X-16.800 Y-22.217
G1 X-16.800 Y-20.200
G1 X0.000 Y-20.199
G1 X0.000 Y-19.799
G1 X17.200 Y-19.800
G1 X17.200 Y-22.323
G1 X13.211 Y-29.321
G1 X13.210 Y-30.045
G1 X-13.210 Y-30.045
G1 X-13.211 Y-29.321
G1 X-17.200 Y-22.323
G1 X-17.200 Y-19.800
G1 X0.000 Y-19.799
G1 X0.000 Y-19.399
G1 X17.600 Y-19.400
G1 X17.600 Y-22.429
G1 X13.611 Y-29.428
G1 X13.609 Y-30.445
G1 X-13.609 Y-30.445
G1 X-13.611 Y-29.428
G1 X-17.600 Y-22.429
G1 X-17.600 Y-19.400
G1 X0.000 Y-19.399
G1 X0.000 Y-18.999
G1 X18.000 Y-19.000
G1 X18.000 Y-22.535
G1 X14.011 Y-29.534
G1 X14.008 Y-30.845
G1 X-14.008 Y-30.845
G1 X-14.011 Y-29.534
G1 X-18.000 Y-22.535
G1 X-18.000 Y-19.000
G1 X0.000 Y-18.999
G1 X0.000 Y-18.599
G1 X18.400 Y-18.600
G1 X18.400 Y-22.641
G1 X14.410 Y-29.640
G1 X14.407 Y-31.245
G1 X-14.407 Y-31.245
G1 X-14.410 Y-29.640
G1 X-18.400 Y-22.641
G1 X-18.400 Y-18.600
G1 X0.000 Y-18.599
G1 X0.000 Y-18.199
G1 X18.800 Y-18.200
G1 X18.800 Y-22.747
G1 X14.810 Y-29.747
G1 X14.806 Y-31.645
G1 X-14.806 Y-31.645
G1 X-14.810 Y-29.747
G1 X-18.800 Y-22.747
G1 X-18.800 Y-18.200
G1 X0.000 Y-18.199
G1 X0.000 Y-18.199 Z1.500
G1 X0.000 Y-19.644 Z1.900
G1 X0.000 Y-19.644
G1 X-18.800 Y-19.645
G1 X-18.800 Y-22.747
G1 X-14.810 Y-29.747
G1 X-14.806 Y-31.727
G1 X14.806 Y-31.727
G1 X14.810 Y-29.747
G1 X18.800 Y-22.747
G1 X18.800 Y-19.645
G1 X0.000 Y-19.644
G1 X0.000 Y-20.044
G1 X-18.400 Y-20.045
G1 X-18.400 Y-22.641
G1 X-14.410 Y-29.640
G1 X-14.407 Y-31.327
G1 X14.407 Y-31.327
G1 X14.410 Y-29.640
G1 X18.400 Y-22.641
G1 X18.400 Y-20.045
G1 X0.000 Y-20.044
G1 X0.000 Y-20.444
G1 X-18.000 Y-20.445
G1 X-18.000 Y-22.535
G1 X-14.010 Y-29.534
G1 X-14.008 Y-30.927
G1 X14.008 Y-30.927
G1 X14.010 Y-29.534
G1 X18.000 Y-22.535
G1 X18.000 Y-20.445
G1 X0.000 Y-20.444
G1 X0.000 Y-20.844
G1 X-17.600 Y-20.845
G1 X-17.600 Y-22.429
G1 X-13.611 Y-29.428
G1 X-13.609 Y-30.527
G1 X13.609 Y-30.527
G1 X13.611 Y-29.428
G1 X17.600 Y-22.429
G1 X17.600 Y-20.845
G1 X0.000 Y-20.844
G1 X0.000 Y-21.244
G1 X-17.200 Y-21.245
G1 X-17.200 Y-22.323
G1 X-13.211 Y-29.321
G1 X-13.209 Y-30.127
G1 X13.209 Y-30.127
G1 X13.211 Y-29.321
G1 X17.200 Y-22.323
G1 X17.200 Y-21.245
G1 X0.000 Y-21.244
G1 X0.000 Y-21.644
G1 X-16.800 Y-21.645
G1 X-16.800 Y-22.217
G1 X-12.811 Y-29.215
G1 X-12.810 Y-29.727
G1 X12.810 Y-29.727
G1 X12.811 Y-29.215
G1 X16.800 Y-22.217
G1 X16.800 Y-21.645
G1 X0.000 Y-21.644
G1 X0.000 Y-22.044
G1 X-16.400 Y-22.045
G1 X-16.400 Y-22.111
G1 X-12.411 Y-29.109
G1 X-12.411 Y-29.327
G1 X12.411 Y-29.327
G1 X12.411 Y-29.109
G1 X16.400 Y-22.111
G1 X16.400 Y-22.045
G1 X0.000 Y-22.044
G1 X0.000 Y-22.444
G1 X-15.749 Y-22.445
G1 X-12.054 Y-28.927
G1 X12.054 Y-28.927
G1 X15.749 Y-22.445
G1 X0.000 Y-22.444
G1 X0.000 Y-22.844
G1 X-15.061 Y-22.845
G1 X-11.822 Y-28.527
G1 X11.822 Y-28.527
G1 X15.061 Y-22.845
G1 X0.000 Y-22.844
G1 X0.000 Y-23.244
G1 X-14.373 Y-23.245
G1 X-11.590 Y-28.127
G1 X11.590 Y-28.127
G1 X14.373 Y-23.245
G1 X-0.000 Y-23.244
G1 X0.000 Y-23.644
G1 X-13.684 Y-23.645
G1 X-11.357 Y-27.727
G1 X11.357 Y-27.727
G1 X13.684 Y-23.645
G1 X0.000 Y-23.644
G1 X-0.000 Y-24.044
G1 X-12.996 Y-24.045
G1 X-11.125 Y-27.327
G1 X11.125 Y-27.327
G1 X12.996 Y-24.045
G1 X-0.000 Y-24.044
G1 X-0.000 Y-24.444
G1 X-12.307 Y-24.445
G1 X-10.892 Y-26.927
G1 X10.892 Y-26.927
G1 X12.307 Y-24.445
G1 X-0.000 Y-24.444
G1 X-0.000 Y-24.844
G1 X-11.619 Y-24.845
G1 X-10.660 Y-26.527
G1 X10.660 Y-26.527
G1 X11.619 Y-24.845
G1 X0.000 Y-24.844
G1 X-0.000 Y-25.244
G1 X-10.931 Y-25.245
G1 X-10.428 Y-26.127
G1 X10.428 Y-26.127
G1 X10.931 Y-25.245
G1 X0.000 Y-25.244
G1 X-0.000 Y-25.644
G1 X-10.242 Y-25.645
G1 X-10.195 Y-25.727
G1 X10.195 Y-25.727
G1 X10.242 Y-25.645
G1 X-0.000 Y-25.644
G1 X0.000 Y-25.638 Z2.300
G1 X0.000 Y-25.638
G1 X10.706 Y-25.639
G1 X10.356 Y-26.253
G1 X-10.356 Y-26.253
G1 X-10.706 Y-25.639
G1 X0.000 Y-25.638
G1 X0.000 Y-25.238
G1 X11.394 Y-25.239
G1 X10.588 Y-26.653
G1 X-10.588 Y-26.653
G1 X-11.394 Y-25.239
G1 X0.000 Y-25.238
G1 X0.000 Y-24.838
G1 X12.083 Y-24.839
G1 X10.821 Y-27.053
G1 X-10.821 Y-27.053
G1 X-12.083 Y-24.839
G1 X0.000 Y-24.838
G1 X0.000 Y-24.438
G1 X12.771 Y-24.439
G1 X11.053 Y-27.453
G1 X-11.053 Y-27.453
G1 X-12.771 Y-24.439
G1 X0.000 Y-24.438
G1 X0.000 Y-24.038
G1 X13.460 Y-24.039
G1 X11.285 Y-27.853
G1 X-11.285 Y-27.853
G1 X-13.460 Y-24.039
G1 X0.000 Y-24.038
G1 X0.000 Y-23.638
G1 X14.148 Y-23.639
G1 X11.518 Y-28.253
G1 X-11.518 Y-28.253
G1 X-14.148 Y-23.639
G1 X0.000 Y-23.638
G1 X0.000 Y-23.238
G1 X14.836 Y-23.239
G1 X11.750 Y-28.653
G1 X-11.750 Y-28.653
G1 X-14.836 Y-23.239
G1 X0.000 Y-23.238
G1 X0.000 Y-22.838
G1 X15.525 Y-22.839
G1 X12.011 Y-29.003
G1 X12.011 Y-29.053
G1 X-12.011 Y-29.053
G1 X-12.011 Y-29.003
G1 X-15.525 Y-22.839
G1 X0.000 Y-22.838
G1 X0.000 Y-22.438
G1 X16.213 Y-22.439
G1 X12.411 Y-29.109
G1 X12.411 Y-29.453
G1 X-12.411 Y-29.453
G1 X-12.411 Y-29.109
G1 X-16.213 Y-22.439
G1 X0.000 Y-22.438
G1 X0.000 Y-22.038
G1 X16.800 Y-22.039
G1 X16.800 Y-22.217
G1 X12.811 Y-29.215
G1 X12.810 Y-29.853
G1 X-12.810 Y-29.853
G1 X-12.811 Y-29.215
G1 X-16.800 Y-22.217
G1 X-16.800 Y-22.039
G1 X0.000 Y-22.038
G1 X0.000 Y-21.638
G1 X17.200 Y-21.639
G1 X17.200 Y-22.323
G1 X13.211 Y-29.322
G1 X13.209 Y-30.253
G1 X-13.209 Y-30.253
G1 X-13.211 Y-29.322
G1 X-17.200 Y-22.323
G1 X-17.200 Y-21.639
G1 X0.000 Y-21.638
G1 X0.000 Y-21.238
G1 X17.600 Y-21.239
G1 X17.600 Y-22.429
G1 X13.611 Y-29.428
G1 X13.608 Y-30.653
G1 X-13.608 Y-30.653
G1 X-13.611 Y-29.428
G1 X-17.600 Y-22.429
G1 X-17.600 Y-21.239
G1 X0.000 Y-21.238
G1 X0.000 Y-20.838
G1 X18.000 Y-20.839
G1 X18.000 Y-22.535
G1 X14.010 Y-29.534
G1 X14.008 Y-31.053
G1 X-14.008 Y-31.053
G1 X-14.010 Y-29.534
G1 X-18.000 Y-22.535
G1 X-18.000 Y-20.839
G1 X0.000 Y-20.838
G1 X0.000 Y-20.438
G1 X18.400 Y-20.439
G1 X18.400 Y-22.641
G1 X14.410 Y-29.641
G1 X14.407 Y-31.453
G1 X-14.407 Y-31.453
G1 X-14.410 Y-29.641
G1 X-18.400 Y-22.641
G1 X-18.400 Y-20.439
G1 X0.000 Y-20.438
G1 X0.000 Y-20.038
G1 X18.800 Y-20.039
G1 X18.800 Y-22.747
G1 X14.810 Y-29.747
G1 X14.806 Y-31.853
G1 X-14.806 Y-31.853
G1 X-14.810 Y-29.747
G1 X-18.800 Y-22.747
G1 X-18.800 Y-20.039
G1 X0.000 Y-20.038
G1 X0.000 Y-20.038 Z2.300
G1 X0.000 Y-20.339 Z2.700
G1 X0.000 Y-20.339
G1 X-18.800 Y-20.340
G1 X-18.800 Y-22.747
G1 X-14.810 Y-29.747
G1 X-14.805 Y-32.027
G1 X14.805 Y-32.027
G1 X14.810 Y-29.747
G1 X18.800 Y-22.747
G1 X18.800 Y-20.340
G1 X0.000 Y-20.339
G1 X0.000 Y-20.739
G1 X-18.400 Y-20.740
G1 X-18.400 Y-22.641
G1 X-14.410 Y-29.640
G1 X-14.406 Y-31.627
G1 X14.406 Y-31.627
G1 X14.410 Y-29.640
G1 X18.400 Y-22.641
G1 X18.400 Y-20.740
G1 X0.000 Y-20.739
G1 X0.000 Y-21.139
G1 X-18.000 Y-21.140
G1 X-18.000 Y-22.535
G1 X-14.011 Y-29.534
G1 X-14.007 Y-31.227
G1 X14.007 Y-31.227
G1 X14.011 Y-29.534
G1 X18.000 Y-22.535
G1 X18.000 Y-21.140
G1 X0.000 Y-21.139
G1 X0.000 Y-21.539
G1 X-17.600 Y-21.540
G1 X-17.600 Y-22.429
G1 X-13.611 Y-29.428
G1 X-13.608 Y-30.827
G1 X13.608 Y-30.827
G1 X13.611 Y-29.428
G1 X17.600 Y-22.429
G1 X17.600 Y-21.540
G1 X0.000 Y-21.539
G1 X0.000 Y-21.939
G1 X-17.200 Y-21.940
G1 X-17.200 Y-22.323
G1 X-13.211 Y-29.321
G1 X-13.209 Y-30.427
G1 X13.209 Y-30.427
G1 X13.211 Y-29.321
G1 X17.200 Y-22.323
G1 X17.200 Y-21.940
G1 X0.000 Y-21.939
G1 X0.000 Y-22.339
G1 X-16.730 Y-22.340
G1 X-12.811 Y-29.215
G1 X-12.810 Y-30.027
G1 X12.810 Y-30.027
G1 X12.811 Y-29.215
G1 X16.730 Y-22.340
G1 X0.000 Y-22.339
G1 X0.000 Y-22.739
G1 X-16.042 Y-22.740
G1 X-12.411 Y-29.109
G1 X-12.410 Y-29.627
G1 X12.410 Y-29.627
G1 X12.411 Y-29.109
G1 X16.042 Y-22.740
G1 X0.000 Y-22.739
G1 X0.000 Y-23.139
G1 X-15.353 Y-23.140
G1 X-12.012 Y-29.002
G1 X-12.011 Y-29.227
G1 X12.011 Y-29.227
G1 X12.012 Y-29.002
G1 X15.353 Y-23.140
G1 X0.000 Y-23.139
G1 X0.000 Y-23.539
G1 X-14.665 Y-23.540
G1 X-11.651 Y-28.827
G1 X11.651 Y-28.827
G1 X14.665 Y-23.540
G1 X0.000 Y-23.539
G1 X0.000 Y-23.939
G1 X-13.976 Y-23.940
G1 X-11.419 Y-28.427
G1 X11.419 Y-28.427
G1 X13.976 Y-23.940
G1 X-0.000 Y-23.939
G1 X0.000 Y-24.339
G1 X-13.288 Y-24.340
G1 X-11.186 Y-28.027
G1 X11.186 Y-28.027
G1 X13.288 Y-24.340
G1 X0.000 Y-24.339
G1 X0.000 Y-24.739
G1 X-12.600 Y-24.740
G1 X-10.954 Y-27.627
G1 X10.954 Y-27.627
G1 X12.600 Y-24.740
G1 X-0.000 Y-24.739
G1 X0.000 Y-25.139
G1 X-11.911 Y-25.140
G1 X-10.721 Y-27.227
G1 X10.721 Y-27.227
G1 X11.911 Y-25.140
G1 X0.000 Y-25.139
G1 X0.000 Y-25.539
G1 X-11.223 Y-25.540
G1 X-10.489 Y-26.827
G1 X10.489 Y-26.827
G1 X11.223 Y-25.540
G1 X-0.000 Y-25.539
G1 X0.000 Y-25.939
G1 X-10.534 Y-25.940
G1 X-10.257 Y-26.427
G1 X10.257 Y-26.427
G1 X10.534 Y-25.940
G1 X0.000 Y-25.939
M9
G1 Z10.000
G1 X0.000 Y17.299
G1 Z1.100
M7
G4 P150
G1 X0.000 Y17.499 Z1.100
G1 X0.000 Y17.499
G1 X18.800 Y17.500
G1 X18.800 Y22.747
G1 X14.810 Y29.747
G1 X14.806 Y31.605
G1 X-14.806 Y31.605
G1 X-14.810 Y29.747
G1 X-18.800 Y22.747
G1 X-18.800 Y17.500
G1 X0.000 Y17.499
G1 X0.000 Y17.899
G1 X18.400 Y17.900
G1 X18.400 Y22.641
G1 X14.410 Y29.640
G1 X14.407 Y31.205
G1 X-14.407 Y31.205
G1 X-14.410 Y29.640
G1 X-18.400 Y22.641
G1 X-18.400 Y17.900
G1 X0.000 Y17.899
G1 X0.000 Y18.299
G1 X18.000 Y18.300
G1 X18.000 Y22.535
G1 X14.011 Y29.534
G1 X14.008 Y30.805
G1 X-14.008 Y30.805
G1 X-14.011 Y29.534
G1 X-18.000 Y22.535
G1 X-18.000 Y18.300
G1 X0.000 Y18.299
G1 X0.000 Y18.699
G1 X17.600 Y18.700
G1 X17.600 Y22.429
G1 X13.611 Y29.428
G1 X13.609 Y30.405
G1 X-13.609 Y30.405
G1 X-13.611 Y29.428
G1 X-17.600 Y22.429
G1 X-17.600 Y18.700
G1 X0.000 Y18.699
G1 X0.000 Y19.099
G1 X17.200 Y19.100
G1 X17.200 Y22.323
G1 X13.211 Y29.321
G1 X13.210 Y30.005
G1 X-13.210 Y30.005
G1 X-13.211 Y29.321
G1 X-17.200 Y22.323
G1 X-17.200 Y19.100
G1 X0.000 Y19.099
G1 X0.000 Y19.499
G1 X16.800 Y19.500
G1 X16.800 Y22.217
G1 X12.811 Y29.215
G1 X12.810 Y29.605
G1 X-12.810 Y29.605
G1 X-12.811 Y29.215
G1 X-16.800 Y22.217
G1 X-16.800 Y19.500
G1 X0.000 Y19.499
G1 X0.000 Y19.899
G1 X16.400 Y19.900
G1 X16.400 Y22.111
G1 X12.411 Y29.109
G1 X12.411 Y29.205
G1 X-12.411 Y29.205
G1 X-12.411 Y29.109
G1 X-16.400 Y22.111
G1 X-16.400 Y19.900
G1 X0.000 Y19.899
G1 X0.000 Y20.299
G1 X16.000 Y20.300
G1 X16.000 Y22.005
G1 X12.124 Y28.805
G1 X-12.124 Y28.805
G1 X-16.000 Y22.005
G1 X-16.000 Y20.300
G1 X0.000 Y20.299
G1 X0.000 Y20.699
G1 X15.600 Y20.700
G1 X15.600 Y21.899
G1 X11.892 Y28.405
G1 X-11.892 Y28.405
G1 X-15.600 Y21.899
G1 X-15.600 Y20.700
G1 X-0.000 Y20.699
G1 X0.000 Y21.099
G1 X15.200 Y21.100
G1 X15.200 Y21.793
G1 X11.659 Y28.005
G1 X-11.659 Y28.005
G1 X-15.200 Y21.793
G1 X-15.200 Y21.100
G1 X0.000 Y21.099
G1 X0.000 Y21.499
G1 X14.800 Y21.500
G1 X14.800 Y21.687
G1 X11.427 Y27.605
G1 X-11.427 Y27.605
G1 X-14.800 Y21.687
G1 X-14.800 Y21.500
G1 X-0.000 Y21.499
G1 X0.000 Y21.899
G1 X14.218 Y21.900
G1 X11.194 Y27.205
G1 X-11.194 Y27.205
G1 X-14.218 Y21.900
G1 X0.000 Y21.899
G1 X0.000 Y22.299
G1 X13.530 Y22.300
G1 X10.962 Y26.805
G1 X-10.962 Y26.805
G1 X-13.530 Y22.300
G1 X-0.000 Y22.299
G1 X0.000 Y22.699
G1 X12.842 Y22.700
G1 X10.730 Y26.405
G1 X-10.730 Y26.405
G1 X-12.842 Y22.700
G1 X0.000 Y22.699
G1 X0.000 Y23.099
G1 X12.153 Y23.100
G1 X10.497 Y26.005
G1 X-10.497 Y26.005
G1 X-12.153 Y23.100
G1 X-0.000 Y23.099
G1 X0.000 Y23.499
G1 X11.465 Y23.500
G1 X10.265 Y25.605
G1 X-10.265 Y25.605
G1 X-11.465 Y23.500
G1 X0.000 Y23.499
G1 X0.000 Y23.899
G1 X10.776 Y23.900
G1 X10.032 Y25.205
G1 X-10.032 Y25.205
G1 X-10.776 Y23.900
G1 X-0.000 Y23.899
G1 X0.000 Y24.299
G1 X10.088 Y24.300
G1 X9.800 Y24.805
G1 X-9.800 Y24.805
G1 X-10.088 Y24.300
G1 X0.000 Y24.299
G1 X-0.000 Y24.599 Z1.500
G1 X-0.000 Y24.599
G1 X-10.377 Y24.600
G1 X-10.009 Y25.245
G1 X10.009 Y25.245
G1 X10.377 Y24.600
G1 X-0.000 Y24.599
G1 X-0.000 Y24.199
G1 X-11.066 Y24.200
G1 X-10.242 Y25.645
G1 X10.242 Y25.645
G1 X11.066 Y24.200
G1 X-0.000 Y24.199
G1 X-0.000 Y23.799
G1 X-11.754 Y23.800
G1 X-10.474 Y26.045
G1 X10.474 Y26.045
G1 X11.754 Y23.800
G1 X-0.000 Y23.799
G1 X-0.000 Y23.399
G1 X-12.443 Y23.400
G1 X-10.707 Y26.445
G1 X10.707 Y26.445
G1 X12.443 Y23.400
G1 X-0.000 Y23.399
G1 X-0.000 Y22.999
G1 X-13.131 Y23.000
G1 X-10.939 Y26.845
G1 X10.939 Y26.845
G1 X13.131 Y23.000
G1 X-0.000 Y22.999
G1 X-0.000 Y22.599
G1 X-13.819 Y22.600
G1 X-11.172 Y27.245
G1 X11.172 Y27.245
G1 X13.819 Y22.600
G1 X0.000 Y22.599
G1 X0.000 Y22.199
G1 X-14.508 Y22.200
G1 X-11.404 Y27.645
G1 X11.404 Y27.645
G1 X14.508 Y22.200
G1 X0.000 Y22.199
G1 X-0.000 Y21.799
G1 X-15.196 Y21.800
G1 X-11.636 Y28.045
G1 X11.636 Y28.045
G1 X15.196 Y21.800
G1 X0.000 Y21.799
G1 X0.000 Y21.399
G1 X-15.600 Y21.400
G1 X-15.600 Y21.899
G1 X-11.869 Y28.445
G1 X11.869 Y28.445
G1 X15.600 Y21.899
G1 X15.600 Y21.400
G1 X0.000 Y21.399
G1 X-0.000 Y20.999
G1 X-16.000 Y21.000
G1 X-16.000 Y22.005
G1 X-12.101 Y28.845
G1 X12.101 Y28.845
G1 X16.000 Y22.005
G1 X16.000 Y21.000
G1 X0.000 Y20.999
G1 X0.000 Y20.599
G1 X-16.400 Y20.600
G1 X-16.400 Y22.111
G1 X-12.411 Y29.109
G1 X-12.411 Y29.245
G1 X12.411 Y29.245
G1 X12.411 Y29.109
G1 X16.400 Y22.111
G1 X16.400 Y20.600
G1 X0.000 Y20.599
G1 X0.000 Y20.199
G1 X-16.800 Y20.200
G1 X-16.800 Y22.217
G1 X-12.811 Y29.215
G1 X-12.810 Y29.645
G1 X12.810 Y29.645
G1 X12.811 Y29.215
G1 X16.800 Y22.217
G1 X16.800 Y20.200
G1 X0.000 Y20.199
G1 X0.000 Y19.799
G1 X-17.200 Y19.800
G1 X-17.200 Y22.323
G1 X-13.211 Y29.321
G1 X-13.210 Y30.045
G1 X13.210 Y30.045
G1 X13.211 Y29.321
G1 X17.200 Y22.323
G1 X17.200 Y19.800
G1 X0.000 Y19.799
G1 X0.000 Y19.399
G1 X-17.600 Y19.400
G1 X-17.600 Y22.429
G1 X-13.611 Y29.428
G1 X-13.609 Y30.445
G1 X13.609 Y30.445
G1 X13.611 Y29.428
G1 X17.600 Y22.429
G1 X17.600 Y19.400
G1 X0.000 Y19.399
G1 X0.000 Y18.999
G1 X-18.000 Y19.000
G1 X-18.000 Y22.535
G1 X-14.011 Y29.534
G1 X-14.008 Y30.845
G1 X14.008 Y30.845
G1 X14.011 Y29.534
G1 X18.000 Y22.535
G1 X18.000 Y19.000
G1 X0.000 Y18.999
G1 X0.000 Y18.599
G1 X-18.400 Y18.600
G1 X-18.400 Y22.641
G1 X-14.410 Y29.640
G1 X-14.407 Y31.245
G1 X14.407 Y31.245
G1 X14.410 Y29.640
G1 X18.400 Y22.641
G1 X18.400 Y18.600
G1 X0.000 Y18.599
G1 X0.000 Y18.199
G1 X-18.800 Y18.200
G1 X-18.800 Y22.747
G1 X-14.810 Y29.747
G1 X-14.806 Y31.645
G1 X14.806 Y31.645
G1 X14.810 Y29.747
G1 X18.800 Y22.747
G1 X18.800 Y18.200
G1 X0.000 Y18.199
G1 X0.000 Y18.199 Z1.500
G1 X0.000 Y19.644 Z1.900
G1 X0.000 Y19.644
G1 X18.800 Y19.645
G1 X18.800 Y22.747
G1 X14.810 Y29.747
G1 X14.806 Y31.727
G1 X-14.806 Y31.727
G1 X-14.810 Y29.747
G1 X-18.800 Y22.747
G1 X-18.800 Y19.645
G1 X0.000 Y19.644
G1 X0.000 Y20.044
G1 X18.400 Y20.045
G1 X18.400 Y22.641
G1 X14.410 Y29.640
G1 X14.407 Y31.327
G1 X-14.407 Y31.327
G1 X-14.410 Y29.640
G1 X-18.400 Y22.641
G1 X-18.400 Y20.045
G1 X0.000 Y20.044
G1 X0.000 Y20.444
G1 X18.000 Y20.445
G1 X18.000 Y22.535
G1 X14.010 Y29.534
G1 X14.008 Y30.927
G1 X-14.008 Y30.927
G1 X-14.010 Y29.534
G1 X-18.000 Y22.535
G1 X-18.000 Y20.445
G1 X0.000 Y20.444
G1 X0.000 Y20.844
G1 X17.600 Y20.845
G1 X17.600 Y22.429
G1 X13.611 Y29.428
G1 X13.609 Y30.527
G1 X-13.609 Y30.527
G1 X-13.611 Y29.428
G1 X-17.600 Y22.429
G1 X-17.600 Y20.845
G1 X0.000 Y20.844
G1 X0.000 Y21.244
G1 X17.200 Y21.245
G1 X17.200 Y22.323
G1 X13.211 Y29.321
G1 X13.209 Y30.127
G1 X-13.209 Y30.127
G1 X-13.211 Y29.321
G1 X-17.200 Y22.323
G1 X-17.200 Y21.245
G1 X0.000 Y21.244
G1 X0.000 Y21.644
G1 X16.800 Y21.645
G1 X16.800 Y22.217
G1 X12.811 Y29.215
G1 X12.810 Y29.727
G1 X-12.810 Y29.727
G1 X-12.811 Y29.215
G1 X-16.800 Y22.217
G1 X-16.800 Y21.645
G1 X0.000 Y21.644
G1 X0.000 Y22.044
G1 X16.400 Y22.045
G1 X16.400 Y22.111
G1 X12.411 Y29.109
G1 X12.411 Y29.327
G1 X-12.411 Y29.327
G1 X-12.411 Y29.109
G1 X-16.400 Y22.111
G1 X-16.400 Y22.045
G1 X0.000 Y22.044
G1 X0.000 Y22.444
G1 X15.749 Y22.445
G1 X12.054 Y28.927
G1 X-12.054 Y28.927
G1 X-15.749 Y22.445
G1 X-0.000 Y22.444
G1 X0.000 Y22.844
G1 X15.061 Y22.845
G1 X11.822 Y28.527
G1 X-11.822 Y28.527
G1 X-15.061 Y22.845
G1 X0.000 Y22.844
G1 X0.000 Y23.244
G1 X14.373 Y23.245
G1 X11.590 Y28.127
G1 X-11.590 Y28.127
G1 X-14.373 Y23.245
G1 X0.000 Y23.244
G1 X0.000 Y23.644
G1 X13.684 Y23.645
G1 X11.357 Y27.727
G1 X-11.357 Y27.727
G1 X-13.684 Y23.645
G1 X0.000 Y23.644
G1 X0.000 Y24.044
G1 X12.996 Y24.045
G1 X11.125 Y27.327
G1 X-11.125 Y27.327
G1 X-12.996 Y24.045
G1 X0.000 Y24.044
G1 X0.000 Y24.444
G1 X12.307 Y24.445
G1 X10.892 Y26.927
G1 X-10.892 Y26.927
G1 X-12.307 Y24.445
G1 X0.000 Y24.444
G1 X0.000 Y24.844
G1 X11.619 Y24.845
G1 X10.660 Y26.527
G1 X-10.660 Y26.527
G1 X-11.619 Y24.845
G1 X-0.000 Y24.844
G1 X0.000 Y25.244
G1 X10.931 Y25.245
G1 X10.428 Y26.127
G1 X-10.428 Y26.127
G1 X-10.931 Y25.245
G1 X0.000 Y25.244
G1 X0.000 Y25.644
G1 X10.242 Y25.645
G1 X10.195 Y25.727
G1 X-10.195 Y25.727
G1 X-10.242 Y25.645
G1 X0.000 Y25.644
G1 X-0.000 Y25.638 Z2.300
G1 X-0.000 Y25.638
G1 X-10.706 Y25.639
G1 X-10.356 Y26.253
G1 X10.356 Y26.253
G1 X10.706 Y25.639
G1 X-0.000 Y25.638
G1 X-0.000 Y25.238
G1 X-11.394 Y25.239
G1 X-10.588 Y26.653
G1 X10.588 Y26.653
G1 X11.394 Y25.239
G1 X-0.000 Y25.238
G1 X0.000 Y24.838
G1 X-12.083 Y24.839
G1 X-10.821 Y27.053
G1 X10.821 Y27.053
G1 X12.083 Y24.839
G1 X0.000 Y24.838
G1 X0.000 Y24.438
G1 X-12.771 Y24.439
G1 X-11.053 Y27.453
G1 X11.053 Y27.453
G1 X12.771 Y24.439
G1 X0.000 Y24.438
G1 X0.000 Y24.038
G1 X-13.460 Y24.039
G1 X-11.285 Y27.853
G1 X11.285 Y27.853
G1 X13.460 Y24.039
G1 X0.000 Y24.038
G1 X0.000 Y23.638
G1 X-14.148 Y23.639
G1 X-11.518 Y28.253
G1 X11.518 Y28.253
G1 X14.148 Y23.639
G1 X0.000 Y23.638
G1 X0.000 Y23.238
G1 X-14.836 Y23.239
G1 X-11.750 Y28.653
G1 X11.750 Y28.653
G1 X14.836 Y23.239
G1 X0.000 Y23.238
G1 X0.000 Y22.838
G1 X-15.525 Y22.839
G1 X-12.011 Y29.003
G1 X-12.011 Y29.053
G1 X12.011 Y29.053
G1 X12.011 Y29.003
G1 X15.525 Y22.839
G1 X0.000 Y22.838
G1 X0.000 Y22.438
G1 X-16.213 Y22.439
G1 X-12.411 Y29.109
G1 X-12.411 Y29.453
G1 X12.411 Y29.453
G1 X12.411 Y29.109
G1 X16.213 Y22.439
G1 X0.000 Y22.438
G1 X0.000 Y22.038
G1 X-16.800 Y22.039
G1 X-16.800 Y22.217
G1 X-12.811 Y29.215
G1 X-12.810 Y29.853
G1 X12.810 Y29.853
G1 X12.811 Y29.215
G1 X16.800 Y22.217
G1 X16.800 Y22.039
G1 X0.000 Y22.038
G1 X0.000 Y21.638
G1 X-17.200 Y21.639
G1 X-17.200 Y22.323
G1 X-13.211 Y29.322
G1 X-13.209 Y30.253
G1 X13.209 Y30.253
G1 X13.211 Y29.322
G1 X17.200 Y22.323
G1 X17.200 Y21.639
G1 X0.000 Y21.638
G1 X0.000 Y21.238
G1 X-17.600 Y21.239
G1 X-17.600 Y22.429
G1 X-13.611 Y29.428
G1 X-13.608 Y30.653
G1 X13.608 Y30.653
G1 X13.611 Y29.428
G1 X17.600 Y22.429
G1 X17.600 Y21.239
G1 X0.000 Y21.238
G1 X0.000 Y20.838
G1 X-18.000 Y20.839
G1 X-18.000 Y22.535
G1 X-14.010 Y29.534
G1 X-14.008 Y31.053
G1 X14.008 Y31.053
G1 X14.010 Y29.534
G1 X18.000 Y22.535
G1 X18.000 Y20.839
G1 X0.000 Y20.838
G1 X0.000 Y20.438
G1 X-18.400 Y20.439
G1 X-18.400 Y22.641
G1 X-14.410 Y29.641
G1 X-14.407 Y31.453
G1 X14.407 Y31.453
G1 X14.410 Y29.641
G1 X18.400 Y22.641
G1 X18.400 Y20.439
G1 X0.000 Y20.438
G1 X0.000 Y20.038
G1 X-18.800 Y20.039
G1 X-18.800 Y22.747
G1 X-14.810 Y29.747
G1 X-14.806 Y31.853
G1 X14.806 Y31.853
G1 X14.810 Y29.747
G1 X18.800 Y22.747
G1 X18.800 Y20.039
G1 X0.000 Y20.038
G1 X0.000 Y20.038 Z2.300
G1 X0.000 Y20.339 Z2.700
G1 X0.000 Y20.339
G1 X18.800 Y20.340
G1 X18.800 Y22.747
G1 X14.810 Y29.747
G1 X14.805 Y32.027
G1 X-14.805 Y32.027
G1 X-14.810 Y29.747
G1 X-18.800 Y22.747
G1 X-18.800 Y20.340
G1 X0.000 Y20.339
G1 X0.000 Y20.739
G1 X18.400 Y20.740
G1 X18.400 Y22.641
G1 X14.410 Y29.640
G1 X14.406 Y31.627
G1 X-14.406 Y31.627
G1 X-14.410 Y29.640
G1 X-18.400 Y22.641
G1 X-18.400 Y20.740
G1 X0.000 Y20.739
G1 X0.000 Y21.139
G1 X18.000 Y21.140
G1 X18.000 Y22.535
G1 X14.011 Y29.534
G1 X14.007 Y31.227
G1 X-14.007 Y31.227
G1 X-14.011 Y29.534
G1 X-18.000 Y22.535
G1 X-18.000 Y21.140
G1 X0.000 Y21.139
G1 X0.000 Y21.539
G1 X17.600 Y21.540
G1 X17.600 Y22.429
G1 X13.611 Y29.428
G1 X13.608 Y30.827
G1 X-13.608 Y30.827
G1 X-13.611 Y29.428
G1 X-17.600 Y22.429
G1 X-17.600 Y21.540
G1 X0.000 Y21.539
G1 X0.000 Y21.939
G1 X17.200 Y21.940
G1 X17.200 Y22.323
G1 X13.211 Y29.321
G1 X13.209 Y30.427
G1 X-13.209 Y30.427
G1 X-13.211 Y29.321
G1 X-17.200 Y22.323
G1 X-17.200 Y21.940
G1 X0.000 Y21.939
G1 X0.000 Y22.339
G1 X16.730 Y22.340
G1 X12.811 Y29.215
G1 X12.810 Y30.027
G1 X-12.810 Y30.027
G1 X-12.811 Y29.215
G1 X-16.730 Y22.340
G1 X0.000 Y22.339
G1 X0.000 Y22.739
G1 X16.042 Y22.740
G1 X12.411 Y29.109
G1 X12.410 Y29.627
G1 X-12.410 Y29.627
G1 X-12.411 Y29.109
G1 X-16.042 Y22.740
G1 X0.000 Y22.739
G1 X0.000 Y23.139
G1 X15.353 Y23.140
G1 X12.012 Y29.002
G1 X12.011 Y29.227
G1 X-12.011 Y29.227
G1 X-12.012 Y29.002
G1 X-15.353 Y23.140
G1 X0.000 Y23.139
G1 X0.000 Y23.539
G1 X14.665 Y23.540
G1 X11.651 Y28.827
G1 X-11.651 Y28.827
G1 X-14.665 Y23.540
G1 X-0.000 Y23.539
G1 X0.000 Y23.939
G1 X13.976 Y23.940
G1 X11.419 Y28.427
G1 X-11.419 Y28.427
G1 X-13.976 Y23.940
G1 X0.000 Y23.939
G1 X0.000 Y24.339
G1 X13.288 Y24.340
G1 X11.186 Y28.027
G1 X-11.186 Y28.027
G1 X-13.288 Y24.340
G1 X-0.000 Y24.339
G1 X0.000 Y24.739
G1 X12.600 Y24.740
G1 X10.954 Y27.627
G1 X-10.954 Y27.627
G1 X-12.600 Y24.740
G1 X0.000 Y24.739
G1 X0.000 Y25.139
G1 X11.911 Y25.140
G1 X10.721 Y27.227
G1 X-10.721 Y27.227
G1 X-11.911 Y25.140
G1 X-0.000 Y25.139
G1 X0.000 Y25.539
G1 X11.223 Y25.540
G1 X10.489 Y26.827
G1 X-10.489 Y26.827
G1 X-11.223 Y25.540
G1 X0.000 Y25.539
G1 X0.000 Y25.939
G1 X10.534 Y25.940
G1 X10.257 Y26.427
G1 X-10.257 Y26.427
G1 X-10.534 Y25.940
G1 X-0.000 Y25.939
M9
G1 Z10.000
G1 X0.000 Y-50.993
G1 Z1.100
M7
G4 P150
G1 X0.000 Y-51.193 Z1.100
G1 X0.000 Y-51.193
G1 X-14.800 Y-51.194
G1 X-14.800 Y-52.928
G1 X0.000 Y-70.688
G1 X14.800 Y-52.928
G1 X14.800 Y-51.194
G1 X0.000 Y-51.193
G1 X0.000 Y-51.593
G1 X-14.400 Y-51.594
G1 X-14.400 Y-52.783
G1 X0.000 Y-70.063
G1 X14.400 Y-52.783
G1 X14.400 Y-51.594
G1 X0.000 Y-51.593
G1 X0.000 Y-51.993
G1 X-14.000 Y-51.994
G1 X-14.000 Y-52.638
G1 X0.000 Y-69.438
G1 X14.000 Y-52.638
G1 X14.000 Y-51.994
G1 X0.000 Y-51.993
G1 X0.000 Y-52.393
G1 X-13.600 Y-52.394
G1 X-13.600 Y-52.493
G1 X0.000 Y-68.813
G1 X13.600 Y-52.493
G1 X13.600 Y-52.394
G1 X0.000 Y-52.393
G1 X0.000 Y-52.793
G1 X-12.829 Y-52.794
G1 X0.000 Y-68.188
G1 X12.829 Y-52.794
G1 X0.000 Y-52.793
G1 X0.000 Y-53.193
G1 X-11.975 Y-53.194
G1 X0.000 Y-67.563
G1 X11.975 Y-53.194
G1 X0.000 Y-53.193
G1 X0.000 Y-53.593
G1 X-11.121 Y-53.594
G1 X0.000 Y-66.939
G1 X11.121 Y-53.594
G1 X0.000 Y-53.593
G1 X0.000 Y-53.993
G1 X-10.267 Y-53.994
G1 X0.000 Y-66.314
G1 X10.267 Y-53.994
G1 X0.000 Y-53.993
G1 X0.000 Y-54.393
G1 X-9.413 Y-54.394
G1 X0.000 Y-65.689
G1 X9.413 Y-54.394
G1 X0.000 Y-54.393
G1 X0.000 Y-54.793
G1 X-8.559 Y-54.794
G1 X0.000 Y-65.064
G1 X8.559 Y-54.794
G1 X0.000 Y-54.793
G1 X0.000 Y-55.193
G1 X-7.705 Y-55.194
G1 X0.000 Y-64.439
G1 X7.705 Y-55.194
G1 X0.000 Y-55.193
G1 X0.000 Y-55.593
G1 X-6.851 Y-55.593
G1 X0.000 Y-63.815
G1 X6.851 Y-55.593
G1 X0.000 Y-55.593
G1 X0.000 Y-55.993
G1 X-5.997 Y-55.993
G1 X0.000 Y-63.190
G1 X5.997 Y-55.993
G1 X0.000 Y-55.993
G1 X0.000 Y-56.393
G1 X-5.143 Y-56.393
G1 X0.000 Y-62.565
G1 X5.143 Y-56.393
G1 X0.000 Y-56.393
G1 X0.000 Y-56.793
G1 X-4.289 Y-56.793
G1 X0.000 Y-61.940
G1 X4.289 Y-56.793
G1 X0.000 Y-56.793
G1 X0.000 Y-57.193
G1 X-3.435 Y-57.193
G1 X0.000 Y-61.315
G1 X3.435 Y-57.193
G1 X0.000 Y-57.193
G1 X0.000 Y-57.593
G1 X-2.581 Y-57.593
G1 X0.000 Y-60.690
G1 X2.581 Y-57.593
G1 X0.000 Y-57.593
G1 X0.000 Y-57.993
G1 X-1.727 Y-57.993
G1 X0.000 Y-60.066
G1 X1.727 Y-57.993
G1 X0.000 Y-57.993
G1 X0.000 Y-58.393
G1 X-0.873 Y-58.393
G1 X0.000 Y-59.441
G1 X0.873 Y-58.393
G1 X0.000 Y-58.393
G1 X0.000 Y-58.793
G1 X-0.019 Y-58.793
G1 X0.000 Y-58.816
G1 X0.019 Y-58.793
G1 X0.000 Y-58.793
G1 X0.000 Y-58.753 Z1.500
G1 X0.000 Y-58.753
G1 X0.053 Y-58.753
G1 X0.000 Y-58.816
G1 X-0.053 Y-58.753
G1 X0.000 Y-58.753
G1 X0.000 Y-58.353
G1 X0.906 Y-58.353
G1 X0.000 Y-59.441
G1 X-0.906 Y-58.353
G1 X0.000 Y-58.353
G1 X0.000 Y-57.953
G1 X1.760 Y-57.953
G1 X0.000 Y-60.066
G1 X-1.760 Y-57.953
G1 X0.000 Y-57.953
G1 X0.000 Y-57.553
G1 X2.614 Y-57.553
G1 X0.000 Y-60.690
G1 X-2.614 Y-57.553
G1 X0.000 Y-57.553
G1 X0.000 Y-57.153
G1 X3.468 Y-57.153
G1 X0.000 Y-61.315
G1 X-3.468 Y-57.153
G1 X0.000 Y-57.153
G1 X0.000 Y-56.753
G1 X4.322 Y-56.753
G1 X0.000 Y-61.940
G1 X-4.322 Y-56.753
G1 X0.000 Y-56.753
G1 X0.000 Y-56.353
G1 X5.176 Y-56.353
G1 X0.000 Y-62.565
G1 X-5.176 Y-56.353
G1 X0.000 Y-56.353
G1 X0.000 Y-55.953
G1 X6.030 Y-55.953
G1 X0.000 Y-63.190
G1 X-6.030 Y-55.953
G1 X0.000 Y-55.953
G1 X0.000 Y-55.553
G1 X6.884 Y-55.553
G1 X0.000 Y-63.815
G1 X-6.884 Y-55.553
G1 X0.000 Y-55.553
G1 X0.000 Y-55.153
G1 X7.738 Y-55.154
G1 X0.000 Y-64.439
G1 X-7.738 Y-55.154
G1 X0.000 Y-55.153
G1 X0.000 Y-54.753
G1 X8.592 Y-54.754
G1 X0.000 Y-65.064
G1 X-8.592 Y-54.754
G1 X0.000 Y-54.753
G1 X0.000 Y-54.353
G1 X9.446 Y-54.354
G1 X0.000 Y-65.689
G1 X-9.446 Y-54.354
G1 X0.000 Y-54.353
G1 X0.000 Y-53.953
G1 X10.300 Y-53.954
G1 X0.000 Y-66.314
G1 X-10.300 Y-53.954
G1 X0.000 Y-53.953
G1 X0.000 Y-53.553
G1 X11.154 Y-53.554
G1 X0.000 Y-66.939
G1 X-11.154 Y-53.554
G1 X0.000 Y-53.553
G1 X0.000 Y-53.153
G1 X12.008 Y-53.154
G1 X0.000 Y-67.563
G1 X-12.008 Y-53.154
G1 X0.000 Y-53.153
G1 X0.000 Y-52.753
G1 X12.862 Y-52.754
G1 X0.000 Y-68.188
G1 X-12.862 Y-52.754
G1 X0.000 Y-52.753
G1 X0.000 Y-52.353
G1 X13.600 Y-52.354
G1 X13.600 Y-52.493
G1 X0.000 Y-68.813
G1 X-13.600 Y-52.493
G1 X-13.600 Y-52.354
G1 X0.000 Y-52.353
G1 X0.000 Y-51.953
G1 X14.000 Y-51.954
G1 X14.000 Y-52.638
G1 X0.000 Y-69.438
G1 X-14.000 Y-52.638
G1 X-14.000 Y-51.954
G1 X0.000 Y-51.953
G1 X0.000 Y-51.553
G1 X14.400 Y-51.554
G1 X14.400 Y-52.783
G1 X0.000 Y-70.063
G1 X-14.400 Y-52.783
G1 X-14.400 Y-51.554
G1 X0.000 Y-51.553
G1 X0.000 Y-51.153
G1 X14.800 Y-51.154
G1 X14.800 Y-52.928
G1 X0.000 Y-70.688
G1 X-14.800 Y-52.928
G1 X-14.800 Y-51.154
G1 X0.000 Y-51.153
G1 X0.000 Y-51.153 Z1.500
G1 X0.000 Y-51.071 Z1.900
G1 X0.000 Y-51.071
G1 X-14.800 Y-51.072
G1 X-14.800 Y-52.928
G1 X0.000 Y-70.688
G1 X14.800 Y-52.928
G1 X14.800 Y-51.072
G1 X0.000 Y-51.071
G1 X0.000 Y-51.471
G1 X-14.400 Y-51.472
G1 X-14.400 Y-52.783
G1 X0.000 Y-70.063
G1 X14.400 Y-52.783
G1 X14.400 Y-51.472
G1 X0.000 Y-51.471
G1 X0.000 Y-51.871
G1 X-14.000 Y-51.872
G1 X-14.000 Y-52.638
G1 X0.000 Y-69.438
G1 X14.000 Y-52.638
G1 X14.000 Y-51.872
G1 X0.000 Y-51.871
G1 X0.000 Y-52.271
G1 X-13.600 Y-52.272
G1 X-13.600 Y-52.493
G1 X0.000 Y-68.813
G1 X13.600 Y-52.493
G1 X13.600 Y-52.272
G1 X0.000 Y-52.271
G1 X0.000 Y-52.671
G1 X-12.930 Y-52.672
G1 X0.000 Y-68.188
G1 X12.930 Y-52.672
G1 X0.000 Y-52.671
G1 X0.000 Y-53.071
G1 X-12.076 Y-53.072
G1 X0.000 Y-67.563
G1 X12.076 Y-53.072
G1 X0.000 Y-53.071
G1 X0.000 Y-53.471
G1 X-11.222 Y-53.472
G1 X0.000 Y-66.939
G1 X11.222 Y-53.472
G1 X0.000 Y-53.471
G1 X0.000 Y-53.871
G1 X-10.368 Y-53.872
G1 X0.000 Y-66.314
G1 X10.368 Y-53.872
G1 X0.000 Y-53.871
G1 X0.000 Y-54.271
G1 X-9.514 Y-54.272
G1 X0.000 Y-65.689
G1 X9.514 Y-54.272
G1 X0.000 Y-54.271
G1 X0.000 Y-54.671
G1 X-8.661 Y-54.672
G1 X0.000 Y-65.064
G1 X8.661 Y-54.672
G1 X0.000 Y-54.671
G1 X0.000 Y-55.071
G1 X-7.807 Y-55.072
G1 X0.000 Y-64.439
G1 X7.807 Y-55.072
G1 X0.000 Y-55.071
G1 X0.000 Y-55.471
G1 X-6.953 Y-55.471
G1 X0.000 Y-63.815
G1 X6.953 Y-55.471
G1 X0.000 Y-55.471
G1 X0.000 Y-55.871
G1 X-6.099 Y-55.871
G1 X0.000 Y-63.190
G1 X6.099 Y-55.871
G1 X0.000 Y-55.871
G1 X0.000 Y-56.271
G1 X-5.245 Y-56.271
G1 X0.000 Y-62.565
G1 X5.245 Y-56.271
G1 X0.000 Y-56.271
G1 X0.000 Y-56.671
G1 X-4.391 Y-56.671
G1 X0.000 Y-61.940
G1 X4.391 Y-56.671
G1 X0.000 Y-56.671
G1 X0.000 Y-57.071
G1 X-3.537 Y-57.071
G1 X0.000 Y-61.315
G1 X3.537 Y-57.071
G1 X0.000 Y-57.071
G1 X0.000 Y-57.471
G1 X-2.683 Y-57.471
G1 X0.000 Y-60.690
G1 X2.683 Y-57.471
G1 X0.000 Y-57.471
G1 X0.000 Y-57.871
G1 X-1.829 Y-57.871
G1 X0.000 Y-60.066
G1 X1.829 Y-57.871
G1 X0.000 Y-57.871
G1 X0.000 Y-58.271
G1 X-0.975 Y-58.271
G1 X0.000 Y-59.441
G1 X0.975 Y-58.271
G1 X0.000 Y-58.271
G1 X0.000 Y-58.671
G1 X-0.121 Y-58.671
G1 X0.000 Y-58.816
G1 X0.121 Y-58.671
G1 X0.000 Y-58.671
G1 X0.000 Y-58.545 Z2.300
G1 X0.000 Y-58.545
G1 X0.226 Y-58.545
G1 X0.000 Y-58.816
G1 X-0.226 Y-58.545
G1 X0.000 Y-58.545
G1 X0.000 Y-58.145
G1 X1.080 Y-58.145
G1 X0.000 Y-59.441
G1 X-1.080 Y-58.145
G1 X0.000 Y-58.145
G1 X0.000 Y-57.745
G1 X1.934 Y-57.745
G1 X0.000 Y-60.066
G1 X-1.934 Y-57.745
G1 X0.000 Y-57.745
G1 X0.000 Y-57.345
G1 X2.788 Y-57.345
G1 X0.000 Y-60.690
G1 X-2.788 Y-57.345
G1 X0.000 Y-57.345
G1 X0.000 Y-56.945
G1 X3.642 Y-56.945
G1 X0.000 Y-61.315
G1 X-3.642 Y-56.945
G1 X0.000 Y-56.945
G1 X0.000 Y-56.545
G1 X4.496 Y-56.545
G1 X0.000 Y-61.940
G1 X-4.496 Y-56.545
G1 X0.000 Y-56.545
G1 X0.000 Y-56.145
G1 X5.350 Y-56.145
G1 X0.000 Y-62.565
G1 X-5.350 Y-56.145
G1 X0.000 Y-56.145
G1 X0.000 Y-55.745
G1 X6.204 Y-55.745
G1 X0.000 Y-63.190
G1 X-6.204 Y-55.745
G1 X0.000 Y-55.745
G1 X0.000 Y-55.345
G1 X7.058 Y-55.345
G1 X0.000 Y-63.815
G1 X-7.058 Y-55.345
G1 X0.000 Y-55.345
G1 X0.000 Y-54.945
G1 X7.912 Y-54.946
G1 X0.000 Y-64.439
G1 X-7.912 Y-54.946
G1 X0.000 Y-54.945
G1 X0.000 Y-54.545
G1 X8.766 Y-54.546
G1 X0.000 Y-65.064
G1 X-8.766 Y-54.546
G1 X0.000 Y-54.545
G1 X0.000 Y-54.145
G1 X9.619 Y-54.146
G1 X0.000 Y-65.689
G1 X-9.619 Y-54.146
G1 X0.000 Y-54.145
G1 X0.000 Y-53.745
G1 X10.473 Y-53.746
G1 X0.000 Y-66.314
G1 X-10.473 Y-53.746
G1 X0.000 Y-53.745
G1 X0.000 Y-53.345
G1 X11.327 Y-53.346
G1 X0.000 Y-66.939
G1 X-11.327 Y-53.346
G1 X0.000 Y-53.345
G1 X0.000 Y-52.945
G1 X12.181 Y-52.946
G1 X0.000 Y-67.563
G1 X-12.181 Y-52.946
G1 X0.000 Y-52.945
G1 X0.000 Y-52.545
G1 X13.035 Y-52.546
G1 X0.000 Y-68.188
G1 X-13.035 Y-52.546
G1 X0.000 Y-52.545
G1 X0.000 Y-52.145
G1 X13.600 Y-52.146
G1 X13.600 Y-52.493
G1 X0.000 Y-68.813
G1 X-13.600 Y-52.493
G1 X-13.600 Y-52.146
G1 X0.000 Y-52.145
G1 X0.000 Y-51.745
G1 X14.000 Y-51.746
G1 X14.000 Y-52.638
G1 X0.000 Y-69.438
G1 X-14.000 Y-52.638
G1 X-14.000 Y-51.746
G1 X0.000 Y-51.745
G1 X0.000 Y-51.345
G1 X14.400 Y-51.346
G1 X14.400 Y-52.783
G1 X0.000 Y-70.063
G1 X-14.400 Y-52.783
G1 X-14.400 Y-51.346
G1 X0.000 Y-51.345
G1 X0.000 Y-50.945
G1 X14.800 Y-50.946
G1 X14.800 Y-52.928
G1 X0.000 Y-70.688
G1 X-14.800 Y-52.928
G1 X-14.800 Y-50.946
G1 X0.000 Y-50.945
G1 X0.000 Y-50.945 Z2.300
G1 X0.000 Y-50.771 Z2.700
G1 X0.000 Y-50.771
G1 X-14.800 Y-50.772
G1 X-14.800 Y-52.928
G1 X0.000 Y-70.688
G1 X14.800 Y-52.928
G1 X14.800 Y-50.772
G1 X0.000 Y-50.771
G1 X0.000 Y-51.171
G1 X-14.400 Y-51.172
G1 X-14.400 Y-52.783
G1 X0.000 Y-70.063
G1 X14.400 Y-52.783
G1 X14.400 Y-51.172
G1 X0.000 Y-51.171
G1 X0.000 Y-51.571
G1 X-14.000 Y-51.572
G1 X-14.000 Y-52.638
G1 X0.000 Y-69.438
G1 X14.000 Y-52.638
G1 X14.000 Y-51.572
G1 X0.000 Y-51.571
G1 X0.000 Y-51.971
G1 X-13.600 Y-51.972
G1 X-13.600 Y-52.493
G1 X0.000 Y-68.813
G1 X13.600 Y-52.493
G1 X13.600 Y-51.972
G1 X0.000 Y-51.971
G1 X0.000 Y-52.371
G1 X-13.180 Y-52.372
G1 X0.000 Y-68.188
G1 X13.180 Y-52.372
G1 X0.000 Y-52.371
G1 X0.000 Y-52.771
G1 X-12.326 Y-52.772
G1 X0.000 Y-67.563
G1 X12.326 Y-52.772
G1 X0.000 Y-52.771
G1 X0.000 Y-53.171
G1 X-11.472 Y-53.172
G1 X0.000 Y-66.939
G1 X11.472 Y-53.172
G1 X0.000 Y-53.171
G1 X0.000 Y-53.571
G1 X-10.618 Y-53.572
G1 X0.000 Y-66.314
G1 X10.618 Y-53.572
G1 X0.000 Y-53.571
G1 X0.000 Y-53.971
G1 X-9.764 Y-53.972
G1 X0.000 Y-65.689
G1 X9.764 Y-53.972
G1 X0.000 Y-53.971
G1 X0.000 Y-54.371
G1 X-8.911 Y-54.372
G1 X0.000 Y-65.064
G1 X8.911 Y-54.372
G1 X0.000 Y-54.371
G1 X0.000 Y-54.771
G1 X-8.057 Y-54.772
G1 X0.000 Y-64.439
G1 X8.057 Y-54.772
G1 X0.000 Y-54.771
G1 X0.000 Y-55.171
G1 X-7.203 Y-55.171
G1 X0.000 Y-63.815
G1 X7.203 Y-55.171
G1 X0.000 Y-55.171
G1 X0.000 Y-55.571
G1 X-6.349 Y-55.571
G1 X0.000 Y-63.190
G1 X6.349 Y-55.571
G1 X0.000 Y-55.571
G1 X0.000 Y-55.971
G1 X-5.495 Y-55.971
G1 X0.000 Y-62.565
G1 X5.495 Y-55.971
G1 X0.000 Y-55.971
G1 X0.000 Y-56.371
G1 X-4.641 Y-56.371
G1 X0.000 Y-61.940
G1 X4.641 Y-56.371
G1 X0.000 Y-56.371
G1 X0.000 Y-56.771
G1 X-3.787 Y-56.771
G1 X0.000 Y-61.315
G1 X3.787 Y-56.771
G1 X0.000 Y-56.771
G1 X0.000 Y-57.171
G1 X-2.933 Y-57.171
G1 X0.000 Y-60.690
G1 X2.933 Y-57.171
G1 X0.000 Y-57.171
G1 X0.000 Y-57.571
G1 X-2.079 Y-57.571
G1 X0.000 Y-60.066
G1 X2.079 Y-57.571
G1 X0.000 Y-57.571
G1 X0.000 Y-57.971
G1 X-1.225 Y-57.971
G1 X0.000 Y-59.441
G1 X1.225 Y-57.971
G1 X0.000 Y-57.971
G1 X0.000 Y-58.371
G1 X-0.371 Y-58.371
G1 X0.000 Y-58.816
G1 X0.371 Y-58.371
G1 X0.000 Y-58.371
M9
G1 Z10.000
G1 X0.000 Y50.993
G1 Z1.100
M7
G4 P150
G1 X0.000 Y51.193 Z1.100
G1 X0.000 Y51.193
G1 X14.800 Y51.194
G1 X14.800 Y52.928
G1 X0.000 Y70.688
G1 X-14.800 Y52.928
G1 X-14.800 Y51.194
G1 X0.000 Y51.193
G1 X0.000 Y51.593
G1 X14.400 Y51.594
G1 X14.400 Y52.783
G1 X0.000 Y70.063
G1 X-14.400 Y52.783
G1 X-14.400 Y51.594
G1 X0.000 Y51.593
G1 X0.000 Y51.993
G1 X14.000 Y51.994
G1 X14.000 Y52.638
G1 X0.000 Y69.438
G1 X-14.000 Y52.638
G1 X-14.000 Y51.994
G1 X0.000 Y51.993
G1 X0.000 Y52.393
G1 X13.600 Y52.394
G1 X13.600 Y52.493
G1 X0.000 Y68.813
G1 X-13.600 Y52.493
G1 X-13.600 Y52.394
G1 X0.000 Y52.393
G1 X0.000 Y52.793
G1 X12.829 Y52.794
G1 X0.000 Y68.188
G1 X-12.829 Y52.794
G1 X0.000 Y52.793
G1 X0.000 Y53.193
G1 X11.975 Y53.194
G1 X0.000 Y67.563
G1 X-11.975 Y53.194
G1 X0.000 Y53.193
G1 X0.000 Y53.593
G1 X11.121 Y53.594
G1 X0.000 Y66.939
G1 X-11.121 Y53.594
G1 X0.000 Y53.593
G1 X0.000 Y53.993
G1 X10.267 Y53.994
G1 X0.000 Y66.314
G1 X-10.267 Y53.994
G1 X0.000 Y53.993
G1 X0.000 Y54.393
G1 X9.413 Y54.394
G1 X0.000 Y65.689
G1 X-9.413 Y54.394
G1 X0.000 Y54.393
G1 X0.000 Y54.793
G1 X8.559 Y54.794
G1 X0.000 Y65.064
G1 X-8.559 Y54.794
G1 X0.000 Y54.793
G1 X0.000 Y55.193
G1 X7.705 Y55.194
G1 X0.000 Y64.439
G1 X-7.705 Y55.194
G1 X0.000 Y55.193
G1 X0.000 Y55.593
G1 X6.851 Y55.593
G1 X0.000 Y63.815
G1 X-6.851 Y55.593
G1 X0.000 Y55.593
G1 X0.000 Y55.993
G1 X5.997 Y55.993
G1 X0.000 Y63.190
G1 X-5.997 Y55.993
G1 X0.000 Y55.993
G1 X0.000 Y56.393
G1 X5.143 Y56.393
G1 X0.000 Y62.565
G1 X-5.143 Y56.393
G1 X0.000 Y56.393
G1 X0.000 Y56.793
G1 X4.289 Y56.793
G1 X0.000 Y61.940
G1 X-4.289 Y56.793
G1 X0.000 Y56.793
G1 X0.000 Y57.193
G1 X3.435 Y57.193
G1 X0.000 Y61.315
G1 X-3.435 Y57.193
G1 X0.000 Y57.193
G1 X0.000 Y57.593
G1 X2.581 Y57.593
G1 X0.000 Y60.690
G1 X-2.581 Y57.593
G1 X0.000 Y57.593
G1 X0.000 Y57.993
G1 X1.727 Y57.993
G1 X0.000 Y60.066
G1 X-1.727 Y57.993
G1 X0.000 Y57.993
G1 X0.000 Y58.393
G1 X0.873 Y58.393
G1 X0.000 Y59.441
G1 X-0.873 Y58.393
G1 X0.000 Y58.393
G1 X0.000 Y58.793
G1 X0.019 Y58.793
G1 X0.000 Y58.816
G1 X-0.019 Y58.793
G1 X0.000 Y58.793
G1 X0.000 Y58.753 Z1.500
G1 X0.000 Y58.753
G1 X-0.053 Y58.753
G1 X0.000 Y58.816
G1 X0.053 Y58.753
G1 X0.000 Y58.753
G1 X0.000 Y58.353
G1 X-0.906 Y58.353
G1 X0.000 Y59.441
G1 X0.906 Y58.353
G1 X0.000 Y58.353
G1 X0.000 Y57.953
G1 X-1.760 Y57.953
G1 X0.000 Y60.066
G1 X1.760 Y57.953
G1 X0.000 Y57.953
G1 X0.000 Y57.553
G1 X-2.614 Y57.553
G1 X0.000 Y60.690
G1 X2.614 Y57.553
G1 X0.000 Y57.553
G1 X0.000 Y57.153
G1 X-3.468 Y57.153
G1 X0.000 Y61.315
G1 X3.468 Y57.153
G1 X0.000 Y57.153
G1 X0.000 Y56.753
G1 X-4.322 Y56.753
G1 X0.000 Y61.940
G1 X4.322 Y56.753
G1 X0.000 Y56.753
G1 X0.000 Y56.353
G1 X-5.176 Y56.353
G1 X0.000 Y62.565
G1 X5.176 Y56.353
G1 X0.000 Y56.353
G1 X0.000 Y55.953
G1 X-6.030 Y55.953
G1 X0.000 Y63.190
G1 X6.030 Y55.953
G1 X0.000 Y55.953
G1 X0.000 Y55.553
G1 X-6.884 Y55.553
G1 X0.000 Y63.815
G1 X6.884 Y55.553
G1 X0.000 Y55.553
G1 X0.000 Y55.153
G1 X-7.738 Y55.154
G1 X0.000 Y64.439
G1 X7.738 Y55.154
G1 X0.000 Y55.153
G1 X0.000 Y54.753
G1 X-8.592 Y54.754
G1 X0.000 Y65.064
G1 X8.592 Y54.754
G1 X0.000 Y54.753
G1 X0.000 Y54.353
G1 X-9.446 Y54.354
G1 X0.000 Y65.689
G1 X9.446 Y54.354
G1 X0.000 Y54.353
G1 X0.000 Y53.953
G1 X-10.300 Y53.954
G1 X0.000 Y66.314
G1 X10.300 Y53.954
G1 X0.000 Y53.953
G1 X0.000 Y53.553
G1 X-11.154 Y53.554
G1 X0.000 Y66.939
G1 X11.154 Y53.554
G1 X0.000 Y53.553
G1 X0.000 Y53.153
G1 X-12.008 Y53.154
G1 X0.000 Y67.563
G1 X12.008 Y53.154
G1 X0.000 Y53.153
G1 X0.000 Y52.753
G1 X-12.862 Y52.754
G1 X0.000 Y68.188
G1 X12.862 Y52.754
G1 X0.000 Y52.753
G1 X0.000 Y52.353
G1 X-13.600 Y52.354
G1 X-13.600 Y52.493
G1 X0.000 Y68.813
G1 X13.600 Y52.493
G1 X13.600 Y52.354
G1 X0.000 Y52.353
G1 X0.000 Y51.953
G1 X-14.000 Y51.954
G1 X-14.000 Y52.638
G1 X0.000 Y69.438
G1 X14.000 Y52.638
G1 X14.000 Y51.954
G1 X0.000 Y51.953
G1 X0.000 Y51.553
G1 X-14.400 Y51.554
G1 X-14.400 Y52.783
G1 X0.000 Y70.063
G1 X14.400 Y52.783
G1 X14.400 Y51.554
G1 X0.000 Y51.553
G1 X0.000 Y51.153
G1 X-14.800 Y51.154
G1 X-14.800 Y52.928
G1 X0.000 Y70.688
G1 X14.800 Y52.928
G1 X14.800 Y51.154
G1 X0.000 Y51.153
G1 X0.000 Y51.153 Z1.500
G1 X0.000 Y51.071 Z1.900
G1 X0.000 Y51.071
G1 X14.800 Y51.072
G1 X14.800 Y52.928
G1 X0.000 Y70.688
G1 X-14.800 Y52.928
G1 X-14.800 Y51.072
G1 X0.000 Y51.071
G1 X0.000 Y51.471
G1 X14.400 Y51.472
G1 X14.400 Y52.783
G1 X0.000 Y70.063
G1 X-14.400 Y52.783
G1 X-14.400 Y51.472
G1 X0.000 Y51.471
G1 X0.000 Y51.871
G1 X14.000 Y51.872
G1 X14.000 Y52.638
G1 X0.000 Y69.438
G1 X-14.000 Y52.638
G1 X-14.000 Y51.872
G1 X0.000 Y51.871
G1 X0.000 Y52.271
G1 X13.600 Y52.272
G1 X13.600 Y52.493
G1 X0.000 Y68.813
G1 X-13.600 Y52.493
G1 X-13.600 Y52.272
G1 X0.000 Y52.271
G1 X0.000 Y52.671
G1 X12.930 Y52.672
G1 X0.000 Y68.188
G1 X-12.930 Y52.672
G1 X0.000 Y52.671
G1 X0.000 Y53.071
G1 X12.076 Y53.072
G1 X0.000 Y67.563
G1 X-12.076 Y53.072
G1 X0.000 Y53.071
G1 X0.000 Y53.471
G1 X11.222 Y53.472
G1 X0.000 Y66.939
G1 X-11.222 Y53.472
G1 X0.000 Y53.471
G1 X0.000 Y53.871
G1 X10.368 Y53.872
G1 X0.000 Y66.314
G1 X-10.368 Y53.872
G1 X0.000 Y53.871
G1 X0.000 Y54.271
G1 X9.514 Y54.272
G1 X0.000 Y65.689
G1 X-9.514 Y54.272
G1 X0.000 Y54.271
G1 X0.000 Y54.671
G1 X8.661 Y54.672
G1 X0.000 Y65.064
G1 X-8.661 Y54.672
G1 X0.000 Y54.671
G1 X0.000 Y55.071
G1 X7.807 Y55.072
G1 X0.000 Y64.439
G1 X-7.807 Y55.072
G1 X0.000 Y55.071
G1 X0.000 Y55.471
G1 X6.953 Y55.471
G1 X0.000 Y63.815
G1 X-6.953 Y55.471
G1 X0.000 Y55.471
G1 X0.000 Y55.871
G1 X6.099 Y55.871
G1 X0.000 Y63.190
G1 X-6.099 Y55.871
G1 X0.000 Y55.871
G1 X0.000 Y56.271
G1 X5.245 Y56.271
G1 X0.000 Y62.565
G1 X-5.245 Y56.271
G1 X0.000 Y56.271
G1 X0.000 Y56.671
G1 X4.391 Y56.671
G1 X0.000 Y61.940
G1 X-4.391 Y56.671
G1 X0.000 Y56.671
G1 X0.000 Y57.071
G1 X3.537 Y57.071
G1 X0.000 Y61.315
G1 X-3.537 Y57.071
G1 X0.000 Y57.071
G1 X0.000 Y57.471
G1 X2.683 Y57.471
G1 X0.000 Y60.690
G1 X-2.683 Y57.471
G1 X0.000 Y57.471
G1 X0.000 Y57.871
G1 X1.829 Y57.871
G1 X0.000 Y60.066
G1 X-1.829 Y57.871
G1 X0.000 Y57.871
G1 X0.000 Y58.271
G1 X0.975 Y58.271
G1 X0.000 Y59.441
G1 X-0.975 Y58.271
G1 X0.000 Y58.271
G1 X0.000 Y58.671
G1 X0.121 Y58.671
G1 X0.000 Y58.816
G1 X-0.121 Y58.671
G1 X0.000 Y58.671
G1 X0.000 Y58.545 Z2.300
G1 X0.000 Y58.545
G1 X-0.226 Y58.545
G1 X0.000 Y58.816
G1 X0.226 Y58.545
G1 X0.000 Y58.545
G1 X0.000 Y58.145
G1 X-1.080 Y58.145
G1 X0.000 Y59.441
G1 X1.080 Y58.145
G1 X0.000 Y58.145
G1 X0.000 Y57.745
G1 X-1.934 Y57.745
G1 X0.000 Y60.066
G1 X1.934 Y57.745
G1 X0.000 Y57.745
G1 X0.000 Y57.345
G1 X-2.788 Y57.345
G1 X0.000 Y60.690
G1 X2.788 Y57.345
G1 X0.000 Y57.345
G1 X0.000 Y56.945
G1 X-3.642 Y56.945
G1 X0.000 Y61.315
G1 X3.642 Y56.945
G1 X0.000 Y56.945
G1 X0.000 Y56.545
G1 X-4.496 Y56.545
G1 X0.000 Y61.940
G1 X4.496 Y56.545
G1 X0.000 Y56.545
G1 X0.000 Y56.145
G1 X-5.350 Y56.145
G1 X0.000 Y62.565
G1 X5.350 Y56.145
G1 X0.000 Y56.145
G1 X0.000 Y55.745
G1 X-6.204 Y55.745
G1 X0.000 Y63.190
G1 X6.204 Y55.745
G1 X0.000 Y55.745
G1 X0.000 Y55.345
G1 X-7.058 Y55.345
G1 X0.000 Y63.815
G1 X7.058 Y55.345
G1 X0.000 Y55.345
G1 X0.000 Y54.945
G1 X-7.912 Y54.946
G1 X0.000 Y64.439
G1 X7.912 Y54.946
G1 X0.000 Y54.945
G1 X0.000 Y54.545
G1 X-8.766 Y54.546
G1 X0.000 Y65.064
G1 X8.766 Y54.546
G1 X0.000 Y54.545
G1 X0.000 Y54.145
G1 X-9.619 Y54.146
G1 X0.000 Y65.689
G1 X9.619 Y54.146
G1 X0.000 Y54.145
G1 X0.000 Y53.745
G1 X-10.473 Y53.746
G1 X0.000 Y66.314
G1 X10.473 Y53.746
G1 X0.000 Y53.745
G1 X0.000 Y53.345
G1 X-11.327 Y53.346
G1 X0.000 Y66.939
G1 X11.327 Y53.346
G1 X0.000 Y53.345
G1 X0.000 Y52.945
G1 X-12.181 Y52.946
G1 X0.000 Y67.563
G1 X12.181 Y52.946
G1 X0.000 Y52.945
G1 X0.000 Y52.545
G1 X-13.035 Y52.546
G1 X0.000 Y68.188
G1 X13.035 Y52.546
G1 X0.000 Y52.545
G1 X0.000 Y52.145
G1 X-13.600 Y52.146
G1 X-13.600 Y52.493
G1 X0.000 Y68.813
G1 X13.600 Y52.493
G1 X13.600 Y52.146
G1 X0.000 Y52.145
G1 X0.000 Y51.745
G1 X-14.000 Y51.746
G1 X-14.000 Y52.638
G1 X0.000 Y69.438
G1 X14.000 Y52.638
G1 X14.000 Y51.746
G1 X0.000 Y51.745
G1 X0.000 Y51.345
G1 X-14.400 Y51.346
G1 X-14.400 Y52.783
G1 X0.000 Y70.063
G1 X14.400 Y52.783
G1 X14.400 Y51.346
G1 X0.000 Y51.345
G1 X0.000 Y50.945
G1 X-14.800 Y50.946
G1 X-14.800 Y52.928
G1 X0.000 Y70.688
G1 X14.800 Y52.928
G1 X14.800 Y50.946
G1 X0.000 Y50.945
G1 X0.000 Y50.945 Z2.300
G1 X0.000 Y50.771 Z2.700
G1 X0.000 Y50.771
G1 X14.800 Y50.772
G1 X14.800 Y52.928
G1 X0.000 Y70.688
G1 X-14.800 Y52.928
G1 X-14.800 Y50.772
G1 X0.000 Y50.771
G1 X0.000 Y51.171
G1 X14.400 Y51.172
G1 X14.400 Y52.783
G1 X0.000 Y70.063
G1 X-14.400 Y52.783
G1 X-14.400 Y51.172
G1 X0.000 Y51.171
G1 X0.000 Y51.571
G1 X14.000 Y51.572
G1 X14.000 Y52.638
G1 X0.000 Y69.438
G1 X-14.000 Y52.638
G1 X-14.000 Y51.572
G1 X0.000 Y51.571
G1 X0.000 Y51.971
G1 X13.600 Y51.972
G1 X13.600 Y52.493
G1 X0.000 Y68.813
G1 X-13.600 Y52.493
G1 X-13.600 Y51.972
G1 X0.000 Y51.971
G1 X0.000 Y52.371
G1 X13.180 Y52.372
G1 X0.000 Y68.188
G1 X-13.180 Y52.372
G1 X0.000 Y52.371
G1 X0.000 Y52.771
G1 X12.326 Y52.772
G1 X0.000 Y67.563
G1 X-12.326 Y52.772
G1 X0.000 Y52.771
G1 X0.000 Y53.171
G1 X11.472 Y53.172
G1 X0.000 Y66.939
G1 X-11.472 Y53.172
G1 X0.000 Y53.171
G1 X0.000 Y53.571
G1 X10.618 Y53.572
G1 X0.000 Y66.314
G1 X-10.618 Y53.572
G1 X0.000 Y53.571
G1 X0.000 Y53.971
G1 X9.764 Y53.972
G1 X0.000 Y65.689
G1 X-9.764 Y53.972
G1 X0.000 Y53.971
G1 X0.000 Y54.371
G1 X8.911 Y54.372
G1 X0.000 Y65.064
G1 X-8.911 Y54.372
G1 X0.000 Y54.371
G1 X0.000 Y54.771
G1 X8.057 Y54.772
G1 X0.000 Y64.439
G1 X-8.057 Y54.772
G1 X0.000 Y54.771
G1 X0.000 Y55.171
G1 X7.203 Y55.171
G1 X0.000 Y63.815
G1 X-7.203 Y55.171
G1 X0.000 Y55.171
G1 X0.000 Y55.571
G1 X6.349 Y55.571
G1 X0.000 Y63.190
G1 X-6.349 Y55.571
G1 X0.000 Y55.571
G1 X0.000 Y55.971
G1 X5.495 Y55.971
G1 X0.000 Y62.565
G1 X-5.495 Y55.971
G1 X0.000 Y55.971
G1 X0.000 Y56.371
G1 X4.641 Y56.371
G1 X0.000 Y61.940
G1 X-4.641 Y56.371
G1 X0.000 Y56.371
G1 X0.000 Y56.771
G1 X3.787 Y56.771
G1 X0.000 Y61.315
G1 X-3.787 Y56.771
G1 X0.000 Y56.771
G1 X0.000 Y57.171
G1 X2.933 Y57.171
G1 X0.000 Y60.690
G1 X-2.933 Y57.171
G1 X0.000 Y57.171
G1 X0.000 Y57.571
G1 X2.079 Y57.571
G1 X0.000 Y60.066
G1 X-2.079 Y57.571
G1 X0.000 Y57.571
G1 X0.000 Y57.971
G1 X1.225 Y57.971
G1 X0.000 Y59.441
G1 X-1.225 Y57.971
G1 X0.000 Y57.971
G1 X0.000 Y58.371
G1 X0.371 Y58.371
G1 X0.000 Y58.816
G1 X-0.371 Y58.371
G1 X0.000 Y58.371
M9
G1 Z10.000
G1 X26.299 Y0.000
G1 Z1.100
M7
G4 P150
G1 X26.499 Y0.000 Z1.100
G1 X26.499 Y0.000
G1 X26.500 Y-9.800
G1 X31.782 Y-9.799
G1 X52.782 Y-6.100
G1 X54.605 Y-6.100
G1 X54.605 Y6.100
G1 X52.782 Y6.100
G1 X31.782 Y9.799
G1 X26.500 Y9.800
G1 X26.499 Y0.000
G1 X26.899 Y0.000
G1 X26.900 Y-9.400
G1 X31.747 Y-9.399
G1 X52.747 Y-5.700
G1 X54.205 Y-5.700
G1 X54.205 Y5.700
G1 X52.747 Y5.700
G1 X31.747 Y9.399
G1 X26.900 Y9.400
G1 X26.899 Y0.000
G1 X27.299 Y0.000
G1 X27.300 Y-9.000
G1 X31.712 Y-8.999
G1 X52.712 Y-5.300
G1 X53.805 Y-5.300
G1 X53.805 Y5.300
G1 X52.712 Y5.300
G1 X31.712 Y8.999
G1 X27.300 Y9.000
G1 X27.299 Y0.000
G1 X27.699 Y0.000
G1 X27.700 Y-8.600
G1 X31.677 Y-8.599
G1 X52.677 Y-4.900
G1 X53.405 Y-4.900
G1 X53.405 Y4.900
G1 X52.677 Y4.900
G1 X31.677 Y8.599
G1 X27.700 Y8.600
G1 X27.699 Y0.000
G1 X28.099 Y0.000
G1 X28.100 Y-8.200
G1 X31.642 Y-8.199
G1 X52.642 Y-4.500
G1 X53.005 Y-4.500
G1 X53.005 Y4.500
G1 X52.642 Y4.500
G1 X31.642 Y8.199
G1 X28.100 Y8.200
G1 X28.099 Y0.000
G1 X28.499 Y0.000
G1 X28.500 Y-7.800
G1 X31.607 Y-7.799
G1 X52.605 Y-4.100
G1 X52.605 Y4.100
G1 X31.607 Y7.799
G1 X28.500 Y7.800
G1 X28.499 Y0.000
G1 X28.899 Y0.000
G1 X28.900 Y-7.400
G1 X31.572 Y-7.399
G1 X52.205 Y-3.765
G1 X52.205 Y3.765
G1 X31.572 Y7.399
G1 X28.900 Y7.400
G1 X28.899 Y0.000
G1 X29.299 Y0.000
G1 X29.300 Y-6.999
G1 X31.537 Y-6.999
G1 X51.805 Y-3.429
G1 X51.805 Y3.429
G1 X31.537 Y6.999
G1 X29.300 Y6.999
G1 X29.299 Y0.000
G1 X29.699 Y0.000
G1 X29.700 Y-6.599
G1 X31.502 Y-6.599
G1 X51.405 Y-3.093
G1 X51.405 Y3.093
G1 X31.502 Y6.599
G1 X29.700 Y6.599
G1 X29.699 Y0.000
G1 X30.099 Y0.000
G1 X30.100 Y-6.199
G1 X31.467 Y-6.199
G1 X51.005 Y-2.758
G1 X51.005 Y2.758
G1 X31.467 Y6.199
G1 X30.100 Y6.199
G1 X30.099 Y0.000
G1 X30.499 Y0.000
G1 X30.500 Y-5.799
G1 X31.432 Y-5.799
G1 X50.605 Y-2.422
G1 X50.605 Y2.422
G1 X31.432 Y5.799
G1 X30.500 Y5.799
G1 X30.499 Y0.000
G1 X30.899 Y0.000
G1 X30.900 Y-5.399
G1 X31.397 Y-5.399
G1 X50.205 Y-2.086
G1 X50.205 Y2.086
G1 X31.397 Y5.399
G1 X30.900 Y5.399
G1 X30.899 Y0.000
G1 X31.299 Y0.000
G1 X31.299 Y-4.999
G1 X31.362 Y-4.999
G1 X49.805 Y-1.750
G1 X49.805 Y1.750
G1 X31.362 Y4.999
G1 X31.299 Y4.999
G1 X31.299 Y0.000
G1 X31.699 Y0.000
G1 X31.699 Y-4.533
G1 X49.405 Y-1.415
G1 X49.405 Y1.415
G1 X31.699 Y4.533
G1 X31.699 Y0.000
G1 X32.099 Y0.000
G1 X32.099 Y-4.057
G1 X49.005 Y-1.079
G1 X49.005 Y1.079
G1 X32.099 Y4.057
G1 X32.099 Y0.000
G1 X32.499 Y0.000
G1 X32.499 Y-3.580
G1 X48.605 Y-0.743
G1 X48.605 Y0.743
G1 X32.499 Y3.580
G1 X32.499 Y0.000
G1 X32.899 Y0.000
G1 X32.899 Y-3.104
G1 X48.205 Y-0.408
G1 X48.205 Y0.408
G1 X32.899 Y3.104
G1 X32.899 Y0.000
G1 X33.299 Y0.000
G1 X33.299 Y-2.627
G1 X47.805 Y-0.072
G1 X47.805 Y0.072
G1 X33.299 Y2.627
G1 X33.299 Y0.000
G1 X33.699 Y0.000
G1 X33.699 Y-2.150
G1 X45.907 Y0.000
G1 X33.699 Y2.150
G1 X33.699 Y0.000
G1 X34.099 Y0.000
G1 X34.099 Y-1.674
G1 X43.601 Y0.000
G1 X34.099 Y1.674
G1 X34.099 Y0.000
G1 X34.499 Y0.000
G1 X34.499 Y-1.197
G1 X41.296 Y0.000
G1 X34.499 Y1.197
G1 X34.499 Y0.000
G1 X34.899 Y0.000
G1 X34.899 Y-0.721
G1 X38.990 Y0.000
G1 X34.899 Y0.721
G1 X34.899 Y0.000
G1 X35.299 Y0.000
G1 X35.299 Y-0.244
G1 X36.684 Y0.000
G1 X35.299 Y0.244
G1 X35.299 Y0.000
G1 X35.999 Y-0.000 Z1.500
G1 X35.999 Y-0.000
G1 X35.999 Y0.121
G1 X36.684 Y0.000
G1 X35.999 Y-0.121
G1 X35.999 Y-0.000
G1 X35.599 Y-0.000
G1 X35.599 Y0.597
G1 X38.990 Y0.000
G1 X35.599 Y-0.597
G1 X35.599 Y-0.000
G1 X35.199 Y-0.000
G1 X35.199 Y1.074
G1 X41.296 Y0.000
G1 X35.199 Y-1.074
G1 X35.199 Y-0.000
G1 X34.799 Y-0.000
G1 X34.799 Y1.550
G1 X43.601 Y0.000
G1 X34.799 Y-1.550
G1 X34.799 Y-0.000
G1 X34.399 Y-0.000
G1 X34.399 Y2.027
G1 X45.907 Y0.000
G1 X34.399 Y-2.027
G1 X34.399 Y-0.000
G1 X33.999 Y-0.000
G1 X33.999 Y2.504
G1 X47.845 Y0.065
G1 X47.845 Y-0.065
G1 X33.999 Y-2.504
G1 X33.999 Y-0.000
G1 X33.599 Y0.000
G1 X33.599 Y2.980
G1 X48.245 Y0.401
G1 X48.245 Y-0.401
G1 X33.599 Y-2.980
G1 X33.599 Y0.000
G1 X33.199 Y0.000
G1 X33.199 Y3.457
G1 X48.645 Y0.736
G1 X48.645 Y-0.736
G1 X33.199 Y-3.457
G1 X33.199 Y0.000
G1 X32.799 Y0.000
G1 X32.799 Y3.933
G1 X49.045 Y1.072
G1 X49.045 Y-1.072
G1 X32.799 Y-3.933
G1 X32.799 Y0.000
G1 X32.399 Y0.000
G1 X32.399 Y4.410
G1 X49.445 Y1.408
G1 X49.445 Y-1.408
G1 X32.399 Y-4.410
G1 X32.399 Y0.000
G1 X31.999 Y0.000
G1 X31.999 Y4.887
G1 X49.845 Y1.743
G1 X49.845 Y-1.743
G1 X31.999 Y-4.887
G1 X31.999 Y0.000
G1 X31.599 Y0.000
G1 X31.600 Y5.363
G1 X50.245 Y2.079
G1 X50.245 Y-2.079
G1 X31.600 Y-5.363
G1 X31.599 Y0.000
G1 X31.199 Y-0.000
G1 X31.200 Y5.799
G1 X31.431 Y5.799
G1 X50.645 Y2.415
G1 X50.645 Y-2.415
G1 X31.431 Y-5.799
G1 X31.200 Y-5.799
G1 X31.199 Y0.000
G1 X30.799 Y0.000
G1 X30.800 Y6.199
G1 X31.466 Y6.199
G1 X51.045 Y2.750
G1 X51.045 Y-2.750
G1 X31.466 Y-6.199
G1 X30.800 Y-6.199
G1 X30.799 Y0.000
G1 X30.399 Y0.000
G1 X30.400 Y6.599
G1 X31.501 Y6.599
G1 X51.445 Y3.086
G1 X51.445 Y-3.086
G1 X31.501 Y-6.599
G1 X30.400 Y-6.599
G1 X30.399 Y0.000
G1 X29.999 Y0.000
G1 X30.000 Y6.999
G1 X31.536 Y6.999
G1 X51.845 Y3.422
G1 X51.845 Y-3.422
G1 X31.536 Y-6.999
G1 X30.000 Y-6.999
G1 X29.999 Y0.000
G1 X29.599 Y0.000
G1 X29.600 Y7.399
G1 X31.571 Y7.399
G1 X52.245 Y3.758
G1 X52.245 Y-3.758
G1 X31.571 Y-7.399
G1 X29.600 Y-7.399
G1 X29.599 Y0.000
G1 X29.199 Y0.000
G1 X29.200 Y7.800
G1 X31.606 Y7.799
G1 X52.607 Y4.100
G1 X52.645 Y4.100
G1 X52.645 Y-4.100
G1 X52.607 Y-4.100
G1 X31.606 Y-7.799
G1 X29.200 Y-7.800
G1 X29.199 Y0.000
G1 X28.799 Y0.000
G1 X28.800 Y8.200
G1 X31.641 Y8.199
G1 X52.642 Y4.500
G1 X53.045 Y4.500
G1 X53.045 Y-4.500
G1 X52.642 Y-4.500
G1 X31.641 Y-8.199
G1 X28.800 Y-8.200
G1 X28.799 Y0.000
G1 X28.399 Y0.000
G1 X28.400 Y8.600
G1 X31.676 Y8.599
G1 X52.677 Y4.900
G1 X53.445 Y4.900
G1 X53.445 Y-4.900
G1 X52.677 Y-4.900
G1 X31.676 Y-8.599
G1 X28.400 Y-8.600
G1 X28.399 Y0.000
G1 X27.999 Y0.000
G1 X28.000 Y9.000
G1 X31.711 Y8.999
G1 X52.712 Y5.300
G1 X53.845 Y5.300
G1 X53.845 Y-5.300
G1 X52.712 Y-5.300
G1 X31.711 Y-8.999
G1 X28.000 Y-9.000
G1 X27.999 Y0.000
G1 X27.599 Y0.000
G1 X27.600 Y9.400
G1 X31.746 Y9.399
G1 X52.747 Y5.700
G1 X54.245 Y5.700
G1 X54.245 Y-5.700
G1 X52.747 Y-5.700
G1 X31.746 Y-9.399
G1 X27.600 Y-9.400
G1 X27.599 Y0.000
G1 X27.199 Y0.000
G1 X27.200 Y9.800
G1 X31.781 Y9.799
G1 X52.782 Y6.100
G1 X54.645 Y6.100
G1 X54.645 Y-6.100
G1 X52.782 Y-6.100
G1 X31.781 Y-9.799
G1 X27.200 Y-9.800
G1 X27.199 Y0.000
G1 X27.199 Y0.000 Z1.500
G1 X28.644 Y0.000 Z1.900
G1 X28.644 Y0.000
G1 X28.645 Y-9.800
G1 X31.781 Y-9.799
G1 X52.782 Y-6.100
G1 X54.727 Y-6.100
G1 X54.727 Y6.100
G1 X52.782 Y6.100
G1 X31.781 Y9.799
G1 X28.645 Y9.800
G1 X28.644 Y0.000
G1 X29.044 Y0.000
G1 X29.045 Y-9.400
G1 X31.746 Y-9.399
G1 X52.747 Y-5.700
G1 X54.327 Y-5.700
G1 X54.327 Y5.700
G1 X52.747 Y5.700
G1 X31.746 Y9.399
G1 X29.045 Y9.400
G1 X29.044 Y0.000
G1 X29.444 Y0.000
G1 X29.445 Y-9.000
G1 X31.711 Y-8.999
G1 X52.712 Y-5.300
G1 X53.927 Y-5.300
G1 X53.927 Y5.300
G1 X52.712 Y5.300
G1 X31.711 Y8.999
G1 X29.445 Y9.000
G1 X29.444 Y0.000
G1 X29.844 Y0.000
G1 X29.845 Y-8.600
G1 X31.676 Y-8.599
G1 X52.677 Y-4.900
G1 X53.527 Y-4.900
G1 X53.527 Y4.900
G1 X52.677 Y4.900
G1 X31.676 Y8.599
G1 X29.845 Y8.600
G1 X29.844 Y0.000
G1 X30.244 Y0.000
G1 X30.245 Y-8.199
G1 X31.641 Y-8.199
G1 X52.642 Y-4.500
G1 X53.127 Y-4.500
G1 X53.127 Y4.500
G1 X52.642 Y4.500
G1 X31.641 Y8.199
G1 X30.245 Y8.199
G1 X30.244 Y0.000
G1 X30.644 Y0.000
G1 X30.645 Y-7.799
G1 X31.606 Y-7.799
G1 X52.607 Y-4.100
G1 X52.727 Y-4.100
G1 X52.727 Y4.100
G1 X52.607 Y4.100
G1 X31.606 Y7.799
G1 X30.645 Y7.799
G1 X30.644 Y0.000
G1 X31.044 Y0.000
G1 X31.045 Y-7.399
G1 X31.571 Y-7.399
G1 X52.327 Y-3.743
G1 X52.327 Y3.743
G1 X31.571 Y7.399
G1 X31.045 Y7.399
G1 X31.044 Y0.000
G1 X31.444 Y0.000
G1 X31.445 Y-6.999
G1 X31.536 Y-6.999
G1 X51.927 Y-3.407
G1 X51.927 Y3.407
G1 X31.536 Y6.999
G1 X31.445 Y6.999
G1 X31.444 Y0.000
G1 X31.844 Y0.000
G1 X31.845 Y-6.539
G1 X51.527 Y-3.072
G1 X51.527 Y3.072
G1 X31.845 Y6.539
G1 X31.844 Y0.000
G1 X32.244 Y0.000
G1 X32.245 Y-6.062
G1 X51.127 Y-2.736
G1 X51.127 Y2.736
G1 X32.245 Y6.062
G1 X32.244 Y0.000
G1 X32.644 Y0.000
G1 X32.645 Y-5.585
G1 X50.727 Y-2.400
G1 X50.727 Y2.400
G1 X32.645 Y5.585
G1 X32.644 Y-0.000
G1 X33.044 Y0.000
G1 X33.045 Y-5.109
G1 X50.327 Y-2.065
G1 X50.327 Y2.065
G1 X33.045 Y5.109
G1 X33.044 Y0.000
G1 X33.444 Y0.000
G1 X33.444 Y-4.632
G1 X49.927 Y-1.729
G1 X49.927 Y1.729
G1 X33.444 Y4.632
G1 X33.444 Y0.000
G1 X33.844 Y0.000
G1 X33.844 Y-4.156
G1 X49.527 Y-1.393
G1 X49.527 Y1.393
G1 X33.844 Y4.156
G1 X33.844 Y0.000
G1 X34.244 Y0.000
G1 X34.244 Y-3.679
G1 X49.127 Y-1.058
G1 X49.127 Y1.058
G1 X34.244 Y3.679
G1 X34.244 Y0.000
G1 X34.644 Y0.000
G1 X34.644 Y-3.202
G1 X48.727 Y-0.722
G1 X48.727 Y0.722
G1 X34.644 Y3.202
G1 X34.644 Y0.000
G1 X35.044 Y0.000
G1 X35.044 Y-2.726
G1 X48.327 Y-0.386
G1 X48.327 Y0.386
G1 X35.044 Y2.726
G1 X35.044 Y0.000
G1 X35.444 Y0.000
G1 X35.444 Y-2.249
G1 X47.927 Y-0.050
G1 X47.927 Y0.050
G1 X35.444 Y2.249
G1 X35.444 Y0.000
G1 X35.844 Y0.000
G1 X35.844 Y-1.773
G1 X45.907 Y-0.000
G1 X35.844 Y1.773
G1 X35.844 Y0.000
G1 X36.244 Y0.000
G1 X36.244 Y-1.296
G1 X43.601 Y-0.000
G1 X36.244 Y1.296
G1 X36.244 Y0.000
G1 X36.644 Y0.000
G1 X36.644 Y-0.819
G1 X41.296 Y-0.000
G1 X36.644 Y0.819
G1 X36.644 Y0.000
G1 X37.044 Y-0.000
G1 X37.044 Y-0.343
G1 X38.990 Y-0.000
G1 X37.044 Y0.343
G1 X37.044 Y-0.000
M9
G1 Z10.000
G1 X28.839 Y-1.000
G1 Z2.300
M7
G4 P150
G1 X29.039 Y-1.200 Z2.300
G1 X29.039 Y-1.200
G1 X29.039 Y-9.800
G1 X31.781 Y-9.799
G1 X52.782 Y-6.100
G1 X54.853 Y-6.100
G1 X54.853 Y-1.200
G1 X29.039 Y-1.200
G1 X29.439 Y-1.600
G1 X29.439 Y-9.400
G1 X31.746 Y-9.399
G1 X52.747 Y-5.700
G1 X54.453 Y-5.700
G1 X54.453 Y-1.600
G1 X29.439 Y-1.600
G1 X29.839 Y-2.000
G1 X29.839 Y-9.000
G1 X31.711 Y-8.999
G1 X52.712 Y-5.300
G1 X54.053 Y-5.300
G1 X54.053 Y-2.000
G1 X29.839 Y-2.000
G1 X30.239 Y-2.400
G1 X30.239 Y-8.600
G1 X31.676 Y-8.599
G1 X52.677 Y-4.900
G1 X53.653 Y-4.900
G1 X53.653 Y-2.400
G1 X30.239 Y-2.400
G1 X30.639 Y-2.800
G1 X30.639 Y-8.199
G1 X31.641 Y-8.199
G1 X52.642 Y-4.500
G1 X53.253 Y-4.500
G1 X53.253 Y-2.800
G1 X30.639 Y-2.800
G1 X31.039 Y-3.200
G1 X31.039 Y-7.799
G1 X31.606 Y-7.799
G1 X52.607 Y-4.100
G1 X52.853 Y-4.100
G1 X52.853 Y-3.200
G1 X31.039 Y-3.200
G1 X31.439 Y-3.600
G1 X31.439 Y-7.399
G1 X31.571 Y-7.399
G1 X52.453 Y-3.721
G1 X52.453 Y-3.600
G1 X31.439 Y-3.600
G1 X31.839 Y-4.000
G1 X31.839 Y-6.946
G1 X48.563 Y-4.000
G1 X31.839 Y-4.000
G1 X32.239 Y-4.400
G1 X32.239 Y-6.469
G1 X43.986 Y-4.400
G1 X32.239 Y-4.400
G1 X32.639 Y-4.800
G1 X32.639 Y-5.993
G1 X39.409 Y-4.800
G1 X32.639 Y-4.800
G1 X33.039 Y-5.200
G1 X33.039 Y-5.516
G1 X34.833 Y-5.200
G1 X33.039 Y-5.200
G1 X31.740 Y-3.600 Z2.700
G1 X31.740 Y-3.600
G1 X52.627 Y-3.600
G1 X52.627 Y-3.700
G1 X52.572 Y-3.700
G1 X31.740 Y-7.369
G1 X31.740 Y-3.600
G1 X31.340 Y-3.200
G1 X53.027 Y-3.200
G1 X53.027 Y-4.100
G1 X52.607 Y-4.100
G1 X31.606 Y-7.799
G1 X31.340 Y-7.799
G1 X31.340 Y-3.200
G1 X30.940 Y-2.800
G1 X53.427 Y-2.800
G1 X53.427 Y-4.500
G1 X52.642 Y-4.500
G1 X31.641 Y-8.199
G1 X30.940 Y-8.199
G1 X30.940 Y-2.800
G1 X30.540 Y-2.400
G1 X53.827 Y-2.400
G1 X53.827 Y-4.900
G1 X52.677 Y-4.900
G1 X31.676 Y-8.599
G1 X30.540 Y-8.599
G1 X30.540 Y-2.400
G1 X30.140 Y-2.000
G1 X54.227 Y-2.000
G1 X54.227 Y-5.300
G1 X52.712 Y-5.300
G1 X31.711 Y-8.999
G1 X30.140 Y-9.000
G1 X30.140 Y-2.000
G1 X29.740 Y-1.600
G1 X54.627 Y-1.600
G1 X54.627 Y-5.700
G1 X52.747 Y-5.700
G1 X31.746 Y-9.399
G1 X29.740 Y-9.400
G1 X29.740 Y-1.600
G1 X29.340 Y-1.200
G1 X55.027 Y-1.200
G1 X55.027 Y-6.100
G1 X52.782 Y-6.100
G1 X31.781 Y-9.799
G1 X29.340 Y-9.800
G1 X29.340 Y-1.200
G1 X29.340 Y-1.200 Z2.700
M9
G1 Z10.000
G1 X55.053 Y1.000
G1 Z2.300
M7
G4 P150
G1 X54.853 Y1.200 Z2.300
G1 X54.853 Y1.200
G1 X54.853 Y6.100
G1 X52.782 Y6.100
G1 X31.781 Y9.799
G1 X29.039 Y9.800
G1 X29.039 Y1.200
G1 X54.853 Y1.200
G1 X54.453 Y1.600
G1 X54.453 Y5.700
G1 X52.747 Y5.700
G1 X31.746 Y9.399
G1 X29.439 Y9.400
G1 X29.439 Y1.600
G1 X54.453 Y1.600
G1 X54.053 Y2.000
G1 X54.053 Y5.300
G1 X52.712 Y5.300
G1 X31.711 Y8.999
G1 X29.839 Y9.000
G1 X29.839 Y2.000
G1 X54.053 Y2.000
G1 X53.653 Y2.400
G1 X53.653 Y4.900
G1 X52.677 Y4.900
G1 X31.676 Y8.599
G1 X30.239 Y8.600
G1 X30.239 Y2.400
G1 X53.653 Y2.400
G1 X53.253 Y2.800
G1 X53.253 Y4.500
G1 X52.642 Y4.500
G1 X31.641 Y8.199
G1 X30.639 Y8.199
G1 X30.639 Y2.800
G1 X53.253 Y2.800
G1 X52.853 Y3.200
G1 X52.853 Y4.100
G1 X52.607 Y4.100
G1 X31.606 Y7.799
G1 X31.039 Y7.799
G1 X31.039 Y3.200
G1 X52.853 Y3.200
G1 X52.453 Y3.600
G1 X52.453 Y3.721
G1 X31.571 Y7.399
G1 X31.439 Y7.399
G1 X31.439 Y3.600
G1 X52.453 Y3.600
G1 X48.563 Y4.000
G1 X31.839 Y6.946
G1 X31.839 Y4.000
G1 X48.563 Y4.000
G1 X43.986 Y4.400
G1 X32.239 Y6.469
G1 X32.239 Y4.400
G1 X43.986 Y4.400
G1 X39.409 Y4.800
G1 X32.639 Y5.993
G1 X32.639 Y4.800
G1 X39.409 Y4.800
G1 X34.833 Y5.200
G1 X33.039 Y5.516
G1 X33.039 Y5.200
G1 X34.833 Y5.200
G1 X34.833 Y5.200 Z2.700
G1 X34.833 Y5.200
G1 X33.340 Y5.200
G1 X33.340 Y5.463
G1 X34.833 Y5.200
G1 X39.409 Y4.800
G1 X32.940 Y4.800
G1 X32.940 Y5.940
G1 X39.409 Y4.800
G1 X43.986 Y4.400
G1 X32.540 Y4.400
G1 X32.540 Y6.416
G1 X43.986 Y4.400
G1 X48.563 Y4.000
G1 X32.140 Y4.000
G1 X32.140 Y6.893
G1 X48.563 Y4.000
G1 X52.627 Y3.600
G1 X31.740 Y3.600
G1 X31.740 Y7.369
G1 X52.572 Y3.700
G1 X52.627 Y3.700
G1 X52.627 Y3.600
G1 X53.027 Y3.200
G1 X31.340 Y3.200
G1 X31.340 Y7.799
G1 X31.606 Y7.799
G1 X52.607 Y4.100
G1 X53.027 Y4.100
G1 X53.027 Y3.200
G1 X53.427 Y2.800
G1 X30.940 Y2.800
G1 X30.940 Y8.199
G1 X31.641 Y8.199
G1 X52.642 Y4.500
G1 X53.427 Y4.500
G1 X53.427 Y2.800
G1 X53.827 Y2.400
G1 X30.540 Y2.400
G1 X30.540 Y8.599
G1 X31.676 Y8.599
G1 X52.677 Y4.900
G1 X53.827 Y4.900
G1 X53.827 Y2.400
G1 X54.227 Y2.000
G1 X30.140 Y2.000
G1 X30.140 Y9.000
G1 X31.711 Y8.999
G1 X52.712 Y5.300
G1 X54.227 Y5.300
G1 X54.227 Y2.000
G1 X54.627 Y1.600
G1 X29.740 Y1.600
G1 X29.740 Y9.400
G1 X31.746 Y9.399
G1 X52.747 Y5.700
G1 X54.627 Y5.700
G1 X54.627 Y1.600
G1 X55.027 Y1.200
G1 X29.340 Y1.200
G1 X29.340 Y9.800
G1 X31.781 Y9.799
G1 X52.782 Y6.100
G1 X55.027 Y6.100
G1 X55.027 Y1.200
G1 X55.027 Y1.200 Z2.700
M9
G1 Z10.000
G1 X63.593 Y0.000
G1 Z1.100
M7
G4 P150
G1 X63.793 Y0.000 Z1.100
G1 X63.793 Y0.000
G1 X63.794 Y-6.100
G1 X65.560 Y-6.100
G1 X75.400 Y-1.967
G1 X75.400 Y1.967
G1 X65.560 Y6.100
G1 X63.794 Y6.100
G1 X63.793 Y0.000
G1 X64.193 Y0.000
G1 X64.194 Y-5.700
G1 X65.479 Y-5.700
G1 X75.000 Y-1.701
G1 X75.000 Y1.701
G1 X65.479 Y5.700
G1 X64.194 Y5.700
G1 X64.193 Y0.000
G1 X64.593 Y0.000
G1 X64.594 Y-5.300
G1 X65.399 Y-5.300
G1 X74.600 Y-1.435
G1 X74.600 Y1.435
G1 X65.399 Y5.300
G1 X64.594 Y5.300
G1 X64.593 Y0.000
G1 X64.993 Y0.000
G1 X64.994 Y-4.900
G1 X65.318 Y-4.900
G1 X74.200 Y-1.170
G1 X74.200 Y1.170
G1 X65.318 Y4.900
G1 X64.994 Y4.900
G1 X64.993 Y0.000
G1 X65.393 Y0.000
G1 X65.394 Y-4.434
G1 X73.800 Y-0.904
G1 X73.800 Y0.904
G1 X65.394 Y4.434
G1 X65.393 Y0.000
G1 X65.793 Y0.000
G1 X65.794 Y-3.833
G1 X73.400 Y-0.638
G1 X73.400 Y0.638
G1 X65.794 Y3.833
G1 X65.793 Y0.000
G1 X66.193 Y0.000
G1 X66.194 Y-3.231
G1 X73.000 Y-0.372
G1 X73.000 Y0.372
G1 X66.194 Y3.231
G1 X66.193 Y-0.000
G1 X66.593 Y0.000
G1 X66.593 Y-2.629
G1 X72.600 Y-0.106
G1 X72.600 Y0.106
G1 X66.593 Y2.629
G1 X66.593 Y0.000
G1 X66.993 Y0.000
G1 X66.993 Y-2.027
G1 X71.820 Y0.000
G1 X66.993 Y2.027
G1 X66.993 Y0.000
G1 X67.393 Y0.000
G1 X67.393 Y-1.425
G1 X70.787 Y0.000
G1 X67.393 Y1.425
G1 X67.393 Y0.000
G1 X67.793 Y0.000
G1 X67.793 Y-0.823
G1 X69.754 Y0.000
G1 X67.793 Y0.823
G1 X67.793 Y0.000
G1 X68.193 Y0.000
G1 X68.193 Y-0.222
G1 X68.721 Y0.000
G1 X68.193 Y0.222
G1 X68.193 Y0.000
G1 X68.153 Y0.000 Z1.500
G1 X68.153 Y0.000
G1 X68.153 Y0.238
G1 X68.721 Y0.000
G1 X68.153 Y-0.238
G1 X68.153 Y0.000
G1 X67.753 Y0.000
G1 X67.753 Y0.840
G1 X69.754 Y0.000
G1 X67.753 Y-0.840
G1 X67.753 Y0.000
G1 X67.353 Y0.000
G1 X67.353 Y1.442
G1 X70.787 Y0.000
G1 X67.353 Y-1.442
G1 X67.353 Y0.000
G1 X66.953 Y0.000
G1 X66.953 Y2.044
G1 X71.820 Y0.000
G1 X66.953 Y-2.044
G1 X66.953 Y0.000
G1 X66.553 Y0.000
G1 X66.553 Y2.646
G1 X72.600 Y0.106
G1 X72.600 Y-0.106
G1 X66.553 Y-2.646
G1 X66.553 Y0.000
G1 X66.153 Y-0.000
G1 X66.154 Y3.248
G1 X73.000 Y0.372
G1 X73.000 Y-0.372
G1 X66.154 Y-3.248
G1 X66.153 Y0.000
G1 X65.753 Y-0.000
G1 X65.754 Y3.849
G1 X73.400 Y0.638
G1 X73.400 Y-0.638
G1 X65.754 Y-3.849
G1 X65.753 Y0.000
G1 X65.353 Y0.000
G1 X65.354 Y4.451
G1 X73.800 Y0.904
G1 X73.800 Y-0.904
G1 X65.354 Y-4.451
G1 X65.353 Y0.000
G1 X64.953 Y0.000
G1 X64.954 Y4.900
G1 X65.318 Y4.900
G1 X74.200 Y1.170
G1 X74.200 Y-1.170
G1 X65.318 Y-4.900
G1 X64.954 Y-4.900
G1 X64.953 Y0.000
G1 X64.553 Y0.000
G1 X64.554 Y5.300
G1 X65.399 Y5.300
G1 X74.600 Y1.435
G1 X74.600 Y-1.435
G1 X65.399 Y-5.300
G1 X64.554 Y-5.300
G1 X64.553 Y0.000
G1 X64.153 Y0.000
G1 X64.154 Y5.700
G1 X65.479 Y5.700
G1 X75.000 Y1.701
G1 X75.000 Y-1.701
G1 X65.479 Y-5.700
G1 X64.154 Y-5.700
G1 X64.153 Y0.000
G1 X63.753 Y0.000
G1 X63.754 Y6.100
G1 X65.560 Y6.100
G1 X75.400 Y1.967
G1 X75.400 Y-1.967
G1 X65.560 Y-6.100
G1 X63.754 Y-6.100
G1 X63.753 Y0.000
G1 X63.753 Y0.000 Z1.500
G1 X63.671 Y0.000 Z1.900
G1 X63.671 Y0.000
G1 X63.672 Y-6.100
G1 X65.560 Y-6.100
G1 X75.400 Y-1.967
G1 X75.400 Y1.967
G1 X65.560 Y6.100
G1 X63.672 Y6.100
G1 X63.671 Y0.000
G1 X64.071 Y0.000
G1 X64.072 Y-5.700
G1 X65.479 Y-5.700
G1 X75.000 Y-1.701
G1 X75.000 Y1.701
G1 X65.479 Y5.700
G1 X64.072 Y5.700
G1 X64.071 Y0.000
G1 X64.471 Y0.000
G1 X64.472 Y-5.300
G1 X65.399 Y-5.300
G1 X74.600 Y-1.435
G1 X74.600 Y1.435
G1 X65.399 Y5.300
G1 X64.472 Y5.300
G1 X64.471 Y0.000
G1 X64.871 Y0.000
G1 X64.872 Y-4.900
G1 X65.318 Y-4.900
G1 X74.200 Y-1.170
G1 X74.200 Y1.170
G1 X65.318 Y4.900
G1 X64.872 Y4.900
G1 X64.871 Y0.000
G1 X65.271 Y0.000
G1 X65.272 Y-4.486
G1 X73.800 Y-0.904
G1 X73.800 Y0.904
G1 X65.272 Y4.486
G1 X65.271 Y0.000
G1 X65.671 Y0.000
G1 X65.672 Y-3.884
G1 X73.400 Y-0.638
G1 X73.400 Y0.638
G1 X65.672 Y3.884
G1 X65.671 Y0.000
G1 X66.071 Y0.000
G1 X66.072 Y-3.282
G1 X73.000 Y-0.372
G1 X73.000 Y0.372
G1 X66.072 Y3.282
G1 X66.071 Y0.000
G1 X66.471 Y0.000
G1 X66.471 Y-2.680
G1 X72.600 Y-0.106
G1 X72.600 Y0.106
G1 X66.471 Y2.680
G1 X66.471 Y-0.000
G1 X66.871 Y0.000
G1 X66.871 Y-2.078
G1 X71.820 Y0.000
G1 X66.871 Y2.078
G1 X66.871 Y0.000
G1 X67.271 Y0.000
G1 X67.271 Y-1.477
G1 X70.787 Y0.000
G1 X67.271 Y1.477
G1 X67.271 Y0.000
G1 X67.671 Y0.000
G1 X67.671 Y-0.875
G1 X69.754 Y0.000
G1 X67.671 Y0.875
G1 X67.671 Y0.000
G1 X68.071 Y0.000
G1 X68.071 Y-0.273
G1 X68.721 Y0.000
G1 X68.071 Y0.273
G1 X68.071 Y0.000
G1 X67.945 Y0.000 Z2.300
G1 X67.945 Y0.000
G1 X67.945 Y0.326
G1 X68.721 Y0.000
G1 X67.945 Y-0.326
G1 X67.945 Y0.000
G1 X67.545 Y0.000
G1 X67.545 Y0.928
G1 X69.754 Y0.000
G1 X67.545 Y-0.928
G1 X67.545 Y0.000
G1 X67.145 Y0.000
G1 X67.145 Y1.529
G1 X70.787 Y0.000
G1 X67.145 Y-1.529
G1 X67.145 Y0.000
G1 X66.745 Y0.000
G1 X66.745 Y2.131
G1 X71.820 Y0.000
G1 X66.745 Y-2.131
G1 X66.745 Y0.000
G1 X66.345 Y-0.000
G1 X66.345 Y2.733
G1 X72.600 Y0.106
G1 X72.600 Y-0.106
G1 X66.345 Y-2.733
G1 X66.345 Y0.000
G1 X65.945 Y0.000
G1 X65.946 Y3.335
G1 X73.000 Y0.372
G1 X73.000 Y-0.372
G1 X65.946 Y-3.335
G1 X65.945 Y0.000
G1 X65.545 Y0.000
G1 X65.546 Y3.937
G1 X73.400 Y0.638
G1 X73.400 Y-0.638
G1 X65.546 Y-3.937
G1 X65.545 Y0.000
G1 X65.145 Y0.000
G1 X65.146 Y4.500
G1 X65.237 Y4.500
G1 X73.800 Y0.904
G1 X73.800 Y-0.904
G1 X65.237 Y-4.500
G1 X65.146 Y-4.500
G1 X65.145 Y0.000
G1 X64.745 Y0.000
G1 X64.746 Y4.900
G1 X65.318 Y4.900
G1 X74.200 Y1.170
G1 X74.200 Y-1.170
G1 X65.318 Y-4.900
G1 X64.746 Y-4.900
G1 X64.745 Y0.000
G1 X64.345 Y0.000
G1 X64.346 Y5.300
G1 X65.399 Y5.300
G1 X74.600 Y1.435
G1 X74.600 Y-1.435
G1 X65.399 Y-5.300
G1 X64.346 Y-5.300
G1 X64.345 Y0.000
G1 X63.945 Y0.000
G1 X63.946 Y5.700
G1 X65.479 Y5.700
G1 X75.000 Y1.701
G1 X75.000 Y-1.701
G1 X65.479 Y-5.700
G1 X63.946 Y-5.700
G1 X63.945 Y0.000
G1 X63.545 Y0.000
G1 X63.546 Y6.100
G1 X65.560 Y6.100
G1 X75.400 Y1.967
G1 X75.400 Y-1.967
G1 X65.560 Y-6.100
G1 X63.546 Y-6.100
G1 X63.545 Y0.000
G1 X63.545 Y0.000 Z2.300
G1 X63.371 Y0.000 Z2.700
G1 X63.371 Y0.000
G1 X63.372 Y-6.100
G1 X65.560 Y-6.100
G1 X75.400 Y-1.967
G1 X75.400 Y1.967
G1 X65.560 Y6.100
G1 X63.372 Y6.100
G1 X63.371 Y0.000
G1 X63.771 Y0.000
G1 X63.772 Y-5.700
G1 X65.479 Y-5.700
G1 X75.000 Y-1.701
G1 X75.000 Y1.701
G1 X65.479 Y5.700
G1 X63.772 Y5.700
G1 X63.771 Y0.000
G1 X64.171 Y0.000
G1 X64.172 Y-5.300
G1 X65.399 Y-5.300
G1 X74.600 Y-1.435
G1 X74.600 Y1.435
G1 X65.399 Y5.300
G1 X64.172 Y5.300
G1 X64.171 Y0.000
G1 X64.571 Y0.000
G1 X64.572 Y-4.900
G1 X65.318 Y-4.900
G1 X74.200 Y-1.170
G1 X74.200 Y1.170
G1 X65.318 Y4.900
G1 X64.572 Y4.900
G1 X64.571 Y0.000
G1 X64.971 Y0.000
G1 X64.972 Y-4.500
G1 X65.237 Y-4.500
G1 X73.800 Y-0.904
G1 X73.800 Y0.904
G1 X65.237 Y4.500
G1 X64.972 Y4.500
G1 X64.971 Y0.000
G1 X65.371 Y0.000
G1 X65.372 Y-4.010
G1 X73.400 Y-0.638
G1 X73.400 Y0.638
G1 X65.372 Y4.010
G1 X65.371 Y0.000
G1 X65.771 Y0.000
G1 X65.772 Y-3.408
G1 X73.000 Y-0.372
G1 X73.000 Y0.372
G1 X65.772 Y3.408
G1 X65.771 Y0.000
G1 X66.171 Y0.000
G1 X66.171 Y-2.806
G1 X72.600 Y-0.106
G1 X72.600 Y0.106
G1 X66.171 Y2.806
G1 X66.171 Y0.000
G1 X66.571 Y0.000
G1 X66.571 Y-2.204
G1 X71.820 Y0.000
G1 X66.571 Y2.204
G1 X66.571 Y0.000
G1 X66.971 Y0.000
G1 X66.971 Y-1.603
G1 X70.787 Y0.000
G1 X66.971 Y1.603
G1 X66.971 Y0.000
G1 X67.371 Y0.000
G1 X67.371 Y-1.001
G1 X69.754 Y0.000
G1 X67.371 Y1.001
G1 X67.371 Y0.000
G1 X67.771 Y0.000
G1 X67.771 Y-0.399
G1 X68.721 Y0.000
G1 X67.771 Y0.399
G1 X67.771 Y0.000
M9
G1 Z10.000
G1 X14.999 Y-42.205
G1 Z1.100
M7
G4 P150
G1 X14.799 Y-42.005 Z1.100
G1 X14.799 Y-42.005
G1 X14.799 Y-40.794
G1 X-14.799 Y-40.794
G1 X-14.799 Y-42.005
G1 X14.799 Y-42.005
G1 X14.399 Y-41.605
G1 X14.399 Y-41.194
G1 X-14.399 Y-41.194
G1 X-14.399 Y-41.605
G1 X14.399 Y-41.605
G1 X14.399 Y-41.645 Z1.500
G1 X14.399 Y-41.645
G1 X-14.399 Y-41.645
G1 X-14.399 Y-41.154
G1 X14.399 Y-41.154
G1 X14.399 Y-41.645
G1 X14.799 Y-42.045
G1 X-14.799 Y-42.045
G1 X-14.799 Y-40.754
G1 X14.799 Y-40.754
G1 X14.799 Y-42.045
G1 X14.799 Y-42.045 Z1.500
G1 X14.799 Y-42.127 Z1.900
G1 X14.799 Y-42.127
G1 X14.799 Y-40.672
G1 X-14.799 Y-40.672
G1 X-14.799 Y-42.127
G1 X14.799 Y-42.127
G1 X14.399 Y-41.727
G1 X14.399 Y-41.072
G1 X-14.399 Y-41.072
G1 X-14.399 Y-41.727
G1 X14.399 Y-41.727
M9
G1 Z10.000
G1 X-14.999 Y42.205
G1 Z1.100
M7
G4 P150
G1 X-14.799 Y42.005 Z1.100
G1 X-14.799 Y42.005
G1 X-14.799 Y40.794
G1 X14.799 Y40.794
G1 X14.799 Y42.005
G1 X-14.799 Y42.005
G1 X-14.399 Y41.605
G1 X-14.399 Y41.194
G1 X14.399 Y41.194
G1 X14.399 Y41.605
G1 X-14.399 Y41.605
G1 X-14.399 Y41.645 Z1.500
G1 X-14.399 Y41.645
G1 X14.399 Y41.645
G1 X14.399 Y41.154
G1 X-14.399 Y41.154
G1 X-14.399 Y41.645
G1 X-14.799 Y42.045
G1 X14.799 Y42.045
G1 X14.799 Y40.754
G1 X-14.799 Y40.754
G1 X-14.799 Y42.045
G1 X-14.799 Y42.045 Z1.500
G1 X-14.799 Y42.127 Z1.900
G1 X-14.799 Y42.127
G1 X-14.799 Y40.672
G1 X14.799 Y40.672
G1 X14.799 Y42.127
G1 X-14.799 Y42.127
G1 X-14.399 Y41.727
G1 X-14.399 Y41.072
G1 X14.399 Y41.072
G1 X14.399 Y41.727
G1 X-14.399 Y41.727
M9
G1 Z10.000
G1 X-26.149 Y0.000
G1 Z1.100
M7
G4 P150
G1 X-26.349 Y0.000 Z1.100
G1 X-26.349 Y0.000
G1 X-26.350 Y5.800
G1 X-31.760 Y5.800
G1 X-46.261 Y0.000
G1 X-31.760 Y-5.800
G1 X-26.350 Y-5.800
G1 X-26.349 Y0.000
G1 X-26.749 Y0.000
G1 X-26.750 Y5.400
G1 X-31.683 Y5.400
G1 X-45.184 Y0.000
G1 X-31.683 Y-5.400
G1 X-26.750 Y-5.400
G1 X-26.749 Y0.000
G1 X-27.149 Y0.000
G1 X-27.150 Y5.000
G1 X-31.606 Y5.000
G1 X-44.107 Y0.000
G1 X-31.606 Y-5.000
G1 X-27.150 Y-5.000
G1 X-27.149 Y0.000
G1 X-27.549 Y0.000
G1 X-27.550 Y4.600
G1 X-31.529 Y4.600
G1 X-43.030 Y0.000
G1 X-31.529 Y-4.600
G1 X-27.550 Y-4.600
G1 X-27.549 Y0.000
G1 X-27.949 Y0.000
G1 X-27.950 Y4.200
G1 X-31.452 Y4.200
G1 X-41.953 Y0.000
G1 X-31.452 Y-4.200
G1 X-27.950 Y-4.200
G1 X-27.949 Y0.000
G1 X-28.349 Y0.000
G1 X-28.350 Y3.800
G1 X-31.375 Y3.800
G1 X-40.876 Y0.000
G1 X-31.375 Y-3.800
G1 X-28.350 Y-3.800
G1 X-28.349 Y0.000
G1 X-28.749 Y0.000
G1 X-28.750 Y3.400
G1 X-31.298 Y3.400
G1 X-39.799 Y0.000
G1 X-31.298 Y-3.400
G1 X-28.750 Y-3.400
G1 X-28.749 Y0.000
G1 X-29.149 Y0.000
G1 X-29.150 Y3.000
G1 X-31.221 Y3.000
G1 X-38.722 Y0.000
G1 X-31.221 Y-3.000
G1 X-29.150 Y-3.000
G1 X-29.149 Y0.000
G1 X-29.549 Y0.000
G1 X-29.549 Y2.600
G1 X-31.144 Y2.600
G1 X-37.645 Y0.000
G1 X-31.144 Y-2.600
G1 X-29.549 Y-2.600
G1 X-29.549 Y0.000
G1 X-29.949 Y0.000
G1 X-29.949 Y2.200
G1 X-31.067 Y2.200
G1 X-36.568 Y0.000
G1 X-31.067 Y-2.200
G1 X-29.949 Y-2.200
G1 X-29.949 Y0.000
G1 X-30.349 Y0.000
G1 X-30.349 Y1.800
G1 X-30.990 Y1.800
G1 X-35.491 Y0.000
G1 X-30.990 Y-1.800
G1 X-30.349 Y-1.800
G1 X-30.349 Y0.000
G1 X-30.749 Y0.000
G1 X-30.749 Y1.400
G1 X-30.913 Y1.400
G1 X-34.413 Y0.000
G1 X-30.913 Y-1.400
G1 X-30.749 Y-1.400
G1 X-30.749 Y0.000
G1 X-31.149 Y0.000
G1 X-31.149 Y0.875
G1 X-33.336 Y0.000
G1 X-31.149 Y-0.875
G1 X-31.149 Y0.000
G1 X-31.549 Y0.000
G1 X-31.549 Y0.284
G1 X-32.259 Y0.000
G1 X-31.549 Y-0.284
G1 X-31.549 Y0.000
G1 X-32.039 Y0.000 Z1.500
G1 X-32.039 Y0.000
G1 X-32.039 Y-0.088
G1 X-32.259 Y0.000
G1 X-32.039 Y0.088
G1 X-32.039 Y0.000
G1 X-31.639 Y0.000
G1 X-31.639 Y-0.679
G1 X-33.336 Y0.000
G1 X-31.639 Y0.679
G1 X-31.639 Y0.000
G1 X-31.239 Y0.000
G1 X-31.239 Y-1.270
G1 X-34.413 Y0.000
G1 X-31.239 Y1.270
G1 X-31.239 Y0.000
G1 X-30.839 Y0.000
G1 X-30.839 Y-1.800
G1 X-30.990 Y-1.800
G1 X-35.491 Y0.000
G1 X-30.990 Y1.800
G1 X-30.839 Y1.800
G1 X-30.839 Y0.000
G1 X-30.439 Y0.000
G1 X-30.439 Y-2.200
G1 X-31.067 Y-2.200
G1 X-36.568 Y0.000
G1 X-31.067 Y2.200
G1 X-30.439 Y2.200
G1 X-30.439 Y0.000
G1 X-30.039 Y0.000
G1 X-30.039 Y-2.600
G1 X-31.144 Y-2.600
G1 X-37.645 Y0.000
G1 X-31.144 Y2.600
G1 X-30.039 Y2.600
G1 X-30.039 Y0.000
G1 X-29.639 Y0.000
G1 X-29.640 Y-3.000
G1 X-31.221 Y-3.000
G1 X-38.722 Y0.000
G1 X-31.221 Y3.000
G1 X-29.640 Y3.000
G1 X-29.639 Y0.000
G1 X-29.239 Y0.000
G1 X-29.240 Y-3.400
G1 X-31.298 Y-3.400
G1 X-39.799 Y0.000
G1 X-31.298 Y3.400
G1 X-29.240 Y3.400
G1 X-29.239 Y0.000
G1 X-28.839 Y0.000
G1 X-28.840 Y-3.800
G1 X-31.375 Y-3.800
G1 X-40.876 Y0.000
G1 X-31.375 Y3.800
G1 X-28.840 Y3.800
G1 X-28.839 Y0.000
G1 X-28.439 Y0.000
G1 X-28.440 Y-4.200
G1 X-31.452 Y-4.200
G1 X-41.953 Y0.000
G1 X-31.452 Y4.200
G1 X-28.440 Y4.200
G1 X-28.439 Y0.000
G1 X-28.039 Y0.000
G1 X-28.040 Y-4.600
G1 X-31.529 Y-4.600
G1 X-43.030 Y0.000
G1 X-31.529 Y4.600
G1 X-28.040 Y4.600
G1 X-28.039 Y0.000
G1 X-27.639 Y0.000
G1 X-27.640 Y-5.000
G1 X-31.606 Y-5.000
G1 X-44.107 Y0.000
G1 X-31.606 Y5.000
G1 X-27.640 Y5.000
G1 X-27.639 Y0.000
G1 X-27.239 Y0.000
G1 X-27.240 Y-5.400
G1 X-31.683 Y-5.400
G1 X-45.184 Y0.000
G1 X-31.683 Y5.400
G1 X-27.240 Y5.400
G1 X-27.239 Y0.000
G1 X-26.839 Y0.000
G1 X-26.840 Y-5.800
G1 X-31.760 Y-5.800
G1 X-46.261 Y0.000
G1 X-31.760 Y5.800
G1 X-26.840 Y5.800
G1 X-26.839 Y0.000
G1 X-26.839 Y0.000 Z1.500
G1 X-27.851 Y0.000 Z1.900
G1 X-27.851 Y0.000
G1 X-27.852 Y5.800
G1 X-31.760 Y5.800
G1 X-46.261 Y0.000
G1 X-31.760 Y-5.800
G1 X-27.852 Y-5.800
G1 X-27.851 Y0.000
G1 X-28.251 Y0.000
G1 X-28.252 Y5.400
G1 X-31.683 Y5.400
G1 X-45.184 Y0.000
G1 X-31.683 Y-5.400
G1 X-28.252 Y-5.400
G1 X-28.251 Y0.000
G1 X-28.651 Y0.000
G1 X-28.652 Y5.000
G1 X-31.606 Y5.000
G1 X-44.107 Y0.000
G1 X-31.606 Y-5.000
G1 X-28.652 Y-5.000
G1 X-28.651 Y0.000
G1 X-29.051 Y0.000
G1 X-29.052 Y4.600
G1 X-31.529 Y4.600
G1 X-43.030 Y0.000
G1 X-31.529 Y-4.600
G1 X-29.052 Y-4.600
G1 X-29.051 Y0.000
G1 X-29.451 Y0.000
G1 X-29.452 Y4.200
G1 X-31.452 Y4.200
G1 X-41.953 Y0.000
G1 X-31.452 Y-4.200
G1 X-29.452 Y-4.200
G1 X-29.451 Y0.000
G1 X-29.851 Y0.000
G1 X-29.852 Y3.800
G1 X-31.375 Y3.800
G1 X-40.876 Y0.000
G1 X-31.375 Y-3.800
G1 X-29.852 Y-3.800
G1 X-29.851 Y0.000
G1 X-30.251 Y0.000
G1 X-30.252 Y3.400
G1 X-31.298 Y3.400
G1 X-39.799 Y0.000
G1 X-31.298 Y-3.400
G1 X-30.252 Y-3.400
G1 X-30.251 Y0.000
G1 X-30.651 Y0.000
G1 X-30.652 Y3.000
G1 X-31.221 Y3.000
G1 X-38.722 Y0.000
G1 X-31.221 Y-3.000
G1 X-30.652 Y-3.000
G1 X-30.651 Y0.000
G1 X-31.051 Y0.000
G1 X-31.051 Y2.600
G1 X-31.144 Y2.600
G1 X-37.645 Y0.000
G1 X-31.144 Y-2.600
G1 X-31.051 Y-2.600
G1 X-31.051 Y0.000
G1 X-31.451 Y0.000
G1 X-31.451 Y2.046
G1 X-36.568 Y0.000
G1 X-31.451 Y-2.046
G1 X-31.451 Y0.000
G1 X-31.851 Y0.000
G1 X-31.851 Y1.456
G1 X-35.491 Y0.000
G1 X-31.851 Y-1.456
G1 X-31.851 Y0.000
G1 X-32.251 Y0.000
G1 X-32.251 Y0.865
G1 X-34.413 Y0.000
G1 X-32.251 Y-0.865
G1 X-32.251 Y0.000
G1 X-32.651 Y0.000
G1 X-32.651 Y0.274
G1 X-33.336 Y0.000
G1 X-32.651 Y-0.274
G1 X-32.651 Y0.000
G1 X-32.926 Y0.000 Z2.300
G1 X-32.926 Y0.000
G1 X-32.926 Y-0.164
G1 X-33.336 Y0.000
G1 X-32.926 Y0.164
G1 X-32.926 Y0.000
G1 X-32.526 Y0.000
G1 X-32.526 Y-0.755
G1 X-34.413 Y0.000
G1 X-32.526 Y0.755
G1 X-32.526 Y0.000
G1 X-32.126 Y0.000
G1 X-32.126 Y-1.346
G1 X-35.491 Y0.000
G1 X-32.126 Y1.346
G1 X-32.126 Y0.000
G1 X-31.726 Y0.000
G1 X-31.726 Y-1.936
G1 X-36.568 Y0.000
G1 X-31.726 Y1.936
G1 X-31.726 Y0.000
G1 X-31.326 Y0.000
G1 X-31.326 Y-2.527
G1 X-37.645 Y0.000
G1 X-31.326 Y2.527
G1 X-31.326 Y0.000
G1 X-30.926 Y0.000
G1 X-30.927 Y-3.000
G1 X-31.221 Y-3.000
G1 X-38.722 Y0.000
G1 X-31.221 Y3.000
G1 X-30.927 Y3.000
G1 X-30.926 Y0.000
G1 X-30.526 Y0.000
G1 X-30.527 Y-3.400
G1 X-31.298 Y-3.400
G1 X-39.799 Y0.000
G1 X-31.298 Y3.400
G1 X-30.527 Y3.400
G1 X-30.526 Y0.000
G1 X-30.126 Y0.000
G1 X-30.127 Y-3.800
G1 X-31.375 Y-3.800
G1 X-40.876 Y0.000
G1 X-31.375 Y3.800
G1 X-30.127 Y3.800
G1 X-30.126 Y0.000
G1 X-29.726 Y0.000
G1 X-29.727 Y-4.200
G1 X-31.452 Y-4.200
G1 X-41.953 Y0.000
G1 X-31.452 Y4.200
G1 X-29.727 Y4.200
G1 X-29.726 Y0.000
G1 X-29.326 Y0.000
G1 X-29.327 Y-4.600
G1 X-31.529 Y-4.600
G1 X-43.030 Y0.000
G1 X-31.529 Y4.600
G1 X-29.327 Y4.600
G1 X-29.326 Y0.000
G1 X-28.926 Y0.000
G1 X-28.927 Y-5.000
G1 X-31.606 Y-5.000
G1 X-44.107 Y0.000
G1 X-31.606 Y5.000
G1 X-28.927 Y5.000
G1 X-28.926 Y0.000
G1 X-28.526 Y0.000
G1 X-28.527 Y-5.400
G1 X-31.683 Y-5.400
G1 X-45.184 Y0.000
G1 X-31.683 Y5.400
G1 X-28.527 Y5.400
G1 X-28.526 Y0.000
G1 X-28.126 Y0.000
G1 X-28.127 Y-5.800
G1 X-31.760 Y-5.800
G1 X-46.261 Y0.000
G1 X-31.760 Y5.800
G1 X-28.127 Y5.800
G1 X-28.126 Y0.000
G1 X-28.126 Y0.000 Z2.300
G1 X-28.337 Y0.000 Z2.700
G1 X-28.337 Y0.000
G1 X-28.338 Y5.800
G1 X-31.760 Y5.800
G1 X-46.261 Y0.000
G1 X-31.760 Y-5.800
G1 X-28.338 Y-5.800
G1 X-28.337 Y0.000
G1 X-28.737 Y0.000
G1 X-28.738 Y5.400
G1 X-31.683 Y5.400
G1 X-45.184 Y0.000
G1 X-31.683 Y-5.400
G1 X-28.738 Y-5.400
G1 X-28.737 Y0.000
G1 X-29.137 Y0.000
G1 X-29.138 Y5.000
G1 X-31.606 Y5.000
G1 X-44.107 Y0.000
G1 X-31.606 Y-5.000
G1 X-29.138 Y-5.000
G1 X-29.137 Y0.000
G1 X-29.537 Y0.000
G1 X-29.538 Y4.600
G1 X-31.529 Y4.600
G1 X-43.030 Y0.000
G1 X-31.529 Y-4.600
G1 X-29.538 Y-4.600
G1 X-29.537 Y0.000
G1 X-29.937 Y0.000
G1 X-29.938 Y4.200
G1 X-31.452 Y4.200
G1 X-41.953 Y0.000
G1 X-31.452 Y-4.200
G1 X-29.938 Y-4.200
G1 X-29.937 Y0.000
G1 X-30.337 Y0.000
G1 X-30.338 Y3.800
G1 X-31.375 Y3.800
G1 X-40.876 Y0.000
G1 X-31.375 Y-3.800
G1 X-30.338 Y-3.800
G1 X-30.337 Y0.000
G1 X-30.737 Y0.000
G1 X-30.738 Y3.400
G1 X-31.298 Y3.400
G1 X-39.799 Y0.000
G1 X-31.298 Y-3.400
G1 X-30.738 Y-3.400
G1 X-30.737 Y0.000
G1 X-31.137 Y0.000
G1 X-31.138 Y3.000
G1 X-31.221 Y3.000
G1 X-38.722 Y0.000
G1 X-31.221 Y-3.000
G1 X-31.138 Y-3.000
G1 X-31.137 Y0.000
G1 X-31.537 Y0.000
G1 X-31.537 Y2.443
G1 X-37.645 Y0.000
G1 X-31.537 Y-2.443
G1 X-31.537 Y0.000
G1 X-31.937 Y0.000
G1 X-31.937 Y1.852
G1 X-36.568 Y0.000
G1 X-31.937 Y-1.852
G1 X-31.937 Y0.000
G1 X-32.337 Y0.000
G1 X-32.337 Y1.261
G1 X-35.491 Y0.000
G1 X-32.337 Y-1.261
G1 X-32.337 Y0.000
G1 X-32.737 Y0.000
G1 X-32.737 Y0.670
G1 X-34.413 Y0.000
G1 X-32.737 Y-0.670
G1 X-32.737 Y0.000
G1 X-33.137 Y0.000
G1 X-33.137 Y0.080
G1 X-33.336 Y0.000
G1 X-33.137 Y-0.080
G1 X-33.137 Y0.000

;Finish
M9
G1 Z10.000
G28 X-100 Y-100;Home