;layer_height = 0.4
;line_width = 0.4
;layer_count = 10
;mesh = base_cross_new
G21 ;start of the code
G1 Z15 F300
G28 X0 Y0 ;Home
G92 X0 Y0 ;Consider this as current
G0 X50 Y50 F3000 ;Go-to Offset
G92 X0 Y0 ;Reset

G0 F3600 X-47.700 Y0.000 Z0.300 ;Go to start position
M7
G4 P150


G1 X-48.000 Y0.000 Z0.300
G1 X-48.000 Y-7.800
G1 X-27.400 Y-7.800
G1 X-27.400 Y7.800
G1 X-48.000 Y7.800
G1 X-48.000 Y0.000
G1 X-47.600 Y0.000
G1 X-47.600 Y-7.400
G1 X-27.800 Y-7.400
G1 X-27.800 Y7.400
G1 X-47.600 Y7.400
G1 X-47.600 Y0.000
G1 X-47.200 Y0.000
G1 X-47.200 Y-7.000
G1 X-28.200 Y-7.000
G1 X-28.200 Y7.000
G1 X-47.200 Y7.000
G1 X-47.200 Y0.000
G1 X-46.800 Y0.000
G1 X-46.800 Y-6.600
G1 X-28.600 Y-6.600
G1 X-28.600 Y6.600
G1 X-46.800 Y6.600
G1 X-46.800 Y0.000
G1 X-46.400 Y0.000
G1 X-46.400 Y-6.200
G1 X-29.000 Y-6.200
G1 X-29.000 Y6.200
G1 X-46.400 Y6.200
G1 X-46.400 Y0.000
G1 X-46.000 Y0.000
G1 X-46.000 Y-5.800
G1 X-29.400 Y-5.800
G1 X-29.400 Y5.800
G1 X-46.000 Y5.800
G1 X-46.000 Y0.000
G1 X-45.600 Y0.000
G1 X-45.600 Y-5.400
G1 X-29.800 Y-5.400
G1 X-29.800 Y5.400
G1 X-45.600 Y5.400
G1 X-45.600 Y0.000
G1 X-45.200 Y0.000
G1 X-45.200 Y-5.000
G1 X-30.200 Y-5.000
G1 X-30.200 Y5.000
G1 X-45.200 Y5.000
G1 X-45.200 Y0.000
G1 X-44.800 Y0.000
G1 X-44.800 Y-4.600
G1 X-30.600 Y-4.600
G1 X-30.600 Y4.600
G1 X-44.800 Y4.600
G1 X-44.800 Y0.000
G1 X-44.400 Y0.000
G1 X-44.400 Y-4.200
G1 X-31.000 Y-4.200
G1 X-31.000 Y4.200
G1 X-44.400 Y4.200
G1 X-44.400 Y0.000
G1 X-44.000 Y0.000
G1 X-44.000 Y-3.800
G1 X-31.400 Y-3.800
G1 X-31.400 Y3.800
G1 X-44.000 Y3.800
G1 X-44.000 Y0.000
G1 X-43.600 Y0.000
G1 X-43.600 Y-3.400
G1 X-31.800 Y-3.400
G1 X-31.800 Y3.400
G1 X-43.600 Y3.400
G1 X-43.600 Y0.000
G1 X-43.200 Y0.000
G1 X-43.200 Y-3.000
G1 X-32.200 Y-3.000
G1 X-32.200 Y3.000
G1 X-43.200 Y3.000
G1 X-43.200 Y0.000
G1 X-42.800 Y0.000
G1 X-42.800 Y-2.600
G1 X-32.600 Y-2.600
G1 X-32.600 Y2.600
G1 X-42.800 Y2.600
G1 X-42.800 Y0.000
G1 X-42.400 Y0.000
G1 X-42.400 Y-2.200
G1 X-33.000 Y-2.200
G1 X-33.000 Y2.200
G1 X-42.400 Y2.200
G1 X-42.400 Y0.000
G1 X-42.000 Y0.000
G1 X-42.000 Y-1.800
G1 X-33.400 Y-1.800
G1 X-33.400 Y1.800
G1 X-42.000 Y1.800
G1 X-42.000 Y0.000
G1 X-41.600 Y0.000
G1 X-41.600 Y-1.400
G1 X-33.800 Y-1.400
G1 X-33.800 Y1.400
G1 X-41.600 Y1.400
G1 X-41.600 Y0.000
G1 X-41.200 Y0.000
G1 X-41.200 Y-1.000
G1 X-34.200 Y-1.000
G1 X-34.200 Y1.000
G1 X-41.200 Y1.000
G1 X-41.200 Y0.000
G1 X-40.800 Y0.000
G1 X-40.800 Y-0.600
G1 X-34.600 Y-0.600
G1 X-34.600 Y0.600
G1 X-40.800 Y0.600
G1 X-40.800 Y0.000
G1 X-40.400 Y0.000
G1 X-40.400 Y-0.200
G1 X-35.000 Y-0.200
G1 X-35.000 Y0.200
G1 X-40.400 Y0.200
G1 X-40.400 Y0.000
G1 X-40.000 Y0.000
G1 X-40.000 Y0.000 Z0.700
G1 X-40.000 Y0.000
G1 X-40.400 Y0.000
G1 X-40.400 Y0.200
G1 X-35.000 Y0.200
G1 X-35.000 Y-0.200
G1 X-40.400 Y-0.200
G1 X-40.400 Y0.000
G1 X-40.800 Y0.000
G1 X-40.800 Y0.600
G1 X-34.600 Y0.600
G1 X-34.600 Y-0.600
G1 X-40.800 Y-0.600
G1 X-40.800 Y0.000
G1 X-41.200 Y0.000
G1 X-41.200 Y1.000
G1 X-34.200 Y1.000
G1 X-34.200 Y-1.000
G1 X-41.200 Y-1.000
G1 X-41.200 Y0.000
G1 X-41.600 Y0.000
G1 X-41.600 Y1.400
G1 X-33.800 Y1.400
G1 X-33.800 Y-1.400
G1 X-41.600 Y-1.400
G1 X-41.600 Y0.000
G1 X-42.000 Y0.000
G1 X-42.000 Y1.800
G1 X-33.400 Y1.800
G1 X-33.400 Y-1.800
G1 X-42.000 Y-1.800
G1 X-42.000 Y0.000
G1 X-42.400 Y0.000
G1 X-42.400 Y2.200
G1 X-33.000 Y2.200
G1 X-33.000 Y-2.200
G1 X-42.400 Y-2.200
G1 X-42.400 Y0.000
G1 X-42.800 Y0.000
G1 X-42.800 Y2.600
G1 X-32.600 Y2.600
G1 X-32.600 Y-2.600
G1 X-42.800 Y-2.600
G1 X-42.800 Y0.000
G1 X-43.200 Y0.000
G1 X-43.200 Y3.000
G1 X-32.200 Y3.000
G1 X-32.200 Y-3.000
G1 X-43.200 Y-3.000
G1 X-43.200 Y0.000
G1 X-43.600 Y0.000
G1 X-43.600 Y3.400
G1 X-31.800 Y3.400
G1 X-31.800 Y-3.400
G1 X-43.600 Y-3.400
G1 X-43.600 Y0.000
G1 X-44.000 Y0.000
G1 X-44.000 Y3.800
G1 X-31.400 Y3.800
G1 X-31.400 Y-3.800
G1 X-44.000 Y-3.800
G1 X-44.000 Y0.000
G1 X-44.400 Y0.000
G1 X-44.400 Y4.200
G1 X-31.000 Y4.200
G1 X-31.000 Y-4.200
G1 X-44.400 Y-4.200
G1 X-44.400 Y0.000
G1 X-44.800 Y0.000
G1 X-44.800 Y4.600
G1 X-30.600 Y4.600
G1 X-30.600 Y-4.600
G1 X-44.800 Y-4.600
G1 X-44.800 Y0.000
G1 X-45.200 Y0.000
G1 X-45.200 Y5.000
G1 X-30.200 Y5.000
G1 X-30.200 Y-5.000
G1 X-45.200 Y-5.000
G1 X-45.200 Y0.000
G1 X-45.600 Y0.000
G1 X-45.600 Y5.400
G1 X-29.800 Y5.400
G1 X-29.800 Y-5.400
G1 X-45.600 Y-5.400
G1 X-45.600 Y0.000
G1 X-46.000 Y0.000
G1 X-46.000 Y5.800
G1 X-29.400 Y5.800
G1 X-29.400 Y-5.800
G1 X-46.000 Y-5.800
G1 X-46.000 Y0.000
G1 X-46.400 Y0.000
G1 X-46.400 Y6.200
G1 X-29.000 Y6.200
G1 X-29.000 Y-6.200
G1 X-46.400 Y-6.200
G1 X-46.400 Y0.000
G1 X-46.800 Y0.000
G1 X-46.800 Y6.600
G1 X-28.600 Y6.600
G1 X-28.600 Y-6.600
G1 X-46.800 Y-6.600
G1 X-46.800 Y0.000
G1 X-47.200 Y0.000
G1 X-47.200 Y7.000
G1 X-28.200 Y7.000
G1 X-28.200 Y-7.000
G1 X-47.200 Y-7.000
G1 X-47.200 Y0.000
G1 X-47.600 Y0.000
G1 X-47.600 Y7.400
G1 X-27.800 Y7.400
G1 X-27.800 Y-7.400
G1 X-47.600 Y-7.400
G1 X-47.600 Y0.000
G1 X-48.000 Y0.000
G1 X-48.000 Y7.800
G1 X-27.400 Y7.800
G1 X-27.400 Y-7.800
G1 X-48.000 Y-7.800
G1 X-48.000 Y0.000 Z0.700
M9
G1 Z10.000
G1 X-26.100 Y0.000
G1 Z0.300
M7
G4 P150
G1 X-26.200 Y0.000 Z0.300
G1 X-26.200 Y-7.800
G1 X-0.600 Y-7.800
G1 X-0.600 Y7.800
G1 X-5.600 Y7.800
G1 X-5.600 Y12.800
G1 X-21.200 Y12.800
G1 X-21.200 Y7.800
G1 X-26.200 Y7.800
G1 X-26.200 Y0.000
G1 X-25.800 Y0.000
G1 X-25.800 Y-7.400
G1 X-1.000 Y-7.400
G1 X-1.000 Y7.400
G1 X-6.000 Y7.400
G1 X-6.000 Y12.400
G1 X-20.800 Y12.400
G1 X-20.800 Y7.400
G1 X-25.800 Y7.400
G1 X-25.800 Y0.000
G1 X-25.400 Y0.000
G1 X-25.400 Y-7.000
G1 X-1.400 Y-7.000
G1 X-1.400 Y7.000
G1 X-6.400 Y7.000
G1 X-6.400 Y12.000
G1 X-20.400 Y12.000
G1 X-20.400 Y7.000
G1 X-25.400 Y7.000
G1 X-25.400 Y0.000
G1 X-25.000 Y0.000
G1 X-25.000 Y-6.600
G1 X-1.800 Y-6.600
G1 X-1.800 Y6.600
G1 X-6.800 Y6.600
G1 X-6.800 Y11.600
G1 X-20.000 Y11.600
G1 X-20.000 Y6.600
G1 X-25.000 Y6.600
G1 X-25.000 Y0.000
G1 X-24.600 Y0.000
G1 X-24.600 Y-6.200
G1 X-2.200 Y-6.200
G1 X-2.200 Y6.200
G1 X-7.200 Y6.200
G1 X-7.200 Y11.200
G1 X-19.600 Y11.200
G1 X-19.600 Y6.200
G1 X-24.600 Y6.200
G1 X-24.600 Y0.000
G1 X-24.200 Y0.000
G1 X-24.200 Y-5.800
G1 X-2.600 Y-5.800
G1 X-2.600 Y5.800
G1 X-7.600 Y5.800
G1 X-7.600 Y10.800
G1 X-19.200 Y10.800
G1 X-19.200 Y5.800
G1 X-24.200 Y5.800
G1 X-24.200 Y0.000
G1 X-23.800 Y0.000
G1 X-23.800 Y-5.400
G1 X-3.000 Y-5.400
G1 X-3.000 Y5.400
G1 X-8.000 Y5.400
G1 X-8.000 Y10.400
G1 X-18.800 Y10.400
G1 X-18.800 Y5.400
G1 X-23.800 Y5.400
G1 X-23.800 Y0.000
G1 X-23.400 Y0.000
G1 X-23.400 Y-5.000
G1 X-3.400 Y-5.000
G1 X-3.400 Y5.000
G1 X-8.400 Y5.000
G1 X-8.400 Y10.000
G1 X-18.400 Y10.000
G1 X-18.400 Y5.000
G1 X-23.400 Y5.000
G1 X-23.400 Y0.000
G1 X-23.000 Y0.000
G1 X-23.000 Y-4.600
G1 X-3.800 Y-4.600
G1 X-3.800 Y4.600
G1 X-8.800 Y4.600
G1 X-8.800 Y9.600
G1 X-18.000 Y9.600
G1 X-18.000 Y4.600
G1 X-23.000 Y4.600
G1 X-23.000 Y0.000
G1 X-22.600 Y0.000
G1 X-22.600 Y-4.200
G1 X-4.200 Y-4.200
G1 X-4.200 Y4.200
G1 X-9.200 Y4.200
G1 X-9.200 Y9.200
G1 X-17.600 Y9.200
G1 X-17.600 Y4.200
G1 X-22.600 Y4.200
G1 X-22.600 Y0.000
G1 X-22.200 Y0.000
G1 X-22.200 Y-3.800
G1 X-4.600 Y-3.800
G1 X-4.600 Y3.800
G1 X-9.600 Y3.800
G1 X-9.600 Y8.800
G1 X-17.200 Y8.800
G1 X-17.200 Y3.800
G1 X-22.200 Y3.800
G1 X-22.200 Y0.000
G1 X-21.800 Y0.000
G1 X-21.800 Y-3.400
G1 X-5.000 Y-3.400
G1 X-5.000 Y3.400
G1 X-10.000 Y3.400
G1 X-10.000 Y8.400
G1 X-16.800 Y8.400
G1 X-16.800 Y3.400
G1 X-21.800 Y3.400
G1 X-21.800 Y0.000
G1 X-21.400 Y0.000
G1 X-21.400 Y-3.000
G1 X-5.400 Y-3.000
G1 X-5.400 Y3.000
G1 X-10.400 Y3.000
G1 X-10.400 Y8.000
G1 X-16.400 Y8.000
G1 X-16.400 Y3.000
G1 X-21.400 Y3.000
G1 X-21.400 Y-0.000
G1 X-21.000 Y0.000
G1 X-21.000 Y-2.600
G1 X-5.800 Y-2.600
G1 X-5.800 Y2.600
G1 X-10.800 Y2.600
G1 X-10.800 Y7.600
G1 X-16.000 Y7.600
G1 X-16.000 Y2.600
G1 X-21.000 Y2.600
G1 X-21.000 Y0.000
G1 X-20.600 Y0.000
G1 X-20.600 Y-2.200
G1 X-6.200 Y-2.200
G1 X-6.200 Y2.200
G1 X-11.200 Y2.200
G1 X-11.200 Y7.200
G1 X-15.600 Y7.200
G1 X-15.600 Y2.200
G1 X-20.600 Y2.200
G1 X-20.600 Y0.000
G1 X-20.200 Y0.000
G1 X-20.200 Y-1.800
G1 X-6.600 Y-1.800
G1 X-6.600 Y1.800
G1 X-11.600 Y1.800
G1 X-11.600 Y6.800
G1 X-15.200 Y6.800
G1 X-15.200 Y1.800
G1 X-20.200 Y1.800
G1 X-20.200 Y0.000
G1 X-19.800 Y0.000
G1 X-19.800 Y-1.400
G1 X-7.000 Y-1.400
G1 X-7.000 Y1.400
G1 X-12.000 Y1.400
G1 X-12.000 Y6.400
G1 X-14.800 Y6.400
G1 X-14.800 Y1.400
G1 X-19.800 Y1.400
G1 X-19.800 Y-0.000
G1 X-19.400 Y0.000
G1 X-19.400 Y-1.000
G1 X-7.400 Y-1.000
G1 X-7.400 Y1.000
G1 X-12.400 Y1.000
G1 X-12.400 Y6.000
G1 X-14.400 Y6.000
G1 X-14.400 Y1.000
G1 X-19.400 Y1.000
G1 X-19.400 Y0.000
G1 X-19.000 Y0.000
G1 X-19.000 Y-0.600
G1 X-7.800 Y-0.600
G1 X-7.800 Y0.600
G1 X-12.800 Y0.600
G1 X-12.800 Y5.600
G1 X-14.000 Y5.600
G1 X-14.000 Y0.600
G1 X-19.000 Y0.600
G1 X-19.000 Y0.000
G1 X-18.600 Y0.000
G1 X-18.600 Y-0.200
G1 X-8.200 Y-0.200
G1 X-8.200 Y0.200
G1 X-13.200 Y0.200
G1 X-13.200 Y5.200
G1 X-13.600 Y5.200
G1 X-13.600 Y0.200
G1 X-18.600 Y0.200
G1 X-18.600 Y0.000
G1 X-18.200 Y0.000
G1 X-18.200 Y0.000 Z0.700
G1 X-18.200 Y0.000
G1 X-18.600 Y0.000
G1 X-18.600 Y0.200
G1 X-13.600 Y0.200
G1 X-13.600 Y5.200
G1 X-13.200 Y5.200
G1 X-13.200 Y0.200
G1 X-8.200 Y0.200
G1 X-8.200 Y-0.200
G1 X-18.600 Y-0.200
G1 X-18.600 Y0.000
G1 X-19.000 Y0.000
G1 X-19.000 Y0.600
G1 X-14.000 Y0.600
G1 X-14.000 Y5.600
G1 X-12.800 Y5.600
G1 X-12.800 Y0.600
G1 X-7.800 Y0.600
G1 X-7.800 Y-0.600
G1 X-19.000 Y-0.600
G1 X-19.000 Y0.000
G1 X-19.400 Y0.000
G1 X-19.400 Y1.000
G1 X-14.400 Y1.000
G1 X-14.400 Y6.000
G1 X-12.400 Y6.000
G1 X-12.400 Y1.000
G1 X-7.400 Y1.000
G1 X-7.400 Y-1.000
G1 X-19.400 Y-1.000
G1 X-19.400 Y0.000
G1 X-19.800 Y-0.000
G1 X-19.800 Y1.400
G1 X-14.800 Y1.400
G1 X-14.800 Y6.400
G1 X-12.000 Y6.400
G1 X-12.000 Y1.400
G1 X-7.000 Y1.400
G1 X-7.000 Y-1.400
G1 X-19.800 Y-1.400
G1 X-19.800 Y0.000
G1 X-20.200 Y0.000
G1 X-20.200 Y1.800
G1 X-15.200 Y1.800
G1 X-15.200 Y6.800
G1 X-11.600 Y6.800
G1 X-11.600 Y1.800
G1 X-6.600 Y1.800
G1 X-6.600 Y-1.800
G1 X-20.200 Y-1.800
G1 X-20.200 Y0.000
G1 X-20.600 Y0.000
G1 X-20.600 Y2.200
G1 X-15.600 Y2.200
G1 X-15.600 Y7.200
G1 X-11.200 Y7.200
G1 X-11.200 Y2.200
G1 X-6.200 Y2.200
G1 X-6.200 Y-2.200
G1 X-20.600 Y-2.200
G1 X-20.600 Y0.000
G1 X-21.000 Y0.000
G1 X-21.000 Y2.600
G1 X-16.000 Y2.600
G1 X-16.000 Y7.600
G1 X-10.800 Y7.600
G1 X-10.800 Y2.600
G1 X-5.800 Y2.600
G1 X-5.800 Y-2.600
G1 X-21.000 Y-2.600
G1 X-21.000 Y0.000
G1 X-21.400 Y-0.000
G1 X-21.400 Y3.000
G1 X-16.400 Y3.000
G1 X-16.400 Y8.000
G1 X-10.400 Y8.000
G1 X-10.400 Y3.000
G1 X-5.400 Y3.000
G1 X-5.400 Y-3.000
G1 X-21.400 Y-3.000
G1 X-21.400 Y0.000
G1 X-21.800 Y0.000
G1 X-21.800 Y3.400
G1 X-16.800 Y3.400
G1 X-16.800 Y8.400
G1 X-10.000 Y8.400
G1 X-10.000 Y3.400
G1 X-5.000 Y3.400
G1 X-5.000 Y-3.400
G1 X-21.800 Y-3.400
G1 X-21.800 Y0.000
G1 X-22.200 Y0.000
G1 X-22.200 Y3.800
G1 X-17.200 Y3.800
G1 X-17.200 Y8.800
G1 X-9.600 Y8.800
G1 X-9.600 Y3.800
G1 X-4.600 Y3.800
G1 X-4.600 Y-3.800
G1 X-22.200 Y-3.800
G1 X-22.200 Y0.000
G1 X-22.600 Y0.000
G1 X-22.600 Y4.200
G1 X-17.600 Y4.200
G1 X-17.600 Y9.200
G1 X-9.200 Y9.200
G1 X-9.200 Y4.200
G1 X-4.200 Y4.200
G1 X-4.200 Y-4.200
G1 X-22.600 Y-4.200
G1 X-22.600 Y0.000
G1 X-23.000 Y0.000
G1 X-23.000 Y4.600
G1 X-18.000 Y4.600
G1 X-18.000 Y9.600
G1 X-8.800 Y9.600
G1 X-8.800 Y4.600
G1 X-3.800 Y4.600
G1 X-3.800 Y-4.600
G1 X-23.000 Y-4.600
G1 X-23.000 Y0.000
G1 X-23.400 Y0.000
G1 X-23.400 Y5.000
G1 X-18.400 Y5.000
G1 X-18.400 Y10.000
G1 X-8.400 Y10.000
G1 X-8.400 Y5.000
G1 X-3.400 Y5.000
G1 X-3.400 Y-5.000
G1 X-23.400 Y-5.000
G1 X-23.400 Y0.000
G1 X-23.800 Y0.000
G1 X-23.800 Y5.400
G1 X-18.800 Y5.400
G1 X-18.800 Y10.400
G1 X-8.000 Y10.400
G1 X-8.000 Y5.400
G1 X-3.000 Y5.400
G1 X-3.000 Y-5.400
G1 X-23.800 Y-5.400
G1 X-23.800 Y0.000
G1 X-24.200 Y0.000
G1 X-24.200 Y5.800
G1 X-19.200 Y5.800
G1 X-19.200 Y10.800
G1 X-7.600 Y10.800
G1 X-7.600 Y5.800
G1 X-2.600 Y5.800
G1 X-2.600 Y-5.800
G1 X-24.200 Y-5.800
G1 X-24.200 Y0.000
G1 X-24.600 Y0.000
G1 X-24.600 Y6.200
G1 X-19.600 Y6.200
G1 X-19.600 Y11.200
G1 X-7.200 Y11.200
G1 X-7.200 Y6.200
G1 X-2.200 Y6.200
G1 X-2.200 Y-6.200
G1 X-24.600 Y-6.200
G1 X-24.600 Y0.000
G1 X-25.000 Y0.000
G1 X-25.000 Y6.600
G1 X-20.000 Y6.600
G1 X-20.000 Y11.600
G1 X-6.800 Y11.600
G1 X-6.800 Y6.600
G1 X-1.800 Y6.600
G1 X-1.800 Y-6.600
G1 X-25.000 Y-6.600
G1 X-25.000 Y0.000
G1 X-25.400 Y0.000
G1 X-25.400 Y7.000
G1 X-20.400 Y7.000
G1 X-20.400 Y12.000
G1 X-6.400 Y12.000
G1 X-6.400 Y7.000
G1 X-1.400 Y7.000
G1 X-1.400 Y-7.000
G1 X-25.400 Y-7.000
G1 X-25.400 Y0.000
G1 X-25.800 Y0.000
G1 X-25.800 Y7.400
G1 X-20.800 Y7.400
G1 X-20.800 Y12.400
G1 X-6.000 Y12.400
G1 X-6.000 Y7.400
G1 X-1.000 Y7.400
G1 X-1.000 Y-7.400
G1 X-25.800 Y-7.400
G1 X-25.800 Y0.000
G1 X-26.200 Y0.000
G1 X-26.200 Y7.800
G1 X-21.200 Y7.800
G1 X-21.200 Y12.800
G1 X-5.600 Y12.800
G1 X-5.600 Y7.800
G1 X-0.600 Y7.800
G1 X-0.600 Y-7.800
G1 X-26.200 Y-7.800
G1 X-26.200 Y0.000 Z0.700
M9
G1 Z10.000
G1 X26.100 Y0.000
G1 Z0.300
M7
G4 P150
G1 X26.200 Y0.000 Z0.300
G1 X26.200 Y7.800
G1 X0.600 Y7.800
G1 X0.600 Y-7.800
G1 X5.600 Y-7.800
G1 X5.600 Y-12.800
G1 X21.200 Y-12.800
G1 X21.200 Y-7.800
G1 X26.200 Y-7.800
G1 X26.200 Y0.000
G1 X25.800 Y0.000
G1 X25.800 Y7.400
G1 X1.000 Y7.400
G1 X1.000 Y-7.400
G1 X6.000 Y-7.400
G1 X6.000 Y-12.400
G1 X20.800 Y-12.400
G1 X20.800 Y-7.400
G1 X25.800 Y-7.400
G1 X25.800 Y0.000
G1 X25.400 Y0.000
G1 X25.400 Y7.000
G1 X1.400 Y7.000
G1 X1.400 Y-7.000
G1 X6.400 Y-7.000
G1 X6.400 Y-12.000
G1 X20.400 Y-12.000
G1 X20.400 Y-7.000
G1 X25.400 Y-7.000
G1 X25.400 Y0.000
G1 X25.000 Y0.000
G1 X25.000 Y6.600
G1 X1.800 Y6.600
G1 X1.800 Y-6.600
G1 X6.800 Y-6.600
G1 X6.800 Y-11.600
G1 X20.000 Y-11.600
G1 X20.000 Y-6.600
G1 X25.000 Y-6.600
G1 X25.000 Y0.000
G1 X24.600 Y0.000
G1 X24.600 Y6.200
G1 X2.200 Y6.200
G1 X2.200 Y-6.200
G1 X7.200 Y-6.200
G1 X7.200 Y-11.200
G1 X19.600 Y-11.200
G1 X19.600 Y-6.200
G1 X24.600 Y-6.200
G1 X24.600 Y0.000
G1 X24.200 Y0.000
G1 X24.200 Y5.800
G1 X2.600 Y5.800
G1 X2.600 Y-5.800
G1 X7.600 Y-5.800
G1 X7.600 Y-10.800
G1 X19.200 Y-10.800
G1 X19.200 Y-5.800
G1 X24.200 Y-5.800
G1 X24.200 Y0.000
G1 X23.800 Y0.000
G1 X23.800 Y5.400
G1 X3.000 Y5.400
G1 X3.000 Y-5.400
G1 X8.000 Y-5.400
G1 X8.000 Y-10.400
G1 X18.800 Y-10.400
G1 X18.800 Y-5.400
G1 X23.800 Y-5.400
G1 X23.800 Y0.000
G1 X23.400 Y0.000
G1 X23.400 Y5.000
G1 X3.400 Y5.000
G1 X3.400 Y-5.000
G1 X8.400 Y-5.000
G1 X8.400 Y-10.000
G1 X18.400 Y-10.000
G1 X18.400 Y-5.000
G1 X23.400 Y-5.000
G1 X23.400 Y0.000
G1 X23.000 Y0.000
G1 X23.000 Y4.600
G1 X3.800 Y4.600
G1 X3.800 Y-4.600
G1 X8.800 Y-4.600
G1 X8.800 Y-9.600
G1 X18.000 Y-9.600
G1 X18.000 Y-4.600
G1 X23.000 Y-4.600
G1 X23.000 Y0.000
G1 X22.600 Y0.000
G1 X22.600 Y4.200
G1 X4.200 Y4.200
G1 X4.200 Y-4.200
G1 X9.200 Y-4.200
G1 X9.200 Y-9.200
G1 X17.600 Y-9.200
G1 X17.600 Y-4.200
G1 X22.600 Y-4.200
G1 X22.600 Y0.000
G1 X22.200 Y0.000
G1 X22.200 Y3.800
G1 X4.600 Y3.800
G1 X4.600 Y-3.800
G1 X9.600 Y-3.800
G1 X9.600 Y-8.800
G1 X17.200 Y-8.800
G1 X17.200 Y-3.800
G1 X22.200 Y-3.800
G1 X22.200 Y-0.000
G1 X21.800 Y0.000
G1 X21.800 Y3.400
G1 X5.000 Y3.400
G1 X5.000 Y-3.400
G1 X10.000 Y-3.400
G1 X10.000 Y-8.400
G1 X16.800 Y-8.400
G1 X16.800 Y-3.400
G1 X21.800 Y-3.400
G1 X21.800 Y0.000
G1 X21.400 Y0.000
G1 X21.400 Y3.000
G1 X5.400 Y3.000
G1 X5.400 Y-3.000
G1 X10.400 Y-3.000
G1 X10.400 Y-8.000
G1 X16.400 Y-8.000
G1 X16.400 Y-3.000
G1 X21.400 Y-3.000
G1 X21.400 Y0.000
G1 X21.000 Y0.000
G1 X21.000 Y2.600
G1 X5.800 Y2.600
G1 X5.800 Y-2.600
G1 X10.800 Y-2.600
G1 X10.800 Y-7.600
G1 X16.000 Y-7.600
G1 X16.000 Y-2.600
G1 X21.000 Y-2.600
G1 X21.000 Y0.000
G1 X20.600 Y0.000
G1 X20.600 Y2.200
G1 X6.200 Y2.200
G1 X6.200 Y-2.200
G1 X11.200 Y-2.200
G1 X11.200 Y-7.200
G1 X15.600 Y-7.200
G1 X15.600 Y-2.200
G1 X20.600 Y-2.200
G1 X20.600 Y-0.000
G1 X20.200 Y0.000
G1 X20.200 Y1.800
G1 X6.600 Y1.800
G1 X6.600 Y-1.800
G1 X11.600 Y-1.800
G1 X11.600 Y-6.800
G1 X15.200 Y-6.800
G1 X15.200 Y-1.800
G1 X20.200 Y-1.800
G1 X20.200 Y0.000
G1 X19.800 Y0.000
G1 X19.800 Y1.400
G1 X7.000 Y1.400
G1 X7.000 Y-1.400
G1 X12.000 Y-1.400
G1 X12.000 Y-6.400
G1 X14.800 Y-6.400
G1 X14.800 Y-1.400
G1 X19.800 Y-1.400
G1 X19.800 Y0.000
G1 X19.400 Y0.000
G1 X19.400 Y1.000
G1 X7.400 Y1.000
G1 X7.400 Y-1.000
G1 X12.400 Y-1.000
G1 X12.400 Y-6.000
G1 X14.400 Y-6.000
G1 X14.400 Y-1.000
G1 X19.400 Y-1.000
G1 X19.400 Y0.000
G1 X19.000 Y0.000
G1 X19.000 Y0.600
G1 X7.800 Y0.600
G1 X7.800 Y-0.600
G1 X12.800 Y-0.600
G1 X12.800 Y-5.600
G1 X14.000 Y-5.600
G1 X14.000 Y-0.600
G1 X19.000 Y-0.600
G1 X19.000 Y-0.000
G1 X18.600 Y0.000
G1 X18.600 Y0.200
G1 X8.200 Y0.200
G1 X8.200 Y-0.200
G1 X13.200 Y-0.200
G1 X13.200 Y-5.200
G1 X13.600 Y-5.200
G1 X13.600 Y-0.200
G1 X18.600 Y-0.200
G1 X18.600 Y-0.000
G1 X18.200 Y0.000
G1 X18.200 Y0.000 Z0.700
G1 X18.200 Y0.000
G1 X18.600 Y-0.000
G1 X18.600 Y-0.200
G1 X13.600 Y-0.200
G1 X13.600 Y-5.200
G1 X13.200 Y-5.200
G1 X13.200 Y-0.200
G1 X8.200 Y-0.200
G1 X8.200 Y0.200
G1 X18.600 Y0.200
G1 X18.600 Y0.000
G1 X19.000 Y-0.000
G1 X19.000 Y-0.600
G1 X14.000 Y-0.600
G1 X14.000 Y-5.600
G1 X12.800 Y-5.600
G1 X12.800 Y-0.600
G1 X7.800 Y-0.600
G1 X7.800 Y0.600
G1 X19.000 Y0.600
G1 X19.000 Y0.000
G1 X19.400 Y0.000
G1 X19.400 Y-1.000
G1 X14.400 Y-1.000
G1 X14.400 Y-6.000
G1 X12.400 Y-6.000
G1 X12.400 Y-1.000
G1 X7.400 Y-1.000
G1 X7.400 Y1.000
G1 X19.400 Y1.000
G1 X19.400 Y0.000
G1 X19.800 Y0.000
G1 X19.800 Y-1.400
G1 X14.800 Y-1.400
G1 X14.800 Y-6.400
G1 X12.000 Y-6.400
G1 X12.000 Y-1.400
G1 X7.000 Y-1.400
G1 X7.000 Y1.400
G1 X19.800 Y1.400
G1 X19.800 Y0.000
G1 X20.200 Y0.000
G1 X20.200 Y-1.800
G1 X15.200 Y-1.800
G1 X15.200 Y-6.800
G1 X11.600 Y-6.800
G1 X11.600 Y-1.800
G1 X6.600 Y-1.800
G1 X6.600 Y1.800
G1 X20.200 Y1.800
G1 X20.200 Y0.000
G1 X20.600 Y-0.000
G1 X20.600 Y-2.200
G1 X15.600 Y-2.200
G1 X15.600 Y-7.200
G1 X11.200 Y-7.200
G1 X11.200 Y-2.200
G1 X6.200 Y-2.200
G1 X6.200 Y2.200
G1 X20.600 Y2.200
G1 X20.600 Y0.000
G1 X21.000 Y0.000
G1 X21.000 Y-2.600
G1 X16.000 Y-2.600
G1 X16.000 Y-7.600
G1 X10.800 Y-7.600
G1 X10.800 Y-2.600
G1 X5.800 Y-2.600
G1 X5.800 Y2.600
G1 X21.000 Y2.600
G1 X21.000 Y0.000
G1 X21.400 Y0.000
G1 X21.400 Y-3.000
G1 X16.400 Y-3.000
G1 X16.400 Y-8.000
G1 X10.400 Y-8.000
G1 X10.400 Y-3.000
G1 X5.400 Y-3.000
G1 X5.400 Y3.000
G1 X21.400 Y3.000
G1 X21.400 Y0.000
G1 X21.800 Y0.000
G1 X21.800 Y-3.400
G1 X16.800 Y-3.400
G1 X16.800 Y-8.400
G1 X10.000 Y-8.400
G1 X10.000 Y-3.400
G1 X5.000 Y-3.400
G1 X5.000 Y3.400
G1 X21.800 Y3.400
G1 X21.800 Y0.000
G1 X22.200 Y-0.000
G1 X22.200 Y-3.800
G1 X17.200 Y-3.800
G1 X17.200 Y-8.800
G1 X9.600 Y-8.800
G1 X9.600 Y-3.800
G1 X4.600 Y-3.800
G1 X4.600 Y3.800
G1 X22.200 Y3.800
G1 X22.200 Y0.000
G1 X22.600 Y0.000
G1 X22.600 Y-4.200
G1 X17.600 Y-4.200
G1 X17.600 Y-9.200
G1 X9.200 Y-9.200
G1 X9.200 Y-4.200
G1 X4.200 Y-4.200
G1 X4.200 Y4.200
G1 X22.600 Y4.200
G1 X22.600 Y0.000
G1 X23.000 Y0.000
G1 X23.000 Y-4.600
G1 X18.000 Y-4.600
G1 X18.000 Y-9.600
G1 X8.800 Y-9.600
G1 X8.800 Y-4.600
G1 X3.800 Y-4.600
G1 X3.800 Y4.600
G1 X23.000 Y4.600
G1 X23.000 Y0.000
G1 X23.400 Y0.000
G1 X23.400 Y-5.000
G1 X18.400 Y-5.000
G1 X18.400 Y-10.000
G1 X8.400 Y-10.000
G1 X8.400 Y-5.000
G1 X3.400 Y-5.000
G1 X3.400 Y5.000
G1 X23.400 Y5.000
G1 X23.400 Y0.000
G1 X23.800 Y0.000
G1 X23.800 Y-5.400
G1 X18.800 Y-5.400
G1 X18.800 Y-10.400
G1 X8.000 Y-10.400
G1 X8.000 Y-5.400
G1 X3.000 Y-5.400
G1 X3.000 Y5.400
G1 X23.800 Y5.400
G1 X23.800 Y0.000
G1 X24.200 Y0.000
G1 X24.200 Y-5.800
G1 X19.200 Y-5.800
G1 X19.200 Y-10.800
G1 X7.600 Y-10.800
G1 X7.600 Y-5.800
G1 X2.600 Y-5.800
G1 X2.600 Y5.800
G1 X24.200 Y5.800
G1 X24.200 Y0.000
G1 X24.600 Y0.000
G1 X24.600 Y-6.200
G1 X19.600 Y-6.200
G1 X19.600 Y-11.200
G1 X7.200 Y-11.200
G1 X7.200 Y-6.200
G1 X2.200 Y-6.200
G1 X2.200 Y6.200
G1 X24.600 Y6.200
G1 X24.600 Y0.000
G1 X25.000 Y0.000
G1 X25.000 Y-6.600
G1 X20.000 Y-6.600
G1 X20.000 Y-11.600
G1 X6.800 Y-11.600
G1 X6.800 Y-6.600
G1 X1.800 Y-6.600
G1 X1.800 Y6.600
G1 X25.000 Y6.600
G1 X25.000 Y0.000
G1 X25.400 Y0.000
G1 X25.400 Y-7.000
G1 X20.400 Y-7.000
G1 X20.400 Y-12.000
G1 X6.400 Y-12.000
G1 X6.400 Y-7.000
G1 X1.400 Y-7.000
G1 X1.400 Y7.000
G1 X25.400 Y7.000
G1 X25.400 Y0.000
G1 X25.800 Y0.000
G1 X25.800 Y-7.400
G1 X20.800 Y-7.400
G1 X20.800 Y-12.400
G1 X6.000 Y-12.400
G1 X6.000 Y-7.400
G1 X1.000 Y-7.400
G1 X1.000 Y7.400
G1 X25.800 Y7.400
G1 X25.800 Y0.000
G1 X26.200 Y0.000
G1 X26.200 Y-7.800
G1 X21.200 Y-7.800
G1 X21.200 Y-12.800
G1 X5.600 Y-12.800
G1 X5.600 Y-7.800
G1 X0.600 Y-7.800
G1 X0.600 Y7.800
G1 X26.200 Y7.800
G1 X26.200 Y0.000 Z0.700
M9
G1 Z10.000
G1 X47.700 Y0.000
G1 Z0.300
M7
G4 P150
G1 X48.000 Y0.000 Z0.300
G1 X48.000 Y7.800
G1 X27.400 Y7.800
G1 X27.400 Y-7.800
G1 X48.000 Y-7.800
G1 X48.000 Y0.000
G1 X47.600 Y0.000
G1 X47.600 Y7.400
G1 X27.800 Y7.400
G1 X27.800 Y-7.400
G1 X47.600 Y-7.400
G1 X47.600 Y0.000
G1 X47.200 Y0.000
G1 X47.200 Y7.000
G1 X28.200 Y7.000
G1 X28.200 Y-7.000
G1 X47.200 Y-7.000
G1 X47.200 Y0.000
G1 X46.800 Y0.000
G1 X46.800 Y6.600
G1 X28.600 Y6.600
G1 X28.600 Y-6.600
G1 X46.800 Y-6.600
G1 X46.800 Y0.000
G1 X46.400 Y0.000
G1 X46.400 Y6.200
G1 X29.000 Y6.200
G1 X29.000 Y-6.200
G1 X46.400 Y-6.200
G1 X46.400 Y0.000
G1 X46.000 Y0.000
G1 X46.000 Y5.800
G1 X29.400 Y5.800
G1 X29.400 Y-5.800
G1 X46.000 Y-5.800
G1 X46.000 Y0.000
G1 X45.600 Y0.000
G1 X45.600 Y5.400
G1 X29.800 Y5.400
G1 X29.800 Y-5.400
G1 X45.600 Y-5.400
G1 X45.600 Y0.000
G1 X45.200 Y0.000
G1 X45.200 Y5.000
G1 X30.200 Y5.000
G1 X30.200 Y-5.000
G1 X45.200 Y-5.000
G1 X45.200 Y0.000
G1 X44.800 Y0.000
G1 X44.800 Y4.600
G1 X30.600 Y4.600
G1 X30.600 Y-4.600
G1 X44.800 Y-4.600
G1 X44.800 Y0.000
G1 X44.400 Y0.000
G1 X44.400 Y4.200
G1 X31.000 Y4.200
G1 X31.000 Y-4.200
G1 X44.400 Y-4.200
G1 X44.400 Y0.000
G1 X44.000 Y0.000
G1 X44.000 Y3.800
G1 X31.400 Y3.800
G1 X31.400 Y-3.800
G1 X44.000 Y-3.800
G1 X44.000 Y0.000
G1 X43.600 Y0.000
G1 X43.600 Y3.400
G1 X31.800 Y3.400
G1 X31.800 Y-3.400
G1 X43.600 Y-3.400
G1 X43.600 Y0.000
G1 X43.200 Y0.000
G1 X43.200 Y3.000
G1 X32.200 Y3.000
G1 X32.200 Y-3.000
G1 X43.200 Y-3.000
G1 X43.200 Y0.000
G1 X42.800 Y0.000
G1 X42.800 Y2.600
G1 X32.600 Y2.600
G1 X32.600 Y-2.600
G1 X42.800 Y-2.600
G1 X42.800 Y0.000
G1 X42.400 Y0.000
G1 X42.400 Y2.200
G1 X33.000 Y2.200
G1 X33.000 Y-2.200
G1 X42.400 Y-2.200
G1 X42.400 Y0.000
G1 X42.000 Y0.000
G1 X42.000 Y1.800
G1 X33.400 Y1.800
G1 X33.400 Y-1.800
G1 X42.000 Y-1.800
G1 X42.000 Y0.000
G1 X41.600 Y0.000
G1 X41.600 Y1.400
G1 X33.800 Y1.400
G1 X33.800 Y-1.400
G1 X41.600 Y-1.400
G1 X41.600 Y0.000
G1 X41.200 Y0.000
G1 X41.200 Y1.000
G1 X34.200 Y1.000
G1 X34.200 Y-1.000
G1 X41.200 Y-1.000
G1 X41.200 Y0.000
G1 X40.800 Y0.000
G1 X40.800 Y0.600
G1 X34.600 Y0.600
G1 X34.600 Y-0.600
G1 X40.800 Y-0.600
G1 X40.800 Y0.000
G1 X40.400 Y0.000
G1 X40.400 Y0.200
G1 X35.000 Y0.200
G1 X35.000 Y-0.200
G1 X40.400 Y-0.200
G1 X40.400 Y0.000
G1 X40.000 Y0.000
G1 X40.000 Y0.000 Z0.700
G1 X40.000 Y0.000
G1 X40.400 Y0.000
G1 X40.400 Y-0.200
G1 X35.000 Y-0.200
G1 X35.000 Y0.200
G1 X40.400 Y0.200
G1 X40.400 Y0.000
G1 X40.800 Y0.000
G1 X40.800 Y-0.600
G1 X34.600 Y-0.600
G1 X34.600 Y0.600
G1 X40.800 Y0.600
G1 X40.800 Y0.000
G1 X41.200 Y0.000
G1 X41.200 Y-1.000
G1 X34.200 Y-1.000
G1 X34.200 Y1.000
G1 X41.200 Y1.000
G1 X41.200 Y0.000
G1 X41.600 Y0.000
G1 X41.600 Y-1.400
G1 X33.800 Y-1.400
G1 X33.800 Y1.400
G1 X41.600 Y1.400
G1 X41.600 Y0.000
G1 X42.000 Y0.000
G1 X42.000 Y-1.800
G1 X33.400 Y-1.800
G1 X33.400 Y1.800
G1 X42.000 Y1.800
G1 X42.000 Y0.000
G1 X42.400 Y0.000
G1 X42.400 Y-2.200
G1 X33.000 Y-2.200
G1 X33.000 Y2.200
G1 X42.400 Y2.200
G1 X42.400 Y0.000
G1 X42.800 Y0.000
G1 X42.800 Y-2.600
G1 X32.600 Y-2.600
G1 X32.600 Y2.600
G1 X42.800 Y2.600
G1 X42.800 Y0.000
G1 X43.200 Y0.000
G1 X43.200 Y-3.000
G1 X32.200 Y-3.000
G1 X32.200 Y3.000
G1 X43.200 Y3.000
G1 X43.200 Y0.000
G1 X43.600 Y0.000
G1 X43.600 Y-3.400
G1 X31.800 Y-3.400
G1 X31.800 Y3.400
G1 X43.600 Y3.400
G1 X43.600 Y0.000
G1 X44.000 Y0.000
G1 X44.000 Y-3.800
G1 X31.400 Y-3.800
G1 X31.400 Y3.800
G1 X44.000 Y3.800
G1 X44.000 Y0.000
G1 X44.400 Y0.000
G1 X44.400 Y-4.200
G1 X31.000 Y-4.200
G1 X31.000 Y4.200
G1 X44.400 Y4.200
G1 X44.400 Y0.000
G1 X44.800 Y0.000
G1 X44.800 Y-4.600
G1 X30.600 Y-4.600
G1 X30.600 Y4.600
G1 X44.800 Y4.600
G1 X44.800 Y0.000
G1 X45.200 Y0.000
G1 X45.200 Y-5.000
G1 X30.200 Y-5.000
G1 X30.200 Y5.000
G1 X45.200 Y5.000
G1 X45.200 Y0.000
G1 X45.600 Y0.000
G1 X45.600 Y-5.400
G1 X29.800 Y-5.400
G1 X29.800 Y5.400
G1 X45.600 Y5.400
G1 X45.600 Y0.000
G1 X46.000 Y0.000
G1 X46.000 Y-5.800
G1 X29.400 Y-5.800
G1 X29.400 Y5.800
G1 X46.000 Y5.800
G1 X46.000 Y0.000
G1 X46.400 Y0.000
G1 X46.400 Y-6.200
G1 X29.000 Y-6.200
G1 X29.000 Y6.200
G1 X46.400 Y6.200
G1 X46.400 Y0.000
G1 X46.800 Y0.000
G1 X46.800 Y-6.600
G1 X28.600 Y-6.600
G1 X28.600 Y6.600
G1 X46.800 Y6.600
G1 X46.800 Y0.000
G1 X47.200 Y0.000
G1 X47.200 Y-7.000
G1 X28.200 Y-7.000
G1 X28.200 Y7.000
G1 X47.200 Y7.000
G1 X47.200 Y0.000
G1 X47.600 Y0.000
G1 X47.600 Y-7.400
G1 X27.800 Y-7.400
G1 X27.800 Y7.400
G1 X47.600 Y7.400
G1 X47.600 Y0.000
G1 X48.000 Y0.000
G1 X48.000 Y-7.800
G1 X27.400 Y-7.800
G1 X27.400 Y7.800
G1 X48.000 Y7.800
G1 X48.000 Y0.000 Z0.700
M9
G1 Z10.000
G1 X-13.400 Y13.800
G1 Z0.300
M7
G4 P150
G1 X-13.400 Y14.000 Z0.300
G1 X-5.600 Y14.000
G1 X-5.600 Y34.600
G1 X-21.200 Y34.600
G1 X-21.200 Y14.000
G1 X-13.400 Y14.000
G1 X-13.400 Y14.400
G1 X-6.000 Y14.400
G1 X-6.000 Y34.200
G1 X-20.800 Y34.200
G1 X-20.800 Y14.400
G1 X-13.400 Y14.400
G1 X-13.400 Y14.800
G1 X-6.400 Y14.800
G1 X-6.400 Y33.800
G1 X-20.400 Y33.800
G1 X-20.400 Y14.800
G1 X-13.400 Y14.800
G1 X-13.400 Y15.200
G1 X-6.800 Y15.200
G1 X-6.800 Y33.400
G1 X-20.000 Y33.400
G1 X-20.000 Y15.200
G1 X-13.400 Y15.200
G1 X-13.400 Y15.600
G1 X-7.200 Y15.600
G1 X-7.200 Y33.000
G1 X-19.600 Y33.000
G1 X-19.600 Y15.600
G1 X-13.400 Y15.600
G1 X-13.400 Y16.000
G1 X-7.600 Y16.000
G1 X-7.600 Y32.600
G1 X-19.200 Y32.600
G1 X-19.200 Y16.000
G1 X-13.400 Y16.000
G1 X-13.400 Y16.400
G1 X-8.000 Y16.400
G1 X-8.000 Y32.200
G1 X-18.800 Y32.200
G1 X-18.800 Y16.400
G1 X-13.400 Y16.400
G1 X-13.400 Y16.800
G1 X-8.400 Y16.800
G1 X-8.400 Y31.800
G1 X-18.400 Y31.800
G1 X-18.400 Y16.800
G1 X-13.400 Y16.800
G1 X-13.400 Y17.200
G1 X-8.800 Y17.200
G1 X-8.800 Y31.400
G1 X-18.000 Y31.400
G1 X-18.000 Y17.200
G1 X-13.400 Y17.200
G1 X-13.400 Y17.600
G1 X-9.200 Y17.600
G1 X-9.200 Y31.000
G1 X-17.600 Y31.000
G1 X-17.600 Y17.600
G1 X-13.400 Y17.600
G1 X-13.400 Y18.000
G1 X-9.600 Y18.000
G1 X-9.600 Y30.600
G1 X-17.200 Y30.600
G1 X-17.200 Y18.000
G1 X-13.400 Y18.000
G1 X-13.400 Y18.400
G1 X-10.000 Y18.400
G1 X-10.000 Y30.200
G1 X-16.800 Y30.200
G1 X-16.800 Y18.400
G1 X-13.400 Y18.400
G1 X-13.400 Y18.800
G1 X-10.400 Y18.800
G1 X-10.400 Y29.800
G1 X-16.400 Y29.800
G1 X-16.400 Y18.800
G1 X-13.400 Y18.800
G1 X-13.400 Y19.200
G1 X-10.800 Y19.200
G1 X-10.800 Y29.400
G1 X-16.000 Y29.400
G1 X-16.000 Y19.200
G1 X-13.400 Y19.200
G1 X-13.400 Y19.600
G1 X-11.200 Y19.600
G1 X-11.200 Y29.000
G1 X-15.600 Y29.000
G1 X-15.600 Y19.600
G1 X-13.400 Y19.600
G1 X-13.400 Y20.000
G1 X-11.600 Y20.000
G1 X-11.600 Y28.600
G1 X-15.200 Y28.600
G1 X-15.200 Y20.000
G1 X-13.400 Y20.000
G1 X-13.400 Y20.400
G1 X-12.000 Y20.400
G1 X-12.000 Y28.200
G1 X-14.800 Y28.200
G1 X-14.800 Y20.400
G1 X-13.400 Y20.400
G1 X-13.400 Y20.800
G1 X-12.400 Y20.800
G1 X-12.400 Y27.800
G1 X-14.400 Y27.800
G1 X-14.400 Y20.800
G1 X-13.400 Y20.800
G1 X-13.400 Y21.200
G1 X-12.800 Y21.200
G1 X-12.800 Y27.400
G1 X-14.000 Y27.400
G1 X-14.000 Y21.200
G1 X-13.400 Y21.200
G1 X-13.400 Y21.600
G1 X-13.200 Y21.600
G1 X-13.200 Y27.000
G1 X-13.600 Y27.000
G1 X-13.600 Y21.600
G1 X-13.400 Y21.600
G1 X-13.400 Y22.000
G1 X-13.400 Y22.000 Z0.700
G1 X-13.400 Y22.000
G1 X-13.400 Y21.600
G1 X-13.600 Y21.600
G1 X-13.600 Y27.000
G1 X-13.200 Y27.000
G1 X-13.200 Y21.600
G1 X-13.400 Y21.600
G1 X-13.400 Y21.200
G1 X-14.000 Y21.200
G1 X-14.000 Y27.400
G1 X-12.800 Y27.400
G1 X-12.800 Y21.200
G1 X-13.400 Y21.200
G1 X-13.400 Y20.800
G1 X-14.400 Y20.800
G1 X-14.400 Y27.800
G1 X-12.400 Y27.800
G1 X-12.400 Y20.800
G1 X-13.400 Y20.800
G1 X-13.400 Y20.400
G1 X-14.800 Y20.400
G1 X-14.800 Y28.200
G1 X-12.000 Y28.200
G1 X-12.000 Y20.400
G1 X-13.400 Y20.400
G1 X-13.400 Y20.000
G1 X-15.200 Y20.000
G1 X-15.200 Y28.600
G1 X-11.600 Y28.600
G1 X-11.600 Y20.000
G1 X-13.400 Y20.000
G1 X-13.400 Y19.600
G1 X-15.600 Y19.600
G1 X-15.600 Y29.000
G1 X-11.200 Y29.000
G1 X-11.200 Y19.600
G1 X-13.400 Y19.600
G1 X-13.400 Y19.200
G1 X-16.000 Y19.200
G1 X-16.000 Y29.400
G1 X-10.800 Y29.400
G1 X-10.800 Y19.200
G1 X-13.400 Y19.200
G1 X-13.400 Y18.800
G1 X-16.400 Y18.800
G1 X-16.400 Y29.800
G1 X-10.400 Y29.800
G1 X-10.400 Y18.800
G1 X-13.400 Y18.800
G1 X-13.400 Y18.400
G1 X-16.800 Y18.400
G1 X-16.800 Y30.200
G1 X-10.000 Y30.200
G1 X-10.000 Y18.400
G1 X-13.400 Y18.400
G1 X-13.400 Y18.000
G1 X-17.200 Y18.000
G1 X-17.200 Y30.600
G1 X-9.600 Y30.600
G1 X-9.600 Y18.000
G1 X-13.400 Y18.000
G1 X-13.400 Y17.600
G1 X-17.600 Y17.600
G1 X-17.600 Y31.000
G1 X-9.200 Y31.000
G1 X-9.200 Y17.600
G1 X-13.400 Y17.600
G1 X-13.400 Y17.200
G1 X-18.000 Y17.200
G1 X-18.000 Y31.400
G1 X-8.800 Y31.400
G1 X-8.800 Y17.200
G1 X-13.400 Y17.200
G1 X-13.400 Y16.800
G1 X-18.400 Y16.800
G1 X-18.400 Y31.800
G1 X-8.400 Y31.800
G1 X-8.400 Y16.800
G1 X-13.400 Y16.800
G1 X-13.400 Y16.400
G1 X-18.800 Y16.400
G1 X-18.800 Y32.200
G1 X-8.000 Y32.200
G1 X-8.000 Y16.400
G1 X-13.400 Y16.400
G1 X-13.400 Y16.000
G1 X-19.200 Y16.000
G1 X-19.200 Y32.600
G1 X-7.600 Y32.600
G1 X-7.600 Y16.000
G1 X-13.400 Y16.000
G1 X-13.400 Y15.600
G1 X-19.600 Y15.600
G1 X-19.600 Y33.000
G1 X-7.200 Y33.000
G1 X-7.200 Y15.600
G1 X-13.400 Y15.600
G1 X-13.400 Y15.200
G1 X-20.000 Y15.200
G1 X-20.000 Y33.400
G1 X-6.800 Y33.400
G1 X-6.800 Y15.200
G1 X-13.400 Y15.200
G1 X-13.400 Y14.800
G1 X-20.400 Y14.800
G1 X-20.400 Y33.800
G1 X-6.400 Y33.800
G1 X-6.400 Y14.800
G1 X-13.400 Y14.800
G1 X-13.400 Y14.400
G1 X-20.800 Y14.400
G1 X-20.800 Y34.200
G1 X-6.000 Y34.200
G1 X-6.000 Y14.400
G1 X-13.400 Y14.400
G1 X-13.400 Y14.000
G1 X-21.200 Y14.000
G1 X-21.200 Y34.600
G1 X-5.600 Y34.600
G1 X-5.600 Y14.000
G1 X-13.400 Y14.000 Z0.700
M9
G1 Z10.000
G1 X13.400 Y-13.800
G1 Z0.300
M7
G4 P150
G1 X13.400 Y-14.000 Z0.300
G1 X5.600 Y-14.000
G1 X5.600 Y-34.600
G1 X21.200 Y-34.600
G1 X21.200 Y-14.000
G1 X13.400 Y-14.000
G1 X13.400 Y-14.400
G1 X6.000 Y-14.400
G1 X6.000 Y-34.200
G1 X20.800 Y-34.200
G1 X20.800 Y-14.400
G1 X13.400 Y-14.400
G1 X13.400 Y-14.800
G1 X6.400 Y-14.800
G1 X6.400 Y-33.800
G1 X20.400 Y-33.800
G1 X20.400 Y-14.800
G1 X13.400 Y-14.800
G1 X13.400 Y-15.200
G1 X6.800 Y-15.200
G1 X6.800 Y-33.400
G1 X20.000 Y-33.400
G1 X20.000 Y-15.200
G1 X13.400 Y-15.200
G1 X13.400 Y-15.600
G1 X7.200 Y-15.600
G1 X7.200 Y-33.000
G1 X19.600 Y-33.000
G1 X19.600 Y-15.600
G1 X13.400 Y-15.600
G1 X13.400 Y-16.000
G1 X7.600 Y-16.000
G1 X7.600 Y-32.600
G1 X19.200 Y-32.600
G1 X19.200 Y-16.000
G1 X13.400 Y-16.000
G1 X13.400 Y-16.400
G1 X8.000 Y-16.400
G1 X8.000 Y-32.200
G1 X18.800 Y-32.200
G1 X18.800 Y-16.400
G1 X13.400 Y-16.400
G1 X13.400 Y-16.800
G1 X8.400 Y-16.800
G1 X8.400 Y-31.800
G1 X18.400 Y-31.800
G1 X18.400 Y-16.800
G1 X13.400 Y-16.800
G1 X13.400 Y-17.200
G1 X8.800 Y-17.200
G1 X8.800 Y-31.400
G1 X18.000 Y-31.400
G1 X18.000 Y-17.200
G1 X13.400 Y-17.200
G1 X13.400 Y-17.600
G1 X9.200 Y-17.600
G1 X9.200 Y-31.000
G1 X17.600 Y-31.000
G1 X17.600 Y-17.600
G1 X13.400 Y-17.600
G1 X13.400 Y-18.000
G1 X9.600 Y-18.000
G1 X9.600 Y-30.600
G1 X17.200 Y-30.600
G1 X17.200 Y-18.000
G1 X13.400 Y-18.000
G1 X13.400 Y-18.400
G1 X10.000 Y-18.400
G1 X10.000 Y-30.200
G1 X16.800 Y-30.200
G1 X16.800 Y-18.400
G1 X13.400 Y-18.400
G1 X13.400 Y-18.800
G1 X10.400 Y-18.800
G1 X10.400 Y-29.800
G1 X16.400 Y-29.800
G1 X16.400 Y-18.800
G1 X13.400 Y-18.800
G1 X13.400 Y-19.200
G1 X10.800 Y-19.200
G1 X10.800 Y-29.400
G1 X16.000 Y-29.400
G1 X16.000 Y-19.200
G1 X13.400 Y-19.200
G1 X13.400 Y-19.600
G1 X11.200 Y-19.600
G1 X11.200 Y-29.000
G1 X15.600 Y-29.000
G1 X15.600 Y-19.600
G1 X13.400 Y-19.600
G1 X13.400 Y-20.000
G1 X11.600 Y-20.000
G1 X11.600 Y-28.600
G1 X15.200 Y-28.600
G1 X15.200 Y-20.000
G1 X13.400 Y-20.000
G1 X13.400 Y-20.400
G1 X12.000 Y-20.400
G1 X12.000 Y-28.200
G1 X14.800 Y-28.200
G1 X14.800 Y-20.400
G1 X13.400 Y-20.400
G1 X13.400 Y-20.800
G1 X12.400 Y-20.800
G1 X12.400 Y-27.800
G1 X14.400 Y-27.800
G1 X14.400 Y-20.800
G1 X13.400 Y-20.800
G1 X13.400 Y-21.200
G1 X12.800 Y-21.200
G1 X12.800 Y-27.400
G1 X14.000 Y-27.400
G1 X14.000 Y-21.200
G1 X13.400 Y-21.200
G1 X13.400 Y-21.600
G1 X13.200 Y-21.600
G1 X13.200 Y-27.000
G1 X13.600 Y-27.000
G1 X13.600 Y-21.600
G1 X13.400 Y-21.600
G1 X13.400 Y-22.000
G1 X13.400 Y-22.000 Z0.700
G1 X13.400 Y-22.000
G1 X13.400 Y-21.600
G1 X13.600 Y-21.600
G1 X13.600 Y-27.000
G1 X13.200 Y-27.000
G1 X13.200 Y-21.600
G1 X13.400 Y-21.600
G1 X13.400 Y-21.200
G1 X14.000 Y-21.200
G1 X14.000 Y-27.400
G1 X12.800 Y-27.400
G1 X12.800 Y-21.200
G1 X13.400 Y-21.200
G1 X13.400 Y-20.800
G1 X14.400 Y-20.800
G1 X14.400 Y-27.800
G1 X12.400 Y-27.800
G1 X12.400 Y-20.800
G1 X13.400 Y-20.800
G1 X13.400 Y-20.400
G1 X14.800 Y-20.400
G1 X14.800 Y-28.200
G1 X12.000 Y-28.200
G1 X12.000 Y-20.400
G1 X13.400 Y-20.400
G1 X13.400 Y-20.000
G1 X15.200 Y-20.000
G1 X15.200 Y-28.600
G1 X11.600 Y-28.600
G1 X11.600 Y-20.000
G1 X13.400 Y-20.000
G1 X13.400 Y-19.600
G1 X15.600 Y-19.600
G1 X15.600 Y-29.000
G1 X11.200 Y-29.000
G1 X11.200 Y-19.600
G1 X13.400 Y-19.600
G1 X13.400 Y-19.200
G1 X16.000 Y-19.200
G1 X16.000 Y-29.400
G1 X10.800 Y-29.400
G1 X10.800 Y-19.200
G1 X13.400 Y-19.200
G1 X13.400 Y-18.800
G1 X16.400 Y-18.800
G1 X16.400 Y-29.800
G1 X10.400 Y-29.800
G1 X10.400 Y-18.800
G1 X13.400 Y-18.800
G1 X13.400 Y-18.400
G1 X16.800 Y-18.400
G1 X16.800 Y-30.200
G1 X10.000 Y-30.200
G1 X10.000 Y-18.400
G1 X13.400 Y-18.400
G1 X13.400 Y-18.000
G1 X17.200 Y-18.000
G1 X17.200 Y-30.600
G1 X9.600 Y-30.600
G1 X9.600 Y-18.000
G1 X13.400 Y-18.000
G1 X13.400 Y-17.600
G1 X17.600 Y-17.600
G1 X17.600 Y-31.000
G1 X9.200 Y-31.000
G1 X9.200 Y-17.600
G1 X13.400 Y-17.600
G1 X13.400 Y-17.200
G1 X18.000 Y-17.200
G1 X18.000 Y-31.400
G1 X8.800 Y-31.400
G1 X8.800 Y-17.200
G1 X13.400 Y-17.200
G1 X13.400 Y-16.800
G1 X18.400 Y-16.800
G1 X18.400 Y-31.800
G1 X8.400 Y-31.800
G1 X8.400 Y-16.800
G1 X13.400 Y-16.800
G1 X13.400 Y-16.400
G1 X18.800 Y-16.400
G1 X18.800 Y-32.200
G1 X8.000 Y-32.200
G1 X8.000 Y-16.400
G1 X13.400 Y-16.400
G1 X13.400 Y-16.000
G1 X19.200 Y-16.000
G1 X19.200 Y-32.600
G1 X7.600 Y-32.600
G1 X7.600 Y-16.000
G1 X13.400 Y-16.000
G1 X13.400 Y-15.600
G1 X19.600 Y-15.600
G1 X19.600 Y-33.000
G1 X7.200 Y-33.000
G1 X7.200 Y-15.600
G1 X13.400 Y-15.600
G1 X13.400 Y-15.200
G1 X20.000 Y-15.200
G1 X20.000 Y-33.400
G1 X6.800 Y-33.400
G1 X6.800 Y-15.200
G1 X13.400 Y-15.200
G1 X13.400 Y-14.800
G1 X20.400 Y-14.800
G1 X20.400 Y-33.800
G1 X6.400 Y-33.800
G1 X6.400 Y-14.800
G1 X13.400 Y-14.800
G1 X13.400 Y-14.400
G1 X20.800 Y-14.400
G1 X20.800 Y-34.200
G1 X6.000 Y-34.200
G1 X6.000 Y-14.400
G1 X13.400 Y-14.400
G1 X13.400 Y-14.000
G1 X21.200 Y-14.000
G1 X21.200 Y-34.600
G1 X5.600 Y-34.600
G1 X5.600 Y-14.000
G1 X13.400 Y-14.000 Z0.700
M9
G1 Z10.000
G1 X-47.700 Y0.000
G1 Z1.100
M7
G4 P150
G1 X-40.000 Y0.000 Z1.100
G1 X-40.000 Y0.000
G1 X-40.400 Y0.000
G1 X-40.400 Y0.200
G1 X-13.600 Y0.200
G1 X-13.600 Y27.000
G1 X-13.200 Y27.000
G1 X-13.200 Y0.200
G1 X40.400 Y0.200
G1 X40.400 Y-0.200
G1 X13.600 Y-0.200
G1 X13.600 Y-27.000
G1 X13.200 Y-27.000
G1 X13.200 Y-0.200
G1 X-40.400 Y-0.200
G1 X-40.400 Y0.000
G1 X-40.800 Y0.000
G1 X-40.800 Y0.600
G1 X-14.000 Y0.600
G1 X-14.000 Y27.400
G1 X-12.800 Y27.400
G1 X-12.800 Y0.600
G1 X40.800 Y0.600
G1 X40.800 Y-0.600
G1 X14.000 Y-0.600
G1 X14.000 Y-27.400
G1 X12.800 Y-27.400
G1 X12.800 Y-0.600
G1 X-40.800 Y-0.600
G1 X-40.800 Y0.000
G1 X-41.200 Y-0.000
G1 X-41.200 Y1.000
G1 X-14.400 Y1.000
G1 X-14.400 Y27.800
G1 X-12.400 Y27.800
G1 X-12.400 Y1.000
G1 X41.200 Y1.000
G1 X41.200 Y-1.000
G1 X14.400 Y-1.000
G1 X14.400 Y-27.800
G1 X12.400 Y-27.800
G1 X12.400 Y-1.000
G1 X-41.200 Y-1.000
G1 X-41.200 Y0.000
G1 X-41.600 Y-0.000
G1 X-41.600 Y1.400
G1 X-14.800 Y1.400
G1 X-14.800 Y28.200
G1 X-12.000 Y28.200
G1 X-12.000 Y1.400
G1 X41.600 Y1.400
G1 X41.600 Y-1.400
G1 X14.800 Y-1.400
G1 X14.800 Y-28.200
G1 X12.000 Y-28.200
G1 X12.000 Y-1.400
G1 X-41.600 Y-1.400
G1 X-41.600 Y0.000
G1 X-42.000 Y0.000
G1 X-42.000 Y1.800
G1 X-15.200 Y1.800
G1 X-15.200 Y28.600
G1 X-11.600 Y28.600
G1 X-11.600 Y1.800
G1 X42.000 Y1.800
G1 X42.000 Y-1.800
G1 X15.200 Y-1.800
G1 X15.200 Y-28.600
G1 X11.600 Y-28.600
G1 X11.600 Y-1.800
G1 X-42.000 Y-1.800
G1 X-42.000 Y0.000
G1 X-42.400 Y0.000
G1 X-42.400 Y2.200
G1 X-15.600 Y2.200
G1 X-15.600 Y29.000
G1 X-11.200 Y29.000
G1 X-11.200 Y2.200
G1 X42.400 Y2.200
G1 X42.400 Y-2.200
G1 X15.600 Y-2.200
G1 X15.600 Y-29.000
G1 X11.200 Y-29.000
G1 X11.200 Y-2.200
G1 X-42.400 Y-2.200
G1 X-42.400 Y0.000
G1 X-42.800 Y0.000
G1 X-42.800 Y2.600
G1 X-16.000 Y2.600
G1 X-16.000 Y29.400
G1 X-10.800 Y29.400
G1 X-10.800 Y2.600
G1 X42.800 Y2.600
G1 X42.800 Y-2.600
G1 X16.000 Y-2.600
G1 X16.000 Y-29.400
G1 X10.800 Y-29.400
G1 X10.800 Y-2.600
G1 X-42.800 Y-2.600
G1 X-42.800 Y0.000
G1 X-43.200 Y-0.000
G1 X-43.200 Y3.000
G1 X-16.400 Y3.000
G1 X-16.400 Y29.800
G1 X-10.400 Y29.800
G1 X-10.400 Y3.000
G1 X43.200 Y3.000
G1 X43.200 Y-3.000
G1 X16.400 Y-3.000
G1 X16.400 Y-29.800
G1 X10.400 Y-29.800
G1 X10.400 Y-3.000
G1 X-43.200 Y-3.000
G1 X-43.200 Y0.000
G1 X-43.600 Y-0.000
G1 X-43.600 Y3.400
G1 X-16.800 Y3.400
G1 X-16.800 Y30.200
G1 X-10.000 Y30.200
G1 X-10.000 Y3.400
G1 X43.600 Y3.400
G1 X43.600 Y-3.400
G1 X16.800 Y-3.400
G1 X16.800 Y-30.200
G1 X10.000 Y-30.200
G1 X10.000 Y-3.400
G1 X-43.600 Y-3.400
G1 X-43.600 Y0.000
G1 X-44.000 Y0.000
G1 X-44.000 Y3.800
G1 X-17.200 Y3.800
G1 X-17.200 Y30.600
G1 X-9.600 Y30.600
G1 X-9.600 Y3.800
G1 X44.000 Y3.800
G1 X44.000 Y-3.800
G1 X17.200 Y-3.800
G1 X17.200 Y-30.600
G1 X9.600 Y-30.600
G1 X9.600 Y-3.800
G1 X-44.000 Y-3.800
G1 X-44.000 Y0.000
G1 X-44.400 Y-0.000
G1 X-44.400 Y4.200
G1 X-17.600 Y4.200
G1 X-17.600 Y31.000
G1 X-9.200 Y31.000
G1 X-9.200 Y4.200
G1 X44.400 Y4.200
G1 X44.400 Y-4.200
G1 X17.600 Y-4.200
G1 X17.600 Y-31.000
G1 X9.200 Y-31.000
G1 X9.200 Y-4.200
G1 X-44.400 Y-4.200
G1 X-44.400 Y0.000
G1 X-44.800 Y0.000
G1 X-44.800 Y4.600
G1 X-18.000 Y4.600
G1 X-18.000 Y31.400
G1 X-8.800 Y31.400
G1 X-8.800 Y4.600
G1 X44.800 Y4.600
G1 X44.800 Y-4.600
G1 X18.000 Y-4.600
G1 X18.000 Y-31.400
G1 X8.800 Y-31.400
G1 X8.800 Y-4.600
G1 X-44.800 Y-4.600
G1 X-44.800 Y0.000
G1 X-45.200 Y-0.000
G1 X-45.200 Y5.000
G1 X-18.400 Y5.000
G1 X-18.400 Y31.800
G1 X-8.400 Y31.800
G1 X-8.400 Y5.000
G1 X45.200 Y5.000
G1 X45.200 Y-5.000
G1 X18.400 Y-5.000
G1 X18.400 Y-31.800
G1 X8.400 Y-31.800
G1 X8.400 Y-5.000
G1 X-45.200 Y-5.000
G1 X-45.200 Y0.000
G1 X-45.600 Y0.000
G1 X-45.600 Y5.400
G1 X-18.800 Y5.400
G1 X-18.800 Y32.200
G1 X-8.000 Y32.200
G1 X-8.000 Y5.400
G1 X45.600 Y5.400
G1 X45.600 Y-5.400
G1 X18.800 Y-5.400
G1 X18.800 Y-32.200
G1 X8.000 Y-32.200
G1 X8.000 Y-5.400
G1 X-45.600 Y-5.400
G1 X-45.600 Y0.000
G1 X-46.000 Y-0.000
G1 X-46.000 Y5.800
G1 X-19.200 Y5.800
G1 X-19.200 Y32.600
G1 X-7.600 Y32.600
G1 X-7.600 Y5.800
G1 X46.000 Y5.800
G1 X46.000 Y-5.800
G1 X19.200 Y-5.800
G1 X19.200 Y-32.600
G1 X7.600 Y-32.600
G1 X7.600 Y-5.800
G1 X-46.000 Y-5.800
G1 X-46.000 Y0.000
G1 X-46.400 Y0.000
G1 X-46.400 Y6.200
G1 X-19.600 Y6.200
G1 X-19.600 Y33.000
G1 X-7.200 Y33.000
G1 X-7.200 Y6.200
G1 X46.400 Y6.200
G1 X46.400 Y-6.200
G1 X19.600 Y-6.200
G1 X19.600 Y-33.000
G1 X7.200 Y-33.000
G1 X7.200 Y-6.200
G1 X-46.400 Y-6.200
G1 X-46.400 Y0.000
G1 X-46.800 Y-0.000
G1 X-46.800 Y6.600
G1 X-20.000 Y6.600
G1 X-20.000 Y33.400
G1 X-6.800 Y33.400
G1 X-6.800 Y6.600
G1 X46.800 Y6.600
G1 X46.800 Y-6.600
G1 X20.000 Y-6.600
G1 X20.000 Y-33.400
G1 X6.800 Y-33.400
G1 X6.800 Y-6.600
G1 X-46.800 Y-6.600
G1 X-46.800 Y0.000
G1 X-47.200 Y0.000
G1 X-47.200 Y7.000
G1 X-20.400 Y7.000
G1 X-20.400 Y33.800
G1 X-6.400 Y33.800
G1 X-6.400 Y7.000
G1 X47.200 Y7.000
G1 X47.200 Y-7.000
G1 X20.400 Y-7.000
G1 X20.400 Y-33.800
G1 X6.400 Y-33.800
G1 X6.400 Y-7.000
G1 X-47.200 Y-7.000
G1 X-47.200 Y0.000
G1 X-47.600 Y-0.000
G1 X-47.600 Y7.400
G1 X-20.800 Y7.400
G1 X-20.800 Y34.200
G1 X-6.000 Y34.200
G1 X-6.000 Y7.400
G1 X47.600 Y7.400
G1 X47.600 Y-7.400
G1 X20.800 Y-7.400
G1 X20.800 Y-34.200
G1 X6.000 Y-34.200
G1 X6.000 Y-7.400
G1 X-47.600 Y-7.400
G1 X-47.600 Y0.000
G1 X-48.000 Y0.000
G1 X-48.000 Y7.800
G1 X-21.200 Y7.800
G1 X-21.200 Y34.600
G1 X-5.600 Y34.600
G1 X-5.600 Y7.800
G1 X48.000 Y7.800
G1 X48.000 Y-7.800
G1 X21.200 Y-7.800
G1 X21.200 Y-34.600
G1 X5.600 Y-34.600
G1 X5.600 Y-7.800
G1 X-48.000 Y-7.800
G1 X-48.000 Y0.000 Z1.100
M9
G1 Z10.000
G1 X-47.700 Y0.000
G1 Z1.500
M7
G4 P150
G1 X-48.000 Y0.000 Z1.500
G1 X-48.000 Y-7.800
G1 X-28.649 Y-7.800
G1 X-28.649 Y7.800
G1 X-48.000 Y7.800
G1 X-48.000 Y0.000
G1 X-47.600 Y0.000
G1 X-47.600 Y-7.400
G1 X-29.049 Y-7.400
G1 X-29.049 Y7.400
G1 X-47.600 Y7.400
G1 X-47.600 Y0.000
G1 X-47.200 Y0.000
G1 X-47.200 Y-7.000
G1 X-29.449 Y-7.000
G1 X-29.449 Y7.000
G1 X-47.200 Y7.000
G1 X-47.200 Y0.000
G1 X-46.800 Y0.000
G1 X-46.800 Y-6.600
G1 X-29.849 Y-6.600
G1 X-29.849 Y6.600
G1 X-46.800 Y6.600
G1 X-46.800 Y0.000
G1 X-46.400 Y0.000
G1 X-46.400 Y-6.200
G1 X-30.249 Y-6.200
G1 X-30.249 Y6.200
G1 X-46.400 Y6.200
G1 X-46.400 Y0.000
G1 X-46.000 Y0.000
G1 X-46.000 Y-5.800
G1 X-30.649 Y-5.800
G1 X-30.649 Y5.800
G1 X-46.000 Y5.800
G1 X-46.000 Y0.000
G1 X-45.600 Y0.000
G1 X-45.600 Y-5.400
G1 X-31.049 Y-5.400
G1 X-31.049 Y5.400
G1 X-45.600 Y5.400
G1 X-45.600 Y0.000
G1 X-45.200 Y0.000
G1 X-45.200 Y-5.000
G1 X-31.449 Y-5.000
G1 X-31.449 Y5.000
G1 X-45.200 Y5.000
G1 X-45.200 Y0.000
G1 X-44.800 Y0.000
G1 X-44.800 Y-4.600
G1 X-31.849 Y-4.600
G1 X-31.849 Y4.600
G1 X-44.800 Y4.600
G1 X-44.800 Y0.000
G1 X-44.400 Y0.000
G1 X-44.400 Y-4.200
G1 X-32.249 Y-4.200
G1 X-32.249 Y4.200
G1 X-44.400 Y4.200
G1 X-44.400 Y0.000
G1 X-44.000 Y0.000
G1 X-44.000 Y-3.800
G1 X-32.649 Y-3.800
G1 X-32.649 Y3.800
G1 X-44.000 Y3.800
G1 X-44.000 Y0.000
G1 X-43.600 Y0.000
G1 X-43.600 Y-3.400
G1 X-33.049 Y-3.400
G1 X-33.049 Y3.400
G1 X-43.600 Y3.400
G1 X-43.600 Y0.000
G1 X-43.200 Y0.000
G1 X-43.200 Y-3.000
G1 X-33.449 Y-3.000
G1 X-33.449 Y3.000
G1 X-43.200 Y3.000
G1 X-43.200 Y0.000
G1 X-42.800 Y0.000
G1 X-42.800 Y-2.600
G1 X-33.849 Y-2.600
G1 X-33.849 Y2.600
G1 X-42.800 Y2.600
G1 X-42.800 Y0.000
G1 X-42.400 Y0.000
G1 X-42.400 Y-2.200
G1 X-34.249 Y-2.200
G1 X-34.249 Y2.200
G1 X-42.400 Y2.200
G1 X-42.400 Y0.000
G1 X-42.000 Y0.000
G1 X-42.000 Y-1.800
G1 X-34.649 Y-1.800
G1 X-34.649 Y1.800
G1 X-42.000 Y1.800
G1 X-42.000 Y0.000
G1 X-41.600 Y0.000
G1 X-41.600 Y-1.400
G1 X-35.049 Y-1.400
G1 X-35.049 Y1.400
G1 X-41.600 Y1.400
G1 X-41.600 Y0.000
G1 X-41.200 Y0.000
G1 X-41.200 Y-1.000
G1 X-35.449 Y-1.000
G1 X-35.449 Y1.000
G1 X-41.200 Y1.000
G1 X-41.200 Y0.000
G1 X-40.800 Y0.000
G1 X-40.800 Y-0.600
G1 X-35.849 Y-0.600
G1 X-35.849 Y0.600
G1 X-40.800 Y0.600
G1 X-40.800 Y0.000
G1 X-40.400 Y0.000
G1 X-40.400 Y-0.200
G1 X-36.249 Y-0.200
G1 X-36.249 Y0.200
G1 X-40.400 Y0.200
G1 X-40.400 Y0.000
G1 X-40.000 Y0.000
G1 X-40.000 Y0.000 Z1.900
G1 X-40.000 Y0.000
G1 X-40.400 Y0.000
G1 X-40.400 Y0.200
G1 X-37.107 Y0.200
G1 X-37.107 Y-0.200
G1 X-40.400 Y-0.200
G1 X-40.400 Y0.000
G1 X-40.800 Y0.000
G1 X-40.800 Y0.600
G1 X-36.707 Y0.600
G1 X-36.707 Y-0.600
G1 X-40.800 Y-0.600
G1 X-40.800 Y0.000
G1 X-41.200 Y0.000
G1 X-41.200 Y1.000
G1 X-36.307 Y1.000
G1 X-36.307 Y-1.000
G1 X-41.200 Y-1.000
G1 X-41.200 Y0.000
G1 X-41.600 Y0.000
G1 X-41.600 Y1.400
G1 X-35.907 Y1.400
G1 X-35.907 Y-1.400
G1 X-41.600 Y-1.400
G1 X-41.600 Y0.000
G1 X-42.000 Y0.000
G1 X-42.000 Y1.800
G1 X-35.507 Y1.800
G1 X-35.507 Y-1.800
G1 X-42.000 Y-1.800
G1 X-42.000 Y0.000
G1 X-42.400 Y0.000
G1 X-42.400 Y2.200
G1 X-35.107 Y2.200
G1 X-35.107 Y-2.200
G1 X-42.400 Y-2.200
G1 X-42.400 Y0.000
G1 X-42.800 Y0.000
G1 X-42.800 Y2.600
G1 X-34.707 Y2.600
G1 X-34.707 Y-2.600
G1 X-42.800 Y-2.600
G1 X-42.800 Y0.000
G1 X-43.200 Y0.000
G1 X-43.200 Y3.000
G1 X-34.307 Y3.000
G1 X-34.307 Y-3.000
G1 X-43.200 Y-3.000
G1 X-43.200 Y0.000
G1 X-43.600 Y0.000
G1 X-43.600 Y3.400
G1 X-33.907 Y3.400
G1 X-33.907 Y-3.400
G1 X-43.600 Y-3.400
G1 X-43.600 Y0.000
G1 X-44.000 Y0.000
G1 X-44.000 Y3.800
G1 X-33.507 Y3.800
G1 X-33.507 Y-3.800
G1 X-44.000 Y-3.800
G1 X-44.000 Y0.000
G1 X-44.400 Y0.000
G1 X-44.400 Y4.200
G1 X-33.107 Y4.200
G1 X-33.107 Y-4.200
G1 X-44.400 Y-4.200
G1 X-44.400 Y0.000
G1 X-44.800 Y0.000
G1 X-44.800 Y4.600
G1 X-32.707 Y4.600
G1 X-32.707 Y-4.600
G1 X-44.800 Y-4.600
G1 X-44.800 Y0.000
G1 X-45.200 Y0.000
G1 X-45.200 Y5.000
G1 X-32.307 Y5.000
G1 X-32.307 Y-5.000
G1 X-45.200 Y-5.000
G1 X-45.200 Y0.000
G1 X-45.600 Y0.000
G1 X-45.600 Y5.400
G1 X-31.907 Y5.400
G1 X-31.907 Y-5.400
G1 X-45.600 Y-5.400
G1 X-45.600 Y0.000
G1 X-46.000 Y0.000
G1 X-46.000 Y5.800
G1 X-31.507 Y5.800
G1 X-31.507 Y-5.800
G1 X-46.000 Y-5.800
G1 X-46.000 Y0.000
G1 X-46.400 Y0.000
G1 X-46.400 Y6.200
G1 X-31.107 Y6.200
G1 X-31.107 Y-6.200
G1 X-46.400 Y-6.200
G1 X-46.400 Y0.000
G1 X-46.800 Y0.000
G1 X-46.800 Y6.600
G1 X-30.707 Y6.600
G1 X-30.707 Y-6.600
G1 X-46.800 Y-6.600
G1 X-46.800 Y0.000
G1 X-47.200 Y0.000
G1 X-47.200 Y7.000
G1 X-30.307 Y7.000
G1 X-30.307 Y-7.000
G1 X-47.200 Y-7.000
G1 X-47.200 Y0.000
G1 X-47.600 Y0.000
G1 X-47.600 Y7.400
G1 X-29.907 Y7.400
G1 X-29.907 Y-7.400
G1 X-47.600 Y-7.400
G1 X-47.600 Y0.000
G1 X-48.000 Y0.000
G1 X-48.000 Y7.800
G1 X-29.507 Y7.800
G1 X-29.507 Y-7.800
G1 X-48.000 Y-7.800
G1 X-48.000 Y0.000 Z1.900
G1 X-48.000 Y0.000 Z2.300
G1 X-48.000 Y-7.800
G1 X-30.046 Y-7.800
G1 X-30.046 Y7.800
G1 X-48.000 Y7.800
G1 X-48.000 Y0.000
G1 X-47.600 Y0.000
G1 X-47.600 Y-7.400
G1 X-30.446 Y-7.400
G1 X-30.446 Y7.400
G1 X-47.600 Y7.400
G1 X-47.600 Y0.000
G1 X-47.200 Y0.000
G1 X-47.200 Y-7.000
G1 X-30.846 Y-7.000
G1 X-30.846 Y7.000
G1 X-47.200 Y7.000
G1 X-47.200 Y0.000
G1 X-46.800 Y0.000
G1 X-46.800 Y-6.600
G1 X-31.246 Y-6.600
G1 X-31.246 Y6.600
G1 X-46.800 Y6.600
G1 X-46.800 Y0.000
G1 X-46.400 Y0.000
G1 X-46.400 Y-6.200
G1 X-31.646 Y-6.200
G1 X-31.646 Y6.200
G1 X-46.400 Y6.200
G1 X-46.400 Y0.000
G1 X-46.000 Y0.000
G1 X-46.000 Y-5.800
G1 X-32.046 Y-5.800
G1 X-32.046 Y5.800
G1 X-46.000 Y5.800
G1 X-46.000 Y0.000
G1 X-45.600 Y0.000
G1 X-45.600 Y-5.400
G1 X-32.446 Y-5.400
G1 X-32.446 Y5.400
G1 X-45.600 Y5.400
G1 X-45.600 Y0.000
G1 X-45.200 Y0.000
G1 X-45.200 Y-5.000
G1 X-32.846 Y-5.000
G1 X-32.846 Y5.000
G1 X-45.200 Y5.000
G1 X-45.200 Y0.000
G1 X-44.800 Y0.000
G1 X-44.800 Y-4.600
G1 X-33.246 Y-4.600
G1 X-33.246 Y4.600
G1 X-44.800 Y4.600
G1 X-44.800 Y0.000
G1 X-44.400 Y0.000
G1 X-44.400 Y-4.200
G1 X-33.646 Y-4.200
G1 X-33.646 Y4.200
G1 X-44.400 Y4.200
G1 X-44.400 Y0.000
G1 X-44.000 Y0.000
G1 X-44.000 Y-3.800
G1 X-34.046 Y-3.800
G1 X-34.046 Y3.800
G1 X-44.000 Y3.800
G1 X-44.000 Y0.000
G1 X-43.600 Y0.000
G1 X-43.600 Y-3.400
G1 X-34.446 Y-3.400
G1 X-34.446 Y3.400
G1 X-43.600 Y3.400
G1 X-43.600 Y0.000
G1 X-43.200 Y0.000
G1 X-43.200 Y-3.000
G1 X-34.846 Y-3.000
G1 X-34.846 Y3.000
G1 X-43.200 Y3.000
G1 X-43.200 Y0.000
G1 X-42.800 Y0.000
G1 X-42.800 Y-2.600
G1 X-35.246 Y-2.600
G1 X-35.246 Y2.600
G1 X-42.800 Y2.600
G1 X-42.800 Y0.000
G1 X-42.400 Y0.000
G1 X-42.400 Y-2.200
G1 X-35.646 Y-2.200
G1 X-35.646 Y2.200
G1 X-42.400 Y2.200
G1 X-42.400 Y0.000
G1 X-42.000 Y0.000
G1 X-42.000 Y-1.800
G1 X-36.046 Y-1.800
G1 X-36.046 Y1.800
G1 X-42.000 Y1.800
G1 X-42.000 Y0.000
G1 X-41.600 Y0.000
G1 X-41.600 Y-1.400
G1 X-36.446 Y-1.400
G1 X-36.446 Y1.400
G1 X-41.600 Y1.400
G1 X-41.600 Y0.000
G1 X-41.200 Y0.000
G1 X-41.200 Y-1.000
G1 X-36.846 Y-1.000
G1 X-36.846 Y1.000
G1 X-41.200 Y1.000
G1 X-41.200 Y0.000
G1 X-40.800 Y0.000
G1 X-40.800 Y-0.600
G1 X-37.246 Y-0.600
G1 X-37.246 Y0.600
G1 X-40.800 Y0.600
G1 X-40.800 Y0.000
G1 X-40.400 Y0.000
G1 X-40.400 Y-0.200
G1 X-37.646 Y-0.200
G1 X-37.646 Y0.200
G1 X-40.400 Y0.200
G1 X-40.400 Y0.000
G1 X-40.000 Y0.000
G1 X-40.000 Y0.000 Z2.700
G1 X-40.000 Y0.000
G1 X-40.400 Y0.000
G1 X-40.400 Y0.200
G1 X-38.040 Y0.200
G1 X-38.040 Y-0.200
G1 X-40.400 Y-0.200
G1 X-40.400 Y0.000
G1 X-40.800 Y0.000
G1 X-40.800 Y0.600
G1 X-37.640 Y0.600
G1 X-37.640 Y-0.600
G1 X-40.800 Y-0.600
G1 X-40.800 Y0.000
G1 X-41.200 Y0.000
G1 X-41.200 Y1.000
G1 X-37.240 Y1.000
G1 X-37.240 Y-1.000
G1 X-41.200 Y-1.000
G1 X-41.200 Y0.000
G1 X-41.600 Y0.000
G1 X-41.600 Y1.400
G1 X-36.840 Y1.400
G1 X-36.840 Y-1.400
G1 X-41.600 Y-1.400
G1 X-41.600 Y0.000
G1 X-42.000 Y0.000
G1 X-42.000 Y1.800
G1 X-36.440 Y1.800
G1 X-36.440 Y-1.800
G1 X-42.000 Y-1.800
G1 X-42.000 Y0.000
G1 X-42.400 Y0.000
G1 X-42.400 Y2.200
G1 X-36.040 Y2.200
G1 X-36.040 Y-2.200
G1 X-42.400 Y-2.200
G1 X-42.400 Y0.000
G1 X-42.800 Y0.000
G1 X-42.800 Y2.600
G1 X-35.640 Y2.600
G1 X-35.640 Y-2.600
G1 X-42.800 Y-2.600
G1 X-42.800 Y0.000
G1 X-43.200 Y0.000
G1 X-43.200 Y3.000
G1 X-35.240 Y3.000
G1 X-35.240 Y-3.000
G1 X-43.200 Y-3.000
G1 X-43.200 Y0.000
G1 X-43.600 Y0.000
G1 X-43.600 Y3.400
G1 X-34.840 Y3.400
G1 X-34.840 Y-3.400
G1 X-43.600 Y-3.400
G1 X-43.600 Y0.000
G1 X-44.000 Y0.000
G1 X-44.000 Y3.800
G1 X-34.440 Y3.800
G1 X-34.440 Y-3.800
G1 X-44.000 Y-3.800
G1 X-44.000 Y0.000
G1 X-44.400 Y0.000
G1 X-44.400 Y4.200
G1 X-34.040 Y4.200
G1 X-34.040 Y-4.200
G1 X-44.400 Y-4.200
G1 X-44.400 Y0.000
G1 X-44.800 Y0.000
G1 X-44.800 Y4.600
G1 X-33.640 Y4.600
G1 X-33.640 Y-4.600
G1 X-44.800 Y-4.600
G1 X-44.800 Y0.000
G1 X-45.200 Y0.000
G1 X-45.200 Y5.000
G1 X-33.240 Y5.000
G1 X-33.240 Y-5.000
G1 X-45.200 Y-5.000
G1 X-45.200 Y0.000
G1 X-45.600 Y0.000
G1 X-45.600 Y5.400
G1 X-32.840 Y5.400
G1 X-32.840 Y-5.400
G1 X-45.600 Y-5.400
G1 X-45.600 Y0.000
G1 X-46.000 Y0.000
G1 X-46.000 Y5.800
G1 X-32.440 Y5.800
G1 X-32.440 Y-5.800
G1 X-46.000 Y-5.800
G1 X-46.000 Y0.000
G1 X-46.400 Y0.000
G1 X-46.400 Y6.200
G1 X-32.040 Y6.200
G1 X-32.040 Y-6.200
G1 X-46.400 Y-6.200
G1 X-46.400 Y0.000
G1 X-46.800 Y0.000
G1 X-46.800 Y6.600
G1 X-31.640 Y6.600
G1 X-31.640 Y-6.600
G1 X-46.800 Y-6.600
G1 X-46.800 Y0.000
G1 X-47.200 Y0.000
G1 X-47.200 Y7.000
G1 X-31.240 Y7.000
G1 X-31.240 Y-7.000
G1 X-47.200 Y-7.000
G1 X-47.200 Y0.000
G1 X-47.600 Y0.000
G1 X-47.600 Y7.400
G1 X-30.840 Y7.400
G1 X-30.840 Y-7.400
G1 X-47.600 Y-7.400
G1 X-47.600 Y0.000
G1 X-48.000 Y0.000
G1 X-48.000 Y7.800
G1 X-30.440 Y7.800
G1 X-30.440 Y-7.800
G1 X-48.000 Y-7.800
G1 X-48.000 Y0.000 Z2.700
G1 X-48.000 Y0.000 Z3.100
G1 X-48.000 Y-7.800
G1 X-30.741 Y-7.800
G1 X-30.741 Y7.800
G1 X-48.000 Y7.800
G1 X-48.000 Y0.000
G1 X-47.600 Y0.000
G1 X-47.600 Y-7.400
G1 X-31.141 Y-7.400
G1 X-31.141 Y7.400
G1 X-47.600 Y7.400
G1 X-47.600 Y0.000
G1 X-47.200 Y0.000
G1 X-47.200 Y-7.000
G1 X-31.541 Y-7.000
G1 X-31.541 Y7.000
G1 X-47.200 Y7.000
G1 X-47.200 Y0.000
G1 X-46.800 Y0.000
G1 X-46.800 Y-6.600
G1 X-31.941 Y-6.600
G1 X-31.941 Y6.600
G1 X-46.800 Y6.600
G1 X-46.800 Y0.000
G1 X-46.400 Y0.000
G1 X-46.400 Y-6.200
G1 X-32.341 Y-6.200
G1 X-32.341 Y6.200
G1 X-46.400 Y6.200
G1 X-46.400 Y0.000
G1 X-46.000 Y0.000
G1 X-46.000 Y-5.800
G1 X-32.741 Y-5.800
G1 X-32.741 Y5.800
G1 X-46.000 Y5.800
G1 X-46.000 Y0.000
G1 X-45.600 Y0.000
G1 X-45.600 Y-5.400
G1 X-33.141 Y-5.400
G1 X-33.141 Y5.400
G1 X-45.600 Y5.400
G1 X-45.600 Y0.000
G1 X-45.200 Y0.000
G1 X-45.200 Y-5.000
G1 X-33.541 Y-5.000
G1 X-33.541 Y5.000
G1 X-45.200 Y5.000
G1 X-45.200 Y0.000
G1 X-44.800 Y0.000
G1 X-44.800 Y-4.600
G1 X-33.941 Y-4.600
G1 X-33.941 Y4.600
G1 X-44.800 Y4.600
G1 X-44.800 Y0.000
G1 X-44.400 Y0.000
G1 X-44.400 Y-4.200
G1 X-34.341 Y-4.200
G1 X-34.341 Y4.200
G1 X-44.400 Y4.200
G1 X-44.400 Y0.000
G1 X-44.000 Y0.000
G1 X-44.000 Y-3.800
G1 X-34.741 Y-3.800
G1 X-34.741 Y3.800
G1 X-44.000 Y3.800
G1 X-44.000 Y0.000
G1 X-43.600 Y0.000
G1 X-43.600 Y-3.400
G1 X-35.141 Y-3.400
G1 X-35.141 Y3.400
G1 X-43.600 Y3.400
G1 X-43.600 Y0.000
G1 X-43.200 Y0.000
G1 X-43.200 Y-3.000
G1 X-35.541 Y-3.000
G1 X-35.541 Y3.000
G1 X-43.200 Y3.000
G1 X-43.200 Y0.000
G1 X-42.800 Y0.000
G1 X-42.800 Y-2.600
G1 X-35.941 Y-2.600
G1 X-35.941 Y2.600
G1 X-42.800 Y2.600
G1 X-42.800 Y0.000
G1 X-42.400 Y0.000
G1 X-42.400 Y-2.200
G1 X-36.341 Y-2.200
G1 X-36.341 Y2.200
G1 X-42.400 Y2.200
G1 X-42.400 Y0.000
G1 X-42.000 Y0.000
G1 X-42.000 Y-1.800
G1 X-36.741 Y-1.800
G1 X-36.741 Y1.800
G1 X-42.000 Y1.800
G1 X-42.000 Y0.000
G1 X-41.600 Y0.000
G1 X-41.600 Y-1.400
G1 X-37.141 Y-1.400
G1 X-37.141 Y1.400
G1 X-41.600 Y1.400
G1 X-41.600 Y0.000
G1 X-41.200 Y0.000
G1 X-41.200 Y-1.000
G1 X-37.541 Y-1.000
G1 X-37.541 Y1.000
G1 X-41.200 Y1.000
G1 X-41.200 Y0.000
G1 X-40.800 Y0.000
G1 X-40.800 Y-0.600
G1 X-37.941 Y-0.600
G1 X-37.941 Y0.600
G1 X-40.800 Y0.600
G1 X-40.800 Y0.000
G1 X-40.400 Y0.000
G1 X-40.400 Y0.000 Z3.500
G1 X-40.400 Y0.000
G1 X-40.800 Y0.000
G1 X-40.800 Y0.600
G1 X-38.172 Y0.600
G1 X-38.172 Y-0.600
G1 X-40.800 Y-0.600
G1 X-40.800 Y0.000
G1 X-41.200 Y0.000
G1 X-41.200 Y1.000
G1 X-37.772 Y1.000
G1 X-37.772 Y-1.000
G1 X-41.200 Y-1.000
G1 X-41.200 Y0.000
G1 X-41.600 Y0.000
G1 X-41.600 Y1.400
G1 X-37.372 Y1.400
G1 X-37.372 Y-1.400
G1 X-41.600 Y-1.400
G1 X-41.600 Y0.000
G1 X-42.000 Y0.000
G1 X-42.000 Y1.800
G1 X-36.972 Y1.800
G1 X-36.972 Y-1.800
G1 X-42.000 Y-1.800
G1 X-42.000 Y0.000
G1 X-42.400 Y0.000
G1 X-42.400 Y2.200
G1 X-36.572 Y2.200
G1 X-36.572 Y-2.200
G1 X-42.400 Y-2.200
G1 X-42.400 Y0.000
G1 X-42.800 Y0.000
G1 X-42.800 Y2.600
G1 X-36.172 Y2.600
G1 X-36.172 Y-2.600
G1 X-42.800 Y-2.600
G1 X-42.800 Y0.000
G1 X-43.200 Y0.000
G1 X-43.200 Y3.000
G1 X-35.772 Y3.000
G1 X-35.772 Y-3.000
G1 X-43.200 Y-3.000
G1 X-43.200 Y0.000
G1 X-43.600 Y0.000
G1 X-43.600 Y3.400
G1 X-35.372 Y3.400
G1 X-35.372 Y-3.400
G1 X-43.600 Y-3.400
G1 X-43.600 Y0.000
G1 X-44.000 Y0.000
G1 X-44.000 Y3.800
G1 X-34.972 Y3.800
G1 X-34.972 Y-3.800
G1 X-44.000 Y-3.800
G1 X-44.000 Y0.000
G1 X-44.400 Y0.000
G1 X-44.400 Y4.200
G1 X-34.572 Y4.200
G1 X-34.572 Y-4.200
G1 X-44.400 Y-4.200
G1 X-44.400 Y0.000
G1 X-44.800 Y0.000
G1 X-44.800 Y4.600
G1 X-34.172 Y4.600
G1 X-34.172 Y-4.600
G1 X-44.800 Y-4.600
G1 X-44.800 Y0.000
G1 X-45.200 Y0.000
G1 X-45.200 Y5.000
G1 X-33.772 Y5.000
G1 X-33.772 Y-5.000
G1 X-45.200 Y-5.000
G1 X-45.200 Y0.000
G1 X-45.600 Y0.000
G1 X-45.600 Y5.400
G1 X-33.372 Y5.400
G1 X-33.372 Y-5.400
G1 X-45.600 Y-5.400
G1 X-45.600 Y0.000
G1 X-46.000 Y0.000
G1 X-46.000 Y5.800
G1 X-32.972 Y5.800
G1 X-32.972 Y-5.800
G1 X-46.000 Y-5.800
G1 X-46.000 Y0.000
G1 X-46.400 Y0.000
G1 X-46.400 Y6.200
G1 X-32.572 Y6.200
G1 X-32.572 Y-6.200
G1 X-46.400 Y-6.200
G1 X-46.400 Y0.000
G1 X-46.800 Y0.000
G1 X-46.800 Y6.600
G1 X-32.172 Y6.600
G1 X-32.172 Y-6.600
G1 X-46.800 Y-6.600
G1 X-46.800 Y0.000
G1 X-47.200 Y0.000
G1 X-47.200 Y7.000
G1 X-31.772 Y7.000
G1 X-31.772 Y-7.000
G1 X-47.200 Y-7.000
G1 X-47.200 Y0.000
G1 X-47.600 Y0.000
G1 X-47.600 Y7.400
G1 X-31.372 Y7.400
G1 X-31.372 Y-7.400
G1 X-47.600 Y-7.400
G1 X-47.600 Y0.000
G1 X-48.000 Y0.000
G1 X-48.000 Y7.800
G1 X-30.972 Y7.800
G1 X-30.972 Y-7.800
G1 X-48.000 Y-7.800
G1 X-48.000 Y0.000 Z3.500
G1 X-48.000 Y0.000 Z3.900
G1 X-48.000 Y-7.800
G1 X-31.147 Y-7.800
G1 X-31.147 Y7.800
G1 X-48.000 Y7.800
G1 X-48.000 Y0.000
G1 X-47.600 Y0.000
G1 X-47.600 Y-7.400
G1 X-31.547 Y-7.400
G1 X-31.547 Y7.400
G1 X-47.600 Y7.400
G1 X-47.600 Y0.000
G1 X-47.200 Y0.000
G1 X-47.200 Y-7.000
G1 X-31.947 Y-7.000
G1 X-31.947 Y7.000
G1 X-47.200 Y7.000
G1 X-47.200 Y0.000
G1 X-46.800 Y0.000
G1 X-46.800 Y-6.600
G1 X-32.347 Y-6.600
G1 X-32.347 Y6.600
G1 X-46.800 Y6.600
G1 X-46.800 Y0.000
G1 X-46.400 Y0.000
G1 X-46.400 Y-6.200
G1 X-32.747 Y-6.200
G1 X-32.747 Y6.200
G1 X-46.400 Y6.200
G1 X-46.400 Y0.000
G1 X-46.000 Y0.000
G1 X-46.000 Y-5.800
G1 X-33.147 Y-5.800
G1 X-33.147 Y5.800
G1 X-46.000 Y5.800
G1 X-46.000 Y0.000
G1 X-45.600 Y0.000
G1 X-45.600 Y-5.400
G1 X-33.547 Y-5.400
G1 X-33.547 Y5.400
G1 X-45.600 Y5.400
G1 X-45.600 Y0.000
G1 X-45.200 Y0.000
G1 X-45.200 Y-5.000
G1 X-33.947 Y-5.000
G1 X-33.947 Y5.000
G1 X-45.200 Y5.000
G1 X-45.200 Y0.000
G1 X-44.800 Y0.000
G1 X-44.800 Y-4.600
G1 X-34.347 Y-4.600
G1 X-34.347 Y4.600
G1 X-44.800 Y4.600
G1 X-44.800 Y0.000
G1 X-44.400 Y0.000
G1 X-44.400 Y-4.200
G1 X-34.747 Y-4.200
G1 X-34.747 Y4.200
G1 X-44.400 Y4.200
G1 X-44.400 Y0.000
G1 X-44.000 Y0.000
G1 X-44.000 Y-3.800
G1 X-35.147 Y-3.800
G1 X-35.147 Y3.800
G1 X-44.000 Y3.800
G1 X-44.000 Y0.000
G1 X-43.600 Y0.000
G1 X-43.600 Y-3.400
G1 X-35.547 Y-3.400
G1 X-35.547 Y3.400
G1 X-43.600 Y3.400
G1 X-43.600 Y0.000
G1 X-43.200 Y0.000
G1 X-43.200 Y-3.000
G1 X-35.947 Y-3.000
G1 X-35.947 Y3.000
G1 X-43.200 Y3.000
G1 X-43.200 Y0.000
G1 X-42.800 Y0.000
G1 X-42.800 Y-2.600
G1 X-36.347 Y-2.600
G1 X-36.347 Y2.600
G1 X-42.800 Y2.600
G1 X-42.800 Y0.000
G1 X-42.400 Y0.000
G1 X-42.400 Y-2.200
G1 X-36.747 Y-2.200
G1 X-36.747 Y2.200
G1 X-42.400 Y2.200
G1 X-42.400 Y0.000
G1 X-42.000 Y0.000
G1 X-42.000 Y-1.800
G1 X-37.147 Y-1.800
G1 X-37.147 Y1.800
G1 X-42.000 Y1.800
G1 X-42.000 Y0.000
G1 X-41.600 Y0.000
G1 X-41.600 Y-1.400
G1 X-37.547 Y-1.400
G1 X-37.547 Y1.400
G1 X-41.600 Y1.400
G1 X-41.600 Y0.000
G1 X-41.200 Y0.000
G1 X-41.200 Y-1.000
G1 X-37.947 Y-1.000
G1 X-37.947 Y1.000
G1 X-41.200 Y1.000
G1 X-41.200 Y0.000
G1 X-40.800 Y0.000
G1 X-40.800 Y-0.600
G1 X-38.347 Y-0.600
G1 X-38.347 Y0.600
G1 X-40.800 Y0.600
G1 X-40.800 Y0.000
G1 X-40.400 Y0.000
G1 X-40.400 Y0.000 Z4.300
G1 X-40.400 Y0.000
G1 X-40.800 Y0.000
G1 X-40.800 Y0.600
G1 X-38.473 Y0.600
G1 X-38.473 Y-0.600
G1 X-40.800 Y-0.600
G1 X-40.800 Y0.000
G1 X-41.200 Y0.000
G1 X-41.200 Y1.000
G1 X-38.073 Y1.000
G1 X-38.073 Y-1.000
G1 X-41.200 Y-1.000
G1 X-41.200 Y0.000
G1 X-41.600 Y0.000
G1 X-41.600 Y1.400
G1 X-37.673 Y1.400
G1 X-37.673 Y-1.400
G1 X-41.600 Y-1.400
G1 X-41.600 Y0.000
G1 X-42.000 Y0.000
G1 X-42.000 Y1.800
G1 X-37.273 Y1.800
G1 X-37.273 Y-1.800
G1 X-42.000 Y-1.800
G1 X-42.000 Y0.000
G1 X-42.400 Y0.000
G1 X-42.400 Y2.200
G1 X-36.873 Y2.200
G1 X-36.873 Y-2.200
G1 X-42.400 Y-2.200
G1 X-42.400 Y0.000
G1 X-42.800 Y0.000
G1 X-42.800 Y2.600
G1 X-36.473 Y2.600
G1 X-36.473 Y-2.600
G1 X-42.800 Y-2.600
G1 X-42.800 Y0.000
G1 X-43.200 Y0.000
G1 X-43.200 Y3.000
G1 X-36.073 Y3.000
G1 X-36.073 Y-3.000
G1 X-43.200 Y-3.000
G1 X-43.200 Y0.000
G1 X-43.600 Y0.000
G1 X-43.600 Y3.400
G1 X-35.673 Y3.400
G1 X-35.673 Y-3.400
G1 X-43.600 Y-3.400
G1 X-43.600 Y0.000
G1 X-44.000 Y0.000
G1 X-44.000 Y3.800
G1 X-35.273 Y3.800
G1 X-35.273 Y-3.800
G1 X-44.000 Y-3.800
G1 X-44.000 Y0.000
G1 X-44.400 Y0.000
G1 X-44.400 Y4.200
G1 X-34.873 Y4.200
G1 X-34.873 Y-4.200
G1 X-44.400 Y-4.200
G1 X-44.400 Y0.000
G1 X-44.800 Y0.000
G1 X-44.800 Y4.600
G1 X-34.473 Y4.600
G1 X-34.473 Y-4.600
G1 X-44.800 Y-4.600
G1 X-44.800 Y0.000
G1 X-45.200 Y0.000
G1 X-45.200 Y5.000
G1 X-34.073 Y5.000
G1 X-34.073 Y-5.000
G1 X-45.200 Y-5.000
G1 X-45.200 Y0.000
G1 X-45.600 Y0.000
G1 X-45.600 Y5.400
G1 X-33.673 Y5.400
G1 X-33.673 Y-5.400
G1 X-45.600 Y-5.400
G1 X-45.600 Y0.000
G1 X-46.000 Y0.000
G1 X-46.000 Y5.800
G1 X-33.273 Y5.800
G1 X-33.273 Y-5.800
G1 X-46.000 Y-5.800
G1 X-46.000 Y0.000
G1 X-46.400 Y0.000
G1 X-46.400 Y6.200
G1 X-32.873 Y6.200
G1 X-32.873 Y-6.200
G1 X-46.400 Y-6.200
G1 X-46.400 Y0.000
G1 X-46.800 Y0.000
G1 X-46.800 Y6.600
G1 X-32.473 Y6.600
G1 X-32.473 Y-6.600
G1 X-46.800 Y-6.600
G1 X-46.800 Y0.000
G1 X-47.200 Y0.000
G1 X-47.200 Y7.000
G1 X-32.073 Y7.000
G1 X-32.073 Y-7.000
G1 X-47.200 Y-7.000
G1 X-47.200 Y0.000
G1 X-47.600 Y0.000
G1 X-47.600 Y7.400
G1 X-31.673 Y7.400
G1 X-31.673 Y-7.400
G1 X-47.600 Y-7.400
G1 X-47.600 Y0.000
G1 X-48.000 Y0.000
G1 X-48.000 Y7.800
G1 X-31.273 Y7.800
G1 X-31.273 Y-7.800
G1 X-48.000 Y-7.800
G1 X-48.000 Y0.000 Z4.300
G1 X-48.000 Y0.000 Z4.700
G1 X-48.000 Y-7.800
G1 X-31.355 Y-7.800
G1 X-31.355 Y7.800
G1 X-48.000 Y7.800
G1 X-48.000 Y0.000
G1 X-47.600 Y0.000
G1 X-47.600 Y-7.400
G1 X-31.755 Y-7.400
G1 X-31.755 Y7.400
G1 X-47.600 Y7.400
G1 X-47.600 Y0.000
G1 X-47.200 Y0.000
G1 X-47.200 Y-7.000
G1 X-32.155 Y-7.000
G1 X-32.155 Y7.000
G1 X-47.200 Y7.000
G1 X-47.200 Y0.000
G1 X-46.800 Y0.000
G1 X-46.800 Y-6.600
G1 X-32.555 Y-6.600
G1 X-32.555 Y6.600
G1 X-46.800 Y6.600
G1 X-46.800 Y0.000
G1 X-46.400 Y0.000
G1 X-46.400 Y-6.200
G1 X-32.955 Y-6.200
G1 X-32.955 Y6.200
G1 X-46.400 Y6.200
G1 X-46.400 Y0.000
G1 X-46.000 Y0.000
G1 X-46.000 Y-5.800
G1 X-33.355 Y-5.800
G1 X-33.355 Y5.800
G1 X-46.000 Y5.800
G1 X-46.000 Y0.000
G1 X-45.600 Y0.000
G1 X-45.600 Y-5.400
G1 X-33.755 Y-5.400
G1 X-33.755 Y5.400
G1 X-45.600 Y5.400
G1 X-45.600 Y0.000
G1 X-45.200 Y0.000
G1 X-45.200 Y-5.000
G1 X-34.155 Y-5.000
G1 X-34.155 Y5.000
G1 X-45.200 Y5.000
G1 X-45.200 Y0.000
G1 X-44.800 Y0.000
G1 X-44.800 Y-4.600
G1 X-34.555 Y-4.600
G1 X-34.555 Y4.600
G1 X-44.800 Y4.600
G1 X-44.800 Y0.000
G1 X-44.400 Y0.000
G1 X-44.400 Y-4.200
G1 X-34.955 Y-4.200
G1 X-34.955 Y4.200
G1 X-44.400 Y4.200
G1 X-44.400 Y0.000
G1 X-44.000 Y0.000
G1 X-44.000 Y-3.800
G1 X-35.355 Y-3.800
G1 X-35.355 Y3.800
G1 X-44.000 Y3.800
G1 X-44.000 Y0.000
G1 X-43.600 Y0.000
G1 X-43.600 Y-3.400
G1 X-35.755 Y-3.400
G1 X-35.755 Y3.400
G1 X-43.600 Y3.400
G1 X-43.600 Y0.000
G1 X-43.200 Y0.000
G1 X-43.200 Y-3.000
G1 X-36.155 Y-3.000
G1 X-36.155 Y3.000
G1 X-43.200 Y3.000
G1 X-43.200 Y0.000
G1 X-42.800 Y0.000
G1 X-42.800 Y-2.600
G1 X-36.555 Y-2.600
G1 X-36.555 Y2.600
G1 X-42.800 Y2.600
G1 X-42.800 Y0.000
G1 X-42.400 Y0.000
G1 X-42.400 Y-2.200
G1 X-36.955 Y-2.200
G1 X-36.955 Y2.200
G1 X-42.400 Y2.200
G1 X-42.400 Y0.000
G1 X-42.000 Y0.000
G1 X-42.000 Y-1.800
G1 X-37.355 Y-1.800
G1 X-37.355 Y1.800
G1 X-42.000 Y1.800
G1 X-42.000 Y0.000
G1 X-41.600 Y0.000
G1 X-41.600 Y-1.400
G1 X-37.755 Y-1.400
G1 X-37.755 Y1.400
G1 X-41.600 Y1.400
G1 X-41.600 Y0.000
G1 X-41.200 Y0.000
G1 X-41.200 Y-1.000
G1 X-38.155 Y-1.000
G1 X-38.155 Y1.000
G1 X-41.200 Y1.000
G1 X-41.200 Y0.000
G1 X-40.800 Y0.000
G1 X-40.800 Y-0.600
G1 X-38.555 Y-0.600
G1 X-38.555 Y0.600
G1 X-40.800 Y0.600
G1 X-40.800 Y0.000
G1 X-40.400 Y0.000
G1 X-40.400 Y0.000 Z5.100
G1 X-40.400 Y0.000
G1 X-40.800 Y0.000
G1 X-40.800 Y0.600
G1 X-38.595 Y0.600
G1 X-38.595 Y-0.600
G1 X-40.800 Y-0.600
G1 X-40.800 Y0.000
G1 X-41.200 Y0.000
G1 X-41.200 Y1.000
G1 X-38.195 Y1.000
G1 X-38.195 Y-1.000
G1 X-41.200 Y-1.000
G1 X-41.200 Y0.000
G1 X-41.600 Y0.000
G1 X-41.600 Y1.400
G1 X-37.795 Y1.400
G1 X-37.795 Y-1.400
G1 X-41.600 Y-1.400
G1 X-41.600 Y0.000
G1 X-42.000 Y0.000
G1 X-42.000 Y1.800
G1 X-37.395 Y1.800
G1 X-37.395 Y-1.800
G1 X-42.000 Y-1.800
G1 X-42.000 Y0.000
G1 X-42.400 Y0.000
G1 X-42.400 Y2.200
G1 X-36.995 Y2.200
G1 X-36.995 Y-2.200
G1 X-42.400 Y-2.200
G1 X-42.400 Y0.000
G1 X-42.800 Y0.000
G1 X-42.800 Y2.600
G1 X-36.595 Y2.600
G1 X-36.595 Y-2.600
G1 X-42.800 Y-2.600
G1 X-42.800 Y0.000
G1 X-43.200 Y0.000
G1 X-43.200 Y3.000
G1 X-36.195 Y3.000
G1 X-36.195 Y-3.000
G1 X-43.200 Y-3.000
G1 X-43.200 Y0.000
G1 X-43.600 Y0.000
G1 X-43.600 Y3.400
G1 X-35.795 Y3.400
G1 X-35.795 Y-3.400
G1 X-43.600 Y-3.400
G1 X-43.600 Y0.000
G1 X-44.000 Y0.000
G1 X-44.000 Y3.800
G1 X-35.395 Y3.800
G1 X-35.395 Y-3.800
G1 X-44.000 Y-3.800
G1 X-44.000 Y0.000
G1 X-44.400 Y0.000
G1 X-44.400 Y4.200
G1 X-34.995 Y4.200
G1 X-34.995 Y-4.200
G1 X-44.400 Y-4.200
G1 X-44.400 Y0.000
G1 X-44.800 Y0.000
G1 X-44.800 Y4.600
G1 X-34.595 Y4.600
G1 X-34.595 Y-4.600
G1 X-44.800 Y-4.600
G1 X-44.800 Y0.000
G1 X-45.200 Y0.000
G1 X-45.200 Y5.000
G1 X-34.195 Y5.000
G1 X-34.195 Y-5.000
G1 X-45.200 Y-5.000
G1 X-45.200 Y0.000
G1 X-45.600 Y0.000
G1 X-45.600 Y5.400
G1 X-33.795 Y5.400
G1 X-33.795 Y-5.400
G1 X-45.600 Y-5.400
G1 X-45.600 Y0.000
G1 X-46.000 Y0.000
G1 X-46.000 Y5.800
G1 X-33.395 Y5.800
G1 X-33.395 Y-5.800
G1 X-46.000 Y-5.800
G1 X-46.000 Y0.000
G1 X-46.400 Y0.000
G1 X-46.400 Y6.200
G1 X-32.995 Y6.200
G1 X-32.995 Y-6.200
G1 X-46.400 Y-6.200
G1 X-46.400 Y0.000
G1 X-46.800 Y0.000
G1 X-46.800 Y6.600
G1 X-32.595 Y6.600
G1 X-32.595 Y-6.600
G1 X-46.800 Y-6.600
G1 X-46.800 Y0.000
G1 X-47.200 Y0.000
G1 X-47.200 Y7.000
G1 X-32.195 Y7.000
G1 X-32.195 Y-7.000
G1 X-47.200 Y-7.000
G1 X-47.200 Y0.000
G1 X-47.600 Y0.000
G1 X-47.600 Y7.400
G1 X-31.795 Y7.400
G1 X-31.795 Y-7.400
G1 X-47.600 Y-7.400
G1 X-47.600 Y0.000
G1 X-48.000 Y0.000
G1 X-48.000 Y7.800
G1 X-31.395 Y7.800
G1 X-31.395 Y-7.800
G1 X-48.000 Y-7.800
G1 X-48.000 Y0.000 Z5.100
M9
G1 Z10.000
G1 X-13.400 Y34.400
G1 Z1.500
M7
G4 P150
G1 X-13.400 Y34.600 Z1.500
G1 X-21.200 Y34.600
G1 X-21.200 Y15.249
G1 X-5.600 Y15.249
G1 X-5.600 Y34.600
G1 X-13.400 Y34.600
G1 X-13.400 Y34.200
G1 X-20.800 Y34.200
G1 X-20.800 Y15.649
G1 X-6.000 Y15.649
G1 X-6.000 Y34.200
G1 X-13.400 Y34.200
G1 X-13.400 Y33.800
G1 X-20.400 Y33.800
G1 X-20.400 Y16.049
G1 X-6.400 Y16.049
G1 X-6.400 Y33.800
G1 X-13.400 Y33.800
G1 X-13.400 Y33.400
G1 X-20.000 Y33.400
G1 X-20.000 Y16.449
G1 X-6.800 Y16.449
G1 X-6.800 Y33.400
G1 X-13.400 Y33.400
G1 X-13.400 Y33.000
G1 X-19.600 Y33.000
G1 X-19.600 Y16.849
G1 X-7.200 Y16.849
G1 X-7.200 Y33.000
G1 X-13.400 Y33.000
G1 X-13.400 Y32.600
G1 X-19.200 Y32.600
G1 X-19.200 Y17.249
G1 X-7.600 Y17.249
G1 X-7.600 Y32.600
G1 X-13.400 Y32.600
G1 X-13.400 Y32.200
G1 X-18.800 Y32.200
G1 X-18.800 Y17.649
G1 X-8.000 Y17.649
G1 X-8.000 Y32.200
G1 X-13.400 Y32.200
G1 X-13.400 Y31.800
G1 X-18.400 Y31.800
G1 X-18.400 Y18.049
G1 X-8.400 Y18.049
G1 X-8.400 Y31.800
G1 X-13.400 Y31.800
G1 X-13.400 Y31.400
G1 X-18.000 Y31.400
G1 X-18.000 Y18.449
G1 X-8.800 Y18.449
G1 X-8.800 Y31.400
G1 X-13.400 Y31.400
G1 X-13.400 Y31.000
G1 X-17.600 Y31.000
G1 X-17.600 Y18.849
G1 X-9.200 Y18.849
G1 X-9.200 Y31.000
G1 X-13.400 Y31.000
G1 X-13.400 Y30.600
G1 X-17.200 Y30.600
G1 X-17.200 Y19.249
G1 X-9.600 Y19.249
G1 X-9.600 Y30.600
G1 X-13.400 Y30.600
G1 X-13.400 Y30.200
G1 X-16.800 Y30.200
G1 X-16.800 Y19.649
G1 X-10.000 Y19.649
G1 X-10.000 Y30.200
G1 X-13.400 Y30.200
G1 X-13.400 Y29.800
G1 X-16.400 Y29.800
G1 X-16.400 Y20.049
G1 X-10.400 Y20.049
G1 X-10.400 Y29.800
G1 X-13.400 Y29.800
G1 X-13.400 Y29.400
G1 X-16.000 Y29.400
G1 X-16.000 Y20.449
G1 X-10.800 Y20.449
G1 X-10.800 Y29.400
G1 X-13.400 Y29.400
G1 X-13.400 Y29.000
G1 X-15.600 Y29.000
G1 X-15.600 Y20.849
G1 X-11.200 Y20.849
G1 X-11.200 Y29.000
G1 X-13.400 Y29.000
G1 X-13.400 Y28.600
G1 X-15.200 Y28.600
G1 X-15.200 Y21.249
G1 X-11.600 Y21.249
G1 X-11.600 Y28.600
G1 X-13.400 Y28.600
G1 X-13.400 Y28.200
G1 X-14.800 Y28.200
G1 X-14.800 Y21.649
G1 X-12.000 Y21.649
G1 X-12.000 Y28.200
G1 X-13.400 Y28.200
G1 X-13.400 Y27.800
G1 X-14.400 Y27.800
G1 X-14.400 Y22.049
G1 X-12.400 Y22.049
G1 X-12.400 Y27.800
G1 X-13.400 Y27.800
G1 X-13.400 Y27.400
G1 X-14.000 Y27.400
G1 X-14.000 Y22.449
G1 X-12.800 Y22.449
G1 X-12.800 Y27.400
G1 X-13.400 Y27.400
G1 X-13.400 Y27.000
G1 X-13.600 Y27.000
G1 X-13.600 Y22.849
G1 X-13.200 Y22.849
G1 X-13.200 Y27.000
G1 X-13.400 Y27.000
G1 X-13.400 Y26.600
G1 X-13.400 Y26.600 Z1.900
G1 X-13.400 Y26.600
G1 X-13.400 Y27.000
G1 X-13.200 Y27.000
G1 X-13.200 Y23.707
G1 X-13.600 Y23.707
G1 X-13.600 Y27.000
G1 X-13.400 Y27.000
G1 X-13.400 Y27.400
G1 X-12.800 Y27.400
G1 X-12.800 Y23.307
G1 X-14.000 Y23.307
G1 X-14.000 Y27.400
G1 X-13.400 Y27.400
G1 X-13.400 Y27.800
G1 X-12.400 Y27.800
G1 X-12.400 Y22.907
G1 X-14.400 Y22.907
G1 X-14.400 Y27.800
G1 X-13.400 Y27.800
G1 X-13.400 Y28.200
G1 X-12.000 Y28.200
G1 X-12.000 Y22.507
G1 X-14.800 Y22.507
G1 X-14.800 Y28.200
G1 X-13.400 Y28.200
G1 X-13.400 Y28.600
G1 X-11.600 Y28.600
G1 X-11.600 Y22.107
G1 X-15.200 Y22.107
G1 X-15.200 Y28.600
G1 X-13.400 Y28.600
G1 X-13.400 Y29.000
G1 X-11.200 Y29.000
G1 X-11.200 Y21.707
G1 X-15.600 Y21.707
G1 X-15.600 Y29.000
G1 X-13.400 Y29.000
G1 X-13.400 Y29.400
G1 X-10.800 Y29.400
G1 X-10.800 Y21.307
G1 X-16.000 Y21.307
G1 X-16.000 Y29.400
G1 X-13.400 Y29.400
G1 X-13.400 Y29.800
G1 X-10.400 Y29.800
G1 X-10.400 Y20.907
G1 X-16.400 Y20.907
G1 X-16.400 Y29.800
G1 X-13.400 Y29.800
G1 X-13.400 Y30.200
G1 X-10.000 Y30.200
G1 X-10.000 Y20.507
G1 X-16.800 Y20.507
G1 X-16.800 Y30.200
G1 X-13.400 Y30.200
G1 X-13.400 Y30.600
G1 X-9.600 Y30.600
G1 X-9.600 Y20.107
G1 X-17.200 Y20.107
G1 X-17.200 Y30.600
G1 X-13.400 Y30.600
G1 X-13.400 Y31.000
G1 X-9.200 Y31.000
G1 X-9.200 Y19.707
G1 X-17.600 Y19.707
G1 X-17.600 Y31.000
G1 X-13.400 Y31.000
G1 X-13.400 Y31.400
G1 X-8.800 Y31.400
G1 X-8.800 Y19.307
G1 X-18.000 Y19.307
G1 X-18.000 Y31.400
G1 X-13.400 Y31.400
G1 X-13.400 Y31.800
G1 X-8.400 Y31.800
G1 X-8.400 Y18.907
G1 X-18.400 Y18.907
G1 X-18.400 Y31.800
G1 X-13.400 Y31.800
G1 X-13.400 Y32.200
G1 X-8.000 Y32.200
G1 X-8.000 Y18.507
G1 X-18.800 Y18.507
G1 X-18.800 Y32.200
G1 X-13.400 Y32.200
G1 X-13.400 Y32.600
G1 X-7.600 Y32.600
G1 X-7.600 Y18.107
G1 X-19.200 Y18.107
G1 X-19.200 Y32.600
G1 X-13.400 Y32.600
G1 X-13.400 Y33.000
G1 X-7.200 Y33.000
G1 X-7.200 Y17.707
G1 X-19.600 Y17.707
G1 X-19.600 Y33.000
G1 X-13.400 Y33.000
G1 X-13.400 Y33.400
G1 X-6.800 Y33.400
G1 X-6.800 Y17.307
G1 X-20.000 Y17.307
G1 X-20.000 Y33.400
G1 X-13.400 Y33.400
G1 X-13.400 Y33.800
G1 X-6.400 Y33.800
G1 X-6.400 Y16.907
G1 X-20.400 Y16.907
G1 X-20.400 Y33.800
G1 X-13.400 Y33.800
G1 X-13.400 Y34.200
G1 X-6.000 Y34.200
G1 X-6.000 Y16.507
G1 X-20.800 Y16.507
G1 X-20.800 Y34.200
G1 X-13.400 Y34.200
G1 X-13.400 Y34.600
G1 X-5.600 Y34.600
G1 X-5.600 Y16.107
G1 X-21.200 Y16.107
G1 X-21.200 Y34.600
G1 X-13.400 Y34.600 Z1.900
G1 X-13.400 Y34.600 Z2.300
G1 X-21.200 Y34.600
G1 X-21.200 Y16.646
G1 X-5.600 Y16.646
G1 X-5.600 Y34.600
G1 X-13.400 Y34.600
G1 X-13.400 Y34.200
G1 X-20.800 Y34.200
G1 X-20.800 Y17.046
G1 X-6.000 Y17.046
G1 X-6.000 Y34.200
G1 X-13.400 Y34.200
G1 X-13.400 Y33.800
G1 X-20.400 Y33.800
G1 X-20.400 Y17.446
G1 X-6.400 Y17.446
G1 X-6.400 Y33.800
G1 X-13.400 Y33.800
G1 X-13.400 Y33.400
G1 X-20.000 Y33.400
G1 X-20.000 Y17.846
G1 X-6.800 Y17.846
G1 X-6.800 Y33.400
G1 X-13.400 Y33.400
G1 X-13.400 Y33.000
G1 X-19.600 Y33.000
G1 X-19.600 Y18.246
G1 X-7.200 Y18.246
G1 X-7.200 Y33.000
G1 X-13.400 Y33.000
G1 X-13.400 Y32.600
G1 X-19.200 Y32.600
G1 X-19.200 Y18.646
G1 X-7.600 Y18.646
G1 X-7.600 Y32.600
G1 X-13.400 Y32.600
G1 X-13.400 Y32.200
G1 X-18.800 Y32.200
G1 X-18.800 Y19.046
G1 X-8.000 Y19.046
G1 X-8.000 Y32.200
G1 X-13.400 Y32.200
G1 X-13.400 Y31.800
G1 X-18.400 Y31.800
G1 X-18.400 Y19.446
G1 X-8.400 Y19.446
G1 X-8.400 Y31.800
G1 X-13.400 Y31.800
G1 X-13.400 Y31.400
G1 X-18.000 Y31.400
G1 X-18.000 Y19.846
G1 X-8.800 Y19.846
G1 X-8.800 Y31.400
G1 X-13.400 Y31.400
G1 X-13.400 Y31.000
G1 X-17.600 Y31.000
G1 X-17.600 Y20.246
G1 X-9.200 Y20.246
G1 X-9.200 Y31.000
G1 X-13.400 Y31.000
G1 X-13.400 Y30.600
G1 X-17.200 Y30.600
G1 X-17.200 Y20.646
G1 X-9.600 Y20.646
G1 X-9.600 Y30.600
G1 X-13.400 Y30.600
G1 X-13.400 Y30.200
G1 X-16.800 Y30.200
G1 X-16.800 Y21.046
G1 X-10.000 Y21.046
G1 X-10.000 Y30.200
G1 X-13.400 Y30.200
G1 X-13.400 Y29.800
G1 X-16.400 Y29.800
G1 X-16.400 Y21.446
G1 X-10.400 Y21.446
G1 X-10.400 Y29.800
G1 X-13.400 Y29.800
G1 X-13.400 Y29.400
G1 X-16.000 Y29.400
G1 X-16.000 Y21.846
G1 X-10.800 Y21.846
G1 X-10.800 Y29.400
G1 X-13.400 Y29.400
G1 X-13.400 Y29.000
G1 X-15.600 Y29.000
G1 X-15.600 Y22.246
G1 X-11.200 Y22.246
G1 X-11.200 Y29.000
G1 X-13.400 Y29.000
G1 X-13.400 Y28.600
G1 X-15.200 Y28.600
G1 X-15.200 Y22.646
G1 X-11.600 Y22.646
G1 X-11.600 Y28.600
G1 X-13.400 Y28.600
G1 X-13.400 Y28.200
G1 X-14.800 Y28.200
G1 X-14.800 Y23.046
G1 X-12.000 Y23.046
G1 X-12.000 Y28.200
G1 X-13.400 Y28.200
G1 X-13.400 Y27.800
G1 X-14.400 Y27.800
G1 X-14.400 Y23.446
G1 X-12.400 Y23.446
G1 X-12.400 Y27.800
G1 X-13.400 Y27.800
G1 X-13.400 Y27.400
G1 X-14.000 Y27.400
G1 X-14.000 Y23.846
G1 X-12.800 Y23.846
G1 X-12.800 Y27.400
G1 X-13.400 Y27.400
G1 X-13.400 Y27.000
G1 X-13.600 Y27.000
G1 X-13.600 Y24.246
G1 X-13.200 Y24.246
G1 X-13.200 Y27.000
G1 X-13.400 Y27.000
G1 X-13.400 Y26.600
G1 X-13.400 Y26.600 Z2.700
G1 X-13.400 Y26.600
G1 X-13.400 Y27.000
G1 X-13.200 Y27.000
G1 X-13.200 Y24.640
G1 X-13.600 Y24.640
G1 X-13.600 Y27.000
G1 X-13.400 Y27.000
G1 X-13.400 Y27.400
G1 X-12.800 Y27.400
G1 X-12.800 Y24.240
G1 X-14.000 Y24.240
G1 X-14.000 Y27.400
G1 X-13.400 Y27.400
G1 X-13.400 Y27.800
G1 X-12.400 Y27.800
G1 X-12.400 Y23.840
G1 X-14.400 Y23.840
G1 X-14.400 Y27.800
G1 X-13.400 Y27.800
G1 X-13.400 Y28.200
G1 X-12.000 Y28.200
G1 X-12.000 Y23.440
G1 X-14.800 Y23.440
G1 X-14.800 Y28.200
G1 X-13.400 Y28.200
G1 X-13.400 Y28.600
G1 X-11.600 Y28.600
G1 X-11.600 Y23.040
G1 X-15.200 Y23.040
G1 X-15.200 Y28.600
G1 X-13.400 Y28.600
G1 X-13.400 Y29.000
G1 X-11.200 Y29.000
G1 X-11.200 Y22.640
G1 X-15.600 Y22.640
G1 X-15.600 Y29.000
G1 X-13.400 Y29.000
G1 X-13.400 Y29.400
G1 X-10.800 Y29.400
G1 X-10.800 Y22.240
G1 X-16.000 Y22.240
G1 X-16.000 Y29.400
G1 X-13.400 Y29.400
G1 X-13.400 Y29.800
G1 X-10.400 Y29.800
G1 X-10.400 Y21.840
G1 X-16.400 Y21.840
G1 X-16.400 Y29.800
G1 X-13.400 Y29.800
G1 X-13.400 Y30.200
G1 X-10.000 Y30.200
G1 X-10.000 Y21.440
G1 X-16.800 Y21.440
G1 X-16.800 Y30.200
G1 X-13.400 Y30.200
G1 X-13.400 Y30.600
G1 X-9.600 Y30.600
G1 X-9.600 Y21.040
G1 X-17.200 Y21.040
G1 X-17.200 Y30.600
G1 X-13.400 Y30.600
G1 X-13.400 Y31.000
G1 X-9.200 Y31.000
G1 X-9.200 Y20.640
G1 X-17.600 Y20.640
G1 X-17.600 Y31.000
G1 X-13.400 Y31.000
G1 X-13.400 Y31.400
G1 X-8.800 Y31.400
G1 X-8.800 Y20.240
G1 X-18.000 Y20.240
G1 X-18.000 Y31.400
G1 X-13.400 Y31.400
G1 X-13.400 Y31.800
G1 X-8.400 Y31.800
G1 X-8.400 Y19.840
G1 X-18.400 Y19.840
G1 X-18.400 Y31.800
G1 X-13.400 Y31.800
G1 X-13.400 Y32.200
G1 X-8.000 Y32.200
G1 X-8.000 Y19.440
G1 X-18.800 Y19.440
G1 X-18.800 Y32.200
G1 X-13.400 Y32.200
G1 X-13.400 Y32.600
G1 X-7.600 Y32.600
G1 X-7.600 Y19.040
G1 X-19.200 Y19.040
G1 X-19.200 Y32.600
G1 X-13.400 Y32.600
G1 X-13.400 Y33.000
G1 X-7.200 Y33.000
G1 X-7.200 Y18.640
G1 X-19.600 Y18.640
G1 X-19.600 Y33.000
G1 X-13.400 Y33.000
G1 X-13.400 Y33.400
G1 X-6.800 Y33.400
G1 X-6.800 Y18.240
G1 X-20.000 Y18.240
G1 X-20.000 Y33.400
G1 X-13.400 Y33.400
G1 X-13.400 Y33.800
G1 X-6.400 Y33.800
G1 X-6.400 Y17.840
G1 X-20.400 Y17.840
G1 X-20.400 Y33.800
G1 X-13.400 Y33.800
G1 X-13.400 Y34.200
G1 X-6.000 Y34.200
G1 X-6.000 Y17.440
G1 X-20.800 Y17.440
G1 X-20.800 Y34.200
G1 X-13.400 Y34.200
G1 X-13.400 Y34.600
G1 X-5.600 Y34.600
G1 X-5.600 Y17.040
G1 X-21.200 Y17.040
G1 X-21.200 Y34.600
G1 X-13.400 Y34.600 Z2.700
G1 X-13.400 Y34.600 Z3.100
G1 X-21.200 Y34.600
G1 X-21.200 Y17.341
G1 X-5.600 Y17.341
G1 X-5.600 Y34.600
G1 X-13.400 Y34.600
G1 X-13.400 Y34.200
G1 X-20.800 Y34.200
G1 X-20.800 Y17.741
G1 X-6.000 Y17.741
G1 X-6.000 Y34.200
G1 X-13.400 Y34.200
G1 X-13.400 Y33.800
G1 X-20.400 Y33.800
G1 X-20.400 Y18.141
G1 X-6.400 Y18.141
G1 X-6.400 Y33.800
G1 X-13.400 Y33.800
G1 X-13.400 Y33.400
G1 X-20.000 Y33.400
G1 X-20.000 Y18.541
G1 X-6.800 Y18.541
G1 X-6.800 Y33.400
G1 X-13.400 Y33.400
G1 X-13.400 Y33.000
G1 X-19.600 Y33.000
G1 X-19.600 Y18.941
G1 X-7.200 Y18.941
G1 X-7.200 Y33.000
G1 X-13.400 Y33.000
G1 X-13.400 Y32.600
G1 X-19.200 Y32.600
G1 X-19.200 Y19.341
G1 X-7.600 Y19.341
G1 X-7.600 Y32.600
G1 X-13.400 Y32.600
G1 X-13.400 Y32.200
G1 X-18.800 Y32.200
G1 X-18.800 Y19.741
G1 X-8.000 Y19.741
G1 X-8.000 Y32.200
G1 X-13.400 Y32.200
G1 X-13.400 Y31.800
G1 X-18.400 Y31.800
G1 X-18.400 Y20.141
G1 X-8.400 Y20.141
G1 X-8.400 Y31.800
G1 X-13.400 Y31.800
G1 X-13.400 Y31.400
G1 X-18.000 Y31.400
G1 X-18.000 Y20.541
G1 X-8.800 Y20.541
G1 X-8.800 Y31.400
G1 X-13.400 Y31.400
G1 X-13.400 Y31.000
G1 X-17.600 Y31.000
G1 X-17.600 Y20.941
G1 X-9.200 Y20.941
G1 X-9.200 Y31.000
G1 X-13.400 Y31.000
G1 X-13.400 Y30.600
G1 X-17.200 Y30.600
G1 X-17.200 Y21.341
G1 X-9.600 Y21.341
G1 X-9.600 Y30.600
G1 X-13.400 Y30.600
G1 X-13.400 Y30.200
G1 X-16.800 Y30.200
G1 X-16.800 Y21.741
G1 X-10.000 Y21.741
G1 X-10.000 Y30.200
G1 X-13.400 Y30.200
G1 X-13.400 Y29.800
G1 X-16.400 Y29.800
G1 X-16.400 Y22.141
G1 X-10.400 Y22.141
G1 X-10.400 Y29.800
G1 X-13.400 Y29.800
G1 X-13.400 Y29.400
G1 X-16.000 Y29.400
G1 X-16.000 Y22.541
G1 X-10.800 Y22.541
G1 X-10.800 Y29.400
G1 X-13.400 Y29.400
G1 X-13.400 Y29.000
G1 X-15.600 Y29.000
G1 X-15.600 Y22.941
G1 X-11.200 Y22.941
G1 X-11.200 Y29.000
G1 X-13.400 Y29.000
G1 X-13.400 Y28.600
G1 X-15.200 Y28.600
G1 X-15.200 Y23.341
G1 X-11.600 Y23.341
G1 X-11.600 Y28.600
G1 X-13.400 Y28.600
G1 X-13.400 Y28.200
G1 X-14.800 Y28.200
G1 X-14.800 Y23.741
G1 X-12.000 Y23.741
G1 X-12.000 Y28.200
G1 X-13.400 Y28.200
G1 X-13.400 Y27.800
G1 X-14.400 Y27.800
G1 X-14.400 Y24.141
G1 X-12.400 Y24.141
G1 X-12.400 Y27.800
G1 X-13.400 Y27.800
G1 X-13.400 Y27.400
G1 X-14.000 Y27.400
G1 X-14.000 Y24.541
G1 X-12.800 Y24.541
G1 X-12.800 Y27.400
G1 X-13.400 Y27.400
G1 X-13.400 Y27.000
G1 X-13.400 Y27.000 Z3.500
G1 X-13.400 Y27.000
G1 X-13.400 Y27.400
G1 X-12.800 Y27.400
G1 X-12.800 Y24.772
G1 X-14.000 Y24.772
G1 X-14.000 Y27.400
G1 X-13.400 Y27.400
G1 X-13.400 Y27.800
G1 X-12.400 Y27.800
G1 X-12.400 Y24.372
G1 X-14.400 Y24.372
G1 X-14.400 Y27.800
G1 X-13.400 Y27.800
G1 X-13.400 Y28.200
G1 X-12.000 Y28.200
G1 X-12.000 Y23.972
G1 X-14.800 Y23.972
G1 X-14.800 Y28.200
G1 X-13.400 Y28.200
G1 X-13.400 Y28.600
G1 X-11.600 Y28.600
G1 X-11.600 Y23.572
G1 X-15.200 Y23.572
G1 X-15.200 Y28.600
G1 X-13.400 Y28.600
G1 X-13.400 Y29.000
G1 X-11.200 Y29.000
G1 X-11.200 Y23.172
G1 X-15.600 Y23.172
G1 X-15.600 Y29.000
G1 X-13.400 Y29.000
G1 X-13.400 Y29.400
G1 X-10.800 Y29.400
G1 X-10.800 Y22.772
G1 X-16.000 Y22.772
G1 X-16.000 Y29.400
G1 X-13.400 Y29.400
G1 X-13.400 Y29.800
G1 X-10.400 Y29.800
G1 X-10.400 Y22.372
G1 X-16.400 Y22.372
G1 X-16.400 Y29.800
G1 X-13.400 Y29.800
G1 X-13.400 Y30.200
G1 X-10.000 Y30.200
G1 X-10.000 Y21.972
G1 X-16.800 Y21.972
G1 X-16.800 Y30.200
G1 X-13.400 Y30.200
G1 X-13.400 Y30.600
G1 X-9.600 Y30.600
G1 X-9.600 Y21.572
G1 X-17.200 Y21.572
G1 X-17.200 Y30.600
G1 X-13.400 Y30.600
G1 X-13.400 Y31.000
G1 X-9.200 Y31.000
G1 X-9.200 Y21.172
G1 X-17.600 Y21.172
G1 X-17.600 Y31.000
G1 X-13.400 Y31.000
G1 X-13.400 Y31.400
G1 X-8.800 Y31.400
G1 X-8.800 Y20.772
G1 X-18.000 Y20.772
G1 X-18.000 Y31.400
G1 X-13.400 Y31.400
G1 X-13.400 Y31.800
G1 X-8.400 Y31.800
G1 X-8.400 Y20.372
G1 X-18.400 Y20.372
G1 X-18.400 Y31.800
G1 X-13.400 Y31.800
G1 X-13.400 Y32.200
G1 X-8.000 Y32.200
G1 X-8.000 Y19.972
G1 X-18.800 Y19.972
G1 X-18.800 Y32.200
G1 X-13.400 Y32.200
G1 X-13.400 Y32.600
G1 X-7.600 Y32.600
G1 X-7.600 Y19.572
G1 X-19.200 Y19.572
G1 X-19.200 Y32.600
G1 X-13.400 Y32.600
G1 X-13.400 Y33.000
G1 X-7.200 Y33.000
G1 X-7.200 Y19.172
G1 X-19.600 Y19.172
G1 X-19.600 Y33.000
G1 X-13.400 Y33.000
G1 X-13.400 Y33.400
G1 X-6.800 Y33.400
G1 X-6.800 Y18.772
G1 X-20.000 Y18.772
G1 X-20.000 Y33.400
G1 X-13.400 Y33.400
G1 X-13.400 Y33.800
G1 X-6.400 Y33.800
G1 X-6.400 Y18.372
G1 X-20.400 Y18.372
G1 X-20.400 Y33.800
G1 X-13.400 Y33.800
G1 X-13.400 Y34.200
G1 X-6.000 Y34.200
G1 X-6.000 Y17.972
G1 X-20.800 Y17.972
G1 X-20.800 Y34.200
G1 X-13.400 Y34.200
G1 X-13.400 Y34.600
G1 X-5.600 Y34.600
G1 X-5.600 Y17.572
G1 X-21.200 Y17.572
G1 X-21.200 Y34.600
G1 X-13.400 Y34.600 Z3.500
G1 X-13.400 Y34.600 Z3.900
G1 X-21.200 Y34.600
G1 X-21.200 Y17.747
G1 X-5.600 Y17.747
G1 X-5.600 Y34.600
G1 X-13.400 Y34.600
G1 X-13.400 Y34.200
G1 X-20.800 Y34.200
G1 X-20.800 Y18.147
G1 X-6.000 Y18.147
G1 X-6.000 Y34.200
G1 X-13.400 Y34.200
G1 X-13.400 Y33.800
G1 X-20.400 Y33.800
G1 X-20.400 Y18.547
G1 X-6.400 Y18.547
G1 X-6.400 Y33.800
G1 X-13.400 Y33.800
G1 X-13.400 Y33.400
G1 X-20.000 Y33.400
G1 X-20.000 Y18.947
G1 X-6.800 Y18.947
G1 X-6.800 Y33.400
G1 X-13.400 Y33.400
G1 X-13.400 Y33.000
G1 X-19.600 Y33.000
G1 X-19.600 Y19.347
G1 X-7.200 Y19.347
G1 X-7.200 Y33.000
G1 X-13.400 Y33.000
G1 X-13.400 Y32.600
G1 X-19.200 Y32.600
G1 X-19.200 Y19.747
G1 X-7.600 Y19.747
G1 X-7.600 Y32.600
G1 X-13.400 Y32.600
G1 X-13.400 Y32.200
G1 X-18.800 Y32.200
G1 X-18.800 Y20.147
G1 X-8.000 Y20.147
G1 X-8.000 Y32.200
G1 X-13.400 Y32.200
G1 X-13.400 Y31.800
G1 X-18.400 Y31.800
G1 X-18.400 Y20.547
G1 X-8.400 Y20.547
G1 X-8.400 Y31.800
G1 X-13.400 Y31.800
G1 X-13.400 Y31.400
G1 X-18.000 Y31.400
G1 X-18.000 Y20.947
G1 X-8.800 Y20.947
G1 X-8.800 Y31.400
G1 X-13.400 Y31.400
G1 X-13.400 Y31.000
G1 X-17.600 Y31.000
G1 X-17.600 Y21.347
G1 X-9.200 Y21.347
G1 X-9.200 Y31.000
G1 X-13.400 Y31.000
G1 X-13.400 Y30.600
G1 X-17.200 Y30.600
G1 X-17.200 Y21.747
G1 X-9.600 Y21.747
G1 X-9.600 Y30.600
G1 X-13.400 Y30.600
G1 X-13.400 Y30.200
G1 X-16.800 Y30.200
G1 X-16.800 Y22.147
G1 X-10.000 Y22.147
G1 X-10.000 Y30.200
G1 X-13.400 Y30.200
G1 X-13.400 Y29.800
G1 X-16.400 Y29.800
G1 X-16.400 Y22.547
G1 X-10.400 Y22.547
G1 X-10.400 Y29.800
G1 X-13.400 Y29.800
G1 X-13.400 Y29.400
G1 X-16.000 Y29.400
G1 X-16.000 Y22.947
G1 X-10.800 Y22.947
G1 X-10.800 Y29.400
G1 X-13.400 Y29.400
G1 X-13.400 Y29.000
G1 X-15.600 Y29.000
G1 X-15.600 Y23.347
G1 X-11.200 Y23.347
G1 X-11.200 Y29.000
G1 X-13.400 Y29.000
G1 X-13.400 Y28.600
G1 X-15.200 Y28.600
G1 X-15.200 Y23.747
G1 X-11.600 Y23.747
G1 X-11.600 Y28.600
G1 X-13.400 Y28.600
G1 X-13.400 Y28.200
G1 X-14.800 Y28.200
G1 X-14.800 Y24.147
G1 X-12.000 Y24.147
G1 X-12.000 Y28.200
G1 X-13.400 Y28.200
G1 X-13.400 Y27.800
G1 X-14.400 Y27.800
G1 X-14.400 Y24.547
G1 X-12.400 Y24.547
G1 X-12.400 Y27.800
G1 X-13.400 Y27.800
G1 X-13.400 Y27.400
G1 X-14.000 Y27.400
G1 X-14.000 Y24.947
G1 X-12.800 Y24.947
G1 X-12.800 Y27.400
G1 X-13.400 Y27.400
G1 X-13.400 Y27.000
G1 X-13.400 Y27.000 Z4.300
G1 X-13.400 Y27.000
G1 X-13.400 Y27.400
G1 X-12.800 Y27.400
G1 X-12.800 Y25.073
G1 X-14.000 Y25.073
G1 X-14.000 Y27.400
G1 X-13.400 Y27.400
G1 X-13.400 Y27.800
G1 X-12.400 Y27.800
G1 X-12.400 Y24.673
G1 X-14.400 Y24.673
G1 X-14.400 Y27.800
G1 X-13.400 Y27.800
G1 X-13.400 Y28.200
G1 X-12.000 Y28.200
G1 X-12.000 Y24.273
G1 X-14.800 Y24.273
G1 X-14.800 Y28.200
G1 X-13.400 Y28.200
G1 X-13.400 Y28.600
G1 X-11.600 Y28.600
G1 X-11.600 Y23.873
G1 X-15.200 Y23.873
G1 X-15.200 Y28.600
G1 X-13.400 Y28.600
G1 X-13.400 Y29.000
G1 X-11.200 Y29.000
G1 X-11.200 Y23.473
G1 X-15.600 Y23.473
G1 X-15.600 Y29.000
G1 X-13.400 Y29.000
G1 X-13.400 Y29.400
G1 X-10.800 Y29.400
G1 X-10.800 Y23.073
G1 X-16.000 Y23.073
G1 X-16.000 Y29.400
G1 X-13.400 Y29.400
G1 X-13.400 Y29.800
G1 X-10.400 Y29.800
G1 X-10.400 Y22.673
G1 X-16.400 Y22.673
G1 X-16.400 Y29.800
G1 X-13.400 Y29.800
G1 X-13.400 Y30.200
G1 X-10.000 Y30.200
G1 X-10.000 Y22.273
G1 X-16.800 Y22.273
G1 X-16.800 Y30.200
G1 X-13.400 Y30.200
G1 X-13.400 Y30.600
G1 X-9.600 Y30.600
G1 X-9.600 Y21.873
G1 X-17.200 Y21.873
G1 X-17.200 Y30.600
G1 X-13.400 Y30.600
G1 X-13.400 Y31.000
G1 X-9.200 Y31.000
G1 X-9.200 Y21.473
G1 X-17.600 Y21.473
G1 X-17.600 Y31.000
G1 X-13.400 Y31.000
G1 X-13.400 Y31.400
G1 X-8.800 Y31.400
G1 X-8.800 Y21.073
G1 X-18.000 Y21.073
G1 X-18.000 Y31.400
G1 X-13.400 Y31.400
G1 X-13.400 Y31.800
G1 X-8.400 Y31.800
G1 X-8.400 Y20.673
G1 X-18.400 Y20.673
G1 X-18.400 Y31.800
G1 X-13.400 Y31.800
G1 X-13.400 Y32.200
G1 X-8.000 Y32.200
G1 X-8.000 Y20.273
G1 X-18.800 Y20.273
G1 X-18.800 Y32.200
G1 X-13.400 Y32.200
G1 X-13.400 Y32.600
G1 X-7.600 Y32.600
G1 X-7.600 Y19.873
G1 X-19.200 Y19.873
G1 X-19.200 Y32.600
G1 X-13.400 Y32.600
G1 X-13.400 Y33.000
G1 X-7.200 Y33.000
G1 X-7.200 Y19.473
G1 X-19.600 Y19.473
G1 X-19.600 Y33.000
G1 X-13.400 Y33.000
G1 X-13.400 Y33.400
G1 X-6.800 Y33.400
G1 X-6.800 Y19.073
G1 X-20.000 Y19.073
G1 X-20.000 Y33.400
G1 X-13.400 Y33.400
G1 X-13.400 Y33.800
G1 X-6.400 Y33.800
G1 X-6.400 Y18.673
G1 X-20.400 Y18.673
G1 X-20.400 Y33.800
G1 X-13.400 Y33.800
G1 X-13.400 Y34.200
G1 X-6.000 Y34.200
G1 X-6.000 Y18.273
G1 X-20.800 Y18.273
G1 X-20.800 Y34.200
G1 X-13.400 Y34.200
G1 X-13.400 Y34.600
G1 X-5.600 Y34.600
G1 X-5.600 Y17.873
G1 X-21.200 Y17.873
G1 X-21.200 Y34.600
G1 X-13.400 Y34.600 Z4.300
G1 X-13.400 Y34.600 Z4.700
G1 X-21.200 Y34.600
G1 X-21.200 Y17.955
G1 X-5.600 Y17.955
G1 X-5.600 Y34.600
G1 X-13.400 Y34.600
G1 X-13.400 Y34.200
G1 X-20.800 Y34.200
G1 X-20.800 Y18.355
G1 X-6.000 Y18.355
G1 X-6.000 Y34.200
G1 X-13.400 Y34.200
G1 X-13.400 Y33.800
G1 X-20.400 Y33.800
G1 X-20.400 Y18.755
G1 X-6.400 Y18.755
G1 X-6.400 Y33.800
G1 X-13.400 Y33.800
G1 X-13.400 Y33.400
G1 X-20.000 Y33.400
G1 X-20.000 Y19.155
G1 X-6.800 Y19.155
G1 X-6.800 Y33.400
G1 X-13.400 Y33.400
G1 X-13.400 Y33.000
G1 X-19.600 Y33.000
G1 X-19.600 Y19.555
G1 X-7.200 Y19.555
G1 X-7.200 Y33.000
G1 X-13.400 Y33.000
G1 X-13.400 Y32.600
G1 X-19.200 Y32.600
G1 X-19.200 Y19.955
G1 X-7.600 Y19.955
G1 X-7.600 Y32.600
G1 X-13.400 Y32.600
G1 X-13.400 Y32.200
G1 X-18.800 Y32.200
G1 X-18.800 Y20.355
G1 X-8.000 Y20.355
G1 X-8.000 Y32.200
G1 X-13.400 Y32.200
G1 X-13.400 Y31.800
G1 X-18.400 Y31.800
G1 X-18.400 Y20.755
G1 X-8.400 Y20.755
G1 X-8.400 Y31.800
G1 X-13.400 Y31.800
G1 X-13.400 Y31.400
G1 X-18.000 Y31.400
G1 X-18.000 Y21.155
G1 X-8.800 Y21.155
G1 X-8.800 Y31.400
G1 X-13.400 Y31.400
G1 X-13.400 Y31.000
G1 X-17.600 Y31.000
G1 X-17.600 Y21.555
G1 X-9.200 Y21.555
G1 X-9.200 Y31.000
G1 X-13.400 Y31.000
G1 X-13.400 Y30.600
G1 X-17.200 Y30.600
G1 X-17.200 Y21.955
G1 X-9.600 Y21.955
G1 X-9.600 Y30.600
G1 X-13.400 Y30.600
G1 X-13.400 Y30.200
G1 X-16.800 Y30.200
G1 X-16.800 Y22.355
G1 X-10.000 Y22.355
G1 X-10.000 Y30.200
G1 X-13.400 Y30.200
G1 X-13.400 Y29.800
G1 X-16.400 Y29.800
G1 X-16.400 Y22.755
G1 X-10.400 Y22.755
G1 X-10.400 Y29.800
G1 X-13.400 Y29.800
G1 X-13.400 Y29.400
G1 X-16.000 Y29.400
G1 X-16.000 Y23.155
G1 X-10.800 Y23.155
G1 X-10.800 Y29.400
G1 X-13.400 Y29.400
G1 X-13.400 Y29.000
G1 X-15.600 Y29.000
G1 X-15.600 Y23.555
G1 X-11.200 Y23.555
G1 X-11.200 Y29.000
G1 X-13.400 Y29.000
G1 X-13.400 Y28.600
G1 X-15.200 Y28.600
G1 X-15.200 Y23.955
G1 X-11.600 Y23.955
G1 X-11.600 Y28.600
G1 X-13.400 Y28.600
G1 X-13.400 Y28.200
G1 X-14.800 Y28.200
G1 X-14.800 Y24.355
G1 X-12.000 Y24.355
G1 X-12.000 Y28.200
G1 X-13.400 Y28.200
G1 X-13.400 Y27.800
G1 X-14.400 Y27.800
G1 X-14.400 Y24.755
G1 X-12.400 Y24.755
G1 X-12.400 Y27.800
G1 X-13.400 Y27.800
G1 X-13.400 Y27.400
G1 X-14.000 Y27.400
G1 X-14.000 Y25.155
G1 X-12.800 Y25.155
G1 X-12.800 Y27.400
G1 X-13.400 Y27.400
G1 X-13.400 Y27.000
G1 X-13.400 Y27.000 Z5.100
G1 X-13.400 Y27.000
G1 X-13.400 Y27.400
G1 X-12.800 Y27.400
G1 X-12.800 Y25.195
G1 X-14.000 Y25.195
G1 X-14.000 Y27.400
G1 X-13.400 Y27.400
G1 X-13.400 Y27.800
G1 X-12.400 Y27.800
G1 X-12.400 Y24.795
G1 X-14.400 Y24.795
G1 X-14.400 Y27.800
G1 X-13.400 Y27.800
G1 X-13.400 Y28.200
G1 X-12.000 Y28.200
G1 X-12.000 Y24.395
G1 X-14.800 Y24.395
G1 X-14.800 Y28.200
G1 X-13.400 Y28.200
G1 X-13.400 Y28.600
G1 X-11.600 Y28.600
G1 X-11.600 Y23.995
G1 X-15.200 Y23.995
G1 X-15.200 Y28.600
G1 X-13.400 Y28.600
G1 X-13.400 Y29.000
G1 X-11.200 Y29.000
G1 X-11.200 Y23.595
G1 X-15.600 Y23.595
G1 X-15.600 Y29.000
G1 X-13.400 Y29.000
G1 X-13.400 Y29.400
G1 X-10.800 Y29.400
G1 X-10.800 Y23.195
G1 X-16.000 Y23.195
G1 X-16.000 Y29.400
G1 X-13.400 Y29.400
G1 X-13.400 Y29.800
G1 X-10.400 Y29.800
G1 X-10.400 Y22.795
G1 X-16.400 Y22.795
G1 X-16.400 Y29.800
G1 X-13.400 Y29.800
G1 X-13.400 Y30.200
G1 X-10.000 Y30.200
G1 X-10.000 Y22.395
G1 X-16.800 Y22.395
G1 X-16.800 Y30.200
G1 X-13.400 Y30.200
G1 X-13.400 Y30.600
G1 X-9.600 Y30.600
G1 X-9.600 Y21.995
G1 X-17.200 Y21.995
G1 X-17.200 Y30.600
G1 X-13.400 Y30.600
G1 X-13.400 Y31.000
G1 X-9.200 Y31.000
G1 X-9.200 Y21.595
G1 X-17.600 Y21.595
G1 X-17.600 Y31.000
G1 X-13.400 Y31.000
G1 X-13.400 Y31.400
G1 X-8.800 Y31.400
G1 X-8.800 Y21.195
G1 X-18.000 Y21.195
G1 X-18.000 Y31.400
G1 X-13.400 Y31.400
G1 X-13.400 Y31.800
G1 X-8.400 Y31.800
G1 X-8.400 Y20.795
G1 X-18.400 Y20.795
G1 X-18.400 Y31.800
G1 X-13.400 Y31.800
G1 X-13.400 Y32.200
G1 X-8.000 Y32.200
G1 X-8.000 Y20.395
G1 X-18.800 Y20.395
G1 X-18.800 Y32.200
G1 X-13.400 Y32.200
G1 X-13.400 Y32.600
G1 X-7.600 Y32.600
G1 X-7.600 Y19.995
G1 X-19.200 Y19.995
G1 X-19.200 Y32.600
G1 X-13.400 Y32.600
G1 X-13.400 Y33.000
G1 X-7.200 Y33.000
G1 X-7.200 Y19.595
G1 X-19.600 Y19.595
G1 X-19.600 Y33.000
G1 X-13.400 Y33.000
G1 X-13.400 Y33.400
G1 X-6.800 Y33.400
G1 X-6.800 Y19.195
G1 X-20.000 Y19.195
G1 X-20.000 Y33.400
G1 X-13.400 Y33.400
G1 X-13.400 Y33.800
G1 X-6.400 Y33.800
G1 X-6.400 Y18.795
G1 X-20.400 Y18.795
G1 X-20.400 Y33.800
G1 X-13.400 Y33.800
G1 X-13.400 Y34.200
G1 X-6.000 Y34.200
G1 X-6.000 Y18.395
G1 X-20.800 Y18.395
G1 X-20.800 Y34.200
G1 X-13.400 Y34.200
G1 X-13.400 Y34.600
G1 X-5.600 Y34.600
G1 X-5.600 Y17.995
G1 X-21.200 Y17.995
G1 X-21.200 Y34.600
G1 X-13.400 Y34.600 Z5.100
M9
G1 Z10.000
G1 X13.400 Y-34.400
G1 Z1.500
M7
G4 P150
G1 X13.400 Y-34.600 Z1.500
G1 X21.200 Y-34.600
G1 X21.200 Y-15.249
G1 X5.600 Y-15.249
G1 X5.600 Y-34.600
G1 X13.400 Y-34.600
G1 X13.400 Y-34.200
G1 X20.800 Y-34.200
G1 X20.800 Y-15.649
G1 X6.000 Y-15.649
G1 X6.000 Y-34.200
G1 X13.400 Y-34.200
G1 X13.400 Y-33.800
G1 X20.400 Y-33.800
G1 X20.400 Y-16.049
G1 X6.400 Y-16.049
G1 X6.400 Y-33.800
G1 X13.400 Y-33.800
G1 X13.400 Y-33.400
G1 X20.000 Y-33.400
G1 X20.000 Y-16.449
G1 X6.800 Y-16.449
G1 X6.800 Y-33.400
G1 X13.400 Y-33.400
G1 X13.400 Y-33.000
G1 X19.600 Y-33.000
G1 X19.600 Y-16.849
G1 X7.200 Y-16.849
G1 X7.200 Y-33.000
G1 X13.400 Y-33.000
G1 X13.400 Y-32.600
G1 X19.200 Y-32.600
G1 X19.200 Y-17.249
G1 X7.600 Y-17.249
G1 X7.600 Y-32.600
G1 X13.400 Y-32.600
G1 X13.400 Y-32.200
G1 X18.800 Y-32.200
G1 X18.800 Y-17.649
G1 X8.000 Y-17.649
G1 X8.000 Y-32.200
G1 X13.400 Y-32.200
G1 X13.400 Y-31.800
G1 X18.400 Y-31.800
G1 X18.400 Y-18.049
G1 X8.400 Y-18.049
G1 X8.400 Y-31.800
G1 X13.400 Y-31.800
G1 X13.400 Y-31.400
G1 X18.000 Y-31.400
G1 X18.000 Y-18.449
G1 X8.800 Y-18.449
G1 X8.800 Y-31.400
G1 X13.400 Y-31.400
G1 X13.400 Y-31.000
G1 X17.600 Y-31.000
G1 X17.600 Y-18.849
G1 X9.200 Y-18.849
G1 X9.200 Y-31.000
G1 X13.400 Y-31.000
G1 X13.400 Y-30.600
G1 X17.200 Y-30.600
G1 X17.200 Y-19.249
G1 X9.600 Y-19.249
G1 X9.600 Y-30.600
G1 X13.400 Y-30.600
G1 X13.400 Y-30.200
G1 X16.800 Y-30.200
G1 X16.800 Y-19.649
G1 X10.000 Y-19.649
G1 X10.000 Y-30.200
G1 X13.400 Y-30.200
G1 X13.400 Y-29.800
G1 X16.400 Y-29.800
G1 X16.400 Y-20.049
G1 X10.400 Y-20.049
G1 X10.400 Y-29.800
G1 X13.400 Y-29.800
G1 X13.400 Y-29.400
G1 X16.000 Y-29.400
G1 X16.000 Y-20.449
G1 X10.800 Y-20.449
G1 X10.800 Y-29.400
G1 X13.400 Y-29.400
G1 X13.400 Y-29.000
G1 X15.600 Y-29.000
G1 X15.600 Y-20.849
G1 X11.200 Y-20.849
G1 X11.200 Y-29.000
G1 X13.400 Y-29.000
G1 X13.400 Y-28.600
G1 X15.200 Y-28.600
G1 X15.200 Y-21.249
G1 X11.600 Y-21.249
G1 X11.600 Y-28.600
G1 X13.400 Y-28.600
G1 X13.400 Y-28.200
G1 X14.800 Y-28.200
G1 X14.800 Y-21.649
G1 X12.000 Y-21.649
G1 X12.000 Y-28.200
G1 X13.400 Y-28.200
G1 X13.400 Y-27.800
G1 X14.400 Y-27.800
G1 X14.400 Y-22.049
G1 X12.400 Y-22.049
G1 X12.400 Y-27.800
G1 X13.400 Y-27.800
G1 X13.400 Y-27.400
G1 X14.000 Y-27.400
G1 X14.000 Y-22.449
G1 X12.800 Y-22.449
G1 X12.800 Y-27.400
G1 X13.400 Y-27.400
G1 X13.400 Y-27.000
G1 X13.600 Y-27.000
G1 X13.600 Y-22.849
G1 X13.200 Y-22.849
G1 X13.200 Y-27.000
G1 X13.400 Y-27.000
G1 X13.400 Y-26.600
G1 X13.400 Y-26.600 Z1.900
G1 X13.400 Y-26.600
G1 X13.400 Y-27.000
G1 X13.200 Y-27.000
G1 X13.200 Y-23.707
G1 X13.600 Y-23.707
G1 X13.600 Y-27.000
G1 X13.400 Y-27.000
G1 X13.400 Y-27.400
G1 X12.800 Y-27.400
G1 X12.800 Y-23.307
G1 X14.000 Y-23.307
G1 X14.000 Y-27.400
G1 X13.400 Y-27.400
G1 X13.400 Y-27.800
G1 X12.400 Y-27.800
G1 X12.400 Y-22.907
G1 X14.400 Y-22.907
G1 X14.400 Y-27.800
G1 X13.400 Y-27.800
G1 X13.400 Y-28.200
G1 X12.000 Y-28.200
G1 X12.000 Y-22.507
G1 X14.800 Y-22.507
G1 X14.800 Y-28.200
G1 X13.400 Y-28.200
G1 X13.400 Y-28.600
G1 X11.600 Y-28.600
G1 X11.600 Y-22.107
G1 X15.200 Y-22.107
G1 X15.200 Y-28.600
G1 X13.400 Y-28.600
G1 X13.400 Y-29.000
G1 X11.200 Y-29.000
G1 X11.200 Y-21.707
G1 X15.600 Y-21.707
G1 X15.600 Y-29.000
G1 X13.400 Y-29.000
G1 X13.400 Y-29.400
G1 X10.800 Y-29.400
G1 X10.800 Y-21.307
G1 X16.000 Y-21.307
G1 X16.000 Y-29.400
G1 X13.400 Y-29.400
G1 X13.400 Y-29.800
G1 X10.400 Y-29.800
G1 X10.400 Y-20.907
G1 X16.400 Y-20.907
G1 X16.400 Y-29.800
G1 X13.400 Y-29.800
G1 X13.400 Y-30.200
G1 X10.000 Y-30.200
G1 X10.000 Y-20.507
G1 X16.800 Y-20.507
G1 X16.800 Y-30.200
G1 X13.400 Y-30.200
G1 X13.400 Y-30.600
G1 X9.600 Y-30.600
G1 X9.600 Y-20.107
G1 X17.200 Y-20.107
G1 X17.200 Y-30.600
G1 X13.400 Y-30.600
G1 X13.400 Y-31.000
G1 X9.200 Y-31.000
G1 X9.200 Y-19.707
G1 X17.600 Y-19.707
G1 X17.600 Y-31.000
G1 X13.400 Y-31.000
G1 X13.400 Y-31.400
G1 X8.800 Y-31.400
G1 X8.800 Y-19.307
G1 X18.000 Y-19.307
G1 X18.000 Y-31.400
G1 X13.400 Y-31.400
G1 X13.400 Y-31.800
G1 X8.400 Y-31.800
G1 X8.400 Y-18.907
G1 X18.400 Y-18.907
G1 X18.400 Y-31.800
G1 X13.400 Y-31.800
G1 X13.400 Y-32.200
G1 X8.000 Y-32.200
G1 X8.000 Y-18.507
G1 X18.800 Y-18.507
G1 X18.800 Y-32.200
G1 X13.400 Y-32.200
G1 X13.400 Y-32.600
G1 X7.600 Y-32.600
G1 X7.600 Y-18.107
G1 X19.200 Y-18.107
G1 X19.200 Y-32.600
G1 X13.400 Y-32.600
G1 X13.400 Y-33.000
G1 X7.200 Y-33.000
G1 X7.200 Y-17.707
G1 X19.600 Y-17.707
G1 X19.600 Y-33.000
G1 X13.400 Y-33.000
G1 X13.400 Y-33.400
G1 X6.800 Y-33.400
G1 X6.800 Y-17.307
G1 X20.000 Y-17.307
G1 X20.000 Y-33.400
G1 X13.400 Y-33.400
G1 X13.400 Y-33.800
G1 X6.400 Y-33.800
G1 X6.400 Y-16.907
G1 X20.400 Y-16.907
G1 X20.400 Y-33.800
G1 X13.400 Y-33.800
G1 X13.400 Y-34.200
G1 X6.000 Y-34.200
G1 X6.000 Y-16.507
G1 X20.800 Y-16.507
G1 X20.800 Y-34.200
G1 X13.400 Y-34.200
G1 X13.400 Y-34.600
G1 X5.600 Y-34.600
G1 X5.600 Y-16.107
G1 X21.200 Y-16.107
G1 X21.200 Y-34.600
G1 X13.400 Y-34.600 Z1.900
G1 X13.400 Y-34.600 Z2.300
G1 X21.200 Y-34.600
G1 X21.200 Y-16.646
G1 X5.600 Y-16.646
G1 X5.600 Y-34.600
G1 X13.400 Y-34.600
G1 X13.400 Y-34.200
G1 X20.800 Y-34.200
G1 X20.800 Y-17.046
G1 X6.000 Y-17.046
G1 X6.000 Y-34.200
G1 X13.400 Y-34.200
G1 X13.400 Y-33.800
G1 X20.400 Y-33.800
G1 X20.400 Y-17.446
G1 X6.400 Y-17.446
G1 X6.400 Y-33.800
G1 X13.400 Y-33.800
G1 X13.400 Y-33.400
G1 X20.000 Y-33.400
G1 X20.000 Y-17.846
G1 X6.800 Y-17.846
G1 X6.800 Y-33.400
G1 X13.400 Y-33.400
G1 X13.400 Y-33.000
G1 X19.600 Y-33.000
G1 X19.600 Y-18.246
G1 X7.200 Y-18.246
G1 X7.200 Y-33.000
G1 X13.400 Y-33.000
G1 X13.400 Y-32.600
G1 X19.200 Y-32.600
G1 X19.200 Y-18.646
G1 X7.600 Y-18.646
G1 X7.600 Y-32.600
G1 X13.400 Y-32.600
G1 X13.400 Y-32.200
G1 X18.800 Y-32.200
G1 X18.800 Y-19.046
G1 X8.000 Y-19.046
G1 X8.000 Y-32.200
G1 X13.400 Y-32.200
G1 X13.400 Y-31.800
G1 X18.400 Y-31.800
G1 X18.400 Y-19.446
G1 X8.400 Y-19.446
G1 X8.400 Y-31.800
G1 X13.400 Y-31.800
G1 X13.400 Y-31.400
G1 X18.000 Y-31.400
G1 X18.000 Y-19.846
G1 X8.800 Y-19.846
G1 X8.800 Y-31.400
G1 X13.400 Y-31.400
G1 X13.400 Y-31.000
G1 X17.600 Y-31.000
G1 X17.600 Y-20.246
G1 X9.200 Y-20.246
G1 X9.200 Y-31.000
G1 X13.400 Y-31.000
G1 X13.400 Y-30.600
G1 X17.200 Y-30.600
G1 X17.200 Y-20.646
G1 X9.600 Y-20.646
G1 X9.600 Y-30.600
G1 X13.400 Y-30.600
G1 X13.400 Y-30.200
G1 X16.800 Y-30.200
G1 X16.800 Y-21.046
G1 X10.000 Y-21.046
G1 X10.000 Y-30.200
G1 X13.400 Y-30.200
G1 X13.400 Y-29.800
G1 X16.400 Y-29.800
G1 X16.400 Y-21.446
G1 X10.400 Y-21.446
G1 X10.400 Y-29.800
G1 X13.400 Y-29.800
G1 X13.400 Y-29.400
G1 X16.000 Y-29.400
G1 X16.000 Y-21.846
G1 X10.800 Y-21.846
G1 X10.800 Y-29.400
G1 X13.400 Y-29.400
G1 X13.400 Y-29.000
G1 X15.600 Y-29.000
G1 X15.600 Y-22.246
G1 X11.200 Y-22.246
G1 X11.200 Y-29.000
G1 X13.400 Y-29.000
G1 X13.400 Y-28.600
G1 X15.200 Y-28.600
G1 X15.200 Y-22.646
G1 X11.600 Y-22.646
G1 X11.600 Y-28.600
G1 X13.400 Y-28.600
G1 X13.400 Y-28.200
G1 X14.800 Y-28.200
G1 X14.800 Y-23.046
G1 X12.000 Y-23.046
G1 X12.000 Y-28.200
G1 X13.400 Y-28.200
G1 X13.400 Y-27.800
G1 X14.400 Y-27.800
G1 X14.400 Y-23.446
G1 X12.400 Y-23.446
G1 X12.400 Y-27.800
G1 X13.400 Y-27.800
G1 X13.400 Y-27.400
G1 X14.000 Y-27.400
G1 X14.000 Y-23.846
G1 X12.800 Y-23.846
G1 X12.800 Y-27.400
G1 X13.400 Y-27.400
G1 X13.400 Y-27.000
G1 X13.600 Y-27.000
G1 X13.600 Y-24.246
G1 X13.200 Y-24.246
G1 X13.200 Y-27.000
G1 X13.400 Y-27.000
G1 X13.400 Y-26.600
G1 X13.400 Y-26.600 Z2.700
G1 X13.400 Y-26.600
G1 X13.400 Y-27.000
G1 X13.200 Y-27.000
G1 X13.200 Y-24.640
G1 X13.600 Y-24.640
G1 X13.600 Y-27.000
G1 X13.400 Y-27.000
G1 X13.400 Y-27.400
G1 X12.800 Y-27.400
G1 X12.800 Y-24.240
G1 X14.000 Y-24.240
G1 X14.000 Y-27.400
G1 X13.400 Y-27.400
G1 X13.400 Y-27.800
G1 X12.400 Y-27.800
G1 X12.400 Y-23.840
G1 X14.400 Y-23.840
G1 X14.400 Y-27.800
G1 X13.400 Y-27.800
G1 X13.400 Y-28.200
G1 X12.000 Y-28.200
G1 X12.000 Y-23.440
G1 X14.800 Y-23.440
G1 X14.800 Y-28.200
G1 X13.400 Y-28.200
G1 X13.400 Y-28.600
G1 X11.600 Y-28.600
G1 X11.600 Y-23.040
G1 X15.200 Y-23.040
G1 X15.200 Y-28.600
G1 X13.400 Y-28.600
G1 X13.400 Y-29.000
G1 X11.200 Y-29.000
G1 X11.200 Y-22.640
G1 X15.600 Y-22.640
G1 X15.600 Y-29.000
G1 X13.400 Y-29.000
G1 X13.400 Y-29.400
G1 X10.800 Y-29.400
G1 X10.800 Y-22.240
G1 X16.000 Y-22.240
G1 X16.000 Y-29.400
G1 X13.400 Y-29.400
G1 X13.400 Y-29.800
G1 X10.400 Y-29.800
G1 X10.400 Y-21.840
G1 X16.400 Y-21.840
G1 X16.400 Y-29.800
G1 X13.400 Y-29.800
G1 X13.400 Y-30.200
G1 X10.000 Y-30.200
G1 X10.000 Y-21.440
G1 X16.800 Y-21.440
G1 X16.800 Y-30.200
G1 X13.400 Y-30.200
G1 X13.400 Y-30.600
G1 X9.600 Y-30.600
G1 X9.600 Y-21.040
G1 X17.200 Y-21.040
G1 X17.200 Y-30.600
G1 X13.400 Y-30.600
G1 X13.400 Y-31.000
G1 X9.200 Y-31.000
G1 X9.200 Y-20.640
G1 X17.600 Y-20.640
G1 X17.600 Y-31.000
G1 X13.400 Y-31.000
G1 X13.400 Y-31.400
G1 X8.800 Y-31.400
G1 X8.800 Y-20.240
G1 X18.000 Y-20.240
G1 X18.000 Y-31.400
G1 X13.400 Y-31.400
G1 X13.400 Y-31.800
G1 X8.400 Y-31.800
G1 X8.400 Y-19.840
G1 X18.400 Y-19.840
G1 X18.400 Y-31.800
G1 X13.400 Y-31.800
G1 X13.400 Y-32.200
G1 X8.000 Y-32.200
G1 X8.000 Y-19.440
G1 X18.800 Y-19.440
G1 X18.800 Y-32.200
G1 X13.400 Y-32.200
G1 X13.400 Y-32.600
G1 X7.600 Y-32.600
G1 X7.600 Y-19.040
G1 X19.200 Y-19.040
G1 X19.200 Y-32.600
G1 X13.400 Y-32.600
G1 X13.400 Y-33.000
G1 X7.200 Y-33.000
G1 X7.200 Y-18.640
G1 X19.600 Y-18.640
G1 X19.600 Y-33.000
G1 X13.400 Y-33.000
G1 X13.400 Y-33.400
G1 X6.800 Y-33.400
G1 X6.800 Y-18.240
G1 X20.000 Y-18.240
G1 X20.000 Y-33.400
G1 X13.400 Y-33.400
G1 X13.400 Y-33.800
G1 X6.400 Y-33.800
G1 X6.400 Y-17.840
G1 X20.400 Y-17.840
G1 X20.400 Y-33.800
G1 X13.400 Y-33.800
G1 X13.400 Y-34.200
G1 X6.000 Y-34.200
G1 X6.000 Y-17.440
G1 X20.800 Y-17.440
G1 X20.800 Y-34.200
G1 X13.400 Y-34.200
G1 X13.400 Y-34.600
G1 X5.600 Y-34.600
G1 X5.600 Y-17.040
G1 X21.200 Y-17.040
G1 X21.200 Y-34.600
G1 X13.400 Y-34.600 Z2.700
G1 X13.400 Y-34.600 Z3.100
G1 X21.200 Y-34.600
G1 X21.200 Y-17.341
G1 X5.600 Y-17.341
G1 X5.600 Y-34.600
G1 X13.400 Y-34.600
G1 X13.400 Y-34.200
G1 X20.800 Y-34.200
G1 X20.800 Y-17.741
G1 X6.000 Y-17.741
G1 X6.000 Y-34.200
G1 X13.400 Y-34.200
G1 X13.400 Y-33.800
G1 X20.400 Y-33.800
G1 X20.400 Y-18.141
G1 X6.400 Y-18.141
G1 X6.400 Y-33.800
G1 X13.400 Y-33.800
G1 X13.400 Y-33.400
G1 X20.000 Y-33.400
G1 X20.000 Y-18.541
G1 X6.800 Y-18.541
G1 X6.800 Y-33.400
G1 X13.400 Y-33.400
G1 X13.400 Y-33.000
G1 X19.600 Y-33.000
G1 X19.600 Y-18.941
G1 X7.200 Y-18.941
G1 X7.200 Y-33.000
G1 X13.400 Y-33.000
G1 X13.400 Y-32.600
G1 X19.200 Y-32.600
G1 X19.200 Y-19.341
G1 X7.600 Y-19.341
G1 X7.600 Y-32.600
G1 X13.400 Y-32.600
G1 X13.400 Y-32.200
G1 X18.800 Y-32.200
G1 X18.800 Y-19.741
G1 X8.000 Y-19.741
G1 X8.000 Y-32.200
G1 X13.400 Y-32.200
G1 X13.400 Y-31.800
G1 X18.400 Y-31.800
G1 X18.400 Y-20.141
G1 X8.400 Y-20.141
G1 X8.400 Y-31.800
G1 X13.400 Y-31.800
G1 X13.400 Y-31.400
G1 X18.000 Y-31.400
G1 X18.000 Y-20.541
G1 X8.800 Y-20.541
G1 X8.800 Y-31.400
G1 X13.400 Y-31.400
G1 X13.400 Y-31.000
G1 X17.600 Y-31.000
G1 X17.600 Y-20.941
G1 X9.200 Y-20.941
G1 X9.200 Y-31.000
G1 X13.400 Y-31.000
G1 X13.400 Y-30.600
G1 X17.200 Y-30.600
G1 X17.200 Y-21.341
G1 X9.600 Y-21.341
G1 X9.600 Y-30.600
G1 X13.400 Y-30.600
G1 X13.400 Y-30.200
G1 X16.800 Y-30.200
G1 X16.800 Y-21.741
G1 X10.000 Y-21.741
G1 X10.000 Y-30.200
G1 X13.400 Y-30.200
G1 X13.400 Y-29.800
G1 X16.400 Y-29.800
G1 X16.400 Y-22.141
G1 X10.400 Y-22.141
G1 X10.400 Y-29.800
G1 X13.400 Y-29.800
G1 X13.400 Y-29.400
G1 X16.000 Y-29.400
G1 X16.000 Y-22.541
G1 X10.800 Y-22.541
G1 X10.800 Y-29.400
G1 X13.400 Y-29.400
G1 X13.400 Y-29.000
G1 X15.600 Y-29.000
G1 X15.600 Y-22.941
G1 X11.200 Y-22.941
G1 X11.200 Y-29.000
G1 X13.400 Y-29.000
G1 X13.400 Y-28.600
G1 X15.200 Y-28.600
G1 X15.200 Y-23.341
G1 X11.600 Y-23.341
G1 X11.600 Y-28.600
G1 X13.400 Y-28.600
G1 X13.400 Y-28.200
G1 X14.800 Y-28.200
G1 X14.800 Y-23.741
G1 X12.000 Y-23.741
G1 X12.000 Y-28.200
G1 X13.400 Y-28.200
G1 X13.400 Y-27.800
G1 X14.400 Y-27.800
G1 X14.400 Y-24.141
G1 X12.400 Y-24.141
G1 X12.400 Y-27.800
G1 X13.400 Y-27.800
G1 X13.400 Y-27.400
G1 X14.000 Y-27.400
G1 X14.000 Y-24.541
G1 X12.800 Y-24.541
G1 X12.800 Y-27.400
G1 X13.400 Y-27.400
G1 X13.400 Y-27.000
G1 X13.400 Y-27.000 Z3.500
G1 X13.400 Y-27.000
G1 X13.400 Y-27.400
G1 X12.800 Y-27.400
G1 X12.800 Y-24.772
G1 X14.000 Y-24.772
G1 X14.000 Y-27.400
G1 X13.400 Y-27.400
G1 X13.400 Y-27.800
G1 X12.400 Y-27.800
G1 X12.400 Y-24.372
G1 X14.400 Y-24.372
G1 X14.400 Y-27.800
G1 X13.400 Y-27.800
G1 X13.400 Y-28.200
G1 X12.000 Y-28.200
G1 X12.000 Y-23.972
G1 X14.800 Y-23.972
G1 X14.800 Y-28.200
G1 X13.400 Y-28.200
G1 X13.400 Y-28.600
G1 X11.600 Y-28.600
G1 X11.600 Y-23.572
G1 X15.200 Y-23.572
G1 X15.200 Y-28.600
G1 X13.400 Y-28.600
G1 X13.400 Y-29.000
G1 X11.200 Y-29.000
G1 X11.200 Y-23.172
G1 X15.600 Y-23.172
G1 X15.600 Y-29.000
G1 X13.400 Y-29.000
G1 X13.400 Y-29.400
G1 X10.800 Y-29.400
G1 X10.800 Y-22.772
G1 X16.000 Y-22.772
G1 X16.000 Y-29.400
G1 X13.400 Y-29.400
G1 X13.400 Y-29.800
G1 X10.400 Y-29.800
G1 X10.400 Y-22.372
G1 X16.400 Y-22.372
G1 X16.400 Y-29.800
G1 X13.400 Y-29.800
G1 X13.400 Y-30.200
G1 X10.000 Y-30.200
G1 X10.000 Y-21.972
G1 X16.800 Y-21.972
G1 X16.800 Y-30.200
G1 X13.400 Y-30.200
G1 X13.400 Y-30.600
G1 X9.600 Y-30.600
G1 X9.600 Y-21.572
G1 X17.200 Y-21.572
G1 X17.200 Y-30.600
G1 X13.400 Y-30.600
G1 X13.400 Y-31.000
G1 X9.200 Y-31.000
G1 X9.200 Y-21.172
G1 X17.600 Y-21.172
G1 X17.600 Y-31.000
G1 X13.400 Y-31.000
G1 X13.400 Y-31.400
G1 X8.800 Y-31.400
G1 X8.800 Y-20.772
G1 X18.000 Y-20.772
G1 X18.000 Y-31.400
G1 X13.400 Y-31.400
G1 X13.400 Y-31.800
G1 X8.400 Y-31.800
G1 X8.400 Y-20.372
G1 X18.400 Y-20.372
G1 X18.400 Y-31.800
G1 X13.400 Y-31.800
G1 X13.400 Y-32.200
G1 X8.000 Y-32.200
G1 X8.000 Y-19.972
G1 X18.800 Y-19.972
G1 X18.800 Y-32.200
G1 X13.400 Y-32.200
G1 X13.400 Y-32.600
G1 X7.600 Y-32.600
G1 X7.600 Y-19.572
G1 X19.200 Y-19.572
G1 X19.200 Y-32.600
G1 X13.400 Y-32.600
G1 X13.400 Y-33.000
G1 X7.200 Y-33.000
G1 X7.200 Y-19.172
G1 X19.600 Y-19.172
G1 X19.600 Y-33.000
G1 X13.400 Y-33.000
G1 X13.400 Y-33.400
G1 X6.800 Y-33.400
G1 X6.800 Y-18.772
G1 X20.000 Y-18.772
G1 X20.000 Y-33.400
G1 X13.400 Y-33.400
G1 X13.400 Y-33.800
G1 X6.400 Y-33.800
G1 X6.400 Y-18.372
G1 X20.400 Y-18.372
G1 X20.400 Y-33.800
G1 X13.400 Y-33.800
G1 X13.400 Y-34.200
G1 X6.000 Y-34.200
G1 X6.000 Y-17.972
G1 X20.800 Y-17.972
G1 X20.800 Y-34.200
G1 X13.400 Y-34.200
G1 X13.400 Y-34.600
G1 X5.600 Y-34.600
G1 X5.600 Y-17.572
G1 X21.200 Y-17.572
G1 X21.200 Y-34.600
G1 X13.400 Y-34.600 Z3.500
G1 X13.400 Y-34.600 Z3.900
G1 X21.200 Y-34.600
G1 X21.200 Y-17.747
G1 X5.600 Y-17.747
G1 X5.600 Y-34.600
G1 X13.400 Y-34.600
G1 X13.400 Y-34.200
G1 X20.800 Y-34.200
G1 X20.800 Y-18.147
G1 X6.000 Y-18.147
G1 X6.000 Y-34.200
G1 X13.400 Y-34.200
G1 X13.400 Y-33.800
G1 X20.400 Y-33.800
G1 X20.400 Y-18.547
G1 X6.400 Y-18.547
G1 X6.400 Y-33.800
G1 X13.400 Y-33.800
G1 X13.400 Y-33.400
G1 X20.000 Y-33.400
G1 X20.000 Y-18.947
G1 X6.800 Y-18.947
G1 X6.800 Y-33.400
G1 X13.400 Y-33.400
G1 X13.400 Y-33.000
G1 X19.600 Y-33.000
G1 X19.600 Y-19.347
G1 X7.200 Y-19.347
G1 X7.200 Y-33.000
G1 X13.400 Y-33.000
G1 X13.400 Y-32.600
G1 X19.200 Y-32.600
G1 X19.200 Y-19.747
G1 X7.600 Y-19.747
G1 X7.600 Y-32.600
G1 X13.400 Y-32.600
G1 X13.400 Y-32.200
G1 X18.800 Y-32.200
G1 X18.800 Y-20.147
G1 X8.000 Y-20.147
G1 X8.000 Y-32.200
G1 X13.400 Y-32.200
G1 X13.400 Y-31.800
G1 X18.400 Y-31.800
G1 X18.400 Y-20.547
G1 X8.400 Y-20.547
G1 X8.400 Y-31.800
G1 X13.400 Y-31.800
G1 X13.400 Y-31.400
G1 X18.000 Y-31.400
G1 X18.000 Y-20.947
G1 X8.800 Y-20.947
G1 X8.800 Y-31.400
G1 X13.400 Y-31.400
G1 X13.400 Y-31.000
G1 X17.600 Y-31.000
G1 X17.600 Y-21.347
G1 X9.200 Y-21.347
G1 X9.200 Y-31.000
G1 X13.400 Y-31.000
G1 X13.400 Y-30.600
G1 X17.200 Y-30.600
G1 X17.200 Y-21.747
G1 X9.600 Y-21.747
G1 X9.600 Y-30.600
G1 X13.400 Y-30.600
G1 X13.400 Y-30.200
G1 X16.800 Y-30.200
G1 X16.800 Y-22.147
G1 X10.000 Y-22.147
G1 X10.000 Y-30.200
G1 X13.400 Y-30.200
G1 X13.400 Y-29.800
G1 X16.400 Y-29.800
G1 X16.400 Y-22.547
G1 X10.400 Y-22.547
G1 X10.400 Y-29.800
G1 X13.400 Y-29.800
G1 X13.400 Y-29.400
G1 X16.000 Y-29.400
G1 X16.000 Y-22.947
G1 X10.800 Y-22.947
G1 X10.800 Y-29.400
G1 X13.400 Y-29.400
G1 X13.400 Y-29.000
G1 X15.600 Y-29.000
G1 X15.600 Y-23.347
G1 X11.200 Y-23.347
G1 X11.200 Y-29.000
G1 X13.400 Y-29.000
G1 X13.400 Y-28.600
G1 X15.200 Y-28.600
G1 X15.200 Y-23.747
G1 X11.600 Y-23.747
G1 X11.600 Y-28.600
G1 X13.400 Y-28.600
G1 X13.400 Y-28.200
G1 X14.800 Y-28.200
G1 X14.800 Y-24.147
G1 X12.000 Y-24.147
G1 X12.000 Y-28.200
G1 X13.400 Y-28.200
G1 X13.400 Y-27.800
G1 X14.400 Y-27.800
G1 X14.400 Y-24.547
G1 X12.400 Y-24.547
G1 X12.400 Y-27.800
G1 X13.400 Y-27.800
G1 X13.400 Y-27.400
G1 X14.000 Y-27.400
G1 X14.000 Y-24.947
G1 X12.800 Y-24.947
G1 X12.800 Y-27.400
G1 X13.400 Y-27.400
G1 X13.400 Y-27.000
G1 X13.400 Y-27.000 Z4.300
G1 X13.400 Y-27.000
G1 X13.400 Y-27.400
G1 X12.800 Y-27.400
G1 X12.800 Y-25.073
G1 X14.000 Y-25.073
G1 X14.000 Y-27.400
G1 X13.400 Y-27.400
G1 X13.400 Y-27.800
G1 X12.400 Y-27.800
G1 X12.400 Y-24.673
G1 X14.400 Y-24.673
G1 X14.400 Y-27.800
G1 X13.400 Y-27.800
G1 X13.400 Y-28.200
G1 X12.000 Y-28.200
G1 X12.000 Y-24.273
G1 X14.800 Y-24.273
G1 X14.800 Y-28.200
G1 X13.400 Y-28.200
G1 X13.400 Y-28.600
G1 X11.600 Y-28.600
G1 X11.600 Y-23.873
G1 X15.200 Y-23.873
G1 X15.200 Y-28.600
G1 X13.400 Y-28.600
G1 X13.400 Y-29.000
G1 X11.200 Y-29.000
G1 X11.200 Y-23.473
G1 X15.600 Y-23.473
G1 X15.600 Y-29.000
G1 X13.400 Y-29.000
G1 X13.400 Y-29.400
G1 X10.800 Y-29.400
G1 X10.800 Y-23.073
G1 X16.000 Y-23.073
G1 X16.000 Y-29.400
G1 X13.400 Y-29.400
G1 X13.400 Y-29.800
G1 X10.400 Y-29.800
G1 X10.400 Y-22.673
G1 X16.400 Y-22.673
G1 X16.400 Y-29.800
G1 X13.400 Y-29.800
G1 X13.400 Y-30.200
G1 X10.000 Y-30.200
G1 X10.000 Y-22.273
G1 X16.800 Y-22.273
G1 X16.800 Y-30.200
G1 X13.400 Y-30.200
G1 X13.400 Y-30.600
G1 X9.600 Y-30.600
G1 X9.600 Y-21.873
G1 X17.200 Y-21.873
G1 X17.200 Y-30.600
G1 X13.400 Y-30.600
G1 X13.400 Y-31.000
G1 X9.200 Y-31.000
G1 X9.200 Y-21.473
G1 X17.600 Y-21.473
G1 X17.600 Y-31.000
G1 X13.400 Y-31.000
G1 X13.400 Y-31.400
G1 X8.800 Y-31.400
G1 X8.800 Y-21.073
G1 X18.000 Y-21.073
G1 X18.000 Y-31.400
G1 X13.400 Y-31.400
G1 X13.400 Y-31.800
G1 X8.400 Y-31.800
G1 X8.400 Y-20.673
G1 X18.400 Y-20.673
G1 X18.400 Y-31.800
G1 X13.400 Y-31.800
G1 X13.400 Y-32.200
G1 X8.000 Y-32.200
G1 X8.000 Y-20.273
G1 X18.800 Y-20.273
G1 X18.800 Y-32.200
G1 X13.400 Y-32.200
G1 X13.400 Y-32.600
G1 X7.600 Y-32.600
G1 X7.600 Y-19.873
G1 X19.200 Y-19.873
G1 X19.200 Y-32.600
G1 X13.400 Y-32.600
G1 X13.400 Y-33.000
G1 X7.200 Y-33.000
G1 X7.200 Y-19.473
G1 X19.600 Y-19.473
G1 X19.600 Y-33.000
G1 X13.400 Y-33.000
G1 X13.400 Y-33.400
G1 X6.800 Y-33.400
G1 X6.800 Y-19.073
G1 X20.000 Y-19.073
G1 X20.000 Y-33.400
G1 X13.400 Y-33.400
G1 X13.400 Y-33.800
G1 X6.400 Y-33.800
G1 X6.400 Y-18.673
G1 X20.400 Y-18.673
G1 X20.400 Y-33.800
G1 X13.400 Y-33.800
G1 X13.400 Y-34.200
G1 X6.000 Y-34.200
G1 X6.000 Y-18.273
G1 X20.800 Y-18.273
G1 X20.800 Y-34.200
G1 X13.400 Y-34.200
G1 X13.400 Y-34.600
G1 X5.600 Y-34.600
G1 X5.600 Y-17.873
G1 X21.200 Y-17.873
G1 X21.200 Y-34.600
G1 X13.400 Y-34.600 Z4.300
G1 X13.400 Y-34.600 Z4.700
G1 X21.200 Y-34.600
G1 X21.200 Y-17.955
G1 X5.600 Y-17.955
G1 X5.600 Y-34.600
G1 X13.400 Y-34.600
G1 X13.400 Y-34.200
G1 X20.800 Y-34.200
G1 X20.800 Y-18.355
G1 X6.000 Y-18.355
G1 X6.000 Y-34.200
G1 X13.400 Y-34.200
G1 X13.400 Y-33.800
G1 X20.400 Y-33.800
G1 X20.400 Y-18.755
G1 X6.400 Y-18.755
G1 X6.400 Y-33.800
G1 X13.400 Y-33.800
G1 X13.400 Y-33.400
G1 X20.000 Y-33.400
G1 X20.000 Y-19.155
G1 X6.800 Y-19.155
G1 X6.800 Y-33.400
G1 X13.400 Y-33.400
G1 X13.400 Y-33.000
G1 X19.600 Y-33.000
G1 X19.600 Y-19.555
G1 X7.200 Y-19.555
G1 X7.200 Y-33.000
G1 X13.400 Y-33.000
G1 X13.400 Y-32.600
G1 X19.200 Y-32.600
G1 X19.200 Y-19.955
G1 X7.600 Y-19.955
G1 X7.600 Y-32.600
G1 X13.400 Y-32.600
G1 X13.400 Y-32.200
G1 X18.800 Y-32.200
G1 X18.800 Y-20.355
G1 X8.000 Y-20.355
G1 X8.000 Y-32.200
G1 X13.400 Y-32.200
G1 X13.400 Y-31.800
G1 X18.400 Y-31.800
G1 X18.400 Y-20.755
G1 X8.400 Y-20.755
G1 X8.400 Y-31.800
G1 X13.400 Y-31.800
G1 X13.400 Y-31.400
G1 X18.000 Y-31.400
G1 X18.000 Y-21.155
G1 X8.800 Y-21.155
G1 X8.800 Y-31.400
G1 X13.400 Y-31.400
G1 X13.400 Y-31.000
G1 X17.600 Y-31.000
G1 X17.600 Y-21.555
G1 X9.200 Y-21.555
G1 X9.200 Y-31.000
G1 X13.400 Y-31.000
G1 X13.400 Y-30.600
G1 X17.200 Y-30.600
G1 X17.200 Y-21.955
G1 X9.600 Y-21.955
G1 X9.600 Y-30.600
G1 X13.400 Y-30.600
G1 X13.400 Y-30.200
G1 X16.800 Y-30.200
G1 X16.800 Y-22.355
G1 X10.000 Y-22.355
G1 X10.000 Y-30.200
G1 X13.400 Y-30.200
G1 X13.400 Y-29.800
G1 X16.400 Y-29.800
G1 X16.400 Y-22.755
G1 X10.400 Y-22.755
G1 X10.400 Y-29.800
G1 X13.400 Y-29.800
G1 X13.400 Y-29.400
G1 X16.000 Y-29.400
G1 X16.000 Y-23.155
G1 X10.800 Y-23.155
G1 X10.800 Y-29.400
G1 X13.400 Y-29.400
G1 X13.400 Y-29.000
G1 X15.600 Y-29.000
G1 X15.600 Y-23.555
G1 X11.200 Y-23.555
G1 X11.200 Y-29.000
G1 X13.400 Y-29.000
G1 X13.400 Y-28.600
G1 X15.200 Y-28.600
G1 X15.200 Y-23.955
G1 X11.600 Y-23.955
G1 X11.600 Y-28.600
G1 X13.400 Y-28.600
G1 X13.400 Y-28.200
G1 X14.800 Y-28.200
G1 X14.800 Y-24.355
G1 X12.000 Y-24.355
G1 X12.000 Y-28.200
G1 X13.400 Y-28.200
G1 X13.400 Y-27.800
G1 X14.400 Y-27.800
G1 X14.400 Y-24.755
G1 X12.400 Y-24.755
G1 X12.400 Y-27.800
G1 X13.400 Y-27.800
G1 X13.400 Y-27.400
G1 X14.000 Y-27.400
G1 X14.000 Y-25.155
G1 X12.800 Y-25.155
G1 X12.800 Y-27.400
G1 X13.400 Y-27.400
G1 X13.400 Y-27.000
G1 X13.400 Y-27.000 Z5.100
G1 X13.400 Y-27.000
G1 X13.400 Y-27.400
G1 X12.800 Y-27.400
G1 X12.800 Y-25.195
G1 X14.000 Y-25.195
G1 X14.000 Y-27.400
G1 X13.400 Y-27.400
G1 X13.400 Y-27.800
G1 X12.400 Y-27.800
G1 X12.400 Y-24.795
G1 X14.400 Y-24.795
G1 X14.400 Y-27.800
G1 X13.400 Y-27.800
G1 X13.400 Y-28.200
G1 X12.000 Y-28.200
G1 X12.000 Y-24.395
G1 X14.800 Y-24.395
G1 X14.800 Y-28.200
G1 X13.400 Y-28.200
G1 X13.400 Y-28.600
G1 X11.600 Y-28.600
G1 X11.600 Y-23.995
G1 X15.200 Y-23.995
G1 X15.200 Y-28.600
G1 X13.400 Y-28.600
G1 X13.400 Y-29.000
G1 X11.200 Y-29.000
G1 X11.200 Y-23.595
G1 X15.600 Y-23.595
G1 X15.600 Y-29.000
G1 X13.400 Y-29.000
G1 X13.400 Y-29.400
G1 X10.800 Y-29.400
G1 X10.800 Y-23.195
G1 X16.000 Y-23.195
G1 X16.000 Y-29.400
G1 X13.400 Y-29.400
G1 X13.400 Y-29.800
G1 X10.400 Y-29.800
G1 X10.400 Y-22.795
G1 X16.400 Y-22.795
G1 X16.400 Y-29.800
G1 X13.400 Y-29.800
G1 X13.400 Y-30.200
G1 X10.000 Y-30.200
G1 X10.000 Y-22.395
G1 X16.800 Y-22.395
G1 X16.800 Y-30.200
G1 X13.400 Y-30.200
G1 X13.400 Y-30.600
G1 X9.600 Y-30.600
G1 X9.600 Y-21.995
G1 X17.200 Y-21.995
G1 X17.200 Y-30.600
G1 X13.400 Y-30.600
G1 X13.400 Y-31.000
G1 X9.200 Y-31.000
G1 X9.200 Y-21.595
G1 X17.600 Y-21.595
G1 X17.600 Y-31.000
G1 X13.400 Y-31.000
G1 X13.400 Y-31.400
G1 X8.800 Y-31.400
G1 X8.800 Y-21.195
G1 X18.000 Y-21.195
G1 X18.000 Y-31.400
G1 X13.400 Y-31.400
G1 X13.400 Y-31.800
G1 X8.400 Y-31.800
G1 X8.400 Y-20.795
G1 X18.400 Y-20.795
G1 X18.400 Y-31.800
G1 X13.400 Y-31.800
G1 X13.400 Y-32.200
G1 X8.000 Y-32.200
G1 X8.000 Y-20.395
G1 X18.800 Y-20.395
G1 X18.800 Y-32.200
G1 X13.400 Y-32.200
G1 X13.400 Y-32.600
G1 X7.600 Y-32.600
G1 X7.600 Y-19.995
G1 X19.200 Y-19.995
G1 X19.200 Y-32.600
G1 X13.400 Y-32.600
G1 X13.400 Y-33.000
G1 X7.200 Y-33.000
G1 X7.200 Y-19.595
G1 X19.600 Y-19.595
G1 X19.600 Y-33.000
G1 X13.400 Y-33.000
G1 X13.400 Y-33.400
G1 X6.800 Y-33.400
G1 X6.800 Y-19.195
G1 X20.000 Y-19.195
G1 X20.000 Y-33.400
G1 X13.400 Y-33.400
G1 X13.400 Y-33.800
G1 X6.400 Y-33.800
G1 X6.400 Y-18.795
G1 X20.400 Y-18.795
G1 X20.400 Y-33.800
G1 X13.400 Y-33.800
G1 X13.400 Y-34.200
G1 X6.000 Y-34.200
G1 X6.000 Y-18.395
G1 X20.800 Y-18.395
G1 X20.800 Y-34.200
G1 X13.400 Y-34.200
G1 X13.400 Y-34.600
G1 X5.600 Y-34.600
G1 X5.600 Y-17.995
G1 X21.200 Y-17.995
G1 X21.200 Y-34.600
G1 X13.400 Y-34.600 Z5.100
M9
G1 Z10.000
G1 X47.700 Y0.000
G1 Z1.500
M7
G4 P150
G1 X48.000 Y0.000 Z1.500
G1 X48.000 Y7.800
G1 X28.649 Y7.800
G1 X28.649 Y-7.800
G1 X48.000 Y-7.800
G1 X48.000 Y0.000
G1 X47.600 Y0.000
G1 X47.600 Y7.400
G1 X29.049 Y7.400
G1 X29.049 Y-7.400
G1 X47.600 Y-7.400
G1 X47.600 Y0.000
G1 X47.200 Y0.000
G1 X47.200 Y7.000
G1 X29.449 Y7.000
G1 X29.449 Y-7.000
G1 X47.200 Y-7.000
G1 X47.200 Y0.000
G1 X46.800 Y0.000
G1 X46.800 Y6.600
G1 X29.849 Y6.600
G1 X29.849 Y-6.600
G1 X46.800 Y-6.600
G1 X46.800 Y0.000
G1 X46.400 Y0.000
G1 X46.400 Y6.200
G1 X30.249 Y6.200
G1 X30.249 Y-6.200
G1 X46.400 Y-6.200
G1 X46.400 Y0.000
G1 X46.000 Y0.000
G1 X46.000 Y5.800
G1 X30.649 Y5.800
G1 X30.649 Y-5.800
G1 X46.000 Y-5.800
G1 X46.000 Y0.000
G1 X45.600 Y0.000
G1 X45.600 Y5.400
G1 X31.049 Y5.400
G1 X31.049 Y-5.400
G1 X45.600 Y-5.400
G1 X45.600 Y0.000
G1 X45.200 Y0.000
G1 X45.200 Y5.000
G1 X31.449 Y5.000
G1 X31.449 Y-5.000
G1 X45.200 Y-5.000
G1 X45.200 Y0.000
G1 X44.800 Y0.000
G1 X44.800 Y4.600
G1 X31.849 Y4.600
G1 X31.849 Y-4.600
G1 X44.800 Y-4.600
G1 X44.800 Y0.000
G1 X44.400 Y0.000
G1 X44.400 Y4.200
G1 X32.249 Y4.200
G1 X32.249 Y-4.200
G1 X44.400 Y-4.200
G1 X44.400 Y0.000
G1 X44.000 Y0.000
G1 X44.000 Y3.800
G1 X32.649 Y3.800
G1 X32.649 Y-3.800
G1 X44.000 Y-3.800
G1 X44.000 Y0.000
G1 X43.600 Y0.000
G1 X43.600 Y3.400
G1 X33.049 Y3.400
G1 X33.049 Y-3.400
G1 X43.600 Y-3.400
G1 X43.600 Y0.000
G1 X43.200 Y0.000
G1 X43.200 Y3.000
G1 X33.449 Y3.000
G1 X33.449 Y-3.000
G1 X43.200 Y-3.000
G1 X43.200 Y0.000
G1 X42.800 Y0.000
G1 X42.800 Y2.600
G1 X33.849 Y2.600
G1 X33.849 Y-2.600
G1 X42.800 Y-2.600
G1 X42.800 Y0.000
G1 X42.400 Y0.000
G1 X42.400 Y2.200
G1 X34.249 Y2.200
G1 X34.249 Y-2.200
G1 X42.400 Y-2.200
G1 X42.400 Y0.000
G1 X42.000 Y0.000
G1 X42.000 Y1.800
G1 X34.649 Y1.800
G1 X34.649 Y-1.800
G1 X42.000 Y-1.800
G1 X42.000 Y0.000
G1 X41.600 Y0.000
G1 X41.600 Y1.400
G1 X35.049 Y1.400
G1 X35.049 Y-1.400
G1 X41.600 Y-1.400
G1 X41.600 Y0.000
G1 X41.200 Y0.000
G1 X41.200 Y1.000
G1 X35.449 Y1.000
G1 X35.449 Y-1.000
G1 X41.200 Y-1.000
G1 X41.200 Y0.000
G1 X40.800 Y0.000
G1 X40.800 Y0.600
G1 X35.849 Y0.600
G1 X35.849 Y-0.600
G1 X40.800 Y-0.600
G1 X40.800 Y0.000
G1 X40.400 Y0.000
G1 X40.400 Y0.200
G1 X36.249 Y0.200
G1 X36.249 Y-0.200
G1 X40.400 Y-0.200
G1 X40.400 Y0.000
G1 X40.000 Y0.000
G1 X40.000 Y0.000 Z1.900
G1 X40.000 Y0.000
G1 X40.400 Y0.000
G1 X40.400 Y-0.200
G1 X37.107 Y-0.200
G1 X37.107 Y0.200
G1 X40.400 Y0.200
G1 X40.400 Y0.000
G1 X40.800 Y0.000
G1 X40.800 Y-0.600
G1 X36.707 Y-0.600
G1 X36.707 Y0.600
G1 X40.800 Y0.600
G1 X40.800 Y0.000
G1 X41.200 Y0.000
G1 X41.200 Y-1.000
G1 X36.307 Y-1.000
G1 X36.307 Y1.000
G1 X41.200 Y1.000
G1 X41.200 Y0.000
G1 X41.600 Y0.000
G1 X41.600 Y-1.400
G1 X35.907 Y-1.400
G1 X35.907 Y1.400
G1 X41.600 Y1.400
G1 X41.600 Y0.000
G1 X42.000 Y0.000
G1 X42.000 Y-1.800
G1 X35.507 Y-1.800
G1 X35.507 Y1.800
G1 X42.000 Y1.800
G1 X42.000 Y0.000
G1 X42.400 Y0.000
G1 X42.400 Y-2.200
G1 X35.107 Y-2.200
G1 X35.107 Y2.200
G1 X42.400 Y2.200
G1 X42.400 Y0.000
G1 X42.800 Y0.000
G1 X42.800 Y-2.600
G1 X34.707 Y-2.600
G1 X34.707 Y2.600
G1 X42.800 Y2.600
G1 X42.800 Y0.000
G1 X43.200 Y0.000
G1 X43.200 Y-3.000
G1 X34.307 Y-3.000
G1 X34.307 Y3.000
G1 X43.200 Y3.000
G1 X43.200 Y0.000
G1 X43.600 Y0.000
G1 X43.600 Y-3.400
G1 X33.907 Y-3.400
G1 X33.907 Y3.400
G1 X43.600 Y3.400
G1 X43.600 Y0.000
G1 X44.000 Y0.000
G1 X44.000 Y-3.800
G1 X33.507 Y-3.800
G1 X33.507 Y3.800
G1 X44.000 Y3.800
G1 X44.000 Y0.000
G1 X44.400 Y0.000
G1 X44.400 Y-4.200
G1 X33.107 Y-4.200
G1 X33.107 Y4.200
G1 X44.400 Y4.200
G1 X44.400 Y0.000
G1 X44.800 Y0.000
G1 X44.800 Y-4.600
G1 X32.707 Y-4.600
G1 X32.707 Y4.600
G1 X44.800 Y4.600
G1 X44.800 Y0.000
G1 X45.200 Y0.000
G1 X45.200 Y-5.000
G1 X32.307 Y-5.000
G1 X32.307 Y5.000
G1 X45.200 Y5.000
G1 X45.200 Y0.000
G1 X45.600 Y0.000
G1 X45.600 Y-5.400
G1 X31.907 Y-5.400
G1 X31.907 Y5.400
G1 X45.600 Y5.400
G1 X45.600 Y0.000
G1 X46.000 Y0.000
G1 X46.000 Y-5.800
G1 X31.507 Y-5.800
G1 X31.507 Y5.800
G1 X46.000 Y5.800
G1 X46.000 Y0.000
G1 X46.400 Y0.000
G1 X46.400 Y-6.200
G1 X31.107 Y-6.200
G1 X31.107 Y6.200
G1 X46.400 Y6.200
G1 X46.400 Y0.000
G1 X46.800 Y0.000
G1 X46.800 Y-6.600
G1 X30.707 Y-6.600
G1 X30.707 Y6.600
G1 X46.800 Y6.600
G1 X46.800 Y0.000
G1 X47.200 Y0.000
G1 X47.200 Y-7.000
G1 X30.307 Y-7.000
G1 X30.307 Y7.000
G1 X47.200 Y7.000
G1 X47.200 Y0.000
G1 X47.600 Y0.000
G1 X47.600 Y-7.400
G1 X29.907 Y-7.400
G1 X29.907 Y7.400
G1 X47.600 Y7.400
G1 X47.600 Y0.000
G1 X48.000 Y0.000
G1 X48.000 Y-7.800
G1 X29.507 Y-7.800
G1 X29.507 Y7.800
G1 X48.000 Y7.800
G1 X48.000 Y0.000 Z1.900
G1 X48.000 Y0.000 Z2.300
G1 X48.000 Y7.800
G1 X30.046 Y7.800
G1 X30.046 Y-7.800
G1 X48.000 Y-7.800
G1 X48.000 Y0.000
G1 X47.600 Y0.000
G1 X47.600 Y7.400
G1 X30.446 Y7.400
G1 X30.446 Y-7.400
G1 X47.600 Y-7.400
G1 X47.600 Y0.000
G1 X47.200 Y0.000
G1 X47.200 Y7.000
G1 X30.846 Y7.000
G1 X30.846 Y-7.000
G1 X47.200 Y-7.000
G1 X47.200 Y0.000
G1 X46.800 Y0.000
G1 X46.800 Y6.600
G1 X31.246 Y6.600
G1 X31.246 Y-6.600
G1 X46.800 Y-6.600
G1 X46.800 Y0.000
G1 X46.400 Y0.000
G1 X46.400 Y6.200
G1 X31.646 Y6.200
G1 X31.646 Y-6.200
G1 X46.400 Y-6.200
G1 X46.400 Y0.000
G1 X46.000 Y0.000
G1 X46.000 Y5.800
G1 X32.046 Y5.800
G1 X32.046 Y-5.800
G1 X46.000 Y-5.800
G1 X46.000 Y0.000
G1 X45.600 Y0.000
G1 X45.600 Y5.400
G1 X32.446 Y5.400
G1 X32.446 Y-5.400
G1 X45.600 Y-5.400
G1 X45.600 Y0.000
G1 X45.200 Y0.000
G1 X45.200 Y5.000
G1 X32.846 Y5.000
G1 X32.846 Y-5.000
G1 X45.200 Y-5.000
G1 X45.200 Y0.000
G1 X44.800 Y0.000
G1 X44.800 Y4.600
G1 X33.246 Y4.600
G1 X33.246 Y-4.600
G1 X44.800 Y-4.600
G1 X44.800 Y0.000
G1 X44.400 Y0.000
G1 X44.400 Y4.200
G1 X33.646 Y4.200
G1 X33.646 Y-4.200
G1 X44.400 Y-4.200
G1 X44.400 Y0.000
G1 X44.000 Y0.000
G1 X44.000 Y3.800
G1 X34.046 Y3.800
G1 X34.046 Y-3.800
G1 X44.000 Y-3.800
G1 X44.000 Y0.000
G1 X43.600 Y0.000
G1 X43.600 Y3.400
G1 X34.446 Y3.400
G1 X34.446 Y-3.400
G1 X43.600 Y-3.400
G1 X43.600 Y0.000
G1 X43.200 Y0.000
G1 X43.200 Y3.000
G1 X34.846 Y3.000
G1 X34.846 Y-3.000
G1 X43.200 Y-3.000
G1 X43.200 Y0.000
G1 X42.800 Y0.000
G1 X42.800 Y2.600
G1 X35.246 Y2.600
G1 X35.246 Y-2.600
G1 X42.800 Y-2.600
G1 X42.800 Y0.000
G1 X42.400 Y0.000
G1 X42.400 Y2.200
G1 X35.646 Y2.200
G1 X35.646 Y-2.200
G1 X42.400 Y-2.200
G1 X42.400 Y0.000
G1 X42.000 Y0.000
G1 X42.000 Y1.800
G1 X36.046 Y1.800
G1 X36.046 Y-1.800
G1 X42.000 Y-1.800
G1 X42.000 Y0.000
G1 X41.600 Y0.000
G1 X41.600 Y1.400
G1 X36.446 Y1.400
G1 X36.446 Y-1.400
G1 X41.600 Y-1.400
G1 X41.600 Y0.000
G1 X41.200 Y0.000
G1 X41.200 Y1.000
G1 X36.846 Y1.000
G1 X36.846 Y-1.000
G1 X41.200 Y-1.000
G1 X41.200 Y0.000
G1 X40.800 Y0.000
G1 X40.800 Y0.600
G1 X37.246 Y0.600
G1 X37.246 Y-0.600
G1 X40.800 Y-0.600
G1 X40.800 Y0.000
G1 X40.400 Y0.000
G1 X40.400 Y0.200
G1 X37.646 Y0.200
G1 X37.646 Y-0.200
G1 X40.400 Y-0.200
G1 X40.400 Y0.000
G1 X40.000 Y0.000
G1 X40.000 Y0.000 Z2.700
G1 X40.000 Y0.000
G1 X40.400 Y0.000
G1 X40.400 Y-0.200
G1 X38.040 Y-0.200
G1 X38.040 Y0.200
G1 X40.400 Y0.200
G1 X40.400 Y0.000
G1 X40.800 Y0.000
G1 X40.800 Y-0.600
G1 X37.640 Y-0.600
G1 X37.640 Y0.600
G1 X40.800 Y0.600
G1 X40.800 Y0.000
G1 X41.200 Y0.000
G1 X41.200 Y-1.000
G1 X37.240 Y-1.000
G1 X37.240 Y1.000
G1 X41.200 Y1.000
G1 X41.200 Y0.000
G1 X41.600 Y0.000
G1 X41.600 Y-1.400
G1 X36.840 Y-1.400
G1 X36.840 Y1.400
G1 X41.600 Y1.400
G1 X41.600 Y0.000
G1 X42.000 Y0.000
G1 X42.000 Y-1.800
G1 X36.440 Y-1.800
G1 X36.440 Y1.800
G1 X42.000 Y1.800
G1 X42.000 Y0.000
G1 X42.400 Y0.000
G1 X42.400 Y-2.200
G1 X36.040 Y-2.200
G1 X36.040 Y2.200
G1 X42.400 Y2.200
G1 X42.400 Y0.000
G1 X42.800 Y0.000
G1 X42.800 Y-2.600
G1 X35.640 Y-2.600
G1 X35.640 Y2.600
G1 X42.800 Y2.600
G1 X42.800 Y0.000
G1 X43.200 Y0.000
G1 X43.200 Y-3.000
G1 X35.240 Y-3.000
G1 X35.240 Y3.000
G1 X43.200 Y3.000
G1 X43.200 Y0.000
G1 X43.600 Y0.000
G1 X43.600 Y-3.400
G1 X34.840 Y-3.400
G1 X34.840 Y3.400
G1 X43.600 Y3.400
G1 X43.600 Y0.000
G1 X44.000 Y0.000
G1 X44.000 Y-3.800
G1 X34.440 Y-3.800
G1 X34.440 Y3.800
G1 X44.000 Y3.800
G1 X44.000 Y0.000
G1 X44.400 Y0.000
G1 X44.400 Y-4.200
G1 X34.040 Y-4.200
G1 X34.040 Y4.200
G1 X44.400 Y4.200
G1 X44.400 Y0.000
G1 X44.800 Y0.000
G1 X44.800 Y-4.600
G1 X33.640 Y-4.600
G1 X33.640 Y4.600
G1 X44.800 Y4.600
G1 X44.800 Y0.000
G1 X45.200 Y0.000
G1 X45.200 Y-5.000
G1 X33.240 Y-5.000
G1 X33.240 Y5.000
G1 X45.200 Y5.000
G1 X45.200 Y0.000
G1 X45.600 Y0.000
G1 X45.600 Y-5.400
G1 X32.840 Y-5.400
G1 X32.840 Y5.400
G1 X45.600 Y5.400
G1 X45.600 Y0.000
G1 X46.000 Y0.000
G1 X46.000 Y-5.800
G1 X32.440 Y-5.800
G1 X32.440 Y5.800
G1 X46.000 Y5.800
G1 X46.000 Y0.000
G1 X46.400 Y0.000
G1 X46.400 Y-6.200
G1 X32.040 Y-6.200
G1 X32.040 Y6.200
G1 X46.400 Y6.200
G1 X46.400 Y0.000
G1 X46.800 Y0.000
G1 X46.800 Y-6.600
G1 X31.640 Y-6.600
G1 X31.640 Y6.600
G1 X46.800 Y6.600
G1 X46.800 Y0.000
G1 X47.200 Y0.000
G1 X47.200 Y-7.000
G1 X31.240 Y-7.000
G1 X31.240 Y7.000
G1 X47.200 Y7.000
G1 X47.200 Y0.000
G1 X47.600 Y0.000
G1 X47.600 Y-7.400
G1 X30.840 Y-7.400
G1 X30.840 Y7.400
G1 X47.600 Y7.400
G1 X47.600 Y0.000
G1 X48.000 Y0.000
G1 X48.000 Y-7.800
G1 X30.440 Y-7.800
G1 X30.440 Y7.800
G1 X48.000 Y7.800
G1 X48.000 Y0.000 Z2.700
G1 X48.000 Y0.000 Z3.100
G1 X48.000 Y7.800
G1 X30.741 Y7.800
G1 X30.741 Y-7.800
G1 X48.000 Y-7.800
G1 X48.000 Y0.000
G1 X47.600 Y0.000
G1 X47.600 Y7.400
G1 X31.141 Y7.400
G1 X31.141 Y-7.400
G1 X47.600 Y-7.400
G1 X47.600 Y0.000
G1 X47.200 Y0.000
G1 X47.200 Y7.000
G1 X31.541 Y7.000
G1 X31.541 Y-7.000
G1 X47.200 Y-7.000
G1 X47.200 Y0.000
G1 X46.800 Y0.000
G1 X46.800 Y6.600
G1 X31.941 Y6.600
G1 X31.941 Y-6.600
G1 X46.800 Y-6.600
G1 X46.800 Y0.000
G1 X46.400 Y0.000
G1 X46.400 Y6.200
G1 X32.341 Y6.200
G1 X32.341 Y-6.200
G1 X46.400 Y-6.200
G1 X46.400 Y0.000
G1 X46.000 Y0.000
G1 X46.000 Y5.800
G1 X32.741 Y5.800
G1 X32.741 Y-5.800
G1 X46.000 Y-5.800
G1 X46.000 Y0.000
G1 X45.600 Y0.000
G1 X45.600 Y5.400
G1 X33.141 Y5.400
G1 X33.141 Y-5.400
G1 X45.600 Y-5.400
G1 X45.600 Y0.000
G1 X45.200 Y0.000
G1 X45.200 Y5.000
G1 X33.541 Y5.000
G1 X33.541 Y-5.000
G1 X45.200 Y-5.000
G1 X45.200 Y0.000
G1 X44.800 Y0.000
G1 X44.800 Y4.600
G1 X33.941 Y4.600
G1 X33.941 Y-4.600
G1 X44.800 Y-4.600
G1 X44.800 Y0.000
G1 X44.400 Y0.000
G1 X44.400 Y4.200
G1 X34.341 Y4.200
G1 X34.341 Y-4.200
G1 X44.400 Y-4.200
G1 X44.400 Y0.000
G1 X44.000 Y0.000
G1 X44.000 Y3.800
G1 X34.741 Y3.800
G1 X34.741 Y-3.800
G1 X44.000 Y-3.800
G1 X44.000 Y0.000
G1 X43.600 Y0.000
G1 X43.600 Y3.400
G1 X35.141 Y3.400
G1 X35.141 Y-3.400
G1 X43.600 Y-3.400
G1 X43.600 Y0.000
G1 X43.200 Y0.000
G1 X43.200 Y3.000
G1 X35.541 Y3.000
G1 X35.541 Y-3.000
G1 X43.200 Y-3.000
G1 X43.200 Y0.000
G1 X42.800 Y0.000
G1 X42.800 Y2.600
G1 X35.941 Y2.600
G1 X35.941 Y-2.600
G1 X42.800 Y-2.600
G1 X42.800 Y0.000
G1 X42.400 Y0.000
G1 X42.400 Y2.200
G1 X36.341 Y2.200
G1 X36.341 Y-2.200
G1 X42.400 Y-2.200
G1 X42.400 Y0.000
G1 X42.000 Y0.000
G1 X42.000 Y1.800
G1 X36.741 Y1.800
G1 X36.741 Y-1.800
G1 X42.000 Y-1.800
G1 X42.000 Y0.000
G1 X41.600 Y0.000
G1 X41.600 Y1.400
G1 X37.141 Y1.400
G1 X37.141 Y-1.400
G1 X41.600 Y-1.400
G1 X41.600 Y0.000
G1 X41.200 Y0.000
G1 X41.200 Y1.000
G1 X37.541 Y1.000
G1 X37.541 Y-1.000
G1 X41.200 Y-1.000
G1 X41.200 Y0.000
G1 X40.800 Y0.000
G1 X40.800 Y0.600
G1 X37.941 Y0.600
G1 X37.941 Y-0.600
G1 X40.800 Y-0.600
G1 X40.800 Y0.000
G1 X40.400 Y0.000
G1 X40.400 Y0.000 Z3.500
G1 X40.400 Y0.000
G1 X40.800 Y0.000
G1 X40.800 Y-0.600
G1 X38.172 Y-0.600
G1 X38.172 Y0.600
G1 X40.800 Y0.600
G1 X40.800 Y0.000
G1 X41.200 Y0.000
G1 X41.200 Y-1.000
G1 X37.772 Y-1.000
G1 X37.772 Y1.000
G1 X41.200 Y1.000
G1 X41.200 Y0.000
G1 X41.600 Y0.000
G1 X41.600 Y-1.400
G1 X37.372 Y-1.400
G1 X37.372 Y1.400
G1 X41.600 Y1.400
G1 X41.600 Y0.000
G1 X42.000 Y0.000
G1 X42.000 Y-1.800
G1 X36.972 Y-1.800
G1 X36.972 Y1.800
G1 X42.000 Y1.800
G1 X42.000 Y0.000
G1 X42.400 Y0.000
G1 X42.400 Y-2.200
G1 X36.572 Y-2.200
G1 X36.572 Y2.200
G1 X42.400 Y2.200
G1 X42.400 Y0.000
G1 X42.800 Y0.000
G1 X42.800 Y-2.600
G1 X36.172 Y-2.600
G1 X36.172 Y2.600
G1 X42.800 Y2.600
G1 X42.800 Y0.000
G1 X43.200 Y0.000
G1 X43.200 Y-3.000
G1 X35.772 Y-3.000
G1 X35.772 Y3.000
G1 X43.200 Y3.000
G1 X43.200 Y0.000
G1 X43.600 Y0.000
G1 X43.600 Y-3.400
G1 X35.372 Y-3.400
G1 X35.372 Y3.400
G1 X43.600 Y3.400
G1 X43.600 Y0.000
G1 X44.000 Y0.000
G1 X44.000 Y-3.800
G1 X34.972 Y-3.800
G1 X34.972 Y3.800
G1 X44.000 Y3.800
G1 X44.000 Y0.000
G1 X44.400 Y0.000
G1 X44.400 Y-4.200
G1 X34.572 Y-4.200
G1 X34.572 Y4.200
G1 X44.400 Y4.200
G1 X44.400 Y0.000
G1 X44.800 Y0.000
G1 X44.800 Y-4.600
G1 X34.172 Y-4.600
G1 X34.172 Y4.600
G1 X44.800 Y4.600
G1 X44.800 Y0.000
G1 X45.200 Y0.000
G1 X45.200 Y-5.000
G1 X33.772 Y-5.000
G1 X33.772 Y5.000
G1 X45.200 Y5.000
G1 X45.200 Y0.000
G1 X45.600 Y0.000
G1 X45.600 Y-5.400
G1 X33.372 Y-5.400
G1 X33.372 Y5.400
G1 X45.600 Y5.400
G1 X45.600 Y0.000
G1 X46.000 Y0.000
G1 X46.000 Y-5.800
G1 X32.972 Y-5.800
G1 X32.972 Y5.800
G1 X46.000 Y5.800
G1 X46.000 Y0.000
G1 X46.400 Y0.000
G1 X46.400 Y-6.200
G1 X32.572 Y-6.200
G1 X32.572 Y6.200
G1 X46.400 Y6.200
G1 X46.400 Y0.000
G1 X46.800 Y0.000
G1 X46.800 Y-6.600
G1 X32.172 Y-6.600
G1 X32.172 Y6.600
G1 X46.800 Y6.600
G1 X46.800 Y0.000
G1 X47.200 Y0.000
G1 X47.200 Y-7.000
G1 X31.772 Y-7.000
G1 X31.772 Y7.000
G1 X47.200 Y7.000
G1 X47.200 Y0.000
G1 X47.600 Y0.000
G1 X47.600 Y-7.400
G1 X31.372 Y-7.400
G1 X31.372 Y7.400
G1 X47.600 Y7.400
G1 X47.600 Y0.000
G1 X48.000 Y0.000
G1 X48.000 Y-7.800
G1 X30.972 Y-7.800
G1 X30.972 Y7.800
G1 X48.000 Y7.800
G1 X48.000 Y0.000 Z3.500
G1 X48.000 Y0.000 Z3.900
G1 X48.000 Y7.800
G1 X31.147 Y7.800
G1 X31.147 Y-7.800
G1 X48.000 Y-7.800
G1 X48.000 Y0.000
G1 X47.600 Y0.000
G1 X47.600 Y7.400
G1 X31.547 Y7.400
G1 X31.547 Y-7.400
G1 X47.600 Y-7.400
G1 X47.600 Y0.000
G1 X47.200 Y0.000
G1 X47.200 Y7.000
G1 X31.947 Y7.000
G1 X31.947 Y-7.000
G1 X47.200 Y-7.000
G1 X47.200 Y0.000
G1 X46.800 Y0.000
G1 X46.800 Y6.600
G1 X32.347 Y6.600
G1 X32.347 Y-6.600
G1 X46.800 Y-6.600
G1 X46.800 Y0.000
G1 X46.400 Y0.000
G1 X46.400 Y6.200
G1 X32.747 Y6.200
G1 X32.747 Y-6.200
G1 X46.400 Y-6.200
G1 X46.400 Y0.000
G1 X46.000 Y0.000
G1 X46.000 Y5.800
G1 X33.147 Y5.800
G1 X33.147 Y-5.800
G1 X46.000 Y-5.800
G1 X46.000 Y0.000
G1 X45.600 Y0.000
G1 X45.600 Y5.400
G1 X33.547 Y5.400
G1 X33.547 Y-5.400
G1 X45.600 Y-5.400
G1 X45.600 Y0.000
G1 X45.200 Y0.000
G1 X45.200 Y5.000
G1 X33.947 Y5.000
G1 X33.947 Y-5.000
G1 X45.200 Y-5.000
G1 X45.200 Y0.000
G1 X44.800 Y0.000
G1 X44.800 Y4.600
G1 X34.347 Y4.600
G1 X34.347 Y-4.600
G1 X44.800 Y-4.600
G1 X44.800 Y0.000
G1 X44.400 Y0.000
G1 X44.400 Y4.200
G1 X34.747 Y4.200
G1 X34.747 Y-4.200
G1 X44.400 Y-4.200
G1 X44.400 Y0.000
G1 X44.000 Y0.000
G1 X44.000 Y3.800
G1 X35.147 Y3.800
G1 X35.147 Y-3.800
G1 X44.000 Y-3.800
G1 X44.000 Y0.000
G1 X43.600 Y0.000
G1 X43.600 Y3.400
G1 X35.547 Y3.400
G1 X35.547 Y-3.400
G1 X43.600 Y-3.400
G1 X43.600 Y0.000
G1 X43.200 Y0.000
G1 X43.200 Y3.000
G1 X35.947 Y3.000
G1 X35.947 Y-3.000
G1 X43.200 Y-3.000
G1 X43.200 Y0.000
G1 X42.800 Y0.000
G1 X42.800 Y2.600
G1 X36.347 Y2.600
G1 X36.347 Y-2.600
G1 X42.800 Y-2.600
G1 X42.800 Y0.000
G1 X42.400 Y0.000
G1 X42.400 Y2.200
G1 X36.747 Y2.200
G1 X36.747 Y-2.200
G1 X42.400 Y-2.200
G1 X42.400 Y0.000
G1 X42.000 Y0.000
G1 X42.000 Y1.800
G1 X37.147 Y1.800
G1 X37.147 Y-1.800
G1 X42.000 Y-1.800
G1 X42.000 Y0.000
G1 X41.600 Y0.000
G1 X41.600 Y1.400
G1 X37.547 Y1.400
G1 X37.547 Y-1.400
G1 X41.600 Y-1.400
G1 X41.600 Y0.000
G1 X41.200 Y0.000
G1 X41.200 Y1.000
G1 X37.947 Y1.000
G1 X37.947 Y-1.000
G1 X41.200 Y-1.000
G1 X41.200 Y0.000
G1 X40.800 Y0.000
G1 X40.800 Y0.600
G1 X38.347 Y0.600
G1 X38.347 Y-0.600
G1 X40.800 Y-0.600
G1 X40.800 Y0.000
G1 X40.400 Y0.000
G1 X40.400 Y0.000 Z4.300
G1 X40.400 Y0.000
G1 X40.800 Y0.000
G1 X40.800 Y-0.600
G1 X38.473 Y-0.600
G1 X38.473 Y0.600
G1 X40.800 Y0.600
G1 X40.800 Y0.000
G1 X41.200 Y0.000
G1 X41.200 Y-1.000
G1 X38.073 Y-1.000
G1 X38.073 Y1.000
G1 X41.200 Y1.000
G1 X41.200 Y0.000
G1 X41.600 Y0.000
G1 X41.600 Y-1.400
G1 X37.673 Y-1.400
G1 X37.673 Y1.400
G1 X41.600 Y1.400
G1 X41.600 Y0.000
G1 X42.000 Y0.000
G1 X42.000 Y-1.800
G1 X37.273 Y-1.800
G1 X37.273 Y1.800
G1 X42.000 Y1.800
G1 X42.000 Y0.000
G1 X42.400 Y0.000
G1 X42.400 Y-2.200
G1 X36.873 Y-2.200
G1 X36.873 Y2.200
G1 X42.400 Y2.200
G1 X42.400 Y0.000
G1 X42.800 Y0.000
G1 X42.800 Y-2.600
G1 X36.473 Y-2.600
G1 X36.473 Y2.600
G1 X42.800 Y2.600
G1 X42.800 Y0.000
G1 X43.200 Y0.000
G1 X43.200 Y-3.000
G1 X36.073 Y-3.000
G1 X36.073 Y3.000
G1 X43.200 Y3.000
G1 X43.200 Y0.000
G1 X43.600 Y0.000
G1 X43.600 Y-3.400
G1 X35.673 Y-3.400
G1 X35.673 Y3.400
G1 X43.600 Y3.400
G1 X43.600 Y0.000
G1 X44.000 Y0.000
G1 X44.000 Y-3.800
G1 X35.273 Y-3.800
G1 X35.273 Y3.800
G1 X44.000 Y3.800
G1 X44.000 Y0.000
G1 X44.400 Y0.000
G1 X44.400 Y-4.200
G1 X34.873 Y-4.200
G1 X34.873 Y4.200
G1 X44.400 Y4.200
G1 X44.400 Y0.000
G1 X44.800 Y0.000
G1 X44.800 Y-4.600
G1 X34.473 Y-4.600
G1 X34.473 Y4.600
G1 X44.800 Y4.600
G1 X44.800 Y0.000
G1 X45.200 Y0.000
G1 X45.200 Y-5.000
G1 X34.073 Y-5.000
G1 X34.073 Y5.000
G1 X45.200 Y5.000
G1 X45.200 Y0.000
G1 X45.600 Y0.000
G1 X45.600 Y-5.400
G1 X33.673 Y-5.400
G1 X33.673 Y5.400
G1 X45.600 Y5.400
G1 X45.600 Y0.000
G1 X46.000 Y0.000
G1 X46.000 Y-5.800
G1 X33.273 Y-5.800
G1 X33.273 Y5.800
G1 X46.000 Y5.800
G1 X46.000 Y0.000
G1 X46.400 Y0.000
G1 X46.400 Y-6.200
G1 X32.873 Y-6.200
G1 X32.873 Y6.200
G1 X46.400 Y6.200
G1 X46.400 Y0.000
G1 X46.800 Y0.000
G1 X46.800 Y-6.600
G1 X32.473 Y-6.600
G1 X32.473 Y6.600
G1 X46.800 Y6.600
G1 X46.800 Y0.000
G1 X47.200 Y0.000
G1 X47.200 Y-7.000
G1 X32.073 Y-7.000
G1 X32.073 Y7.000
G1 X47.200 Y7.000
G1 X47.200 Y0.000
G1 X47.600 Y0.000
G1 X47.600 Y-7.400
G1 X31.673 Y-7.400
G1 X31.673 Y7.400
G1 X47.600 Y7.400
G1 X47.600 Y0.000
G1 X48.000 Y0.000
G1 X48.000 Y-7.800
G1 X31.273 Y-7.800
G1 X31.273 Y7.800
G1 X48.000 Y7.800
G1 X48.000 Y0.000 Z4.300
G1 X48.000 Y0.000 Z4.700
G1 X48.000 Y7.800
G1 X31.355 Y7.800
G1 X31.355 Y-7.800
G1 X48.000 Y-7.800
G1 X48.000 Y0.000
G1 X47.600 Y0.000
G1 X47.600 Y7.400
G1 X31.755 Y7.400
G1 X31.755 Y-7.400
G1 X47.600 Y-7.400
G1 X47.600 Y0.000
G1 X47.200 Y0.000
G1 X47.200 Y7.000
G1 X32.155 Y7.000
G1 X32.155 Y-7.000
G1 X47.200 Y-7.000
G1 X47.200 Y0.000
G1 X46.800 Y0.000
G1 X46.800 Y6.600
G1 X32.555 Y6.600
G1 X32.555 Y-6.600
G1 X46.800 Y-6.600
G1 X46.800 Y0.000
G1 X46.400 Y0.000
G1 X46.400 Y6.200
G1 X32.955 Y6.200
G1 X32.955 Y-6.200
G1 X46.400 Y-6.200
G1 X46.400 Y0.000
G1 X46.000 Y0.000
G1 X46.000 Y5.800
G1 X33.355 Y5.800
G1 X33.355 Y-5.800
G1 X46.000 Y-5.800
G1 X46.000 Y0.000
G1 X45.600 Y0.000
G1 X45.600 Y5.400
G1 X33.755 Y5.400
G1 X33.755 Y-5.400
G1 X45.600 Y-5.400
G1 X45.600 Y0.000
G1 X45.200 Y0.000
G1 X45.200 Y5.000
G1 X34.155 Y5.000
G1 X34.155 Y-5.000
G1 X45.200 Y-5.000
G1 X45.200 Y0.000
G1 X44.800 Y0.000
G1 X44.800 Y4.600
G1 X34.555 Y4.600
G1 X34.555 Y-4.600
G1 X44.800 Y-4.600
G1 X44.800 Y0.000
G1 X44.400 Y0.000
G1 X44.400 Y4.200
G1 X34.955 Y4.200
G1 X34.955 Y-4.200
G1 X44.400 Y-4.200
G1 X44.400 Y0.000
G1 X44.000 Y0.000
G1 X44.000 Y3.800
G1 X35.355 Y3.800
G1 X35.355 Y-3.800
G1 X44.000 Y-3.800
G1 X44.000 Y0.000
G1 X43.600 Y0.000
G1 X43.600 Y3.400
G1 X35.755 Y3.400
G1 X35.755 Y-3.400
G1 X43.600 Y-3.400
G1 X43.600 Y0.000
G1 X43.200 Y0.000
G1 X43.200 Y3.000
G1 X36.155 Y3.000
G1 X36.155 Y-3.000
G1 X43.200 Y-3.000
G1 X43.200 Y0.000
G1 X42.800 Y0.000
G1 X42.800 Y2.600
G1 X36.555 Y2.600
G1 X36.555 Y-2.600
G1 X42.800 Y-2.600
G1 X42.800 Y0.000
G1 X42.400 Y0.000
G1 X42.400 Y2.200
G1 X36.955 Y2.200
G1 X36.955 Y-2.200
G1 X42.400 Y-2.200
G1 X42.400 Y0.000
G1 X42.000 Y0.000
G1 X42.000 Y1.800
G1 X37.355 Y1.800
G1 X37.355 Y-1.800
G1 X42.000 Y-1.800
G1 X42.000 Y0.000
G1 X41.600 Y0.000
G1 X41.600 Y1.400
G1 X37.755 Y1.400
G1 X37.755 Y-1.400
G1 X41.600 Y-1.400
G1 X41.600 Y0.000
G1 X41.200 Y0.000
G1 X41.200 Y1.000
G1 X38.155 Y1.000
G1 X38.155 Y-1.000
G1 X41.200 Y-1.000
G1 X41.200 Y0.000
G1 X40.800 Y0.000
G1 X40.800 Y0.600
G1 X38.555 Y0.600
G1 X38.555 Y-0.600
G1 X40.800 Y-0.600
G1 X40.800 Y0.000
G1 X40.400 Y0.000
G1 X40.400 Y0.000 Z5.100
G1 X40.400 Y0.000
G1 X40.800 Y0.000
G1 X40.800 Y-0.600
G1 X38.595 Y-0.600
G1 X38.595 Y0.600
G1 X40.800 Y0.600
G1 X40.800 Y0.000
G1 X41.200 Y0.000
G1 X41.200 Y-1.000
G1 X38.195 Y-1.000
G1 X38.195 Y1.000
G1 X41.200 Y1.000
G1 X41.200 Y0.000
G1 X41.600 Y0.000
G1 X41.600 Y-1.400
G1 X37.795 Y-1.400
G1 X37.795 Y1.400
G1 X41.600 Y1.400
G1 X41.600 Y0.000
G1 X42.000 Y0.000
G1 X42.000 Y-1.800
G1 X37.395 Y-1.800
G1 X37.395 Y1.800
G1 X42.000 Y1.800
G1 X42.000 Y0.000
G1 X42.400 Y0.000
G1 X42.400 Y-2.200
G1 X36.995 Y-2.200
G1 X36.995 Y2.200
G1 X42.400 Y2.200
G1 X42.400 Y0.000
G1 X42.800 Y0.000
G1 X42.800 Y-2.600
G1 X36.595 Y-2.600
G1 X36.595 Y2.600
G1 X42.800 Y2.600
G1 X42.800 Y0.000
G1 X43.200 Y0.000
G1 X43.200 Y-3.000
G1 X36.195 Y-3.000
G1 X36.195 Y3.000
G1 X43.200 Y3.000
G1 X43.200 Y0.000
G1 X43.600 Y0.000
G1 X43.600 Y-3.400
G1 X35.795 Y-3.400
G1 X35.795 Y3.400
G1 X43.600 Y3.400
G1 X43.600 Y0.000
G1 X44.000 Y0.000
G1 X44.000 Y-3.800
G1 X35.395 Y-3.800
G1 X35.395 Y3.800
G1 X44.000 Y3.800
G1 X44.000 Y0.000
G1 X44.400 Y0.000
G1 X44.400 Y-4.200
G1 X34.995 Y-4.200
G1 X34.995 Y4.200
G1 X44.400 Y4.200
G1 X44.400 Y0.000
G1 X44.800 Y0.000
G1 X44.800 Y-4.600
G1 X34.595 Y-4.600
G1 X34.595 Y4.600
G1 X44.800 Y4.600
G1 X44.800 Y0.000
G1 X45.200 Y0.000
G1 X45.200 Y-5.000
G1 X34.195 Y-5.000
G1 X34.195 Y5.000
G1 X45.200 Y5.000
G1 X45.200 Y0.000
G1 X45.600 Y0.000
G1 X45.600 Y-5.400
G1 X33.795 Y-5.400
G1 X33.795 Y5.400
G1 X45.600 Y5.400
G1 X45.600 Y0.000
G1 X46.000 Y0.000
G1 X46.000 Y-5.800
G1 X33.395 Y-5.800
G1 X33.395 Y5.800
G1 X46.000 Y5.800
G1 X46.000 Y0.000
G1 X46.400 Y0.000
G1 X46.400 Y-6.200
G1 X32.995 Y-6.200
G1 X32.995 Y6.200
G1 X46.400 Y6.200
G1 X46.400 Y0.000
G1 X46.800 Y0.000
G1 X46.800 Y-6.600
G1 X32.595 Y-6.600
G1 X32.595 Y6.600
G1 X46.800 Y6.600
G1 X46.800 Y0.000
G1 X47.200 Y0.000
G1 X47.200 Y-7.000
G1 X32.195 Y-7.000
G1 X32.195 Y7.000
G1 X47.200 Y7.000
G1 X47.200 Y0.000
G1 X47.600 Y0.000
G1 X47.600 Y-7.400
G1 X31.795 Y-7.400
G1 X31.795 Y7.400
G1 X47.600 Y7.400
G1 X47.600 Y0.000
G1 X48.000 Y0.000
G1 X48.000 Y-7.800
G1 X31.395 Y-7.800
G1 X31.395 Y7.800
G1 X48.000 Y7.800
G1 X48.000 Y0.000 Z5.100
M9
G1 Z10.000
G1 X-24.950 Y0.000
G1 Z1.500
M7
G4 P150
G1 X-24.951 Y0.000 Z1.500
G1 X-24.951 Y-7.800
G1 X-1.849 Y-7.800
G1 X-1.849 Y7.800
G1 X-5.600 Y7.800
G1 X-5.600 Y11.551
G1 X-21.200 Y11.551
G1 X-21.200 Y7.800
G1 X-24.951 Y7.800
G1 X-24.951 Y0.000
G1 X-24.551 Y0.000
G1 X-24.551 Y-7.400
G1 X-2.249 Y-7.400
G1 X-2.249 Y7.400
G1 X-6.000 Y7.400
G1 X-6.000 Y11.151
G1 X-20.800 Y11.151
G1 X-20.800 Y7.400
G1 X-24.551 Y7.400
G1 X-24.551 Y0.000
G1 X-24.151 Y0.000
G1 X-24.151 Y-7.000
G1 X-2.649 Y-7.000
G1 X-2.649 Y7.000
G1 X-6.400 Y7.000
G1 X-6.400 Y10.751
G1 X-20.400 Y10.751
G1 X-20.400 Y7.000
G1 X-24.151 Y7.000
G1 X-24.151 Y0.000
G1 X-23.751 Y0.000
G1 X-23.751 Y-6.600
G1 X-3.049 Y-6.600
G1 X-3.049 Y6.600
G1 X-6.800 Y6.600
G1 X-6.800 Y10.351
G1 X-20.000 Y10.351
G1 X-20.000 Y6.600
G1 X-23.751 Y6.600
G1 X-23.751 Y0.000
G1 X-23.351 Y0.000
G1 X-23.351 Y-6.200
G1 X-3.449 Y-6.200
G1 X-3.449 Y6.200
G1 X-7.200 Y6.200
G1 X-7.200 Y9.951
G1 X-19.600 Y9.951
G1 X-19.600 Y6.200
G1 X-23.351 Y6.200
G1 X-23.351 Y0.000
G1 X-22.951 Y0.000
G1 X-22.951 Y-5.800
G1 X-3.849 Y-5.800
G1 X-3.849 Y5.800
G1 X-7.600 Y5.800
G1 X-7.600 Y9.551
G1 X-19.200 Y9.551
G1 X-19.200 Y5.800
G1 X-22.951 Y5.800
G1 X-22.951 Y0.000
G1 X-22.551 Y0.000
G1 X-22.551 Y-5.400
G1 X-4.249 Y-5.400
G1 X-4.249 Y5.400
G1 X-8.000 Y5.400
G1 X-8.000 Y9.151
G1 X-18.800 Y9.151
G1 X-18.800 Y5.400
G1 X-22.551 Y5.400
G1 X-22.551 Y0.000
G1 X-22.151 Y0.000
G1 X-22.151 Y-5.000
G1 X-4.649 Y-5.000
G1 X-4.649 Y5.000
G1 X-8.400 Y5.000
G1 X-8.400 Y8.751
G1 X-18.400 Y8.751
G1 X-18.400 Y5.000
G1 X-22.151 Y5.000
G1 X-22.151 Y0.000
G1 X-21.751 Y0.000
G1 X-21.751 Y-4.600
G1 X-5.049 Y-4.600
G1 X-5.049 Y4.600
G1 X-8.800 Y4.600
G1 X-8.800 Y8.351
G1 X-18.000 Y8.351
G1 X-18.000 Y4.600
G1 X-21.751 Y4.600
G1 X-21.751 Y0.000
G1 X-21.351 Y0.000
G1 X-21.351 Y-4.200
G1 X-5.449 Y-4.200
G1 X-5.449 Y4.200
G1 X-9.200 Y4.200
G1 X-9.200 Y7.951
G1 X-17.600 Y7.951
G1 X-17.600 Y4.200
G1 X-21.351 Y4.200
G1 X-21.351 Y0.000
G1 X-20.951 Y0.000
G1 X-20.951 Y-3.800
G1 X-5.849 Y-3.800
G1 X-5.849 Y3.800
G1 X-9.600 Y3.800
G1 X-9.600 Y7.551
G1 X-17.200 Y7.551
G1 X-17.200 Y3.800
G1 X-20.951 Y3.800
G1 X-20.951 Y0.000
G1 X-20.551 Y0.000
G1 X-20.551 Y-3.400
G1 X-6.249 Y-3.400
G1 X-6.249 Y3.400
G1 X-10.000 Y3.400
G1 X-10.000 Y7.151
G1 X-16.800 Y7.151
G1 X-16.800 Y3.400
G1 X-20.551 Y3.400
G1 X-20.551 Y0.000
G1 X-20.151 Y0.000
G1 X-20.151 Y-3.000
G1 X-6.649 Y-3.000
G1 X-6.649 Y3.000
G1 X-10.400 Y3.000
G1 X-10.400 Y6.751
G1 X-16.400 Y6.751
G1 X-16.400 Y3.000
G1 X-20.151 Y3.000
G1 X-20.151 Y0.000
G1 X-19.751 Y0.000
G1 X-19.751 Y-2.600
G1 X-7.049 Y-2.600
G1 X-7.049 Y2.600
G1 X-10.800 Y2.600
G1 X-10.800 Y6.351
G1 X-16.000 Y6.351
G1 X-16.000 Y2.600
G1 X-19.751 Y2.600
G1 X-19.751 Y0.000
G1 X-19.351 Y0.000
G1 X-19.351 Y-2.200
G1 X-7.449 Y-2.200
G1 X-7.449 Y2.200
G1 X-11.200 Y2.200
G1 X-11.200 Y5.951
G1 X-15.600 Y5.951
G1 X-15.600 Y2.200
G1 X-19.351 Y2.200
G1 X-19.351 Y0.000
G1 X-18.951 Y0.000
G1 X-18.951 Y-1.800
G1 X-7.849 Y-1.800
G1 X-7.849 Y1.800
G1 X-11.600 Y1.800
G1 X-11.600 Y5.551
G1 X-15.200 Y5.551
G1 X-15.200 Y1.800
G1 X-18.951 Y1.800
G1 X-18.951 Y0.000
G1 X-18.551 Y0.000
G1 X-18.551 Y-1.400
G1 X-8.249 Y-1.400
G1 X-8.249 Y1.400
G1 X-12.000 Y1.400
G1 X-12.000 Y5.151
G1 X-14.800 Y5.151
G1 X-14.800 Y1.400
G1 X-18.551 Y1.400
G1 X-18.551 Y0.000
G1 X-18.151 Y0.000
G1 X-18.151 Y-1.000
G1 X-8.649 Y-1.000
G1 X-8.649 Y1.000
G1 X-12.400 Y1.000
G1 X-12.400 Y4.751
G1 X-14.400 Y4.751
G1 X-14.400 Y1.000
G1 X-18.151 Y1.000
G1 X-18.151 Y0.000
G1 X-17.751 Y0.000
G1 X-17.751 Y-0.600
G1 X-9.049 Y-0.600
G1 X-9.049 Y0.600
G1 X-12.800 Y0.600
G1 X-12.800 Y4.351
G1 X-14.000 Y4.351
G1 X-14.000 Y0.600
G1 X-17.751 Y0.600
G1 X-17.751 Y0.000
G1 X-17.351 Y0.000
G1 X-16.493 Y0.000 Z1.900
G1 X-16.493 Y0.000
G1 X-16.893 Y0.000
G1 X-16.893 Y0.600
G1 X-14.000 Y0.600
G1 X-14.000 Y3.493
G1 X-12.800 Y3.493
G1 X-12.800 Y0.600
G1 X-9.907 Y0.600
G1 X-9.907 Y-0.600
G1 X-16.893 Y-0.600
G1 X-16.893 Y0.000
G1 X-17.293 Y0.000
G1 X-17.293 Y1.000
G1 X-14.400 Y1.000
G1 X-14.400 Y3.893
G1 X-12.400 Y3.893
G1 X-12.400 Y1.000
G1 X-9.507 Y1.000
G1 X-9.507 Y-1.000
G1 X-17.293 Y-1.000
G1 X-17.293 Y0.000
G1 X-17.693 Y0.000
G1 X-17.693 Y1.400
G1 X-14.800 Y1.400
G1 X-14.800 Y4.293
G1 X-12.000 Y4.293
G1 X-12.000 Y1.400
G1 X-9.107 Y1.400
G1 X-9.107 Y-1.400
G1 X-17.693 Y-1.400
G1 X-17.693 Y0.000
G1 X-18.093 Y0.000
G1 X-18.093 Y1.800
G1 X-15.200 Y1.800
G1 X-15.200 Y4.693
G1 X-11.600 Y4.693
G1 X-11.600 Y1.800
G1 X-8.707 Y1.800
G1 X-8.707 Y-1.800
G1 X-18.093 Y-1.800
G1 X-18.093 Y0.000
G1 X-18.493 Y0.000
G1 X-18.493 Y2.200
G1 X-15.600 Y2.200
G1 X-15.600 Y5.093
G1 X-11.200 Y5.093
G1 X-11.200 Y2.200
G1 X-8.307 Y2.200
G1 X-8.307 Y-2.200
G1 X-18.493 Y-2.200
G1 X-18.493 Y0.000
G1 X-18.893 Y0.000
G1 X-18.893 Y2.600
G1 X-16.000 Y2.600
G1 X-16.000 Y5.493
G1 X-10.800 Y5.493
G1 X-10.800 Y2.600
G1 X-7.907 Y2.600
G1 X-7.907 Y-2.600
G1 X-18.893 Y-2.600
G1 X-18.893 Y0.000
G1 X-19.293 Y0.000
G1 X-19.293 Y3.000
G1 X-16.400 Y3.000
G1 X-16.400 Y5.893
G1 X-10.400 Y5.893
G1 X-10.400 Y3.000
G1 X-7.507 Y3.000
G1 X-7.507 Y-3.000
G1 X-19.293 Y-3.000
G1 X-19.293 Y0.000
G1 X-19.693 Y0.000
G1 X-19.693 Y3.400
G1 X-16.800 Y3.400
G1 X-16.800 Y6.293
G1 X-10.000 Y6.293
G1 X-10.000 Y3.400
G1 X-7.107 Y3.400
G1 X-7.107 Y-3.400
G1 X-19.693 Y-3.400
G1 X-19.693 Y0.000
G1 X-20.093 Y0.000
G1 X-20.093 Y3.800
G1 X-17.200 Y3.800
G1 X-17.200 Y6.693
G1 X-9.600 Y6.693
G1 X-9.600 Y3.800
G1 X-6.707 Y3.800
G1 X-6.707 Y-3.800
G1 X-20.093 Y-3.800
G1 X-20.093 Y0.000
G1 X-20.493 Y0.000
G1 X-20.493 Y4.200
G1 X-17.600 Y4.200
G1 X-17.600 Y7.093
G1 X-9.200 Y7.093
G1 X-9.200 Y4.200
G1 X-6.307 Y4.200
G1 X-6.307 Y-4.200
G1 X-20.493 Y-4.200
G1 X-20.493 Y0.000
G1 X-20.893 Y0.000
G1 X-20.893 Y4.600
G1 X-18.000 Y4.600
G1 X-18.000 Y7.493
G1 X-8.800 Y7.493
G1 X-8.800 Y4.600
G1 X-5.907 Y4.600
G1 X-5.907 Y-4.600
G1 X-20.893 Y-4.600
G1 X-20.893 Y0.000
G1 X-21.293 Y0.000
G1 X-21.293 Y5.000
G1 X-18.400 Y5.000
G1 X-18.400 Y7.893
G1 X-8.400 Y7.893
G1 X-8.400 Y5.000
G1 X-5.507 Y5.000
G1 X-5.507 Y-5.000
G1 X-21.293 Y-5.000
G1 X-21.293 Y0.000
G1 X-21.693 Y0.000
G1 X-21.693 Y5.400
G1 X-18.800 Y5.400
G1 X-18.800 Y8.293
G1 X-8.000 Y8.293
G1 X-8.000 Y5.400
G1 X-5.107 Y5.400
G1 X-5.107 Y-5.400
G1 X-21.693 Y-5.400
G1 X-21.693 Y0.000
G1 X-22.093 Y0.000
G1 X-22.093 Y5.800
G1 X-19.200 Y5.800
G1 X-19.200 Y8.693
G1 X-7.600 Y8.693
G1 X-7.600 Y5.800
G1 X-4.707 Y5.800
G1 X-4.707 Y-5.800
G1 X-22.093 Y-5.800
G1 X-22.093 Y0.000
G1 X-22.493 Y0.000
G1 X-22.493 Y6.200
G1 X-19.600 Y6.200
G1 X-19.600 Y9.093
G1 X-7.200 Y9.093
G1 X-7.200 Y6.200
G1 X-4.307 Y6.200
G1 X-4.307 Y-6.200
G1 X-22.493 Y-6.200
G1 X-22.493 Y0.000
G1 X-22.893 Y0.000
G1 X-22.893 Y6.600
G1 X-20.000 Y6.600
G1 X-20.000 Y9.493
G1 X-6.800 Y9.493
G1 X-6.800 Y6.600
G1 X-3.907 Y6.600
G1 X-3.907 Y-6.600
G1 X-22.893 Y-6.600
G1 X-22.893 Y0.000
G1 X-23.293 Y0.000
G1 X-23.293 Y7.000
G1 X-20.400 Y7.000
G1 X-20.400 Y9.893
G1 X-6.400 Y9.893
G1 X-6.400 Y7.000
G1 X-3.507 Y7.000
G1 X-3.507 Y-7.000
G1 X-23.293 Y-7.000
G1 X-23.293 Y0.000
G1 X-23.693 Y0.000
G1 X-23.693 Y7.400
G1 X-20.800 Y7.400
G1 X-20.800 Y10.293
G1 X-6.000 Y10.293
G1 X-6.000 Y7.400
G1 X-3.107 Y7.400
G1 X-3.107 Y-7.400
G1 X-23.693 Y-7.400
G1 X-23.693 Y0.000
G1 X-24.093 Y0.000
G1 X-24.093 Y7.800
G1 X-21.200 Y7.800
G1 X-21.200 Y10.693
G1 X-5.600 Y10.693
G1 X-5.600 Y7.800
G1 X-2.707 Y7.800
G1 X-2.707 Y-7.800
G1 X-24.093 Y-7.800
G1 X-24.093 Y0.000 Z1.900
G1 X-23.554 Y0.000 Z2.300
G1 X-23.554 Y-7.800
G1 X-3.246 Y-7.800
G1 X-3.246 Y7.800
G1 X-5.600 Y7.800
G1 X-5.600 Y10.154
G1 X-21.200 Y10.154
G1 X-21.200 Y7.800
G1 X-23.554 Y7.800
G1 X-23.554 Y0.000
G1 X-23.154 Y0.000
G1 X-23.154 Y-7.400
G1 X-3.646 Y-7.400
G1 X-3.646 Y7.400
G1 X-6.000 Y7.400
G1 X-6.000 Y9.754
G1 X-20.800 Y9.754
G1 X-20.800 Y7.400
G1 X-23.154 Y7.400
G1 X-23.154 Y0.000
G1 X-22.754 Y0.000
G1 X-22.754 Y-7.000
G1 X-4.046 Y-7.000
G1 X-4.046 Y7.000
G1 X-6.400 Y7.000
G1 X-6.400 Y9.354
G1 X-20.400 Y9.354
G1 X-20.400 Y7.000
G1 X-22.754 Y7.000
G1 X-22.754 Y0.000
G1 X-22.354 Y0.000
G1 X-22.354 Y-6.600
G1 X-4.446 Y-6.600
G1 X-4.446 Y6.600
G1 X-6.800 Y6.600
G1 X-6.800 Y8.954
G1 X-20.000 Y8.954
G1 X-20.000 Y6.600
G1 X-22.354 Y6.600
G1 X-22.354 Y0.000
G1 X-21.954 Y0.000
G1 X-21.954 Y-6.200
G1 X-4.846 Y-6.200
G1 X-4.846 Y6.200
G1 X-7.200 Y6.200
G1 X-7.200 Y8.554
G1 X-19.600 Y8.554
G1 X-19.600 Y6.200
G1 X-21.954 Y6.200
G1 X-21.954 Y0.000
G1 X-21.554 Y0.000
G1 X-21.554 Y-5.800
G1 X-5.246 Y-5.800
G1 X-5.246 Y5.800
G1 X-7.600 Y5.800
G1 X-7.600 Y8.154
G1 X-19.200 Y8.154
G1 X-19.200 Y5.800
G1 X-21.554 Y5.800
G1 X-21.554 Y0.000
G1 X-21.154 Y0.000
G1 X-21.154 Y-5.400
G1 X-5.646 Y-5.400
G1 X-5.646 Y5.400
G1 X-8.000 Y5.400
G1 X-8.000 Y7.754
G1 X-18.800 Y7.754
G1 X-18.800 Y5.400
G1 X-21.154 Y5.400
G1 X-21.154 Y0.000
G1 X-20.754 Y0.000
G1 X-20.754 Y-5.000
G1 X-6.046 Y-5.000
G1 X-6.046 Y5.000
G1 X-8.400 Y5.000
G1 X-8.400 Y7.354
G1 X-18.400 Y7.354
G1 X-18.400 Y5.000
G1 X-20.754 Y5.000
G1 X-20.754 Y0.000
G1 X-20.354 Y0.000
G1 X-20.354 Y-4.600
G1 X-6.446 Y-4.600
G1 X-6.446 Y4.600
G1 X-8.800 Y4.600
G1 X-8.800 Y6.954
G1 X-18.000 Y6.954
G1 X-18.000 Y4.600
G1 X-20.354 Y4.600
G1 X-20.354 Y0.000
G1 X-19.954 Y0.000
G1 X-19.954 Y-4.200
G1 X-6.846 Y-4.200
G1 X-6.846 Y4.200
G1 X-9.200 Y4.200
G1 X-9.200 Y6.554
G1 X-17.600 Y6.554
G1 X-17.600 Y4.200
G1 X-19.954 Y4.200
G1 X-19.954 Y0.000
G1 X-19.554 Y0.000
G1 X-19.554 Y-3.800
G1 X-7.246 Y-3.800
G1 X-7.246 Y3.800
G1 X-9.600 Y3.800
G1 X-9.600 Y6.154
G1 X-17.200 Y6.154
G1 X-17.200 Y3.800
G1 X-19.554 Y3.800
G1 X-19.554 Y0.000
G1 X-19.154 Y0.000
G1 X-19.154 Y-3.400
G1 X-7.646 Y-3.400
G1 X-7.646 Y3.400
G1 X-10.000 Y3.400
G1 X-10.000 Y5.754
G1 X-16.800 Y5.754
G1 X-16.800 Y3.400
G1 X-19.154 Y3.400
G1 X-19.154 Y0.000
G1 X-18.754 Y0.000
G1 X-18.754 Y-3.000
G1 X-8.046 Y-3.000
G1 X-8.046 Y3.000
G1 X-10.400 Y3.000
G1 X-10.400 Y5.354
G1 X-16.400 Y5.354
G1 X-16.400 Y3.000
G1 X-18.754 Y3.000
G1 X-18.754 Y0.000
G1 X-18.354 Y0.000
G1 X-18.354 Y-2.600
G1 X-8.446 Y-2.600
G1 X-8.446 Y2.600
G1 X-10.800 Y2.600
G1 X-10.800 Y4.954
G1 X-16.000 Y4.954
G1 X-16.000 Y2.600
G1 X-18.354 Y2.600
G1 X-18.354 Y0.000
G1 X-17.954 Y0.000
G1 X-17.954 Y-2.200
G1 X-8.846 Y-2.200
G1 X-8.846 Y2.200
G1 X-11.200 Y2.200
G1 X-11.200 Y4.554
G1 X-15.600 Y4.554
G1 X-15.600 Y2.200
G1 X-17.954 Y2.200
G1 X-17.954 Y0.000
G1 X-17.554 Y0.000
G1 X-17.554 Y-1.800
G1 X-9.246 Y-1.800
G1 X-9.246 Y1.800
G1 X-11.600 Y1.800
G1 X-11.600 Y4.154
G1 X-15.200 Y4.154
G1 X-15.200 Y1.800
G1 X-17.554 Y1.800
G1 X-17.554 Y0.000
G1 X-17.154 Y0.000
G1 X-17.154 Y-1.400
G1 X-9.646 Y-1.400
G1 X-9.646 Y1.400
G1 X-12.000 Y1.400
G1 X-12.000 Y3.754
G1 X-14.800 Y3.754
G1 X-14.800 Y1.400
G1 X-17.154 Y1.400
G1 X-17.154 Y0.000
G1 X-16.754 Y0.000
G1 X-16.754 Y-1.000
G1 X-10.046 Y-1.000
G1 X-10.046 Y1.000
G1 X-12.400 Y1.000
G1 X-12.400 Y3.354
G1 X-14.400 Y3.354
G1 X-14.400 Y1.000
G1 X-16.754 Y1.000
G1 X-16.754 Y0.000
G1 X-16.354 Y0.000
G1 X-16.354 Y-0.600
G1 X-10.446 Y-0.600
G1 X-10.446 Y0.600
G1 X-12.800 Y0.600
G1 X-12.800 Y2.954
G1 X-14.000 Y2.954
G1 X-14.000 Y0.600
G1 X-16.354 Y0.600
G1 X-16.354 Y0.000
G1 X-15.954 Y0.000
M9
G1 Z10.000
G1 X-14.800 Y1.400
G1 Z2.700
M7
G4 P150
G1 X-14.800 Y1.400 Z2.700
G1 X-14.800 Y9.760
G1 X-21.200 Y9.760
G1 X-21.200 Y7.800
G1 X-23.160 Y7.800
G1 X-23.160 Y1.400
G1 X-14.800 Y1.400
G1 X-15.200 Y1.800
G1 X-15.200 Y9.360
G1 X-20.800 Y9.360
G1 X-20.800 Y7.400
G1 X-22.760 Y7.400
G1 X-22.760 Y1.800
G1 X-15.200 Y1.800
G1 X-15.600 Y2.200
G1 X-15.600 Y8.960
G1 X-20.400 Y8.960
G1 X-20.400 Y7.000
G1 X-22.360 Y7.000
G1 X-22.360 Y2.200
G1 X-15.600 Y2.200
G1 X-16.000 Y2.600
G1 X-16.000 Y8.560
G1 X-20.000 Y8.560
G1 X-20.000 Y6.600
G1 X-21.960 Y6.600
G1 X-21.960 Y2.600
G1 X-16.000 Y2.600
G1 X-16.400 Y3.000
G1 X-16.400 Y8.160
G1 X-19.600 Y8.160
G1 X-19.600 Y6.200
G1 X-21.560 Y6.200
G1 X-21.560 Y3.000
G1 X-16.400 Y3.000
G1 X-16.800 Y3.400
G1 X-16.800 Y7.760
G1 X-19.200 Y7.760
G1 X-19.200 Y5.800
G1 X-21.160 Y5.800
G1 X-21.160 Y3.400
G1 X-16.800 Y3.400
G1 X-17.200 Y3.800
G1 X-17.200 Y7.360
G1 X-18.800 Y7.360
G1 X-18.800 Y5.400
G1 X-20.760 Y5.400
G1 X-20.760 Y3.800
G1 X-17.200 Y3.800
G1 X-17.600 Y4.200
G1 X-17.600 Y6.960
G1 X-18.400 Y6.960
G1 X-18.400 Y5.000
G1 X-20.360 Y5.000
G1 X-20.360 Y4.200
G1 X-17.600 Y4.200
G1 X-18.000 Y4.600
G1 X-18.000 Y4.600 Z3.100
G1 X-18.000 Y4.600
G1 X-17.600 Y4.200
G1 X-20.059 Y4.200
G1 X-20.059 Y5.000
G1 X-18.400 Y5.000
G1 X-18.400 Y6.659
G1 X-17.600 Y6.659
G1 X-17.600 Y4.200
G1 X-17.200 Y3.800
G1 X-20.459 Y3.800
G1 X-20.459 Y5.400
G1 X-18.800 Y5.400
G1 X-18.800 Y7.059
G1 X-17.200 Y7.059
G1 X-17.200 Y3.800
G1 X-16.800 Y3.400
G1 X-20.859 Y3.400
G1 X-20.859 Y5.800
G1 X-19.200 Y5.800
G1 X-19.200 Y7.459
G1 X-16.800 Y7.459
G1 X-16.800 Y3.400
G1 X-16.400 Y3.000
G1 X-21.259 Y3.000
G1 X-21.259 Y6.200
G1 X-19.600 Y6.200
G1 X-19.600 Y7.859
G1 X-16.400 Y7.859
G1 X-16.400 Y3.000
G1 X-16.000 Y2.600
G1 X-21.659 Y2.600
G1 X-21.659 Y6.600
G1 X-20.000 Y6.600
G1 X-20.000 Y8.259
G1 X-16.000 Y8.259
G1 X-16.000 Y2.600
G1 X-15.600 Y2.200
G1 X-22.059 Y2.200
G1 X-22.059 Y7.000
G1 X-20.400 Y7.000
G1 X-20.400 Y8.659
G1 X-15.600 Y8.659
G1 X-15.600 Y2.200
G1 X-15.200 Y1.800
G1 X-22.459 Y1.800
G1 X-22.459 Y7.400
G1 X-20.800 Y7.400
G1 X-20.800 Y9.059
G1 X-15.200 Y9.059
G1 X-15.200 Y1.800
G1 X-14.800 Y1.400
G1 X-22.859 Y1.400
G1 X-22.859 Y7.800
G1 X-21.200 Y7.800
G1 X-21.200 Y9.459
G1 X-14.800 Y9.459
G1 X-14.800 Y1.400 Z3.100
G1 X-14.800 Y1.400 Z3.500
G1 X-14.800 Y9.228
G1 X-21.200 Y9.228
G1 X-21.200 Y7.800
G1 X-22.628 Y7.800
G1 X-22.628 Y1.400
G1 X-14.800 Y1.400
G1 X-15.200 Y1.800
G1 X-15.200 Y8.828
G1 X-20.800 Y8.828
G1 X-20.800 Y7.400
G1 X-22.228 Y7.400
G1 X-22.228 Y1.800
G1 X-15.200 Y1.800
G1 X-15.600 Y2.200
G1 X-15.600 Y8.428
G1 X-20.400 Y8.428
G1 X-20.400 Y7.000
G1 X-21.828 Y7.000
G1 X-21.828 Y2.200
G1 X-15.600 Y2.200
G1 X-16.000 Y2.600
G1 X-16.000 Y8.028
G1 X-20.000 Y8.028
G1 X-20.000 Y6.600
G1 X-21.428 Y6.600
G1 X-21.428 Y2.600
G1 X-16.000 Y2.600
G1 X-16.400 Y3.000
G1 X-16.400 Y7.628
G1 X-19.600 Y7.628
G1 X-19.600 Y6.200
G1 X-21.028 Y6.200
G1 X-21.028 Y3.000
G1 X-16.400 Y3.000
G1 X-16.800 Y3.400
G1 X-16.800 Y7.228
G1 X-19.200 Y7.228
G1 X-19.200 Y5.800
G1 X-20.628 Y5.800
G1 X-20.628 Y3.400
G1 X-16.800 Y3.400
G1 X-17.200 Y3.800
G1 X-17.200 Y6.828
G1 X-18.800 Y6.828
G1 X-18.800 Y5.400
G1 X-20.228 Y5.400
G1 X-20.228 Y3.800
G1 X-17.200 Y3.800
G1 X-17.600 Y4.200
G1 X-17.600 Y6.428
G1 X-18.400 Y6.428
G1 X-18.400 Y5.000
G1 X-19.828 Y5.000
G1 X-19.828 Y4.200
G1 X-17.600 Y4.200
G1 X-18.000 Y4.600
G1 X-18.000 Y4.600 Z3.900
G1 X-18.000 Y4.600
G1 X-17.600 Y4.200
G1 X-19.653 Y4.200
G1 X-19.653 Y5.000
G1 X-18.400 Y5.000
G1 X-18.400 Y6.253
G1 X-17.600 Y6.253
G1 X-17.600 Y4.200
G1 X-17.200 Y3.800
G1 X-20.053 Y3.800
G1 X-20.053 Y5.400
G1 X-18.800 Y5.400
G1 X-18.800 Y6.653
G1 X-17.200 Y6.653
G1 X-17.200 Y3.800
G1 X-16.800 Y3.400
G1 X-20.453 Y3.400
G1 X-20.453 Y5.800
G1 X-19.200 Y5.800
G1 X-19.200 Y7.053
G1 X-16.800 Y7.053
G1 X-16.800 Y3.400
G1 X-16.400 Y3.000
G1 X-20.853 Y3.000
G1 X-20.853 Y6.200
G1 X-19.600 Y6.200
G1 X-19.600 Y7.453
G1 X-16.400 Y7.453
G1 X-16.400 Y3.000
G1 X-16.000 Y2.600
G1 X-21.253 Y2.600
G1 X-21.253 Y6.600
G1 X-20.000 Y6.600
G1 X-20.000 Y7.853
G1 X-16.000 Y7.853
G1 X-16.000 Y2.600
G1 X-15.600 Y2.200
G1 X-21.653 Y2.200
G1 X-21.653 Y7.000
G1 X-20.400 Y7.000
G1 X-20.400 Y8.253
G1 X-15.600 Y8.253
G1 X-15.600 Y2.200
G1 X-15.200 Y1.800
G1 X-22.053 Y1.800
G1 X-22.053 Y7.400
G1 X-20.800 Y7.400
G1 X-20.800 Y8.653
G1 X-15.200 Y8.653
G1 X-15.200 Y1.800
G1 X-14.800 Y1.400
G1 X-22.453 Y1.400
G1 X-22.453 Y7.800
G1 X-21.200 Y7.800
G1 X-21.200 Y9.053
G1 X-14.800 Y9.053
G1 X-14.800 Y1.400 Z3.900
M9
G1 Z10.000
G1 X-12.000 Y1.400
G1 Z2.700
M7
G4 P150
G1 X-12.000 Y1.400 Z2.700
G1 X-3.640 Y1.400
G1 X-3.640 Y7.800
G1 X-5.600 Y7.800
G1 X-5.600 Y9.760
G1 X-12.000 Y9.760
G1 X-12.000 Y1.400
G1 X-11.600 Y1.800
G1 X-4.040 Y1.800
G1 X-4.040 Y7.400
G1 X-6.000 Y7.400
G1 X-6.000 Y9.360
G1 X-11.600 Y9.360
G1 X-11.600 Y1.800
G1 X-11.200 Y2.200
G1 X-4.440 Y2.200
G1 X-4.440 Y7.000
G1 X-6.400 Y7.000
G1 X-6.400 Y8.960
G1 X-11.200 Y8.960
G1 X-11.200 Y2.200
G1 X-10.800 Y2.600
G1 X-4.840 Y2.600
G1 X-4.840 Y6.600
G1 X-6.800 Y6.600
G1 X-6.800 Y8.560
G1 X-10.800 Y8.560
G1 X-10.800 Y2.600
G1 X-10.400 Y3.000
G1 X-5.240 Y3.000
G1 X-5.240 Y6.200
G1 X-7.200 Y6.200
G1 X-7.200 Y8.160
G1 X-10.400 Y8.160
G1 X-10.400 Y3.000
G1 X-10.000 Y3.400
G1 X-5.640 Y3.400
G1 X-5.640 Y5.800
G1 X-7.600 Y5.800
G1 X-7.600 Y7.760
G1 X-10.000 Y7.760
G1 X-10.000 Y3.400
G1 X-9.600 Y3.800
G1 X-6.040 Y3.800
G1 X-6.040 Y5.400
G1 X-8.000 Y5.400
G1 X-8.000 Y7.360
G1 X-9.600 Y7.360
G1 X-9.600 Y3.800
G1 X-9.200 Y4.200
G1 X-6.440 Y4.200
G1 X-6.440 Y5.000
G1 X-8.400 Y5.000
G1 X-8.400 Y6.960
G1 X-9.200 Y6.960
G1 X-9.200 Y4.200
G1 X-8.800 Y4.600
G1 X-8.800 Y4.600 Z3.100
G1 X-8.800 Y4.600
G1 X-9.200 Y4.200
G1 X-9.200 Y6.659
G1 X-8.400 Y6.659
G1 X-8.400 Y5.000
G1 X-6.741 Y5.000
G1 X-6.741 Y4.200
G1 X-9.200 Y4.200
G1 X-9.600 Y3.800
G1 X-9.600 Y7.059
G1 X-8.000 Y7.059
G1 X-8.000 Y5.400
G1 X-6.341 Y5.400
G1 X-6.341 Y3.800
G1 X-9.600 Y3.800
G1 X-10.000 Y3.400
G1 X-10.000 Y7.459
G1 X-7.600 Y7.459
G1 X-7.600 Y5.800
G1 X-5.941 Y5.800
G1 X-5.941 Y3.400
G1 X-10.000 Y3.400
G1 X-10.400 Y3.000
G1 X-10.400 Y7.859
G1 X-7.200 Y7.859
G1 X-7.200 Y6.200
G1 X-5.541 Y6.200
G1 X-5.541 Y3.000
G1 X-10.400 Y3.000
G1 X-10.800 Y2.600
G1 X-10.800 Y8.259
G1 X-6.800 Y8.259
G1 X-6.800 Y6.600
G1 X-5.141 Y6.600
G1 X-5.141 Y2.600
G1 X-10.800 Y2.600
G1 X-11.200 Y2.200
G1 X-11.200 Y8.659
G1 X-6.400 Y8.659
G1 X-6.400 Y7.000
G1 X-4.741 Y7.000
G1 X-4.741 Y2.200
G1 X-11.200 Y2.200
G1 X-11.600 Y1.800
G1 X-11.600 Y9.059
G1 X-6.000 Y9.059
G1 X-6.000 Y7.400
G1 X-4.341 Y7.400
G1 X-4.341 Y1.800
G1 X-11.600 Y1.800
G1 X-12.000 Y1.400
G1 X-12.000 Y9.459
G1 X-5.600 Y9.459
G1 X-5.600 Y7.800
G1 X-3.941 Y7.800
G1 X-3.941 Y1.400
G1 X-12.000 Y1.400 Z3.100
G1 X-12.000 Y1.400 Z3.500
G1 X-4.172 Y1.400
G1 X-4.172 Y7.800
G1 X-5.600 Y7.800
G1 X-5.600 Y9.228
G1 X-12.000 Y9.228
G1 X-12.000 Y1.400
G1 X-11.600 Y1.800
G1 X-4.572 Y1.800
G1 X-4.572 Y7.400
G1 X-6.000 Y7.400
G1 X-6.000 Y8.828
G1 X-11.600 Y8.828
G1 X-11.600 Y1.800
G1 X-11.200 Y2.200
G1 X-4.972 Y2.200
G1 X-4.972 Y7.000
G1 X-6.400 Y7.000
G1 X-6.400 Y8.428
G1 X-11.200 Y8.428
G1 X-11.200 Y2.200
G1 X-10.800 Y2.600
G1 X-5.372 Y2.600
G1 X-5.372 Y6.600
G1 X-6.800 Y6.600
G1 X-6.800 Y8.028
G1 X-10.800 Y8.028
G1 X-10.800 Y2.600
G1 X-10.400 Y3.000
G1 X-5.772 Y3.000
G1 X-5.772 Y6.200
G1 X-7.200 Y6.200
G1 X-7.200 Y7.628
G1 X-10.400 Y7.628
G1 X-10.400 Y3.000
G1 X-10.000 Y3.400
G1 X-6.172 Y3.400
G1 X-6.172 Y5.800
G1 X-7.600 Y5.800
G1 X-7.600 Y7.228
G1 X-10.000 Y7.228
G1 X-10.000 Y3.400
G1 X-9.600 Y3.800
G1 X-6.572 Y3.800
G1 X-6.572 Y5.400
G1 X-8.000 Y5.400
G1 X-8.000 Y6.828
G1 X-9.600 Y6.828
G1 X-9.600 Y3.800
G1 X-9.200 Y4.200
G1 X-6.972 Y4.200
G1 X-6.972 Y5.000
G1 X-8.400 Y5.000
G1 X-8.400 Y6.428
G1 X-9.200 Y6.428
G1 X-9.200 Y4.200
G1 X-8.800 Y4.600
G1 X-8.800 Y4.600 Z3.900
G1 X-8.800 Y4.600
G1 X-9.200 Y4.200
G1 X-9.200 Y6.253
G1 X-8.400 Y6.253
G1 X-8.400 Y5.000
G1 X-7.147 Y5.000
G1 X-7.147 Y4.200
G1 X-9.200 Y4.200
G1 X-9.600 Y3.800
G1 X-9.600 Y6.653
G1 X-8.000 Y6.653
G1 X-8.000 Y5.400
G1 X-6.747 Y5.400
G1 X-6.747 Y3.800
G1 X-9.600 Y3.800
G1 X-10.000 Y3.400
G1 X-10.000 Y7.053
G1 X-7.600 Y7.053
G1 X-7.600 Y5.800
G1 X-6.347 Y5.800
G1 X-6.347 Y3.400
G1 X-10.000 Y3.400
G1 X-10.400 Y3.000
G1 X-10.400 Y7.453
G1 X-7.200 Y7.453
G1 X-7.200 Y6.200
G1 X-5.947 Y6.200
G1 X-5.947 Y3.000
G1 X-10.400 Y3.000
G1 X-10.800 Y2.600
G1 X-10.800 Y7.853
G1 X-6.800 Y7.853
G1 X-6.800 Y6.600
G1 X-5.547 Y6.600
G1 X-5.547 Y2.600
G1 X-10.800 Y2.600
G1 X-11.200 Y2.200
G1 X-11.200 Y8.253
G1 X-6.400 Y8.253
G1 X-6.400 Y7.000
G1 X-5.147 Y7.000
G1 X-5.147 Y2.200
G1 X-11.200 Y2.200
G1 X-11.600 Y1.800
G1 X-11.600 Y8.653
G1 X-6.000 Y8.653
G1 X-6.000 Y7.400
G1 X-4.747 Y7.400
G1 X-4.747 Y1.800
G1 X-11.600 Y1.800
G1 X-12.000 Y1.400
G1 X-12.000 Y9.053
G1 X-5.600 Y9.053
G1 X-5.600 Y7.800
G1 X-4.347 Y7.800
G1 X-4.347 Y1.400
G1 X-12.000 Y1.400 Z3.900
M9
G1 Z10.000
G1 X-13.400 Y-1.400
G1 Z2.700
M7
G4 P150
G1 X-13.400 Y-1.400 Z2.700
G1 X-23.160 Y-1.400
G1 X-23.160 Y-7.800
G1 X-3.640 Y-7.800
G1 X-3.640 Y-1.400
G1 X-13.400 Y-1.400
G1 X-13.400 Y-1.800
G1 X-22.760 Y-1.800
G1 X-22.760 Y-7.400
G1 X-4.040 Y-7.400
G1 X-4.040 Y-1.800
G1 X-13.400 Y-1.800
G1 X-13.400 Y-2.200
G1 X-22.360 Y-2.200
G1 X-22.360 Y-7.000
G1 X-4.440 Y-7.000
G1 X-4.440 Y-2.200
G1 X-13.400 Y-2.200
G1 X-13.400 Y-2.600
G1 X-21.960 Y-2.600
G1 X-21.960 Y-6.600
G1 X-4.840 Y-6.600
G1 X-4.840 Y-2.600
G1 X-13.400 Y-2.600
G1 X-13.400 Y-3.000
G1 X-21.560 Y-3.000
G1 X-21.560 Y-6.200
G1 X-5.240 Y-6.200
G1 X-5.240 Y-3.000
G1 X-13.400 Y-3.000
G1 X-13.400 Y-3.400
G1 X-21.160 Y-3.400
G1 X-21.160 Y-5.800
G1 X-5.640 Y-5.800
G1 X-5.640 Y-3.400
G1 X-13.400 Y-3.400
G1 X-13.400 Y-3.800
G1 X-20.760 Y-3.800
G1 X-20.760 Y-5.400
G1 X-6.040 Y-5.400
G1 X-6.040 Y-3.800
G1 X-13.400 Y-3.800
G1 X-13.400 Y-4.200
G1 X-20.360 Y-4.200
G1 X-20.360 Y-5.000
G1 X-6.440 Y-5.000
G1 X-6.440 Y-4.200
G1 X-13.400 Y-4.200
G1 X-13.400 Y-4.600
G1 X-13.400 Y-4.600 Z3.100
G1 X-13.400 Y-4.600
G1 X-13.400 Y-4.200
G1 X-6.741 Y-4.200
G1 X-6.741 Y-5.000
G1 X-20.059 Y-5.000
G1 X-20.059 Y-4.200
G1 X-13.400 Y-4.200
G1 X-13.400 Y-3.800
G1 X-6.341 Y-3.800
G1 X-6.341 Y-5.400
G1 X-20.459 Y-5.400
G1 X-20.459 Y-3.800
G1 X-13.400 Y-3.800
G1 X-13.400 Y-3.400
G1 X-5.941 Y-3.400
G1 X-5.941 Y-5.800
G1 X-20.859 Y-5.800
G1 X-20.859 Y-3.400
G1 X-13.400 Y-3.400
G1 X-13.400 Y-3.000
G1 X-5.541 Y-3.000
G1 X-5.541 Y-6.200
G1 X-21.259 Y-6.200
G1 X-21.259 Y-3.000
G1 X-13.400 Y-3.000
G1 X-13.400 Y-2.600
G1 X-5.141 Y-2.600
G1 X-5.141 Y-6.600
G1 X-21.659 Y-6.600
G1 X-21.659 Y-2.600
G1 X-13.400 Y-2.600
G1 X-13.400 Y-2.200
G1 X-4.741 Y-2.200
G1 X-4.741 Y-7.000
G1 X-22.059 Y-7.000
G1 X-22.059 Y-2.200
G1 X-13.400 Y-2.200
G1 X-13.400 Y-1.800
G1 X-4.341 Y-1.800
G1 X-4.341 Y-7.400
G1 X-22.459 Y-7.400
G1 X-22.459 Y-1.800
G1 X-13.400 Y-1.800
G1 X-13.400 Y-1.400
G1 X-3.941 Y-1.400
G1 X-3.941 Y-7.800
G1 X-22.859 Y-7.800
G1 X-22.859 Y-1.400
G1 X-13.400 Y-1.400 Z3.100
G1 X-13.400 Y-1.400 Z3.500
G1 X-22.628 Y-1.400
G1 X-22.628 Y-7.800
G1 X-4.172 Y-7.800
G1 X-4.172 Y-1.400
G1 X-13.400 Y-1.400
G1 X-13.400 Y-1.800
G1 X-22.228 Y-1.800
G1 X-22.228 Y-7.400
G1 X-4.572 Y-7.400
G1 X-4.572 Y-1.800
G1 X-13.400 Y-1.800
G1 X-13.400 Y-2.200
G1 X-21.828 Y-2.200
G1 X-21.828 Y-7.000
G1 X-4.972 Y-7.000
G1 X-4.972 Y-2.200
G1 X-13.400 Y-2.200
G1 X-13.400 Y-2.600
G1 X-21.428 Y-2.600
G1 X-21.428 Y-6.600
G1 X-5.372 Y-6.600
G1 X-5.372 Y-2.600
G1 X-13.400 Y-2.600
G1 X-13.400 Y-3.000
G1 X-21.028 Y-3.000
G1 X-21.028 Y-6.200
G1 X-5.772 Y-6.200
G1 X-5.772 Y-3.000
G1 X-13.400 Y-3.000
G1 X-13.400 Y-3.400
G1 X-20.628 Y-3.400
G1 X-20.628 Y-5.800
G1 X-6.172 Y-5.800
G1 X-6.172 Y-3.400
G1 X-13.400 Y-3.400
G1 X-13.400 Y-3.800
G1 X-20.228 Y-3.800
G1 X-20.228 Y-5.400
G1 X-6.572 Y-5.400
G1 X-6.572 Y-3.800
G1 X-13.400 Y-3.800
G1 X-13.400 Y-4.200
G1 X-19.828 Y-4.200
G1 X-19.828 Y-5.000
G1 X-6.972 Y-5.000
G1 X-6.972 Y-4.200
G1 X-13.400 Y-4.200
G1 X-13.400 Y-4.600
G1 X-13.400 Y-4.600 Z3.900
G1 X-13.400 Y-4.600
G1 X-13.400 Y-4.200
G1 X-7.147 Y-4.200
G1 X-7.147 Y-5.000
G1 X-19.653 Y-5.000
G1 X-19.653 Y-4.200
G1 X-13.400 Y-4.200
G1 X-13.400 Y-3.800
G1 X-6.747 Y-3.800
G1 X-6.747 Y-5.400
G1 X-20.053 Y-5.400
G1 X-20.053 Y-3.800
G1 X-13.400 Y-3.800
G1 X-13.400 Y-3.400
G1 X-6.347 Y-3.400
G1 X-6.347 Y-5.800
G1 X-20.453 Y-5.800
G1 X-20.453 Y-3.400
G1 X-13.400 Y-3.400
G1 X-13.400 Y-3.000
G1 X-5.947 Y-3.000
G1 X-5.947 Y-6.200
G1 X-20.853 Y-6.200
G1 X-20.853 Y-3.000
G1 X-13.400 Y-3.000
G1 X-13.400 Y-2.600
G1 X-5.547 Y-2.600
G1 X-5.547 Y-6.600
G1 X-21.253 Y-6.600
G1 X-21.253 Y-2.600
G1 X-13.400 Y-2.600
G1 X-13.400 Y-2.200
G1 X-5.147 Y-2.200
G1 X-5.147 Y-7.000
G1 X-21.653 Y-7.000
G1 X-21.653 Y-2.200
G1 X-13.400 Y-2.200
G1 X-13.400 Y-1.800
G1 X-4.747 Y-1.800
G1 X-4.747 Y-7.400
G1 X-22.053 Y-7.400
G1 X-22.053 Y-1.800
G1 X-13.400 Y-1.800
G1 X-13.400 Y-1.400
G1 X-4.347 Y-1.400
G1 X-4.347 Y-7.800
G1 X-22.453 Y-7.800
G1 X-22.453 Y-1.400
G1 X-13.400 Y-1.400 Z3.900
M9
G1 Z10.000
G1 X24.950 Y0.000
G1 Z1.500
M7
G4 P150
G1 X24.951 Y0.000 Z1.500
G1 X24.951 Y7.800
G1 X1.849 Y7.800
G1 X1.849 Y-7.800
G1 X5.600 Y-7.800
G1 X5.600 Y-11.551
G1 X21.200 Y-11.551
G1 X21.200 Y-7.800
G1 X24.951 Y-7.800
G1 X24.951 Y0.000
G1 X24.551 Y0.000
G1 X24.551 Y7.400
G1 X2.249 Y7.400
G1 X2.249 Y-7.400
G1 X6.000 Y-7.400
G1 X6.000 Y-11.151
G1 X20.800 Y-11.151
G1 X20.800 Y-7.400
G1 X24.551 Y-7.400
G1 X24.551 Y0.000
G1 X24.151 Y0.000
G1 X24.151 Y7.000
G1 X2.649 Y7.000
G1 X2.649 Y-7.000
G1 X6.400 Y-7.000
G1 X6.400 Y-10.751
G1 X20.400 Y-10.751
G1 X20.400 Y-7.000
G1 X24.151 Y-7.000
G1 X24.151 Y0.000
G1 X23.751 Y0.000
G1 X23.751 Y6.600
G1 X3.049 Y6.600
G1 X3.049 Y-6.600
G1 X6.800 Y-6.600
G1 X6.800 Y-10.351
G1 X20.000 Y-10.351
G1 X20.000 Y-6.600
G1 X23.751 Y-6.600
G1 X23.751 Y0.000
G1 X23.351 Y0.000
G1 X23.351 Y6.200
G1 X3.449 Y6.200
G1 X3.449 Y-6.200
G1 X7.200 Y-6.200
G1 X7.200 Y-9.951
G1 X19.600 Y-9.951
G1 X19.600 Y-6.200
G1 X23.351 Y-6.200
G1 X23.351 Y0.000
G1 X22.951 Y0.000
G1 X22.951 Y5.800
G1 X3.849 Y5.800
G1 X3.849 Y-5.800
G1 X7.600 Y-5.800
G1 X7.600 Y-9.551
G1 X19.200 Y-9.551
G1 X19.200 Y-5.800
G1 X22.951 Y-5.800
G1 X22.951 Y0.000
G1 X22.551 Y0.000
G1 X22.551 Y5.400
G1 X4.249 Y5.400
G1 X4.249 Y-5.400
G1 X8.000 Y-5.400
G1 X8.000 Y-9.151
G1 X18.800 Y-9.151
G1 X18.800 Y-5.400
G1 X22.551 Y-5.400
G1 X22.551 Y0.000
G1 X22.151 Y0.000
G1 X22.151 Y5.000
G1 X4.649 Y5.000
G1 X4.649 Y-5.000
G1 X8.400 Y-5.000
G1 X8.400 Y-8.751
G1 X18.400 Y-8.751
G1 X18.400 Y-5.000
G1 X22.151 Y-5.000
G1 X22.151 Y0.000
G1 X21.751 Y0.000
G1 X21.751 Y4.600
G1 X5.049 Y4.600
G1 X5.049 Y-4.600
G1 X8.800 Y-4.600
G1 X8.800 Y-8.351
G1 X18.000 Y-8.351
G1 X18.000 Y-4.600
G1 X21.751 Y-4.600
G1 X21.751 Y0.000
G1 X21.351 Y0.000
G1 X21.351 Y4.200
G1 X5.449 Y4.200
G1 X5.449 Y-4.200
G1 X9.200 Y-4.200
G1 X9.200 Y-7.951
G1 X17.600 Y-7.951
G1 X17.600 Y-4.200
G1 X21.351 Y-4.200
G1 X21.351 Y0.000
G1 X20.951 Y0.000
G1 X20.951 Y3.800
G1 X5.849 Y3.800
G1 X5.849 Y-3.800
G1 X9.600 Y-3.800
G1 X9.600 Y-7.551
G1 X17.200 Y-7.551
G1 X17.200 Y-3.800
G1 X20.951 Y-3.800
G1 X20.951 Y0.000
G1 X20.551 Y0.000
G1 X20.551 Y3.400
G1 X6.249 Y3.400
G1 X6.249 Y-3.400
G1 X10.000 Y-3.400
G1 X10.000 Y-7.151
G1 X16.800 Y-7.151
G1 X16.800 Y-3.400
G1 X20.551 Y-3.400
G1 X20.551 Y0.000
G1 X20.151 Y0.000
G1 X20.151 Y3.000
G1 X6.649 Y3.000
G1 X6.649 Y-3.000
G1 X10.400 Y-3.000
G1 X10.400 Y-6.751
G1 X16.400 Y-6.751
G1 X16.400 Y-3.000
G1 X20.151 Y-3.000
G1 X20.151 Y0.000
G1 X19.751 Y0.000
G1 X19.751 Y2.600
G1 X7.049 Y2.600
G1 X7.049 Y-2.600
G1 X10.800 Y-2.600
G1 X10.800 Y-6.351
G1 X16.000 Y-6.351
G1 X16.000 Y-2.600
G1 X19.751 Y-2.600
G1 X19.751 Y0.000
G1 X19.351 Y0.000
G1 X19.351 Y2.200
G1 X7.449 Y2.200
G1 X7.449 Y-2.200
G1 X11.200 Y-2.200
G1 X11.200 Y-5.951
G1 X15.600 Y-5.951
G1 X15.600 Y-2.200
G1 X19.351 Y-2.200
G1 X19.351 Y0.000
G1 X18.951 Y0.000
G1 X18.951 Y1.800
G1 X7.849 Y1.800
G1 X7.849 Y-1.800
G1 X11.600 Y-1.800
G1 X11.600 Y-5.551
G1 X15.200 Y-5.551
G1 X15.200 Y-1.800
G1 X18.951 Y-1.800
G1 X18.951 Y0.000
G1 X18.551 Y0.000
G1 X18.551 Y1.400
G1 X8.249 Y1.400
G1 X8.249 Y-1.400
G1 X12.000 Y-1.400
G1 X12.000 Y-5.151
G1 X14.800 Y-5.151
G1 X14.800 Y-1.400
G1 X18.551 Y-1.400
G1 X18.551 Y0.000
G1 X18.151 Y0.000
G1 X18.151 Y1.000
G1 X8.649 Y1.000
G1 X8.649 Y-1.000
G1 X12.400 Y-1.000
G1 X12.400 Y-4.751
G1 X14.400 Y-4.751
G1 X14.400 Y-1.000
G1 X18.151 Y-1.000
G1 X18.151 Y0.000
G1 X17.751 Y0.000
G1 X17.751 Y0.600
G1 X9.049 Y0.600
G1 X9.049 Y-0.600
G1 X12.800 Y-0.600
G1 X12.800 Y-4.351
G1 X14.000 Y-4.351
G1 X14.000 Y-0.600
G1 X17.751 Y-0.600
G1 X17.751 Y0.000
G1 X17.351 Y0.000
G1 X16.493 Y0.000 Z1.900
G1 X16.493 Y0.000
G1 X16.893 Y0.000
G1 X16.893 Y-0.600
G1 X14.000 Y-0.600
G1 X14.000 Y-3.493
G1 X12.800 Y-3.493
G1 X12.800 Y-0.600
G1 X9.907 Y-0.600
G1 X9.907 Y0.600
G1 X16.893 Y0.600
G1 X16.893 Y0.000
G1 X17.293 Y0.000
G1 X17.293 Y-1.000
G1 X14.400 Y-1.000
G1 X14.400 Y-3.893
G1 X12.400 Y-3.893
G1 X12.400 Y-1.000
G1 X9.507 Y-1.000
G1 X9.507 Y1.000
G1 X17.293 Y1.000
G1 X17.293 Y0.000
G1 X17.693 Y0.000
G1 X17.693 Y-1.400
G1 X14.800 Y-1.400
G1 X14.800 Y-4.293
G1 X12.000 Y-4.293
G1 X12.000 Y-1.400
G1 X9.107 Y-1.400
G1 X9.107 Y1.400
G1 X17.693 Y1.400
G1 X17.693 Y0.000
G1 X18.093 Y0.000
G1 X18.093 Y-1.800
G1 X15.200 Y-1.800
G1 X15.200 Y-4.693
G1 X11.600 Y-4.693
G1 X11.600 Y-1.800
G1 X8.707 Y-1.800
G1 X8.707 Y1.800
G1 X18.093 Y1.800
G1 X18.093 Y0.000
G1 X18.493 Y0.000
G1 X18.493 Y-2.200
G1 X15.600 Y-2.200
G1 X15.600 Y-5.093
G1 X11.200 Y-5.093
G1 X11.200 Y-2.200
G1 X8.307 Y-2.200
G1 X8.307 Y2.200
G1 X18.493 Y2.200
G1 X18.493 Y0.000
G1 X18.893 Y0.000
G1 X18.893 Y-2.600
G1 X16.000 Y-2.600
G1 X16.000 Y-5.493
G1 X10.800 Y-5.493
G1 X10.800 Y-2.600
G1 X7.907 Y-2.600
G1 X7.907 Y2.600
G1 X18.893 Y2.600
G1 X18.893 Y0.000
G1 X19.293 Y0.000
G1 X19.293 Y-3.000
G1 X16.400 Y-3.000
G1 X16.400 Y-5.893
G1 X10.400 Y-5.893
G1 X10.400 Y-3.000
G1 X7.507 Y-3.000
G1 X7.507 Y3.000
G1 X19.293 Y3.000
G1 X19.293 Y0.000
G1 X19.693 Y0.000
G1 X19.693 Y-3.400
G1 X16.800 Y-3.400
G1 X16.800 Y-6.293
G1 X10.000 Y-6.293
G1 X10.000 Y-3.400
G1 X7.107 Y-3.400
G1 X7.107 Y3.400
G1 X19.693 Y3.400
G1 X19.693 Y0.000
G1 X20.093 Y0.000
G1 X20.093 Y-3.800
G1 X17.200 Y-3.800
G1 X17.200 Y-6.693
G1 X9.600 Y-6.693
G1 X9.600 Y-3.800
G1 X6.707 Y-3.800
G1 X6.707 Y3.800
G1 X20.093 Y3.800
G1 X20.093 Y0.000
G1 X20.493 Y0.000
G1 X20.493 Y-4.200
G1 X17.600 Y-4.200
G1 X17.600 Y-7.093
G1 X9.200 Y-7.093
G1 X9.200 Y-4.200
G1 X6.307 Y-4.200
G1 X6.307 Y4.200
G1 X20.493 Y4.200
G1 X20.493 Y0.000
G1 X20.893 Y0.000
G1 X20.893 Y-4.600
G1 X18.000 Y-4.600
G1 X18.000 Y-7.493
G1 X8.800 Y-7.493
G1 X8.800 Y-4.600
G1 X5.907 Y-4.600
G1 X5.907 Y4.600
G1 X20.893 Y4.600
G1 X20.893 Y0.000
G1 X21.293 Y0.000
G1 X21.293 Y-5.000
G1 X18.400 Y-5.000
G1 X18.400 Y-7.893
G1 X8.400 Y-7.893
G1 X8.400 Y-5.000
G1 X5.507 Y-5.000
G1 X5.507 Y5.000
G1 X21.293 Y5.000
G1 X21.293 Y0.000
G1 X21.693 Y0.000
G1 X21.693 Y-5.400
G1 X18.800 Y-5.400
G1 X18.800 Y-8.293
G1 X8.000 Y-8.293
G1 X8.000 Y-5.400
G1 X5.107 Y-5.400
G1 X5.107 Y5.400
G1 X21.693 Y5.400
G1 X21.693 Y0.000
G1 X22.093 Y0.000
G1 X22.093 Y-5.800
G1 X19.200 Y-5.800
G1 X19.200 Y-8.693
G1 X7.600 Y-8.693
G1 X7.600 Y-5.800
G1 X4.707 Y-5.800
G1 X4.707 Y5.800
G1 X22.093 Y5.800
G1 X22.093 Y0.000
G1 X22.493 Y0.000
G1 X22.493 Y-6.200
G1 X19.600 Y-6.200
G1 X19.600 Y-9.093
G1 X7.200 Y-9.093
G1 X7.200 Y-6.200
G1 X4.307 Y-6.200
G1 X4.307 Y6.200
G1 X22.493 Y6.200
G1 X22.493 Y0.000
G1 X22.893 Y0.000
G1 X22.893 Y-6.600
G1 X20.000 Y-6.600
G1 X20.000 Y-9.493
G1 X6.800 Y-9.493
G1 X6.800 Y-6.600
G1 X3.907 Y-6.600
G1 X3.907 Y6.600
G1 X22.893 Y6.600
G1 X22.893 Y0.000
G1 X23.293 Y0.000
G1 X23.293 Y-7.000
G1 X20.400 Y-7.000
G1 X20.400 Y-9.893
G1 X6.400 Y-9.893
G1 X6.400 Y-7.000
G1 X3.507 Y-7.000
G1 X3.507 Y7.000
G1 X23.293 Y7.000
G1 X23.293 Y0.000
G1 X23.693 Y0.000
G1 X23.693 Y-7.400
G1 X20.800 Y-7.400
G1 X20.800 Y-10.293
G1 X6.000 Y-10.293
G1 X6.000 Y-7.400
G1 X3.107 Y-7.400
G1 X3.107 Y7.400
G1 X23.693 Y7.400
G1 X23.693 Y0.000
G1 X24.093 Y0.000
G1 X24.093 Y-7.800
G1 X21.200 Y-7.800
G1 X21.200 Y-10.693
G1 X5.600 Y-10.693
G1 X5.600 Y-7.800
G1 X2.707 Y-7.800
G1 X2.707 Y7.800
G1 X24.093 Y7.800
G1 X24.093 Y0.000 Z1.900
G1 X23.554 Y0.000 Z2.300
G1 X23.554 Y7.800
G1 X3.246 Y7.800
G1 X3.246 Y-7.800
G1 X5.600 Y-7.800
G1 X5.600 Y-10.154
G1 X21.200 Y-10.154
G1 X21.200 Y-7.800
G1 X23.554 Y-7.800
G1 X23.554 Y0.000
G1 X23.154 Y0.000
G1 X23.154 Y7.400
G1 X3.646 Y7.400
G1 X3.646 Y-7.400
G1 X6.000 Y-7.400
G1 X6.000 Y-9.754
G1 X20.800 Y-9.754
G1 X20.800 Y-7.400
G1 X23.154 Y-7.400
G1 X23.154 Y0.000
G1 X22.754 Y0.000
G1 X22.754 Y7.000
G1 X4.046 Y7.000
G1 X4.046 Y-7.000
G1 X6.400 Y-7.000
G1 X6.400 Y-9.354
G1 X20.400 Y-9.354
G1 X20.400 Y-7.000
G1 X22.754 Y-7.000
G1 X22.754 Y0.000
G1 X22.354 Y0.000
G1 X22.354 Y6.600
G1 X4.446 Y6.600
G1 X4.446 Y-6.600
G1 X6.800 Y-6.600
G1 X6.800 Y-8.954
G1 X20.000 Y-8.954
G1 X20.000 Y-6.600
G1 X22.354 Y-6.600
G1 X22.354 Y0.000
G1 X21.954 Y0.000
G1 X21.954 Y6.200
G1 X4.846 Y6.200
G1 X4.846 Y-6.200
G1 X7.200 Y-6.200
G1 X7.200 Y-8.554
G1 X19.600 Y-8.554
G1 X19.600 Y-6.200
G1 X21.954 Y-6.200
G1 X21.954 Y0.000
G1 X21.554 Y0.000
G1 X21.554 Y5.800
G1 X5.246 Y5.800
G1 X5.246 Y-5.800
G1 X7.600 Y-5.800
G1 X7.600 Y-8.154
G1 X19.200 Y-8.154
G1 X19.200 Y-5.800
G1 X21.554 Y-5.800
G1 X21.554 Y0.000
G1 X21.154 Y0.000
G1 X21.154 Y5.400
G1 X5.646 Y5.400
G1 X5.646 Y-5.400
G1 X8.000 Y-5.400
G1 X8.000 Y-7.754
G1 X18.800 Y-7.754
G1 X18.800 Y-5.400
G1 X21.154 Y-5.400
G1 X21.154 Y0.000
G1 X20.754 Y0.000
G1 X20.754 Y5.000
G1 X6.046 Y5.000
G1 X6.046 Y-5.000
G1 X8.400 Y-5.000
G1 X8.400 Y-7.354
G1 X18.400 Y-7.354
G1 X18.400 Y-5.000
G1 X20.754 Y-5.000
G1 X20.754 Y0.000
G1 X20.354 Y0.000
G1 X20.354 Y4.600
G1 X6.446 Y4.600
G1 X6.446 Y-4.600
G1 X8.800 Y-4.600
G1 X8.800 Y-6.954
G1 X18.000 Y-6.954
G1 X18.000 Y-4.600
G1 X20.354 Y-4.600
G1 X20.354 Y0.000
G1 X19.954 Y0.000
G1 X19.954 Y4.200
G1 X6.846 Y4.200
G1 X6.846 Y-4.200
G1 X9.200 Y-4.200
G1 X9.200 Y-6.554
G1 X17.600 Y-6.554
G1 X17.600 Y-4.200
G1 X19.954 Y-4.200
G1 X19.954 Y0.000
G1 X19.554 Y0.000
G1 X19.554 Y3.800
G1 X7.246 Y3.800
G1 X7.246 Y-3.800
G1 X9.600 Y-3.800
G1 X9.600 Y-6.154
G1 X17.200 Y-6.154
G1 X17.200 Y-3.800
G1 X19.554 Y-3.800
G1 X19.554 Y0.000
G1 X19.154 Y0.000
G1 X19.154 Y3.400
G1 X7.646 Y3.400
G1 X7.646 Y-3.400
G1 X10.000 Y-3.400
G1 X10.000 Y-5.754
G1 X16.800 Y-5.754
G1 X16.800 Y-3.400
G1 X19.154 Y-3.400
G1 X19.154 Y0.000
G1 X18.754 Y0.000
G1 X18.754 Y3.000
G1 X8.046 Y3.000
G1 X8.046 Y-3.000
G1 X10.400 Y-3.000
G1 X10.400 Y-5.354
G1 X16.400 Y-5.354
G1 X16.400 Y-3.000
G1 X18.754 Y-3.000
G1 X18.754 Y0.000
G1 X18.354 Y0.000
G1 X18.354 Y2.600
G1 X8.446 Y2.600
G1 X8.446 Y-2.600
G1 X10.800 Y-2.600
G1 X10.800 Y-4.954
G1 X16.000 Y-4.954
G1 X16.000 Y-2.600
G1 X18.354 Y-2.600
G1 X18.354 Y0.000
G1 X17.954 Y0.000
G1 X17.954 Y2.200
G1 X8.846 Y2.200
G1 X8.846 Y-2.200
G1 X11.200 Y-2.200
G1 X11.200 Y-4.554
G1 X15.600 Y-4.554
G1 X15.600 Y-2.200
G1 X17.954 Y-2.200
G1 X17.954 Y0.000
G1 X17.554 Y0.000
G1 X17.554 Y1.800
G1 X9.246 Y1.800
G1 X9.246 Y-1.800
G1 X11.600 Y-1.800
G1 X11.600 Y-4.154
G1 X15.200 Y-4.154
G1 X15.200 Y-1.800
G1 X17.554 Y-1.800
G1 X17.554 Y0.000
G1 X17.154 Y0.000
G1 X17.154 Y1.400
G1 X9.646 Y1.400
G1 X9.646 Y-1.400
G1 X12.000 Y-1.400
G1 X12.000 Y-3.754
G1 X14.800 Y-3.754
G1 X14.800 Y-1.400
G1 X17.154 Y-1.400
G1 X17.154 Y0.000
G1 X16.754 Y0.000
G1 X16.754 Y1.000
G1 X10.046 Y1.000
G1 X10.046 Y-1.000
G1 X12.400 Y-1.000
G1 X12.400 Y-3.354
G1 X14.400 Y-3.354
G1 X14.400 Y-1.000
G1 X16.754 Y-1.000
G1 X16.754 Y0.000
G1 X16.354 Y0.000
G1 X16.354 Y0.600
G1 X10.446 Y0.600
G1 X10.446 Y-0.600
G1 X12.800 Y-0.600
G1 X12.800 Y-2.954
G1 X14.000 Y-2.954
G1 X14.000 Y-0.600
G1 X16.354 Y-0.600
G1 X16.354 Y0.000
G1 X15.954 Y0.000
M9
G1 Z10.000
G1 X14.800 Y-1.400
G1 Z2.700
M7
G4 P150
G1 X14.800 Y-1.400 Z2.700
G1 X14.800 Y-9.760
G1 X21.200 Y-9.760
G1 X21.200 Y-7.800
G1 X23.160 Y-7.800
G1 X23.160 Y-1.400
G1 X14.800 Y-1.400
G1 X15.200 Y-1.800
G1 X15.200 Y-9.360
G1 X20.800 Y-9.360
G1 X20.800 Y-7.400
G1 X22.760 Y-7.400
G1 X22.760 Y-1.800
G1 X15.200 Y-1.800
G1 X15.600 Y-2.200
G1 X15.600 Y-8.960
G1 X20.400 Y-8.960
G1 X20.400 Y-7.000
G1 X22.360 Y-7.000
G1 X22.360 Y-2.200
G1 X15.600 Y-2.200
G1 X16.000 Y-2.600
G1 X16.000 Y-8.560
G1 X20.000 Y-8.560
G1 X20.000 Y-6.600
G1 X21.960 Y-6.600
G1 X21.960 Y-2.600
G1 X16.000 Y-2.600
G1 X16.400 Y-3.000
G1 X16.400 Y-8.160
G1 X19.600 Y-8.160
G1 X19.600 Y-6.200
G1 X21.560 Y-6.200
G1 X21.560 Y-3.000
G1 X16.400 Y-3.000
G1 X16.800 Y-3.400
G1 X16.800 Y-7.760
G1 X19.200 Y-7.760
G1 X19.200 Y-5.800
G1 X21.160 Y-5.800
G1 X21.160 Y-3.400
G1 X16.800 Y-3.400
G1 X17.200 Y-3.800
G1 X17.200 Y-7.360
G1 X18.800 Y-7.360
G1 X18.800 Y-5.400
G1 X20.760 Y-5.400
G1 X20.760 Y-3.800
G1 X17.200 Y-3.800
G1 X17.600 Y-4.200
G1 X17.600 Y-6.960
G1 X18.400 Y-6.960
G1 X18.400 Y-5.000
G1 X20.360 Y-5.000
G1 X20.360 Y-4.200
G1 X17.600 Y-4.200
G1 X18.000 Y-4.600
G1 X18.000 Y-4.600 Z3.100
G1 X18.000 Y-4.600
G1 X17.600 Y-4.200
G1 X20.059 Y-4.200
G1 X20.059 Y-5.000
G1 X18.400 Y-5.000
G1 X18.400 Y-6.659
G1 X17.600 Y-6.659
G1 X17.600 Y-4.200
G1 X17.200 Y-3.800
G1 X20.459 Y-3.800
G1 X20.459 Y-5.400
G1 X18.800 Y-5.400
G1 X18.800 Y-7.059
G1 X17.200 Y-7.059
G1 X17.200 Y-3.800
G1 X16.800 Y-3.400
G1 X20.859 Y-3.400
G1 X20.859 Y-5.800
G1 X19.200 Y-5.800
G1 X19.200 Y-7.459
G1 X16.800 Y-7.459
G1 X16.800 Y-3.400
G1 X16.400 Y-3.000
G1 X21.259 Y-3.000
G1 X21.259 Y-6.200
G1 X19.600 Y-6.200
G1 X19.600 Y-7.859
G1 X16.400 Y-7.859
G1 X16.400 Y-3.000
G1 X16.000 Y-2.600
G1 X21.659 Y-2.600
G1 X21.659 Y-6.600
G1 X20.000 Y-6.600
G1 X20.000 Y-8.259
G1 X16.000 Y-8.259
G1 X16.000 Y-2.600
G1 X15.600 Y-2.200
G1 X22.059 Y-2.200
G1 X22.059 Y-7.000
G1 X20.400 Y-7.000
G1 X20.400 Y-8.659
G1 X15.600 Y-8.659
G1 X15.600 Y-2.200
G1 X15.200 Y-1.800
G1 X22.459 Y-1.800
G1 X22.459 Y-7.400
G1 X20.800 Y-7.400
G1 X20.800 Y-9.059
G1 X15.200 Y-9.059
G1 X15.200 Y-1.800
G1 X14.800 Y-1.400
G1 X22.859 Y-1.400
G1 X22.859 Y-7.800
G1 X21.200 Y-7.800
G1 X21.200 Y-9.459
G1 X14.800 Y-9.459
G1 X14.800 Y-1.400 Z3.100
G1 X14.800 Y-1.400 Z3.500
G1 X14.800 Y-9.228
G1 X21.200 Y-9.228
G1 X21.200 Y-7.800
G1 X22.628 Y-7.800
G1 X22.628 Y-1.400
G1 X14.800 Y-1.400
G1 X15.200 Y-1.800
G1 X15.200 Y-8.828
G1 X20.800 Y-8.828
G1 X20.800 Y-7.400
G1 X22.228 Y-7.400
G1 X22.228 Y-1.800
G1 X15.200 Y-1.800
G1 X15.600 Y-2.200
G1 X15.600 Y-8.428
G1 X20.400 Y-8.428
G1 X20.400 Y-7.000
G1 X21.828 Y-7.000
G1 X21.828 Y-2.200
G1 X15.600 Y-2.200
G1 X16.000 Y-2.600
G1 X16.000 Y-8.028
G1 X20.000 Y-8.028
G1 X20.000 Y-6.600
G1 X21.428 Y-6.600
G1 X21.428 Y-2.600
G1 X16.000 Y-2.600
G1 X16.400 Y-3.000
G1 X16.400 Y-7.628
G1 X19.600 Y-7.628
G1 X19.600 Y-6.200
G1 X21.028 Y-6.200
G1 X21.028 Y-3.000
G1 X16.400 Y-3.000
G1 X16.800 Y-3.400
G1 X16.800 Y-7.228
G1 X19.200 Y-7.228
G1 X19.200 Y-5.800
G1 X20.628 Y-5.800
G1 X20.628 Y-3.400
G1 X16.800 Y-3.400
G1 X17.200 Y-3.800
G1 X17.200 Y-6.828
G1 X18.800 Y-6.828
G1 X18.800 Y-5.400
G1 X20.228 Y-5.400
G1 X20.228 Y-3.800
G1 X17.200 Y-3.800
G1 X17.600 Y-4.200
G1 X17.600 Y-6.428
G1 X18.400 Y-6.428
G1 X18.400 Y-5.000
G1 X19.828 Y-5.000
G1 X19.828 Y-4.200
G1 X17.600 Y-4.200
G1 X18.000 Y-4.600
G1 X18.000 Y-4.600 Z3.900
G1 X18.000 Y-4.600
G1 X17.600 Y-4.200
G1 X19.653 Y-4.200
G1 X19.653 Y-5.000
G1 X18.400 Y-5.000
G1 X18.400 Y-6.253
G1 X17.600 Y-6.253
G1 X17.600 Y-4.200
G1 X17.200 Y-3.800
G1 X20.053 Y-3.800
G1 X20.053 Y-5.400
G1 X18.800 Y-5.400
G1 X18.800 Y-6.653
G1 X17.200 Y-6.653
G1 X17.200 Y-3.800
G1 X16.800 Y-3.400
G1 X20.453 Y-3.400
G1 X20.453 Y-5.800
G1 X19.200 Y-5.800
G1 X19.200 Y-7.053
G1 X16.800 Y-7.053
G1 X16.800 Y-3.400
G1 X16.400 Y-3.000
G1 X20.853 Y-3.000
G1 X20.853 Y-6.200
G1 X19.600 Y-6.200
G1 X19.600 Y-7.453
G1 X16.400 Y-7.453
G1 X16.400 Y-3.000
G1 X16.000 Y-2.600
G1 X21.253 Y-2.600
G1 X21.253 Y-6.600
G1 X20.000 Y-6.600
G1 X20.000 Y-7.853
G1 X16.000 Y-7.853
G1 X16.000 Y-2.600
G1 X15.600 Y-2.200
G1 X21.653 Y-2.200
G1 X21.653 Y-7.000
G1 X20.400 Y-7.000
G1 X20.400 Y-8.253
G1 X15.600 Y-8.253
G1 X15.600 Y-2.200
G1 X15.200 Y-1.800
G1 X22.053 Y-1.800
G1 X22.053 Y-7.400
G1 X20.800 Y-7.400
G1 X20.800 Y-8.653
G1 X15.200 Y-8.653
G1 X15.200 Y-1.800
G1 X14.800 Y-1.400
G1 X22.453 Y-1.400
G1 X22.453 Y-7.800
G1 X21.200 Y-7.800
G1 X21.200 Y-9.053
G1 X14.800 Y-9.053
G1 X14.800 Y-1.400 Z3.900
M9
G1 Z10.000
G1 X12.000 Y-1.400
G1 Z2.700
M7
G4 P150
G1 X12.000 Y-1.400 Z2.700
G1 X3.640 Y-1.400
G1 X3.640 Y-7.800
G1 X5.600 Y-7.800
G1 X5.600 Y-9.760
G1 X12.000 Y-9.760
G1 X12.000 Y-1.400
G1 X11.600 Y-1.800
G1 X4.040 Y-1.800
G1 X4.040 Y-7.400
G1 X6.000 Y-7.400
G1 X6.000 Y-9.360
G1 X11.600 Y-9.360
G1 X11.600 Y-1.800
G1 X11.200 Y-2.200
G1 X4.440 Y-2.200
G1 X4.440 Y-7.000
G1 X6.400 Y-7.000
G1 X6.400 Y-8.960
G1 X11.200 Y-8.960
G1 X11.200 Y-2.200
G1 X10.800 Y-2.600
G1 X4.840 Y-2.600
G1 X4.840 Y-6.600
G1 X6.800 Y-6.600
G1 X6.800 Y-8.560
G1 X10.800 Y-8.560
G1 X10.800 Y-2.600
G1 X10.400 Y-3.000
G1 X5.240 Y-3.000
G1 X5.240 Y-6.200
G1 X7.200 Y-6.200
G1 X7.200 Y-8.160
G1 X10.400 Y-8.160
G1 X10.400 Y-3.000
G1 X10.000 Y-3.400
G1 X5.640 Y-3.400
G1 X5.640 Y-5.800
G1 X7.600 Y-5.800
G1 X7.600 Y-7.760
G1 X10.000 Y-7.760
G1 X10.000 Y-3.400
G1 X9.600 Y-3.800
G1 X6.040 Y-3.800
G1 X6.040 Y-5.400
G1 X8.000 Y-5.400
G1 X8.000 Y-7.360
G1 X9.600 Y-7.360
G1 X9.600 Y-3.800
G1 X9.200 Y-4.200
G1 X6.440 Y-4.200
G1 X6.440 Y-5.000
G1 X8.400 Y-5.000
G1 X8.400 Y-6.960
G1 X9.200 Y-6.960
G1 X9.200 Y-4.200
G1 X8.800 Y-4.600
G1 X8.800 Y-4.600 Z3.100
G1 X8.800 Y-4.600
G1 X9.200 Y-4.200
G1 X9.200 Y-6.659
G1 X8.400 Y-6.659
G1 X8.400 Y-5.000
G1 X6.741 Y-5.000
G1 X6.741 Y-4.200
G1 X9.200 Y-4.200
G1 X9.600 Y-3.800
G1 X9.600 Y-7.059
G1 X8.000 Y-7.059
G1 X8.000 Y-5.400
G1 X6.341 Y-5.400
G1 X6.341 Y-3.800
G1 X9.600 Y-3.800
G1 X10.000 Y-3.400
G1 X10.000 Y-7.459
G1 X7.600 Y-7.459
G1 X7.600 Y-5.800
G1 X5.941 Y-5.800
G1 X5.941 Y-3.400
G1 X10.000 Y-3.400
G1 X10.400 Y-3.000
G1 X10.400 Y-7.859
G1 X7.200 Y-7.859
G1 X7.200 Y-6.200
G1 X5.541 Y-6.200
G1 X5.541 Y-3.000
G1 X10.400 Y-3.000
G1 X10.800 Y-2.600
G1 X10.800 Y-8.259
G1 X6.800 Y-8.259
G1 X6.800 Y-6.600
G1 X5.141 Y-6.600
G1 X5.141 Y-2.600
G1 X10.800 Y-2.600
G1 X11.200 Y-2.200
G1 X11.200 Y-8.659
G1 X6.400 Y-8.659
G1 X6.400 Y-7.000
G1 X4.741 Y-7.000
G1 X4.741 Y-2.200
G1 X11.200 Y-2.200
G1 X11.600 Y-1.800
G1 X11.600 Y-9.059
G1 X6.000 Y-9.059
G1 X6.000 Y-7.400
G1 X4.341 Y-7.400
G1 X4.341 Y-1.800
G1 X11.600 Y-1.800
G1 X12.000 Y-1.400
G1 X12.000 Y-9.459
G1 X5.600 Y-9.459
G1 X5.600 Y-7.800
G1 X3.941 Y-7.800
G1 X3.941 Y-1.400
G1 X12.000 Y-1.400 Z3.100
G1 X12.000 Y-1.400 Z3.500
G1 X4.172 Y-1.400
G1 X4.172 Y-7.800
G1 X5.600 Y-7.800
G1 X5.600 Y-9.228
G1 X12.000 Y-9.228
G1 X12.000 Y-1.400
G1 X11.600 Y-1.800
G1 X4.572 Y-1.800
G1 X4.572 Y-7.400
G1 X6.000 Y-7.400
G1 X6.000 Y-8.828
G1 X11.600 Y-8.828
G1 X11.600 Y-1.800
G1 X11.200 Y-2.200
G1 X4.972 Y-2.200
G1 X4.972 Y-7.000
G1 X6.400 Y-7.000
G1 X6.400 Y-8.428
G1 X11.200 Y-8.428
G1 X11.200 Y-2.200
G1 X10.800 Y-2.600
G1 X5.372 Y-2.600
G1 X5.372 Y-6.600
G1 X6.800 Y-6.600
G1 X6.800 Y-8.028
G1 X10.800 Y-8.028
G1 X10.800 Y-2.600
G1 X10.400 Y-3.000
G1 X5.772 Y-3.000
G1 X5.772 Y-6.200
G1 X7.200 Y-6.200
G1 X7.200 Y-7.628
G1 X10.400 Y-7.628
G1 X10.400 Y-3.000
G1 X10.000 Y-3.400
G1 X6.172 Y-3.400
G1 X6.172 Y-5.800
G1 X7.600 Y-5.800
G1 X7.600 Y-7.228
G1 X10.000 Y-7.228
G1 X10.000 Y-3.400
G1 X9.600 Y-3.800
G1 X6.572 Y-3.800
G1 X6.572 Y-5.400
G1 X8.000 Y-5.400
G1 X8.000 Y-6.828
G1 X9.600 Y-6.828
G1 X9.600 Y-3.800
G1 X9.200 Y-4.200
G1 X6.972 Y-4.200
G1 X6.972 Y-5.000
G1 X8.400 Y-5.000
G1 X8.400 Y-6.428
G1 X9.200 Y-6.428
G1 X9.200 Y-4.200
G1 X8.800 Y-4.600
G1 X8.800 Y-4.600 Z3.900
G1 X8.800 Y-4.600
G1 X9.200 Y-4.200
G1 X9.200 Y-6.253
G1 X8.400 Y-6.253
G1 X8.400 Y-5.000
G1 X7.147 Y-5.000
G1 X7.147 Y-4.200
G1 X9.200 Y-4.200
G1 X9.600 Y-3.800
G1 X9.600 Y-6.653
G1 X8.000 Y-6.653
G1 X8.000 Y-5.400
G1 X6.747 Y-5.400
G1 X6.747 Y-3.800
G1 X9.600 Y-3.800
G1 X10.000 Y-3.400
G1 X10.000 Y-7.053
G1 X7.600 Y-7.053
G1 X7.600 Y-5.800
G1 X6.347 Y-5.800
G1 X6.347 Y-3.400
G1 X10.000 Y-3.400
G1 X10.400 Y-3.000
G1 X10.400 Y-7.453
G1 X7.200 Y-7.453
G1 X7.200 Y-6.200
G1 X5.947 Y-6.200
G1 X5.947 Y-3.000
G1 X10.400 Y-3.000
G1 X10.800 Y-2.600
G1 X10.800 Y-7.853
G1 X6.800 Y-7.853
G1 X6.800 Y-6.600
G1 X5.547 Y-6.600
G1 X5.547 Y-2.600
G1 X10.800 Y-2.600
G1 X11.200 Y-2.200
G1 X11.200 Y-8.253
G1 X6.400 Y-8.253
G1 X6.400 Y-7.000
G1 X5.147 Y-7.000
G1 X5.147 Y-2.200
G1 X11.200 Y-2.200
G1 X11.600 Y-1.800
G1 X11.600 Y-8.653
G1 X6.000 Y-8.653
G1 X6.000 Y-7.400
G1 X4.747 Y-7.400
G1 X4.747 Y-1.800
G1 X11.600 Y-1.800
G1 X12.000 Y-1.400
G1 X12.000 Y-9.053
G1 X5.600 Y-9.053
G1 X5.600 Y-7.800
G1 X4.347 Y-7.800
G1 X4.347 Y-1.400
G1 X12.000 Y-1.400 Z3.900
M9
G1 Z10.000
G1 X13.400 Y1.400
G1 Z2.700
M7
G4 P150
G1 X13.400 Y1.400 Z2.700
G1 X23.160 Y1.400
G1 X23.160 Y7.800
G1 X3.640 Y7.800
G1 X3.640 Y1.400
G1 X13.400 Y1.400
G1 X13.400 Y1.800
G1 X22.760 Y1.800
G1 X22.760 Y7.400
G1 X4.040 Y7.400
G1 X4.040 Y1.800
G1 X13.400 Y1.800
G1 X13.400 Y2.200
G1 X22.360 Y2.200
G1 X22.360 Y7.000
G1 X4.440 Y7.000
G1 X4.440 Y2.200
G1 X13.400 Y2.200
G1 X13.400 Y2.600
G1 X21.960 Y2.600
G1 X21.960 Y6.600
G1 X4.840 Y6.600
G1 X4.840 Y2.600
G1 X13.400 Y2.600
G1 X13.400 Y3.000
G1 X21.560 Y3.000
G1 X21.560 Y6.200
G1 X5.240 Y6.200
G1 X5.240 Y3.000
G1 X13.400 Y3.000
G1 X13.400 Y3.400
G1 X21.160 Y3.400
G1 X21.160 Y5.800
G1 X5.640 Y5.800
G1 X5.640 Y3.400
G1 X13.400 Y3.400
G1 X13.400 Y3.800
G1 X20.760 Y3.800
G1 X20.760 Y5.400
G1 X6.040 Y5.400
G1 X6.040 Y3.800
G1 X13.400 Y3.800
G1 X13.400 Y4.200
G1 X20.360 Y4.200
G1 X20.360 Y5.000
G1 X6.440 Y5.000
G1 X6.440 Y4.200
G1 X13.400 Y4.200
G1 X13.400 Y4.600
G1 X13.400 Y4.600 Z3.100
G1 X13.400 Y4.600
G1 X13.400 Y4.200
G1 X6.741 Y4.200
G1 X6.741 Y5.000
G1 X20.059 Y5.000
G1 X20.059 Y4.200
G1 X13.400 Y4.200
G1 X13.400 Y3.800
G1 X6.341 Y3.800
G1 X6.341 Y5.400
G1 X20.459 Y5.400
G1 X20.459 Y3.800
G1 X13.400 Y3.800
G1 X13.400 Y3.400
G1 X5.941 Y3.400
G1 X5.941 Y5.800
G1 X20.859 Y5.800
G1 X20.859 Y3.400
G1 X13.400 Y3.400
G1 X13.400 Y3.000
G1 X5.541 Y3.000
G1 X5.541 Y6.200
G1 X21.259 Y6.200
G1 X21.259 Y3.000
G1 X13.400 Y3.000
G1 X13.400 Y2.600
G1 X5.141 Y2.600
G1 X5.141 Y6.600
G1 X21.659 Y6.600
G1 X21.659 Y2.600
G1 X13.400 Y2.600
G1 X13.400 Y2.200
G1 X4.741 Y2.200
G1 X4.741 Y7.000
G1 X22.059 Y7.000
G1 X22.059 Y2.200
G1 X13.400 Y2.200
G1 X13.400 Y1.800
G1 X4.341 Y1.800
G1 X4.341 Y7.400
G1 X22.459 Y7.400
G1 X22.459 Y1.800
G1 X13.400 Y1.800
G1 X13.400 Y1.400
G1 X3.941 Y1.400
G1 X3.941 Y7.800
G1 X22.859 Y7.800
G1 X22.859 Y1.400
G1 X13.400 Y1.400 Z3.100
G1 X13.400 Y1.400 Z3.500
G1 X22.628 Y1.400
G1 X22.628 Y7.800
G1 X4.172 Y7.800
G1 X4.172 Y1.400
G1 X13.400 Y1.400
G1 X13.400 Y1.800
G1 X22.228 Y1.800
G1 X22.228 Y7.400
G1 X4.572 Y7.400
G1 X4.572 Y1.800
G1 X13.400 Y1.800
G1 X13.400 Y2.200
G1 X21.828 Y2.200
G1 X21.828 Y7.000
G1 X4.972 Y7.000
G1 X4.972 Y2.200
G1 X13.400 Y2.200
G1 X13.400 Y2.600
G1 X21.428 Y2.600
G1 X21.428 Y6.600
G1 X5.372 Y6.600
G1 X5.372 Y2.600
G1 X13.400 Y2.600
G1 X13.400 Y3.000
G1 X21.028 Y3.000
G1 X21.028 Y6.200
G1 X5.772 Y6.200
G1 X5.772 Y3.000
G1 X13.400 Y3.000
G1 X13.400 Y3.400
G1 X20.628 Y3.400
G1 X20.628 Y5.800
G1 X6.172 Y5.800
G1 X6.172 Y3.400
G1 X13.400 Y3.400
G1 X13.400 Y3.800
G1 X20.228 Y3.800
G1 X20.228 Y5.400
G1 X6.572 Y5.400
G1 X6.572 Y3.800
G1 X13.400 Y3.800
G1 X13.400 Y4.200
G1 X19.828 Y4.200
G1 X19.828 Y5.000
G1 X6.972 Y5.000
G1 X6.972 Y4.200
G1 X13.400 Y4.200
G1 X13.400 Y4.600
G1 X13.400 Y4.600 Z3.900
G1 X13.400 Y4.600
G1 X13.400 Y4.200
G1 X7.147 Y4.200
G1 X7.147 Y5.000
G1 X19.653 Y5.000
G1 X19.653 Y4.200
G1 X13.400 Y4.200
G1 X13.400 Y3.800
G1 X6.747 Y3.800
G1 X6.747 Y5.400
G1 X20.053 Y5.400
G1 X20.053 Y3.800
G1 X13.400 Y3.800
G1 X13.400 Y3.400
G1 X6.347 Y3.400
G1 X6.347 Y5.800
G1 X20.453 Y5.800
G1 X20.453 Y3.400
G1 X13.400 Y3.400
G1 X13.400 Y3.000
G1 X5.947 Y3.000
G1 X5.947 Y6.200
G1 X20.853 Y6.200
G1 X20.853 Y3.000
G1 X13.400 Y3.000
G1 X13.400 Y2.600
G1 X5.547 Y2.600
G1 X5.547 Y6.600
G1 X21.253 Y6.600
G1 X21.253 Y2.600
G1 X13.400 Y2.600
G1 X13.400 Y2.200
G1 X5.147 Y2.200
G1 X5.147 Y7.000
G1 X21.653 Y7.000
G1 X21.653 Y2.200
G1 X13.400 Y2.200
G1 X13.400 Y1.800
G1 X4.747 Y1.800
G1 X4.747 Y7.400
G1 X22.053 Y7.400
G1 X22.053 Y1.800
G1 X13.400 Y1.800
G1 X13.400 Y1.400
G1 X4.347 Y1.400
G1 X4.347 Y7.800
G1 X22.453 Y7.800
G1 X22.453 Y1.400
G1 X13.400 Y1.400 Z3.900

;Finish
M9
G1 Z10.000
G28 X-100 Y-100;Home